timestamp,open,high,low,close,volume,atr,atr_h1,atr_ratio,bb_mid,bb_std,bb_upper,bb_lower,bb_width,roll_high,roll_low,dt,hour,minute,time_str,vol_sma,range,session_type,volatility_state,liquidity_pattern,time_window,long_pnl_atr,short_pnl_atr
2025-01-07 06:00:00+00:00,102.93764953245528,103.05089227121483,102.84499638256108,102.94794432688796,500,0.23640238449412054,0.23542649394750176,1.0041452027350686,103.17423725373735,0.276275925742045,103.72678910522144,102.62168540225325,0.010711043109050586,104.13002807038716,102.67321072177504,2025-01-07 06:00:00+00:00,6,0,06:00,500.0,0.20589588865375674,Other,Clustering,None,Other,-1.0,-1.0
2025-01-07 06:01:00+00:00,102.82364206552244,102.9367593835263,102.73109153261017,102.83392545806824,500,0.23500598519295468,0.23541186298235572,0.9982758821740795,103.1334208371705,0.26219118522293144,103.65780320761637,102.60903846672464,0.010169009544903409,103.99259094347715,102.67321072177504,2025-01-07 06:01:00+00:00,6,1,06:01,500.0,0.2056678509161287,Other,Clustering,None,Other,1.5,-1.0
2025-01-07 06:02:00+00:00,102.835033677347,102.94816352737708,102.74247289095877,102.84531820916791,500,0.23291203170905156,0.23537896953612886,0.9895192937927335,103.10427361677014,0.2600830205963833,103.62443965796291,102.58410757557738,0.010090096616677197,103.98629602395764,102.67321072177504,2025-01-07 06:02:00+00:00,6,2,06:02,500.0,0.20569063641831065,Other,Clustering,None,Other,1.5,-1.0
2025-01-07 06:03:00+00:00,102.71828582094328,102.83128723548776,102.62583011813416,102.72855867681096,500,0.23195317880367308,0.23528700680032655,0.985830802805517,103.06816538795654,0.25958252478434757,103.58733043752524,102.54900033838784,0.010074207639468914,103.95257868489055,102.67321072177504,2025-01-07 06:03:00+00:00,6,3,06:03,500.0,0.20545711735360328,Other,Clustering,Downside Stop Hunt,Other,1.5,-1.0
2025-01-07 06:04:00+00:00,102.84129990307966,102.9544366466474,102.74873347652424,102.85158506158582,500,0.23151923530601304,0.23522248526257278,0.9842563947386836,103.03626034758308,0.24378026625113916,103.52382088008535,102.54869981508081,0.009463863126583446,103.95257868489055,102.62583011813416,2025-01-07 06:04:00+00:00,6,4,06:04,500.0,0.20570317012315797,Other,Clustering,None,Other,1.5,-1.0
2025-01-07 06:05:00+00:00,103.12324775882936,103.23669467605578,103.0304275538259,103.13356111494085,500,0.24248997667486596,0.23527809818908496,1.0306525704742184,103.01175522629212,0.2028173218285589,103.41738986994925,102.606120582635,0.007875502029181837,103.95257868489055,102.62583011813416,2025-01-07 06:05:00+00:00,6,5,06:05,500.0,0.20626712222987464,Other,Clustering,None,Other,-1.0,1.5
2025-01-07 06:06:00+00:00,103.17419714644596,103.28770011360376,103.08133108240776,103.18451559800576,500,0.23990990914066157,0.23517622123579024,1.0201282590561114,102.99313981148171,0.1634139198080832,103.31996765109788,102.66631197186554,0.006346594350155679,103.95257868489055,102.62583011813416,2025-01-07 06:06:00+00:00,6,6,06:06,500.0,0.20636903119600447,Other,Clustering,None,Other,-1.0,1.5
2025-01-07 06:07:00+00:00,103.1097389484232,103.22317100447208,103.01693090256504,103.12005095351856,500,0.23750492290968878,0.23507931703990287,1.0103182444986183,102.98284557306582,0.14700733381041528,103.27686024068664,102.68883090544499,0.005709973655995486,103.95257868489055,102.62583011813416,2025-01-07 06:07:00+00:00,6,7,06:07,500.0,0.20624010190704212,Other,Clustering,None,Other,-1.0,1.5
2025-01-07 06:08:00+00:00,102.84985326603564,102.9629994192436,102.75727914068368,102.86013927996363,500,0.24645255790434523,0.23517347857708057,1.0479606773497965,102.96465118710869,0.1378175010237313,103.24028618915615,102.68901618506122,0.005353973404845089,103.75390404319457,102.62583011813416,2025-01-07 06:08:00+00:00,6,8,06:08,500.0,0.20572027855992303,Other,Clustering,None,Other,-1.0,-1.0
2025-01-07 06:09:00+00:00,102.6777789838666,102.79073583643408,102.5853597408568,102.68804778864543,500,0.24847591370452277,0.23531997018080633,1.0559066173330218,102.94345973971383,0.14631115670698655,103.2360820531278,102.65083742629986,0.005685107420206184,103.75390404319457,102.62583011813416,2025-01-07 06:09:00+00:00,6,9,06:09,500.0,0.20537609557727876,Other,Clustering,Downside Stop Hunt,Other,1.5,-1.0
2025-01-07 06:10:00+00:00,102.8385813049861,102.95171505779686,102.74601732541366,102.84886619160528,500,0.24956101052215873,0.2354833720066654,1.0597818792704177,102.92645804710801,0.13565784793973787,103.1977737429875,102.65514235122853,0.005272030166535068,103.75390404319457,102.5853597408568,2025-01-07 06:10:00+00:00,6,10,06:10,500.0,0.2056977323832001,Other,Clustering,None,Other,1.5,-1.0
2025-01-07 06:11:00+00:00,102.73382245549718,102.84684096204886,102.64135276831853,102.74409686518368,500,0.24655761143391566,0.23563356249010747,1.046360326722416,102.91816426364724,0.1416567523251681,103.20147776829758,102.6348507589969,0.005505607424644072,103.75390404319457,102.5853597408568,2025-01-07 06:11:00+00:00,6,11,06:11,500.0,0.2054881937303321,Other,Clustering,None,Other,1.5,-1.0
2025-01-07 06:12:00+00:00,102.6967591960868,102.80973692897577,102.60432286917762,102.7070298990767,500,0.24361878631707487,0.23572693729750147,1.0334787746790832,102.91027220014644,0.14898921662788858,103.20825063340222,102.61229376689066,0.00579103381781463,103.72728720430086,102.5853597408568,2025-01-07 06:12:00+00:00,6,12,06:12,500.0,0.20541405979814442,Other,Clustering,None,Other,1.5,-1.0
2025-01-07 06:13:00+00:00,102.76510875233132,102.87816167725136,102.67261090466944,102.7753862909604,500,0.2408996424788492,0.23580988249431678,1.0215841674262955,102.89840800646041,0.1498510892917095,103.19811018504383,102.598705827877,0.005825205353315083,103.72728720430086,102.5853597408568,2025-01-07 06:13:00+00:00,6,13,06:13,500.0,0.20555077258191545,Other,Clustering,None,Other,1.5,-1.0
2025-01-07 06:14:00+00:00,102.91857855808502,103.03180031667476,102.8259425737843,102.92887144522952,500,0.2420078127099574,0.23594356554821644,1.0257021086701417,102.89412941463702,0.14756788612968136,103.18926518689638,102.59899364237766,0.005736688262748896,103.72728720430086,102.5853597408568,2025-01-07 06:14:00+00:00,6,14,06:14,500.0,0.20585774289045844,Other,Clustering,None,Other,-1.0,-1.0
2025-01-07 06:15:00+00:00,102.89906839114032,103.01226868640008,102.80644996774596,102.90935932707302,500,0.23942287742025434,0.2359823186655913,1.0145797311176463,102.88420491472603,0.13885531572019497,103.16191554616641,102.60649428328564,0.00539850857904887,103.72728720430086,102.5853597408568,2025-01-07 06:15:00+00:00,6,15,06:15,500.0,0.20581871865411472,Other,Clustering,None,Other,-1.0,-1.0
2025-01-07 06:16:00+00:00,102.85846555075184,102.9716211784204,102.76588367356844,102.86875242599444,500,0.2370167793796624,0.2358844023343564,1.0048005592319789,102.88065577052689,0.1382671711030083,103.1571901127329,102.60412142832087,0.005375827751775295,103.66038071810831,102.5853597408568,2025-01-07 06:16:00+00:00,6,16,06:16,500.0,0.2057375048519674,Other,Clustering,None,Other,1.5,-1.0
2025-01-07 06:17:00+00:00,102.86686130713156,102.9800261710558,102.77427187301174,102.87714902203378,500,0.23478374499854765,0.23578461533479253,0.9957551499497805,102.88571388620441,0.13606952471042377,103.15785293562526,102.61357483678357,0.005290123169516808,103.42926165755831,102.5853597408568,2025-01-07 06:17:00+00:00,6,17,06:17,500.0,0.20575429804405587,Other,Clustering,None,Other,1.5,-1.0
2025-01-07 06:18:00+00:00,102.80334646011411,102.9164414507193,102.71081419507352,102.81362782289642,500,0.23270113861620711,0.23568886314079235,0.9873234378376187,102.8801534691122,0.1366576357225231,103.15346874055724,102.60683819766716,0.005313274955934049,103.32725102610506,102.5853597408568,2025-01-07 06:18:00+00:00,6,18,06:18,500.0,0.20562725564577988,Other,Clustering,None,Other,1.5,-1.0
2025-01-07 06:19:00+00:00,102.74540029633216,102.85843153978244,102.65292018805462,102.75567586391854,500,0.23075901098132243,0.2355628711921762,0.9796068871696902,102.87112308107835,0.13870529157431058,103.14853366422697,102.59371249792973,0.0053933616128596165,103.2920889437651,102.5853597408568,2025-01-07 06:19:00+00:00,6,19,06:19,500.0,0.20551135172782153,Other,Clustering,None,Other,1.5,-1.0
2025-01-07 06:20:00+00:00,102.78875568262994,102.90183462177473,102.69623655060236,102.79903558618857,500,0.22896180099496802,0.2354431160444441,0.972471843057613,102.86367764404338,0.13836078178035882,103.14039920760409,102.58695608048266,0.005380355241007414,103.2920889437651,102.5853597408568,2025-01-07 06:20:00+00:00,6,20,06:20,500.0,0.20559807117236062,Other,Clustering,None,Other,1.5,-1.0
2025-01-07 06:21:00+00:00,102.80883141498984,102.92193243964876,102.71629421299612,102.81911332632244,500,0.22729583139908735,0.23532910741516114,0.9658636532288303,102.86293703745609,0.13856790633284022,103.14007285012177,102.58580122479042,0.005388448369207295,103.28770011360376,102.5853597408568,2025-01-07 06:21:00+00:00,6,21,06:21,500.0,0.20563822665263842,Other,Clustering,None,Other,1.5,-1.0
2025-01-07 06:22:00+00:00,103.02924328728416,103.14258678925036,102.93650769476636,103.03954724200835,500,0.2341656622225755,0.23536073292027115,0.9949223870827234,102.87264848909811,0.1439690617396297,103.16058661257738,102.58471036561885,0.005597952958502449,103.28770011360376,102.5853597408568,2025-01-07 06:22:00+00:00,6,22,06:22,500.0,0.20607909448399653,Other,Clustering,None,Other,1.5,-1.0
2025-01-07 06:23:00+00:00,103.0754982211721,103.18889260865411,102.98272099505044,103.08580680185229,500,0.2321660873212253,0.23532118589739556,0.98659237346549,102.89051089535016,0.1472748960589611,103.18506068746808,102.59596110323224,0.005725499651129266,103.28770011360376,102.5853597408568,2025-01-07 06:23:00+00:00,6,23,06:23,500.0,0.2061716136036722,Other,Clustering,None,Other,1.5,-1.0
2025-01-07 06:24:00+00:00,103.19525339018476,103.3087795215271,103.10236837363196,103.20557394757954,500,0.2315094182036245,0.23519153765636422,0.9843441669312115,102.90821033964986,0.16280309465403095,103.23381652895792,102.5826041503418,0.006328089629260754,103.28770011360376,102.5853597408568,2025-01-07 06:24:00+00:00,6,24,06:24,500.0,0.20641114789513892,Other,Clustering,Range Raid,Other,1.5,-1.0
2025-01-07 06:25:00+00:00,103.08579189266008,103.19919760431314,102.99300540130751,103.09610150281034,500,0.23015649877993877,0.2350745732768687,0.979078662450075,102.90633735904335,0.16026984828098345,103.22687705560531,102.58579766248138,0.00622973676428873,103.3087795215271,102.5853597408568,2025-01-07 06:25:00+00:00,6,25,06:25,500.0,0.20619220300562802,Other,Clustering,None,Other,1.5,-1.0
2025-01-07 06:26:00+00:00,103.14097376986491,103.25444018765354,103.04813760985604,103.1512888987548,500,0.22845264728119324,0.2349637067755589,0.9722890842006289,102.90467602408077,0.15738069576496486,103.2194374156107,102.58991463255084,0.006117533307354662,103.3087795215271,102.5853597408568,2025-01-07 06:26:00+00:00,6,26,06:26,500.0,0.20630257779750139,Other,Clustering,None,Other,1.5,-1.0
2025-01-07 06:27:00+00:00,103.06746238873257,103.18084793591488,102.9746923955834,103.07777016574914,500,0.22685999678478516,0.23485839819717677,0.9659437283325227,102.90256198469231,0.15459468619394912,103.2117513570802,102.59337261230442,0.006009361991082124,103.3087795215271,102.5853597408568,2025-01-07 06:27:00+00:00,6,27,06:27,500.0,0.20615554033147987,Other,Clustering,None,Other,1.5,-1.0
2025-01-07 06:28:00+00:00,103.10925990059398,103.22269142963754,103.016452285922,103.11957185777976,500,0.22538707870841018,0.23475825850494653,0.9600815755909227,102.91553361358312,0.16157435293613265,103.23868231945539,102.59238490771085,0.00627988204551505,103.3087795215271,102.5853597408568,2025-01-07 06:28:00+00:00,6,28,06:28,500.0,0.20623914371553553,Other,Clustering,None,Other,1.5,-1.0
2025-01-07 06:29:00+00:00,103.1813083843647,103.29481917466651,103.08843591957228,103.1916275471194,500,0.22402966273596933,0.23464848075892747,0.9547458479653756,102.94071260150682,0.16348468300027183,103.26768196750736,102.61374323550628,0.006352576308001079,103.3087795215271,102.5853597408568,2025-01-07 06:29:00+00:00,6,29,06:29,500.0,0.20638325509423794,Other,Clustering,None,Other,1.5,-1.0
2025-01-07 06:30:00+00:00,103.1874859149392,103.30100350120424,103.09460788981322,103.19780569550872,500,0.22277008763990128,0.23454457238435553,0.9497985196384804,102.958159576702,0.17158560040193074,103.30133077750587,102.61498837589814,0.00666622640138025,103.3087795215271,102.5853597408568,2025-01-07 06:30:00+00:00,6,30,06:30,500.0,0.2063956113910166,Other,Clustering,None,Other,1.5,-1.0
2025-01-07 06:31:00+00:00,103.43722540801387,103.5510177351954,103.34412259486534,103.44757016503036,500,0.23208736992895704,0.23458144735839886,0.9893679681086147,102.99333324169433,0.19579082452099272,103.38491489073631,102.60175159265235,0.007604019342165716,103.3087795215271,102.5853597408568,2025-01-07 06:31:00+00:00,6,31,06:31,500.0,0.20689514033006162,Other,Clustering,None,Other,1.5,-1.0
2025-01-07 06:32:00+00:00,103.58607303981616,103.70002911576756,103.49283625040138,103.59643268308449,500,0.23354248284383206,0.2346688956956255,0.9951999908276961,103.0378033808947,0.22601285000335244,103.4898290809014,102.585777680888,0.008773977805713106,103.5510177351954,102.5853597408568,2025-01-07 06:32:00+00:00,6,32,06:32,500.0,0.20719286536618142,Other,Clustering,None,Other,1.5,-1.0
2025-01-07 06:33:00+00:00,103.70912815543024,103.8232196055462,103.61578060533532,103.71950010544076,500,0.23305994281653783,0.23475335877513795,0.9927864037071257,103.08500907161874,0.26376170559189227,103.61253248280252,102.55748566043496,0.010234725998176512,103.70002911576756,102.5853597408568,2025-01-07 06:33:00+00:00,6,33,06:33,500.0,0.2074390002108828,Other,Clustering,None,Other,1.5,-1.0
2025-01-07 06:34:00+00:00,103.7894597972109,103.90363962097018,103.69603994140782,103.799839781189,500,0.23124135258409684,0.23481873995785707,0.9847653242053753,103.1285574884167,0.305261682586535,103.73908085358977,102.51803412324364,0.011840044698417101,103.8232196055462,102.5853597408568,2025-01-07 06:34:00+00:00,6,34,06:34,500.0,0.2075996795623638,Other,Clustering,Upside Sweep,Other,1.5,-1.0
2025-01-07 06:35:00+00:00,103.973679254014,104.08806173944194,103.8800935841184,103.98407766178018,500,0.2353113958461576,0.23489451034748468,1.0017747775290968,103.18229340515207,0.3551593534414973,103.89261211203507,102.47197469826907,0.013768228703618515,103.90363962097018,102.5853597408568,2025-01-07 06:35:00+00:00,6,35,06:35,500.0,0.20796815532354174,Other,Clustering,Upside False Breakout,Other,-1.0,-1.0
2025-01-07 06:36:00+00:00,103.82541781339351,103.93963719492638,103.73196559213932,103.83580139353286,500,0.23651144397435053,0.23501779685165994,1.0063554638954997,103.230645853529,0.37547378634323836,103.98159342621547,102.47969828084253,0.014548927142274567,104.08806173944194,102.5853597408568,2025-01-07 06:36:00+00:00,6,36,06:36,500.0,0.20767160278705887,Other,Clustering,None,Other,1.5,-1.0
2025-01-07 06:37:00+00:00,103.968825233472,104.08320237894335,103.8752439326318,103.97922315578758,500,0.23728926836264647,0.23517954327875204,1.0089706998086727,103.28574956021669,0.40087472240169764,104.08749900502008,102.4840001154133,0.015524880212753127,104.08806173944194,102.5853597408568,2025-01-07 06:37:00+00:00,6,37,06:37,500.0,0.20795844631155092,Other,Clustering,None,Other,-1.0,-1.0
2025-01-07 06:38:00+00:00,103.86685645141172,103.98112142000512,103.77336693165348,103.8772441758293,500,0.23517964121900312,0.23520649886587008,0.9998858124796871,103.3389303778633,0.4054700505708504,104.149870479005,102.52799027672161,0.015694764754704903,104.08806173944194,102.5853597408568,2025-01-07 06:38:00+00:00,6,38,06:38,500.0,0.20775448835163957,Other,Clustering,None,Other,1.5,-1.0
2025-01-07 06:39:00+00:00,103.80929494547748,103.92349659008195,103.71585723625564,103.8196769131688,500,0.2332124778338107,0.23523209905277337,0.9914143468213087,103.39213043032582,0.39457103741838645,104.1812725051626,102.60298835548905,0.01526503171087212,104.08806173944194,102.5853597408568,2025-01-07 06:39:00+00:00,6,39,06:39,500.0,0.20763935382630905,Other,Clustering,None,Other,1.5,-1.0
2025-01-07 06:40:00+00:00,103.86862774177416,103.9828946589818,103.77513662769512,103.87901564333848,500,0.23139430308044473,0.23525646569887454,0.9835831818396297,103.44612943318334,0.382857513562537,104.21184446030841,102.68041440605828,0.01480413102589111,104.08806173944194,102.60432286917762,2025-01-07 06:40:00+00:00,6,40,06:40,500.0,0.20775803128668713,Other,Clustering,None,Other,1.5,-1.0
2025-01-07 06:41:00+00:00,103.99783961710872,104.11224868159395,103.90423220071168,104.00824044115282,500,0.23152564130723277,0.23530996393058354,0.9839177119398687,103.50558578892485,0.3725542037843227,104.2506941964935,102.7604773813562,0.014397453082157773,104.08806173944194,102.60432286917762,2025-01-07 06:41:00+00:00,6,41,06:41,500.0,0.20801648088227864,Other,Clustering,Upside Sweep,Other,-1.0,-1.0
2025-01-07 06:42:00+00:00,103.87897809456058,103.99325639829496,103.78547766423245,103.8893670312637,500,0.23089972242245732,0.2352374305529718,0.9815602979495319,103.54807677838762,0.3649890042639485,104.27805478691552,102.81809876985973,0.014099305969538851,104.11224868159395,102.60432286917762,2025-01-07 06:42:00+00:00,6,42,06:42,500.0,0.207778734062515,Other,Clustering,None,Other,1.5,-1.0
2025-01-07 06:43:00+00:00,103.82678736141196,103.94100824959833,103.73333390744128,103.83717107851982,500,0.22924076668921384,0.23517099824477392,0.9747833210735123,103.585644992221,0.35338789339672433,104.29242077901445,102.87886920542756,0.013646211052632246,104.11224868159395,102.65292018805462,2025-01-07 06:43:00+00:00,6,43,06:43,500.0,0.20767434215704839,Other,Clustering,None,Other,1.5,-1.0
2025-01-07 06:44:00+00:00,103.8379526713418,103.9521858425974,103.7444891675872,103.8483375050923,500,0.22770190299785553,0.23511016503391408,0.9684902520697481,103.61778317009664,0.3461573393847193,104.31009784886608,102.92546849132721,0.013362854475142488,104.11224868159395,102.65292018805462,2025-01-07 06:44:00+00:00,6,44,06:44,500.0,0.2076966750101974,Other,Clustering,None,Other,1.5,-1.0
2025-01-07 06:45:00+00:00,103.81964080133652,103.9338538275206,103.72619377991316,103.83002380371688,500,0.22627034189853967,0.23501803266235555,0.9627786401548878,103.65447928514195,0.3262736497559571,104.30702658465385,103.00193198563004,0.012590817184404038,104.11224868159395,102.65292018805462,2025-01-07 06:45:00+00:00,6,45,06:45,500.0,0.20766004760743328,Other,Clustering,None,Other,1.5,-1.0
2025-01-07 06:46:00+00:00,103.90938306408782,104.02369481663357,103.8158552665504,103.91977504159198,500,0.22495385676887003,0.23493334534387827,0.957522042856875,103.6929035922838,0.30867186817304215,104.31024732862988,103.07555985593771,0.011907154973178421,104.11224868159395,102.65292018805462,2025-01-07 06:46:00+00:00,6,46,06:46,500.0,0.20783955008316468,Other,Clustering,None,Other,1.5,-1.0
2025-01-07 06:47:00+00:00,104.26806491767248,104.38277125971612,104.17421427418223,104.2784927669492,500,0.24195688257996123,0.23500801915532168,1.0295686225926057,103.75293972234381,0.2993613318048986,104.3516623859536,103.15421705873402,0.011541314688760632,104.11224868159395,102.65292018805462,2025-01-07 06:47:00+00:00,6,47,06:47,500.0,0.2085569855338889,Other,Clustering,None,Other,-1.0,1.5
2025-01-07 06:48:00+00:00,104.3128389677053,104.4275945661296,104.21894802353997,104.32327129483478,500,0.23957757258065213,0.23507997637141367,1.0191321961090063,103.81312469419656,0.2860259066844617,104.38517650756549,103.24107288082763,0.01102079944234467,104.38277125971612,102.65292018805462,2025-01-07 06:48:00+00:00,6,48,06:48,500.0,0.20864654258963355,Other,Clustering,Upside Sweep,Other,-1.0,1.5
2025-01-07 06:49:00+00:00,104.23721909137792,104.35189149961924,104.14339621190771,104.24764385576349,500,0.23735740937571473,0.2351387380106561,1.0094355842164895,103.86592550962878,0.2616944021620206,104.38931431395282,103.34253670530474,0.010078161856373627,104.4275945661296,102.65292018805462,2025-01-07 06:49:00+00:00,6,49,06:49,500.0,0.20849528771152848,Other,Clustering,None,Other,-1.0,1.5
2025-01-07 06:50:00+00:00,104.10320326537666,104.21772824146618,104.00950101221252,104.11361462683936,500,0.2374135118168037,0.23523111791788545,1.0092776581526943,103.91171595619531,0.2145038038142494,104.3407235638238,103.48270834856682,0.008257155676446398,104.4275945661296,102.69623655060236,2025-01-07 06:50:00+00:00,6,50,06:50,500.0,0.20822722925365156,Other,Clustering,None,Other,1.5,-1.0
2025-01-07 06:51:00+00:00,104.07038949573686,104.18487837306988,103.97671677791892,104.08079757549442,500,0.2353240891978145,0.23511014225232993,1.0009099860322273,103.94337732671849,0.18741091722750958,104.31819916117351,103.56855549226347,0.007212038786788048,104.4275945661296,102.71629421299612,2025-01-07 06:51:00+00:00,6,51,06:51,500.0,0.20816159515095478,Other,Clustering,None,Other,1.5,-1.0
2025-01-07 06:52:00+00:00,103.9736230432384,104.08800546682828,103.88003742393754,103.98402144538292,500,0.2333700858901664,0.2350004723492576,0.9930621992254205,103.96275676483341,0.1687577354527327,104.30027223573887,103.62524129392796,0.006493007330864217,104.4275945661296,102.93650769476636,2025-01-07 06:52:00+00:00,6,52,06:52,500.0,0.2079680428907409,Other,Clustering,None,Other,1.5,-1.0
2025-01-07 06:53:00+00:00,104.0232874829712,104.13772454290846,103.92965716120436,104.0336908520564,500,0.23156274987687578,0.23484774995825122,0.9860122139472939,103.97846630216422,0.15927902418409837,104.29702435053242,103.65990825379602,0.006127385019172428,104.4275945661296,102.9746923955834,2025-01-07 06:53:00+00:00,6,53,06:53,500.0,0.20806738170409744,Other,Clustering,None,Other,1.5,-1.0
2025-01-07 06:54:00+00:00,104.07135959673693,104.18584954128778,103.97768600574076,104.08176777351429,500,0.22989137742474292,0.2347084775582496,0.9794762414054209,103.99256270178049,0.15505787267647958,104.30267844713345,103.68244695642753,0.005964190847806656,104.4275945661296,102.9746923955834,2025-01-07 06:54:00+00:00,6,54,06:54,500.0,0.2081635355470155,Other,Clustering,None,Other,1.5,-1.0
2025-01-07 06:55:00+00:00,104.02420845007316,104.13864652317554,103.93057729935302,104.03461191126428,500,0.22833265216744125,0.2345813597644052,0.9733623012363828,103.99508941425468,0.15532383629321503,104.3057370868411,103.68444174166825,0.005974275791984582,104.4275945661296,102.9746923955834,2025-01-07 06:55:00+00:00,6,55,06:55,500.0,0.2080692238225197,Other,Clustering,None,Other,1.5,-1.0
2025-01-07 06:56:00+00:00,104.2319392041355,104.34660580392,104.13812107703907,104.24236344047956,500,0.23430845505946124,0.23451206007729933,0.9991317929757174,104.01541751660201,0.15991634719356265,104.33525021098914,103.69558482221488,0.006149717071242481,104.4275945661296,102.9746923955834,2025-01-07 06:56:00+00:00,6,56,06:56,500.0,0.20848472688092556,Other,Clustering,None,Other,1.5,-1.0
2025-01-07 06:57:00+00:00,104.15635184389956,104.2709352892724,104.06260175223088,104.16676852075165,500,0.23245310377246584,0.23437843530693867,0.9917853725239208,104.02479478485023,0.16314829473134662,104.35109137431293,103.69849819538753,0.0062734387534734305,104.4275945661296,102.9746923955834,2025-01-07 06:57:00+00:00,6,57,06:57,500.0,0.20833353704152557,Other,Clustering,None,Other,1.5,-1.0
2025-01-07 06:58:00+00:00,104.1449545267106,104.25952543378068,104.05121469365324,104.15537006371696,500,0.23072864922639288,0.2342026128388721,0.9851668451928449,104.0387010792446,0.1617569613167377,104.36221500187808,103.71518715661112,0.006219107299062982,104.4275945661296,103.016452285922,2025-01-07 06:58:00+00:00,6,58,06:58,500.0,0.20831074012744466,Other,Clustering,None,Other,1.5,-1.0
2025-01-07 06:59:00+00:00,104.21258349175476,104.32722879812631,104.11878278654166,104.223005792334,500,0.22913703225198306,0.23404241274273346,0.9790406344163674,104.05886752320286,0.1581145335803349,104.37509659036354,103.74263845604219,0.006077887924163017,104.4275945661296,103.08843591957228,2025-01-07 06:59:00+00:00,6,59,06:59,500.0,0.20844601158465537,Other,Clustering,None,Other,1.5,-1.0
2025-01-07 07:00:00+00:00,104.30663137448508,104.42138014387396,104.21274601771236,104.31706308079316,500,0.22767253895981276,0.23389691531716164,0.9733883777436368,104.0807698950756,0.16217727114627256,104.40512443736814,103.75641535278307,0.006232746791160806,104.4275945661296,103.09460788981322,2025-01-07 07:00:00+00:00,7,0,07:00,500.0,0.2086341261615985,Other,Clustering,None,Other,1.5,-1.0
2025-01-07 07:01:00+00:00,104.4410206437516,104.55591725612094,104.34701432454028,104.45146579033062,500,0.22847122727180996,0.23378800268514258,0.9772581340690392,104.10293116253449,0.18094203314543514,104.46481522882536,103.74104709624362,0.0069524279912131365,104.4275945661296,103.34412259486534,2025-01-07 07:01:00+00:00,7,1,07:01,500.0,0.20890293158065276,Other,Clustering,None,Other,1.5,-1.0
2025-01-07 07:02:00+00:00,104.48682770595008,104.60177471112712,104.39278015625976,104.49727743369344,500,0.2270800363857778,0.233690802763088,0.9717114824411294,104.13332668265598,0.1937825637639157,104.52089181018381,103.74576155512814,0.007443632886307993,104.55591725612094,103.49283625040138,2025-01-07 07:02:00+00:00,7,2,07:02,500.0,0.20899455486735974,Other,Clustering,Upside Sweep,Other,1.5,-1.0
2025-01-07 07:03:00+00:00,104.59773793115887,104.712806949785,104.50359055228294,104.60819875103398,500,0.22625499922190542,0.23359583310339188,0.9685746368676135,104.17187806628166,0.20794142827074497,104.58776092282315,103.75599520974018,0.007984551382991709,104.60177471112712,103.61578060533532,2025-01-07 07:03:00+00:00,7,3,07:03,500.0,0.2092163975020611,Other,Clustering,Upside False Breakout,Other,1.5,-1.0
2025-01-07 07:04:00+00:00,104.52923753829796,104.64423119895616,104.43515181594124,104.53969150744872,500,0.2250281694928353,0.2334876486731723,0.9637690506182695,104.2064457663995,0.20878884185421123,104.62402345010791,103.78886808269108,0.00801443098144818,104.712806949785,103.69603994140782,2025-01-07 07:04:00+00:00,7,4,07:04,500.0,0.2090793830149238,Other,Clustering,None,Other,1.5,-1.0
2025-01-07 07:05:00+00:00,104.62629426932048,104.7413947030601,104.53212118716988,104.636757945115,500,0.2239028370926483,0.23317786301346863,0.9602233856981329,104.2467824734694,0.21016245690936308,104.66710738728813,103.82645755965066,0.008064036200363375,104.712806949785,103.71585723625564,2025-01-07 07:05:00+00:00,7,5,07:05,500.0,0.20927351589021725,Other,Clustering,Upside Sweep,Other,1.5,-1.0
2025-01-07 07:06:00+00:00,104.7220427758602,104.8372485434904,104.62778351143548,104.73251602746294,500,0.2228715653042393,0.23289389061619492,0.9569661304320247,104.28741952276296,0.22185494752147847,104.73112941780592,103.84370962772,0.008509365694797119,104.7413947030601,103.71585723625564,2025-01-07 07:06:00+00:00,7,6,07:06,500.0,0.20946503205492206,Other,Clustering,Upside Sweep,Other,-1.0,-1.0
2025-01-07 07:07:00+00:00,104.88164407585764,104.99702542247572,104.78724115589738,104.89213328918656,500,0.22584569599770649,0.2326995701676619,0.9705462534158652,104.31810154887482,0.25975130361472015,104.83760415610426,103.79859894164538,0.009959970503988613,104.8372485434904,103.71585723625564,2025-01-07 07:07:00+00:00,7,7,07:07,500.0,0.20978426657833893,Other,Clustering,Upside False Breakout,Other,-1.0,1.5
2025-01-07 07:08:00+00:00,104.70784873645523,104.8230388890806,104.6136022479436,104.7183205685121,500,0.2296089349437958,0.23241884311831937,0.9879101533385867,104.33785401255868,0.2747524623552963,104.88735893726927,103.78834908784809,0.010533184334890542,104.99702542247572,103.71585723625564,2025-01-07 07:08:00+00:00,7,8,07:08,500.0,0.20943664113700322,Other,Clustering,None,Other,-1.0,1.5
2025-01-07 07:09:00+00:00,104.61394875153714,104.72903560384904,104.51978678146374,104.6244111926564,500,0.22815464118961792,0.232080155243071,0.9830855247001121,104.35669237940333,0.28108519588837816,104.91886277118009,103.79452198762657,0.010774017055521681,104.99702542247572,103.71585723625564,2025-01-07 07:09:00+00:00,7,9,07:09,500.0,0.2092488223853053,Other,Clustering,None,Other,-1.0,1.5
2025-01-07 07:10:00+00:00,104.70114323581426,104.81632601165124,104.60690278285672,104.71161439725398,500,0.2268166831613967,0.23170108312039162,0.9789193909099813,104.38659236792407,0.285636087788667,104.9578645435014,103.81532019234673,0.01094531706838004,104.99702542247572,103.72619377991316,2025-01-07 07:10:00+00:00,7,10,07:10,500.0,0.20942322879452036,Other,Clustering,None,Other,-1.0,1.5
2025-01-07 07:11:00+00:00,104.42495427350198,104.53983321109658,104.33096241547,104.4353978132833,500,0.23780491877729582,0.23155520490944795,1.0269901679398306,104.40432237981352,0.27651553380602023,104.95735344742556,103.85129131220148,0.010594026281788644,104.99702542247572,103.72619377991316,2025-01-07 07:11:00+00:00,7,11,07:11,500.0,0.20887079562658073,Other,Clustering,None,Other,-1.0,-1.0
2025-01-07 07:12:00+00:00,104.47738940552368,104.59232602753193,104.38335035115324,104.4878381893426,500,0.23574568717739508,0.2314239865904533,1.018674384840625,104.42951321701148,0.2585777311276829,104.94666867926684,103.91235775475612,0.009904392854550161,104.99702542247572,103.72619377991316,2025-01-07 07:12:00+00:00,7,12,07:12,500.0,0.2089756763786852,Other,Clustering,None,Other,-1.0,1.5
2025-01-07 07:13:00+00:00,104.5892195865606,104.70427923407055,104.49507987496156,104.59967955451606,500,0.2343667841452924,0.23131510561822735,1.0131927334313466,104.45781265213448,0.24351056336353158,104.94483377886154,103.97079152540742,0.009324742962959333,104.99702542247572,103.72619377991316,2025-01-07 07:13:00+00:00,7,13,07:13,500.0,0.20919935910899312,Other,Clustering,None,Other,-1.0,1.5
2025-01-07 07:14:00+00:00,104.52999961337268,104.64499411239728,104.4359132050798,104.54045365873856,500,0.23256065008616333,0.2311576529078308,1.006069438587404,104.4807469463957,0.2272895953685876,104.93532613713288,104.02616775565852,0.008701683401448149,104.99702542247572,103.72619377991316,2025-01-07 07:14:00+00:00,7,14,07:14,500.0,0.2090809073174853,Other,Clustering,None,Other,-1.0,1.5
2025-01-07 07:15:00+00:00,104.48608637942046,104.60103256905676,104.39203949699072,104.49653603302376,500,0.23087725165615428,0.23101522581176243,0.999402748649474,104.50384315248365,0.20158513599978367,104.90701342448322,104.10067288048408,0.0077158936903649914,104.99702542247572,103.72619377991316,2025-01-07 07:15:00+00:00,7,15,07:15,500.0,0.20899307206603623,Other,Clustering,None,Other,-1.0,1.5
2025-01-07 07:16:00+00:00,104.37495797106872,104.4897819072305,104.28101111420906,104.3853965107198,500,0.22978065645319282,0.23089462376298797,0.9951754298491652,104.5109948059957,0.19422312430229927,104.89944105460029,104.1225485573911,0.007433595849425595,104.99702542247572,103.8158552665504,2025-01-07 07:16:00+00:00,7,16,07:16,500.0,0.2087707930214293,Other,Clustering,None,Other,-1.0,1.5
2025-01-07 07:17:00+00:00,104.32157891606148,104.43634412939048,104.22768010515594,104.3320121172732,500,0.22827232558043167,0.23078610010601933,0.9891077732825639,104.51925698582177,0.18193515521528109,104.88312729625233,104.15538667539121,0.006962742004182367,104.99702542247572,103.88003742393754,2025-01-07 07:17:00+00:00,7,17,07:17,500.0,0.20866402423453678,Other,Clustering,None,Other,-1.0,1.5
2025-01-07 07:18:00+00:00,104.27124875285408,104.38595859746668,104.1773952436256,104.28167692054616,500,0.22686454188476415,0.23068882349382863,0.983422336846905,104.5255723286632,0.17047002168837297,104.86651237203995,104.18463228528645,0.006523571902667384,104.99702542247572,103.88003742393754,2025-01-07 07:18:00+00:00,7,18,07:18,500.0,0.20856335384108604,Other,Clustering,None,Other,-1.0,1.5
2025-01-07 07:19:00+00:00,104.20111435025945,104.3157470393136,104.107323968306,104.2115355038098,500,0.2255472939649668,0.23060196154355606,0.9780805525471017,104.52499881423701,0.1715573523368971,104.8681135189108,104.18188410956321,0.0065652180543638574,104.99702542247572,103.88003742393754,2025-01-07 07:19:00+00:00,7,19,07:19,500.0,0.20842307100760138,Other,Clustering,None,Other,-1.0,1.5
2025-01-07 07:20:00+00:00,104.12531705460958,104.2398663583,104.03159489704468,104.13573062767234,500,0.2243133059142779,0.23052448662554456,0.9730563082378495,104.51593219158096,0.187203092160828,104.89033837590262,104.1415260072593,0.007164576279822274,104.99702542247572,103.88003742393754,2025-01-07 07:20:00+00:00,7,20,07:20,500.0,0.2082714612553218,Other,Clustering,None,Other,-1.0,-1.0
2025-01-07 07:21:00+00:00,104.09814339501216,104.21266280468762,104.00444569618676,104.1085542504372,500,0.22316357752760527,0.23045561572768652,0.9683581665950907,104.4987866145863,0.2079696853425191,104.91472598527133,104.08284724390126,0.007960654552269793,104.99702542247572,103.88003742393754,2025-01-07 07:21:00+00:00,7,21,07:21,500.0,0.20821710850086106,Other,Clustering,None,Other,-1.0,-1.0
2025-01-07 07:22:00+00:00,104.06971762457614,104.18420576277698,103.97604551150272,104.08012563713986,500,0.2220919113666524,0.23025438654675445,0.9645501859811708,104.47792902475862,0.2280755144740103,104.93408005370664,104.02177799581061,0.008732007481502007,104.99702542247572,103.88003742393754,2025-01-07 07:22:00+00:00,7,22,07:22,500.0,0.20816025127426485,Other,Clustering,None,Other,-1.0,-1.0
2025-01-07 07:23:00+00:00,104.2659835367339,104.38068758902952,104.17213476667384,104.27641117785168,500,0.2276969142611531,0.23017990032908656,0.9892128458462986,104.46133964609949,0.23015846453001865,104.92165657515953,104.00102271703945,0.008813153854230317,104.99702542247572,103.92965716120436,2025-01-07 07:23:00+00:00,7,23,07:23,500.0,0.20855282235568495,Other,Clustering,None,Other,-1.0,1.5
2025-01-07 07:24:00+00:00,104.2259337886783,104.34059378184516,104.13212106699632,104.23635742442076,500,0.22632375716027348,0.23009347264503074,0.983616590938358,104.4461729419481,0.23467366644140028,104.91552027483091,103.9768256090653,0.008987353383329254,104.99702542247572,103.93057729935302,2025-01-07 07:24:00+00:00,7,24,07:24,500.0,0.20847271484883834,Other,Clustering,None,Other,-1.0,1.5
2025-01-07 07:25:00+00:00,104.26285196256616,104.37755256978568,104.1690060112047,104.2732792904952,500,0.2250539572617523,0.23000843028639428,0.9784596024655577,104.42799900921712,0.2332072265020176,104.89441346222115,103.96158455621308,0.00893274710670014,104.99702542247572,103.93057729935302,2025-01-07 07:25:00+00:00,7,25,07:25,500.0,0.20854655858097715,Other,Clustering,None,Other,-1.0,1.5
2025-01-07 07:26:00+00:00,104.2037638773492,104.31839948117464,104.1099711105829,104.21418529587878,500,0.22386641535675095,0.22993199308765358,0.9736201228482791,104.4020824726379,0.22628335190149335,104.85464917644089,103.94951576883491,0.008669687291373657,104.99702542247572,103.97604551150272,2025-01-07 07:26:00+00:00,7,26,07:26,500.0,0.20842837059173291,Other,Clustering,None,Other,-1.0,1.5
2025-01-07 07:27:00+00:00,104.14338531524912,104.25795449601397,104.04964689462334,104.15380069531864,500,0.22275507150202797,0.2298635776662743,0.969075108651764,104.36516584294449,0.2009341655471554,104.7670341740388,103.96329751185019,0.007701196617635117,104.99702542247572,103.97604551150272,2025-01-07 07:27:00+00:00,7,27,07:27,500.0,0.20830760139062932,Other,Clustering,None,Other,-1.0,1.5
2025-01-07 07:28:00+00:00,103.96707723925611,104.08145246174152,103.87349751176804,103.9774749867548,500,0.22686565093406888,0.22988822053670194,0.9868520031362351,104.32812356385664,0.20069085545222556,104.72950527476108,103.92674185295219,0.00769460232185178,104.99702542247572,103.97604551150272,2025-01-07 07:28:00+00:00,7,28,07:28,500.0,0.20795494997348385,Other,Clustering,Downside Stop Hunt,Other,-1.0,1.5
2025-01-07 07:29:00+00:00,103.8048732168667,103.91906999708326,103.71143948759858,103.81525474234093,500,0.2296634972356509,0.2299821177783633,0.9986145855782602,104.28766574134087,0.21858045981309013,104.72482666096705,103.8505048217147,0.00838375116594223,104.99702542247572,103.87349751176804,2025-01-07 07:29:00+00:00,7,29,07:29,500.0,0.2076305094846731,Other,Clustering,None,Other,-1.0,1.5
2025-01-07 07:30:00+00:00,103.68069329860788,103.79475346725322,103.58737134244352,103.69106240484838,500,0.2295363474257764,0.23009488877479456,0.9975725608161385,104.23663814172059,0.23304592845659053,104.70272999863377,103.77054628480741,0.008942956434943352,104.99702542247572,103.71143948759858,2025-01-07 07:30:00+00:00,7,30,07:30,500.0,0.20738212480969764,Other,Clustering,Downside False Breakout,Other,-1.0,-1.0
2025-01-07 07:31:00+00:00,103.70077786582132,103.81486012970012,103.60743783173868,103.7111489807194,500,0.22795677246403834,0.23002604548371258,0.9910041794818372,104.20042570009241,0.255703809261966,104.71183331861634,103.68901808156848,0.009815845090611355,104.99702542247572,103.58737134244352,2025-01-07 07:31:00+00:00,7,31,07:31,500.0,0.2074222979614433,Other,Clustering,None,Other,-1.0,1.5
2025-01-07 07:32:00+00:00,103.81347611262515,103.92768235697348,103.72003463997656,103.82385849847502,500,0.22714081559189825,0.2299193510295137,0.9879151736242558,104.167226715549,0.25949929420992224,104.68622530396885,103.64822812712916,0.00996471932265385,104.99702542247572,103.58737134244352,2025-01-07 07:32:00+00:00,7,32,07:32,500.0,0.20764771699691664,Other,Clustering,None,Other,-1.0,1.5
2025-01-07 07:33:00+00:00,103.62919814074336,103.74320165905,103.5359225348561,103.63956209695306,500,0.231483326165257,0.22989307408532564,1.0069173553238109,104.11922084267087,0.2640555170279835,104.64733187672684,103.5911098086149,0.010144352402597574,104.99702542247572,103.58737134244352,2025-01-07 07:33:00+00:00,7,33,07:33,500.0,0.20727912419390293,Other,Clustering,Downside Stop Hunt,Other,-1.0,1.5
2025-01-07 07:34:00+00:00,103.57334909889722,103.68729117711382,103.48012376217454,103.58370746964418,500,0.22974647536340134,0.22986815946498076,0.9994706352464706,104.07138353321616,0.27031661058709106,104.61201675439034,103.53075031204199,0.010389661457736328,104.99702542247572,103.5359225348561,2025-01-07 07:34:00+00:00,7,34,07:34,500.0,0.2071674149392777,Other,Clustering,Downside Stop Hunt,Other,-1.0,-1.0
2025-01-07 07:35:00+00:00,103.43290668781805,103.54669426393222,103.3398077619064,103.44325101291932,500,0.23075742053299997,0.22979225987642812,1.0042001443264053,104.01871928221092,0.28531383251928255,104.5893469472495,103.44809161717235,0.010971634124631246,104.99702542247572,103.48012376217454,2025-01-07 07:35:00+00:00,7,35,07:35,500.0,0.20688650202582437,Other,Clustering,Downside False Breakout,Other,1.5,-1.0
2025-01-07 07:36:00+00:00,103.40660941240672,103.52036805862498,103.31353415640996,103.41695110751748,500,0.2290485977960017,0.22966787910678896,0.9973035789192823,103.9702970120508,0.30152717419026337,104.57335136043133,103.36724266367028,0.011600512179178,104.99702542247572,103.3398077619064,2025-01-07 07:36:00+00:00,7,36,07:36,500.0,0.20683390221502407,Other,Clustering,Downside Stop Hunt,Other,1.5,-1.0
2025-01-07 07:37:00+00:00,103.51894612920836,103.63282835817338,103.42576976005516,103.52929905911428,500,0.22810778728599498,0.22951485442217814,0.9938693853183248,103.93016135914286,0.3042573411465433,104.53867604143595,103.32164667684977,0.011710069037424027,104.99702542247572,103.31353415640996,2025-01-07 07:37:00+00:00,7,37,07:37,500.0,0.20705859811822336,Other,Clustering,None,Other,-1.0,-1.0
2025-01-07 07:38:00+00:00,103.47373040110864,103.58756288779853,103.38059473018056,103.48407880898954,500,0.22659781373827853,0.22937182396416606,0.9879060549899062,103.89028145356504,0.3080068674434963,104.50629518845203,103.27426771867805,0.011858928982925615,104.8230388890806,103.31353415640996,2025-01-07 07:38:00+00:00,7,38,07:38,500.0,0.20696815761796472,Other,Clustering,None,Other,1.5,-1.0
2025-01-07 07:39:00+00:00,103.46984845286173,103.58367666898148,103.37671627603646,103.48019647250896,500,0.22519514082447442,0.22923820168067707,0.9823630580480887,103.853714502,0.31125544302228303,104.47622538804457,103.23120361595544,0.011988225727498223,104.81632601165124,103.31353415640996,2025-01-07 07:39:00+00:00,7,39,07:39,500.0,0.206960392945021,Other,Clustering,None,Other,1.5,-1.0
2025-01-07 07:40:00+00:00,103.62156653666402,103.7355616593666,103.52829779990736,103.63192972963698,500,0.22735014411255705,0.2291707990312123,0.9920554672482192,103.82852445709823,0.3075954013993886,104.443715259897,103.21333365429945,0.011850130896408424,104.81632601165124,103.31353415640996,2025-01-07 07:40:00+00:00,7,40,07:40,500.0,0.20726385945923198,Other,Clustering,None,Other,-1.0,-1.0
2025-01-07 07:41:00+00:00,103.67006250883767,103.78411098244474,103.57675012134098,103.68043055189288,500,0.22592233818335766,0.22907741064581438,0.9862270467718229,103.80711827217101,0.3019266478378901,104.41097156784679,103.20326497649523,0.0116341404274905,104.70427923407055,103.31353415640996,2025-01-07 07:41:00+00:00,7,41,07:41,500.0,0.20736086110376561,Other,Clustering,None,Other,-1.0,1.5
2025-01-07 07:42:00+00:00,103.5923295963147,103.70629255516651,103.49908717543592,103.60268986530124,500,0.22458541257958894,0.22897217214843327,0.9808415165577389,103.78324648357906,0.29805465934734626,104.37935580227375,103.18713716488438,0.011487582801507473,104.70427923407055,103.31353415640996,2025-01-07 07:42:00+00:00,7,42,07:42,500.0,0.2072053797305955,Other,Clustering,None,Other,-1.0,-1.0
2025-01-07 07:43:00+00:00,103.60982940222962,103.72381161279311,103.5165712299504,103.62019142137176,500,0.22334648188409778,0.228873934068348,0.9758493591384698,103.75043549575507,0.27622829406599286,104.30289208388706,103.19797890762308,0.010649720851621724,104.70427923407055,103.31353415640996,2025-01-07 07:43:00+00:00,7,43,07:43,500.0,0.20724038284271273,Other,Clustering,None,Other,-1.0,-1.0
2025-01-07 07:44:00+00:00,103.52515790489583,103.63904696749748,103.4319759445854,103.53551145604143,500,0.2221839491003819,0.22878196817005675,0.9711602311910769,103.71539319733611,0.2549770172232067,104.22534723178252,103.2054391628897,0.009833719349183489,104.64499411239728,103.31353415640996,2025-01-07 07:44:00+00:00,7,44,07:44,500.0,0.2070710229120749,Other,Clustering,None,Other,-1.0,-1.0
2025-01-07 07:45:00+00:00,103.56973321698622,103.68367131733493,103.47651113488271,103.58009122610883,500,0.221110822911227,0.22869597618693488,0.9668330269636759,103.68073379411678,0.21984402997249541,104.12042185406176,103.24104573417179,0.008481576930543173,104.60103256905676,103.31353415640996,2025-01-07 07:45:00+00:00,7,45,07:45,500.0,0.20716018245221335,Other,Normal,None,Other,-1.0,-1.0
2025-01-07 07:46:00+00:00,103.62415685080012,103.7381548231332,103.53088578252756,103.6345203028304,500,0.2201221241751135,0.22861544731037226,0.9628488659223099,103.65175054446438,0.18050530821952904,104.01276116090344,103.29073992802532,0.006965837326291836,104.4897819072305,103.31353415640996,2025-01-07 07:46:00+00:00,7,46,07:46,500.0,0.2072690406056381,Other,Normal,None,Other,-1.0,-1.0
2025-01-07 07:47:00+00:00,103.48361770972478,103.59746107354184,103.390473139329,103.49396710643542,500,0.22183105555556198,0.2282800168599656,0.9717497773431495,103.61875886502021,0.1395732972323529,103.89790545948492,103.3396122705555,0.005387954797419226,104.43634412939048,103.31353415640996,2025-01-07 07:47:00+00:00,7,47,07:47,500.0,0.20698793421283312,Other,Normal,None,Other,1.5,-1.0
2025-01-07 07:48:00+00:00,103.50277941508725,103.6166438588882,103.4096175974319,103.51313072816006,500,0.220773570262757,0.227966616821334,0.96844693026166,103.59554165209047,0.11281859413884267,103.82117884036816,103.36990446381279,0.004356117737874376,104.38595859746668,103.31353415640996,2025-01-07 07:48:00+00:00,7,48,07:48,500.0,0.2070262614562921,Other,Squeeze,None,Other,1.5,-1.0
2025-01-07 07:49:00+00:00,103.49164588273985,103.60549807843044,103.39849408626574,103.50199608234809,500,0.21979002897003874,0.22767382714790607,0.9653724001716469,103.57987871909083,0.1019295553114879,103.7837378297138,103.37601960846786,0.0039362685715405915,104.38068758902952,103.31353415640996,2025-01-07 07:49:00+00:00,7,49,07:49,500.0,0.2070039921647009,Other,Squeeze,None,Other,1.5,-1.0
2025-01-07 07:50:00+00:00,103.549066282934,103.66298164738168,103.45586280293136,103.55942222515652,500,0.21888494436148748,0.22736501769031747,0.9627028229101616,103.57329671010625,0.09856690220459506,103.77043051451544,103.37616290569706,0.0038066530789485882,104.38068758902952,103.31353415640996,2025-01-07 07:50:00+00:00,7,50,07:50,500.0,0.2071188444503207,Other,Squeeze,None,Other,-1.0,-1.0
2025-01-07 07:51:00+00:00,103.63622364414006,103.75023489127332,103.5429417146674,103.64658830297036,500,0.21805696095037522,0.22707723221952683,0.9602766372437054,103.57006867621878,0.09479985981829668,103.75966839585537,103.38046895658219,0.003661284038138803,104.38068758902952,103.31353415640996,2025-01-07 07:51:00+00:00,7,51,07:51,500.0,0.20729317660591562,Other,Squeeze,None,Other,-1.0,-1.0
2025-01-07 07:52:00+00:00,103.68675339468128,103.80082023009896,103.59342598388496,103.69712310699197,500,0.21729533846920615,0.22680931976251084,0.9580529525714964,103.56373190664462,0.08002753359589045,103.7237869738364,103.40367683945284,0.003090948235354354,104.38068758902952,103.31353415640996,2025-01-07 07:52:00+00:00,7,52,07:52,500.0,0.20739424621400815,Other,Squeeze,None,Other,-1.0,1.5
2025-01-07 07:53:00+00:00,103.65635758389504,103.77039098057698,103.56305753206436,103.66672425632066,500,0.21658377490087813,0.22655967017957754,0.9559679122467285,103.56509001461302,0.08159722444966015,103.72828446351234,103.4018955657137,0.003151533955627166,104.38068758902952,103.31353415640996,2025-01-07 07:53:00+00:00,7,53,07:53,500.0,0.20733344851261393,Other,Squeeze,None,Other,-1.0,1.5
2025-01-07 07:54:00+00:00,103.75418587278368,103.8683268913456,103.66079776668757,103.76456232901658,500,0.21593701416924668,0.2263270974586526,0.9540926234371735,103.57413275758165,0.09299439832975427,103.76012155424117,103.38814396092214,0.003591414027956722,104.37755256978568,103.31353415640996,2025-01-07 07:54:00+00:00,7,54,07:54,500.0,0.20752912465803774,Other,Squeeze,None,Other,-1.0,1.5
2025-01-07 07:55:00+00:00,103.66467812802787,103.77872067822372,103.57137058695857,103.67504563259114,500,0.21532366253324017,0.22611028096474922,0.9522948784748505,103.58572248856524,0.09022724068321819,103.76617696993168,103.4052680071988,0.003484157411488046,104.37755256978568,103.31353415640996,2025-01-07 07:55:00+00:00,7,55,07:55,500.0,0.20735009126515536,Other,Squeeze,None,Other,-1.0,1.5
2025-01-07 07:56:00+00:00,103.5289122689088,103.64280546172388,103.43572692933284,103.53926619552836,500,0.217037594013601,0.2258224332806516,0.9610984651107146,103.59183824296576,0.0819513666206964,103.75574097620715,103.42793550972438,0.0031643947249389718,104.31839948117464,103.31353415640996,2025-01-07 07:56:00+00:00,7,56,07:56,500.0,0.20707853239103713,Other,Squeeze,None,Other,-1.0,1.5
2025-01-07 07:57:00+00:00,103.19966765081826,103.31319863833288,103.10677866103354,103.20998864968324,500,0.23242687547654461,0.2258219961423862,1.0292481664629067,103.57587272249422,0.11796621033245241,103.81180514315913,103.33994030182932,0.004555740916555564,104.25795449601397,103.31353415640996,2025-01-07 07:57:00+00:00,7,57,07:57,500.0,0.20641997729933337,Other,Squeeze,None,Other,-1.0,1.5
2025-01-07 07:58:00+00:00,103.19346131121624,103.30698547107455,103.1005779076958,103.20378168938518,500,0.2305683531838458,0.2258193245416771,1.021030213653359,103.56185786651399,0.14336222056562842,103.84858230764524,103.27513342538273,0.005537259509207122,104.08145246174152,103.10677866103354,2025-01-07 07:58:00+00:00,7,58,07:58,500.0,0.20640756337876098,Other,Normal,Downside Stop Hunt,Other,-1.0,1.5
2025-01-07 07:59:00+00:00,103.10974899791948,103.22318106502388,103.01694094301584,103.12006100401987,500,0.22883062238557397,0.22581421771057028,1.0133579041460972,103.54385109308956,0.1735894742868352,103.89103004166323,103.19667214451589,0.006705930770559126,103.92768235697348,103.1005779076958,2025-01-07 07:59:00+00:00,7,59,07:59,500.0,0.20624012200804032,Other,Normal,Downside Stop Hunt,Other,-1.0,1.5
2025-01-07 08:00:00+00:00,103.1518010324704,103.265279361439,103.05895512695062,103.16211724419482,500,0.22722302325005994,0.22580672578207442,1.0062721668855532,103.52036046881744,0.19186885634706355,103.90409818151157,103.13662275612332,0.0074137630695309984,103.92768235697348,103.01694094301584,2025-01-07 08:00:00+00:00,8,0,08:00,500.0,0.20632423448837756,London Open,Normal,None,Other,-1.0,1.5
2025-01-07 08:01:00+00:00,102.94969514712182,103.06295113738264,102.8570311550902,102.95999114623643,500,0.23278467081109994,0.22587861650772922,1.0305741836484748,103.48433849853461,0.2250028306273355,103.93434415978928,103.03433283727995,0.008697077601960737,103.92768235697348,103.01694094301584,2025-01-07 08:01:00+00:00,8,1,08:01,500.0,0.20591998229244268,London Open,Normal,None,Other,-1.0,1.5
2025-01-07 08:02:00+00:00,102.88411870372268,102.99730255268165,102.7915137363926,102.89440814453712,500,0.23085639548809592,0.2259415558261012,1.0217527034547709,103.4489244124964,0.25862254845012483,103.96616950939665,102.93167931559614,0.010000009180139373,103.92768235697348,102.8570311550902,2025-01-07 08:02:00+00:00,8,2,08:02,500.0,0.20578881628904355,London Open,Normal,Downside Stop Hunt,Other,-1.0,1.5
2025-01-07 08:03:00+00:00,102.9335427172106,103.04678093802158,102.84089326381977,102.94383710092067,500,0.22907291539621896,0.22598852109567308,1.013648455618859,103.41510669647387,0.2785049252532686,103.9721165469804,102.85809684596734,0.01077231109264086,103.8683268913456,102.7915137363926,2025-01-07 08:03:00+00:00,8,3,08:03,500.0,0.20588767420181853,London Open,Normal,None,Other,-1.0,1.5
2025-01-07 08:04:00+00:00,102.82862088031052,102.9417436755584,102.73606586601682,102.8389047707876,500,0.22755136678962185,0.22603057438395288,1.0067282597047496,103.38027636221116,0.3049575625142109,103.99019148723958,102.77036123718274,0.011799448531003657,103.8683268913456,102.7915137363926,2025-01-07 08:04:00+00:00,8,4,08:04,500.0,0.20567780954158366,London Open,Normal,Downside Stop Hunt,Other,-1.0,-1.0
2025-01-07 08:05:00+00:00,102.87174151224148,102.9849117449282,102.7791476854978,102.882029715213,500,0.22599513054967696,0.22606544594157002,0.9996889600195191,103.34537328666639,0.32043904351100005,103.98625137368839,102.70449519964438,0.012402646904071685,103.8683268913456,102.73606586601682,2025-01-07 08:05:00+00:00,8,5,08:05,500.0,0.20576405943039333,London Open,Normal,None,Other,-1.0,1.5
2025-01-07 08:06:00+00:00,102.81548373378114,102.92859207672258,102.72294054410176,102.82576631041218,500,0.22454201641190147,0.22609328679336438,0.9931388038828385,103.30493558704545,0.33282077469648996,103.97057713643844,102.63929403765246,0.012886926372111484,103.8683268913456,102.73606586601682,2025-01-07 08:06:00+00:00,8,6,08:06,500.0,0.20565153262081992,London Open,Normal,Downside Stop Hunt,Other,-1.0,-1.0
2025-01-07 08:07:00+00:00,102.81313871312102,102.92624447628177,102.72059763417133,102.82342105522656,500,0.2231923611046542,0.22604906454514684,0.9873624628960935,103.27140828448503,0.346278365512068,103.96396501550917,102.5788515534609,0.01341236151474438,103.8683268913456,102.72294054410176,2025-01-07 08:07:00+00:00,8,7,08:07,500.0,0.20564684211043982,London Open,Normal,Downside Stop Hunt,Other,-1.0,-1.0
2025-01-07 08:08:00+00:00,102.8753757368954,102.98854996762904,102.7827786390224,102.88566430332573,500,0.22194800164051065,0.22592138232342543,0.9824125514723234,103.2400349632433,0.3516089630857454,103.9432528894148,102.53681703707181,0.01362296954707266,103.8683268913456,102.72059763417133,2025-01-07 08:08:00+00:00,8,8,08:08,500.0,0.2057713286066445,London Open,Normal,None,Other,-1.0,1.5
2025-01-07 08:09:00+00:00,102.97447153932356,103.08775478634152,102.88178524630888,102.9847700163252,500,0.22080668295423422,0.2257989163528357,0.9778908000125184,103.21417365994216,0.35034635648593765,103.91486637291403,102.51348094697029,0.013577451393069933,103.8683268913456,102.72059763417133,2025-01-07 08:09:00+00:00,8,9,08:09,500.0,0.20596954003264045,London Open,Normal,None,Other,-1.0,1.5
2025-01-07 08:10:00+00:00,102.98502618209226,103.09832104037838,102.89233038894906,102.99532571466372,500,0.21974839498816873,0.22568111154994858,0.9737119490371404,103.18596883441754,0.3437330993563423,103.87343503313022,102.49850263570485,0.013324799999035932,103.8683268913456,102.72059763417133,2025-01-07 08:10:00+00:00,8,10,08:10,500.0,0.2059906514293175,London Open,Normal,None,Other,-1.0,1.5
2025-01-07 08:11:00+00:00,102.90225843834116,103.0154622430038,102.80963714361718,102.9125496933105,500,0.21875387387377207,0.22536359413488985,0.9706708606308365,103.14926690393452,0.3309113036003979,103.81108951113531,102.48744429673373,0.012832327888809173,103.8683268913456,102.72059763417133,2025-01-07 08:11:00+00:00,8,11,08:11,500.0,0.2058250993866153,London Open,Normal,None,Other,-1.0,1.5
2025-01-07 08:12:00+00:00,102.85616455423092,102.96931765055018,102.7635847481515,102.86645119935083,500,0.21782380448269406,0.22506489608997818,0.9678266502991687,103.10773330855247,0.3099983903849209,103.7277300893223,102.48773652778263,0.012026193591405655,103.8683268913456,102.72059763417133,2025-01-07 08:12:00+00:00,8,12,08:12,500.0,0.20573290239867958,London Open,Normal,None,Other,-1.0,1.5
2025-01-07 08:13:00+00:00,102.92272943144626,103.03595575645332,102.8300897109859,102.93302273371962,500,0.2169696788387457,0.22477494433486905,0.9652751977351396,103.07104823242241,0.2825651343488611,103.63617850112014,102.50591796372468,0.01096583916413415,103.8683268913456,102.72059763417133,2025-01-07 08:13:00+00:00,8,13,08:13,500.0,0.20586604546741682,London Open,Normal,None,Other,-1.0,1.5
2025-01-07 08:14:00+00:00,102.8187010608834,102.9318129432386,102.72615497532004,102.82898395927931,500,0.2162481130930912,0.22450306871831785,0.9632300989364913,103.02426931393556,0.23518033547674078,103.49462998488904,102.55390864298208,0.009131065409844341,103.8683268913456,102.72059763417133,2025-01-07 08:14:00+00:00,8,14,08:14,500.0,0.20565796791855462,London Open,Normal,None,Other,-1.0,1.5
2025-01-07 08:15:00+00:00,102.80142212377189,102.9145149973954,102.70889159080718,102.81170329410128,500,0.21548920548560016,0.22424660128214194,0.9609474759194971,102.98110219701104,0.1828563586244234,103.34681491425988,102.6153894797622,0.0071025209372726,103.8683268913456,102.72059763417133,2025-01-07 08:15:00+00:00,8,15,08:15,500.0,0.20562340658821654,London Open,Normal,Downside Stop Hunt,Other,-1.0,1.5
2025-01-07 08:16:00+00:00,102.7627879653444,102.87583833714343,102.6702922065997,102.77306527187156,500,0.2147789858468957,0.22399657343870366,0.9588494259072657,102.94279215082823,0.1333123814893126,103.20941691380685,102.6761673878496,0.005180056950232578,103.8683268913456,102.70889159080718,2025-01-07 08:16:00+00:00,8,16,08:16,500.0,0.2055461305437376,London Open,Squeeze,Downside Stop Hunt,Other,-1.0,1.5
2025-01-07 08:17:00+00:00,102.75319429604912,102.86623411375652,102.66070717247032,102.76347064311344,500,0.21411812552113135,0.223760670104382,0.9569068836862505,102.92046625049973,0.1232167426525205,103.16689973580478,102.67403276519468,0.004788814009164107,103.8683268913456,102.6702922065997,2025-01-07 08:17:00+00:00,8,17,08:17,500.0,0.20552694128619464,London Open,Squeeze,Downside Stop Hunt,Other,-1.0,1.5
2025-01-07 08:18:00+00:00,102.65056610998128,102.7634930253938,102.5581713610074,102.6608321932006,500,0.2134898068686508,0.22353775785411342,0.9550503186489855,102.8933187756905,0.11717450902880287,103.1276677937481,102.6589697576329,0.004555184356886871,103.8683268913456,102.66070717247032,2025-01-07 08:18:00+00:00,8,18,08:18,500.0,0.2053216643864033,London Open,Squeeze,Downside Stop Hunt,Other,-1.0,1.5
2025-01-07 08:19:00+00:00,102.46166350693343,102.5743826087012,102.36943878730524,102.47191069800324,500,0.21905434965627307,0.2234295421156352,0.9804180216370055,102.86091126038966,0.13879845946168137,103.13850817931302,102.58331434146629,0.00539752011763994,103.8683268913456,102.5581713610074,2025-01-07 08:19:00+00:00,8,19,08:19,500.0,0.20494382139595757,London Open,Normal,Downside False Breakout,Other,1.5,-1.0
2025-01-07 08:20:00+00:00,102.51605871190849,102.62883765438582,102.42378503169977,102.5263113430428,500,0.21805422630125743,0.22332522412208486,0.9763976602215523,102.82912096533207,0.13899163879463933,103.10710424292135,102.55113768774278,0.0054067033731233635,103.8683268913456,102.36943878730524,2025-01-07 08:20:00+00:00,8,20,08:20,500.0,0.20505262268605406,London Open,Normal,None,Other,1.5,-1.0
2025-01-07 08:21:00+00:00,102.61597148229572,102.728860339812,102.5236078716006,102.6262341057063,500,0.21713981500912463,0.22322482808011018,0.9727404289060454,102.81243311330556,0.14244504441610298,103.09732320213776,102.52754302447336,0.005541938464158961,103.8683268913456,102.36943878730524,2025-01-07 08:21:00+00:00,8,21,08:21,500.0,0.2052524682113983,London Open,Normal,None,Other,-1.0,-1.0
2025-01-07 08:22:00+00:00,102.4332547326497,102.54594258164047,102.3410555834754,102.44349908255796,500,0.22199972266782342,0.22322329160179635,0.9945186323291225,102.78988766020662,0.1629897780270941,103.11586721626081,102.46390810415242,0.006342638628651614,103.8683268913456,102.36943878730524,2025-01-07 08:22:00+00:00,8,22,08:22,500.0,0.2048869981650796,London Open,Normal,Downside Stop Hunt,Other,1.5,-1.0
2025-01-07 08:23:00+00:00,102.47207672748692,102.58480728494288,102.37984263502292,102.4823249599829,500,0.2207829317572616,0.22310805856006483,0.9895784723429106,102.76681205315973,0.1724425760325919,103.11169720522491,102.42192690109454,0.00671199476124227,103.8683268913456,102.3410555834754,2025-01-07 08:23:00+00:00,8,23,08:23,500.0,0.20496464991995822,London Open,Normal,None,Other,1.5,-1.0
2025-01-07 08:24:00+00:00,102.58415870290244,102.6970125628616,102.49182372657218,102.5944181447169,500,0.22034755112307847,0.2230084551261116,0.9880681474541924,102.75458772185618,0.17569800837071997,103.10598373859763,102.40319170511474,0.006839519763197957,103.8683268913456,102.3410555834754,2025-01-07 08:24:00+00:00,8,24,08:24,500.0,0.2051888362894232,London Open,Normal,None,Other,-1.0,-1.0
2025-01-07 08:25:00+00:00,102.64633441245576,102.75925667253549,102.55394347239056,102.65660007246302,500,0.21927366891035346,0.2229121169869216,0.9836776568014847,102.74331623971868,0.17431749683215275,103.09195123338299,102.39468124605438,0.006786524056725537,103.77872067822372,102.3410555834754,2025-01-07 08:25:00+00:00,8,25,08:25,500.0,0.2053132001449285,London Open,Normal,None,Other,-1.0,-1.0
2025-01-07 08:26:00+00:00,102.6045996960073,102.71747604330764,102.51224632094338,102.61486118212552,500,0.21827052987134718,0.22281885222883155,0.9795873539784088,102.73277098330433,0.17544287469472433,103.08365673269378,102.38188523391489,0.006831038353797982,103.64280546172388,102.3410555834754,2025-01-07 08:26:00+00:00,8,26,08:26,500.0,0.2052297223642654,London Open,Normal,None,Other,-1.0,-1.0
2025-01-07 08:27:00+00:00,102.5088633663816,102.62163439318728,102.41659616263146,102.51911527790938,500,0.21732536563452343,0.2227283571310398,0.9757417889391714,102.71755569443849,0.180295819484015,103.07814733340652,102.35696405547046,0.007021032315852809,103.31319863833288,102.3410555834754,2025-01-07 08:27:00+00:00,8,27,08:27,500.0,0.2050382305558145,London Open,Normal,None,Other,1.5,-1.0
2025-01-07 08:28:00+00:00,102.51818985013338,102.63097113709722,102.42591425170842,102.52844269440284,500,0.21644904561697173,0.2225547470424215,0.9725653956763908,102.69969461399235,0.18045963631667478,103.0606138866257,102.338775341359,0.007028633804412105,103.30698547107455,102.3410555834754,2025-01-07 08:28:00+00:00,8,28,08:28,500.0,0.20505688538879951,London Open,Normal,None,Other,1.5,-1.0
2025-01-07 08:29:00+00:00,102.54462091435713,102.6574312783993,102.45232152559532,102.55487640199732,500,0.2156390961303293,0.22232100702399948,0.9699447614819914,102.67819993327596,0.17001731026106706,103.0182345537981,102.33816531275383,0.006623307006610934,103.265279361439,102.3410555834754,2025-01-07 08:29:00+00:00,8,29,08:29,500.0,0.20510975280397759,London Open,Normal,None,Other,-1.0,-1.0
2025-01-07 08:30:00+00:00,102.55547147950402,102.66829378036157,102.46316232425694,102.56572805230924,500,0.2148885504142075,0.2220768770738067,0.9676313592197617,102.65672005015824,0.15424950485159544,102.96521905986144,102.34822104045504,0.006010303262221207,103.265279361439,102.3410555834754,2025-01-07 08:30:00+00:00,8,30,08:30,500.0,0.20513145610462402,London Open,Normal,None,Other,-1.0,-1.0
2025-01-07 08:31:00+00:00,102.53802472648783,102.65082783399772,102.44573127488884,102.54827955444328,500,0.21418912246382707,0.22184741624046983,0.9654794547242254,102.63850654321486,0.14358954354328335,102.92568563030143,102.35132745612829,0.005595932691511976,103.09832104037838,102.3410555834754,2025-01-07 08:31:00+00:00,8,31,08:31,500.0,0.20509655910888114,London Open,Normal,None,Other,1.5,-1.0
2025-01-07 08:32:00+00:00,102.42809610557936,102.54077827951288,102.33590159963376,102.43833993957332,500,0.21405975334566268,0.22162939853636587,0.9658454824103079,102.617100980226,0.13967728287953962,102.89645554598508,102.33774641446692,0.005444600619012013,103.09832104037838,102.3410555834754,2025-01-07 08:32:00+00:00,8,32,08:32,500.0,0.20487667987912062,London Open,Normal,Downside Stop Hunt,Other,1.5,-1.0
2025-01-07 08:33:00+00:00,102.47242513309928,102.58515607383976,102.38019072703888,102.48267340043932,500,0.2134101528781779,0.22132817898158125,0.9642249525576123,102.59458351356197,0.12113685550633714,102.83685722457464,102.3523098025493,0.00472293375957115,103.09832104037838,102.33590159963376,2025-01-07 08:33:00+00:00,8,33,08:33,500.0,0.20496534680087564,London Open,Squeeze,None,Other,1.5,-1.0
2025-01-07 08:34:00+00:00,102.52171130806768,102.63449646902264,102.4294325400136,102.53196450451811,500,0.21281399403038256,0.22104597095936426,0.9627589822458469,102.57973254082393,0.10842779819168534,102.7965881372073,102.36287694444056,0.004228039808878731,103.09832104037838,102.33590159963376,2025-01-07 08:34:00+00:00,8,34,08:34,500.0,0.20506392900904302,London Open,Squeeze,None,Other,1.5,-1.0
2025-01-07 08:35:00+00:00,102.54332743165013,102.65613637271905,102.4510292071392,102.55358278992912,500,0.21226350628391571,0.22073773905521285,0.9616094972813983,102.5668265156153,0.09372895703638344,102.75428442968807,102.37936860154254,0.0036553322441779277,103.09832104037838,102.33590159963376,2025-01-07 08:35:00+00:00,8,35,08:35,500.0,0.20510716557984665,London Open,Squeeze,None,Other,1.5,-1.0
2025-01-07 08:36:00+00:00,102.55573527323368,102.66855786429332,102.46342588054848,102.56599187242092,500,0.2117541118168385,0.22044949762222682,0.9605561096796458,102.55647284564279,0.08021009674094984,102.71689303912468,102.39605265216089,0.003128426495777502,103.09832104037838,102.33590159963376,2025-01-07 08:36:00+00:00,8,36,08:36,500.0,0.20513198374483466,London Open,Squeeze,None,Other,1.5,-1.0
2025-01-07 08:37:00+00:00,102.72912390360564,102.84213724123336,102.63665844554656,102.73939784338997,500,0.21635348731652407,0.2202535926227356,0.9822926597483842,102.5552692056566,0.07705911074365226,102.70938742714391,102.40115098416929,0.0030055641739529125,103.09832104037838,102.33590159963376,2025-01-07 08:37:00+00:00,8,37,08:37,500.0,0.20547879568680116,London Open,Squeeze,None,Other,1.5,-1.0
2025-01-07 08:38:00+00:00,102.66602869348536,102.7789726194408,102.57362002679456,102.67629632311768,500,0.21556770912578918,0.22006975754586078,0.9795426301629228,102.55604241215246,0.07824256691767124,102.71252754598781,102.39955727831712,0.003051699932149556,103.09832104037838,102.33590159963376,2025-01-07 08:38:00+00:00,8,38,08:38,500.0,0.20535259264623562,London Open,Squeeze,None,Other,1.5,-1.0
2025-01-07 08:39:00+00:00,102.7987008565613,102.91179073649148,102.70617277298204,102.80898175473676,500,0.21699104514350426,0.21993302261784464,0.9866233026795055,102.57289596498913,0.09390235889538806,102.76070068277991,102.38509124719835,0.003661878043394346,103.09832104037838,102.33590159963376,2025-01-07 08:39:00+00:00,8,39,08:39,500.0,0.2056179635094395,London Open,Squeeze,None,Other,1.5,-1.0
2025-01-07 08:40:00+00:00,102.72429901936243,102.8373070490867,102.6318379041335,102.73457247661013,500,0.21616805227276814,0.21974665442051483,0.983714873124309,102.58330902166752,0.099825094286398,102.7829592102403,102.38365883309473,0.0038924497654997583,103.09832104037838,102.33590159963376,2025-01-07 08:40:00+00:00,8,40,08:40,500.0,0.20546914495319868,London Open,Squeeze,None,Other,1.5,-1.0
2025-01-07 08:41:00+00:00,102.8393067645983,102.95244131549444,102.74674213204692,102.84959172377069,500,0.21628953703073572,0.21958610773463777,0.9849873439722069,102.59447690257073,0.11605475632754127,102.82658641522582,102.36236738991565,0.004524795479497587,103.03595575645332,102.33590159963376,2025-01-07 08:41:00+00:00,8,41,08:41,500.0,0.20569918344752125,London Open,Squeeze,None,Other,1.5,-1.0
2025-01-07 08:42:00+00:00,102.96725334733335,103.08052865354604,102.87457355134116,102.9775511024436,500,0.217335779369637,0.21946528051447192,0.9902968654547866,102.621179503565,0.13871522994092061,102.89860996344684,102.34374904368316,0.005406885035309968,103.03595575645332,102.33590159963376,2025-01-07 08:42:00+00:00,8,42,08:42,500.0,0.20595510220488222,London Open,Normal,Range Raid,Other,1.5,-1.0
2025-01-07 08:43:00+00:00,102.93811246673762,103.05135571477582,102.8454589001609,102.94840730746836,500,0.21651871045858556,0.21935148432404672,0.9870856863622754,102.64448362093928,0.15261444350761486,102.94971250795452,102.33925473392405,0.0059473023049621794,103.08052865354604,102.33590159963376,2025-01-07 08:43:00+00:00,8,43,08:43,500.0,0.20589681461491693,London Open,Normal,None,Other,1.5,-1.0
2025-01-07 08:44:00+00:00,103.1102620372552,103.22369466875932,103.01745352057,103.12057409466466,500,0.22071647123232685,0.21932702635957912,1.0063350372081814,102.67079141843665,0.18536532663547278,103.04152207170759,102.30006076516571,0.0072217355715126445,103.08052865354604,102.33590159963376,2025-01-07 08:44:00+00:00,8,44,08:44,500.0,0.2062411481893207,London Open,Normal,Range Raid,Other,1.5,-1.0
2025-01-07 08:45:00+00:00,103.1596673855855,103.2731543684079,103.06681439963988,103.16998438402388,500,0.2196895781991621,0.21930333894771137,1.0017612100814517,102.69646063401471,0.2162673579377328,103.12899534989018,102.26392591813925,0.00842355643427501,103.22369466875932,102.33590159963376,2025-01-07 08:45:00+00:00,8,45,08:45,500.0,0.2063399687680203,London Open,Normal,Range Raid,Other,-1.0,-1.0
2025-01-07 08:46:00+00:00,103.07023863417592,103.18362723553363,102.97746614215596,103.0805466888448,500,0.21872325785477006,0.219280024509039,0.997460933089936,102.71974490935068,0.23154859777339584,103.18284210489747,102.25664771380389,0.009016712336181785,103.2731543684079,102.33590159963376,2025-01-07 08:46:00+00:00,8,46,08:46,500.0,0.2061610933776734,London Open,Normal,None,Other,1.5,-1.0
2025-01-07 08:47:00+00:00,103.032711760336,103.14605907800411,102.93997304588024,103.0430160619422,500,0.21782059887399205,0.2192131835643462,0.9936473497272788,102.74593994855232,0.23722171474621243,103.22038337804474,102.2714965190599,0.009235273524773657,103.2731543684079,102.33590159963376,2025-01-07 08:47:00+00:00,8,47,08:47,500.0,0.20608603212387777,London Open,Normal,None,Other,1.5,-1.0
2025-01-07 08:48:00+00:00,103.1505209607678,103.26399788151672,103.0576762074278,103.16083704447226,500,0.2180464003526011,0.21916773073251022,0.9948836885057787,102.77755966605578,0.24857987289226002,103.2747194118403,102.28039992027126,0.009674480448842789,103.2731543684079,102.33590159963376,2025-01-07 08:48:00+00:00,8,48,08:48,500.0,0.20632167408891178,London Open,Normal,None,Other,1.5,-1.0
2025-01-07 08:49:00+00:00,103.24681198674924,103.3603948382198,103.15388056281876,103.25713770051928,500,0.2172226771417759,0.21912494153537254,0.9913188139137983,102.81267273098187,0.2645548216406744,103.34178237426322,102.28356308770053,0.010292693093696828,103.2731543684079,102.33590159963376,2025-01-07 08:49:00+00:00,8,49,08:49,500.0,0.20651427540104805,London Open,Normal,Range Raid,Other,-1.0,-1.0
2025-01-07 08:50:00+00:00,103.13866183923474,103.25212571364534,103.04582776017152,103.14897673690844,500,0.21680033879934624,0.21909019810933683,0.9895483260787056,102.84183516521185,0.26802450576159303,103.37788417673504,102.30578615368866,0.01042472668174475,103.3603948382198,102.33590159963376,2025-01-07 08:50:00+00:00,8,50,08:50,500.0,0.20629795347382185,London Open,Normal,None,Other,1.5,-1.0
2025-01-07 08:51:00+00:00,103.1253312745775,103.23878048390048,103.03250919422236,103.1356448390614,500,0.21604826386211634,0.2190567198245325,0.9862663151131543,102.87120342944274,0.2663401966857103,103.40388382281417,102.33852303607132,0.010356258614915034,103.3603948382198,102.33590159963376,2025-01-07 08:51:00+00:00,8,51,08:51,500.0,0.2062712896781278,London Open,Normal,None,Other,1.5,-1.0
2025-01-07 08:52:00+00:00,103.14735325392678,103.26082668984968,103.05451135180805,103.15766902082886,500,0.21535305487493903,0.2190243484312947,0.9832379660861892,102.90716988350553,0.2530472105806199,103.41326430466677,102.4010754623443,0.009835940911292244,103.3603948382198,102.33590159963376,2025-01-07 08:52:00+00:00,8,52,08:52,500.0,0.20631533804163382,London Open,Normal,None,Other,1.5,-1.0
2025-01-07 08:53:00+00:00,103.09603942565364,103.20945641072036,103.00324371059904,103.10635006065972,500,0.2147001723925382,0.2189929550561557,0.9803976220946617,102.93835371651653,0.23582461981201666,103.41000295614056,102.4667044768925,0.009163722220056292,103.3603948382198,102.33590159963376,2025-01-07 08:53:00+00:00,8,53,08:53,500.0,0.20621270012132698,London Open,Normal,None,Other,1.5,-1.0
2025-01-07 08:54:00+00:00,103.34043943023316,103.4541252821916,103.24742373317623,103.35077450768392,500,0.22420553304534804,0.21913076370409076,1.0231586348510615,102.97929421667484,0.2326130739383584,103.44452036455156,102.51406806879812,0.00903533378074733,103.3603948382198,102.33590159963376,2025-01-07 08:54:00+00:00,8,54,08:54,500.0,0.20670154901536364,London Open,Normal,Upside Sweep,Other,1.5,-1.0
2025-01-07 08:55:00+00:00,103.36562281656435,103.4793363730182,103.27258445219302,103.37596041260562,500,0.22295884645819344,0.21925801676950665,1.0168788797017043,103.02041309780866,0.22599098789576919,103.4723950736002,102.56843112201712,0.008774610044757316,103.4541252821916,102.33590159963376,2025-01-07 08:55:00+00:00,8,55,08:55,500.0,0.2067519208251838,London Open,Normal,Upside Sweep,Other,1.5,-1.0
2025-01-07 08:56:00+00:00,103.36026735592247,103.47397502078046,103.26723381194772,103.3706044163641,500,0.22180044377066097,0.21933739759879098,1.011229485709388,103.06064372500582,0.2120243094065069,103.48469234381884,102.6365951061928,0.008229108677886706,103.4793363730182,102.33590159963376,2025-01-07 08:56:00+00:00,8,56,08:56,500.0,0.20674120883273872,London Open,Normal,None,Other,1.5,-1.0
2025-01-07 08:57:00+00:00,103.48446219573862,103.5983064885832,103.3913168652294,103.49481167690632,500,0.22222198865983536,0.21916731615184581,1.0139376279347838,103.09841441668163,0.21895712615840646,103.53632866899845,102.66050016436482,0.008495072495430342,103.4793363730182,102.33590159963376,2025-01-07 08:57:00+00:00,8,57,08:57,500.0,0.206989623353806,London Open,Normal,Upside False Breakout,Other,-1.0,-1.0
2025-01-07 08:58:00+00:00,103.44770964200988,103.5615135030022,103.35459739210708,103.45805544755464,500,0.22112871167664155,0.2190099887933924,1.0096740924691243,103.13750237290348,0.2091968172441256,103.55589600739174,102.71910873841523,0.008113317171003654,103.5983064885832,102.33590159963376,2025-01-07 08:58:00+00:00,8,58,08:58,500.0,0.20691611089512207,London Open,Normal,None,Other,-1.0,-1.0
2025-01-07 08:59:00+00:00,103.5530137586288,103.666933465734,103.45980672554272,103.56337009563836,500,0.2202536621411216,0.21886703945598487,1.0063354568535459,103.17522178994857,0.2147808296378282,103.60478344922423,102.7456601306729,0.008326837622897388,103.5983064885832,102.33590159963376,2025-01-07 08:59:00+00:00,8,59,08:59,500.0,0.20712674019128485,London Open,Normal,Upside Sweep,Other,-1.0,1.5
2025-01-07 09:00:00+00:00,103.38149278028143,103.49522379544123,103.2884401315143,103.39183196347778,500,0.22415911228275975,0.21881597427319652,1.0244184092469053,103.20808476429195,0.19298676517137398,103.5940582946347,102.8221112339492,0.007479521225962954,103.666933465734,102.33590159963376,2025-01-07 09:00:00+00:00,9,0,09:00,500.0,0.20678366392692737,London Open,Normal,None,Other,-1.0,-1.0
2025-01-07 09:01:00+00:00,103.33563733543151,103.4493179045574,103.24262596069217,103.34597193262478,500,0.2229114573957939,0.21865142071627475,1.0194832334752906,103.23290377473465,0.1755907149859494,103.58408520470655,102.88172234476275,0.006803672417046756,103.666933465734,102.33590159963376,2025-01-07 09:01:00+00:00,9,1,09:01,500.0,0.2066919438652377,London Open,Normal,None,Other,1.5,-1.0
2025-01-07 09:02:00+00:00,103.4451350247448,103.55893605337486,103.35202509222928,103.45548057280207,500,0.22220093334967198,0.21850716301396772,1.016904573217438,103.25680024825257,0.1714833887084855,103.59976702566955,102.9138334708356,0.006642986739709278,103.666933465734,102.33590159963376,2025-01-07 09:02:00+00:00,9,2,09:02,500.0,0.2069109611455815,London Open,Normal,None,Other,-1.0,-1.0
2025-01-07 09:03:00+00:00,103.60872801190838,103.72270901082136,103.51547083097958,103.61908992090048,500,0.22541718368321595,0.21844623415208433,1.0319115115817394,103.2903343789242,0.17356651114645028,103.6374674012171,102.9432013566313,0.006721500600809839,103.666933465734,102.38019072703888,2025-01-07 09:03:00+00:00,9,3,09:03,500.0,0.20723817984178083,London Open,Normal,Upside Sweep,Other,-1.0,1.5
2025-01-07 09:04:00+00:00,103.52967408858548,103.643568119486,103.43648806330324,103.54002809139462,500,0.22410738886175488,0.2183888345199532,1.0261851955681334,103.31130707876068,0.17727656882101034,103.66586021640269,102.95675394111866,0.006863781858295845,103.72270901082136,102.4294325400136,2025-01-07 09:04:00+00:00,9,4,09:04,500.0,0.20708005618276104,London Open,Normal,None,Other,-1.0,1.5
2025-01-07 09:05:00+00:00,103.43862650002406,103.55242036856092,103.3455224257666,103.44897139716376,500,0.22287814271408052,0.21833688472269325,1.0207993166026668,103.32525642941766,0.17654585330201938,103.6783481360217,102.97216472281363,0.006834567245332374,103.72270901082136,102.4510292071392,2025-01-07 09:05:00+00:00,9,5,09:05,500.0,0.2068979427943134,London Open,Normal,None,Other,-1.0,1.5
2025-01-07 09:06:00+00:00,103.49837401449318,103.61223361186885,103.4052161620949,103.50872488698188,500,0.22174523607549929,0.21829027171708656,1.015827385852955,103.34666533932452,0.17118954059389127,103.6890444205123,103.00428625813673,0.0066258370323538165,103.72270901082136,102.46342588054848,2025-01-07 09:06:00+00:00,9,6,09:06,500.0,0.20701744977394299,London Open,Normal,None,Other,-1.0,1.5
2025-01-07 09:07:00+00:00,103.43494544707072,103.5487352660444,103.34184468609229,103.44528997606834,500,0.22068418920954336,0.21824846885216803,1.0111603090284458,103.36677903503085,0.15664980010482682,103.6800786352405,103.05347943482118,0.0060619011859406715,103.72270901082136,102.57362002679456,2025-01-07 09:07:00+00:00,9,7,09:07,500.0,0.20689057995211613,London Open,Normal,None,Other,-1.0,1.5
2025-01-07 09:08:00+00:00,103.40820291191744,103.52196331116046,103.31512622162768,103.41854476639408,500,0.21969511066120334,0.2182109206691796,1.0068016302184704,103.37966442112693,0.14924211370438487,103.6781486485357,103.08118019371817,0.005774524981873805,103.72270901082136,102.57362002679456,2025-01-07 09:08:00+00:00,9,8,09:08,500.0,0.20683708953278312,London Open,Normal,None,Other,-1.0,1.5
2025-01-07 09:09:00+00:00,103.49990509921308,103.61376638095038,103.40674586870074,103.51025612482556,500,0.21878978220323467,0.21817730565666293,1.0028072422323133,103.39232034234223,0.14903706895511212,103.69039448025245,103.09424620443201,0.005765885453063957,103.72270901082136,102.6318379041335,2025-01-07 09:09:00+00:00,9,9,09:09,500.0,0.2070205122496418,London Open,Normal,None,Other,-1.0,1.5
2025-01-07 09:10:00+00:00,103.44464033393236,103.5584408183481,103.35153084668308,103.4549858325156,500,0.21794122430764842,0.21814718614532091,0.9990558583802438,103.4076207971226,0.13804226766030742,103.68370533244322,103.13153626180198,0.005339732858998396,103.72270901082136,102.6318379041335,2025-01-07 09:10:00+00:00,9,10,09:10,500.0,0.20690997166502711,London Open,Normal,None,Other,-1.0,1.5
2025-01-07 09:11:00+00:00,103.24255966163145,103.35613783507657,103.14963206517632,103.25288495012646,500,0.22418497738133666,0.2182377045371137,1.0272513535497325,103.41348280267584,0.12800959749284685,103.66950199766154,103.15746360769015,0.004951369744972414,103.72270901082136,102.74674213204692,2025-01-07 09:11:00+00:00,9,11,09:11,500.0,0.2065057699002466,London Open,Squeeze,None,Other,-1.0,1.5
2025-01-07 09:12:00+00:00,103.1093508102014,103.2227824392555,103.01654311370255,103.11966277647905,500,0.22505332445580575,0.21835819653666552,1.0306612164110636,103.41158249045836,0.13221990793576513,103.67602230632988,103.14714267458683,0.005114317168406657,103.72270901082136,102.8454589001609,2025-01-07 09:12:00+00:00,9,12,09:12,500.0,0.2062393255529429,London Open,Squeeze,None,Other,-1.0,1.5
2025-01-07 09:13:00+00:00,103.11140843822056,103.22484233089185,103.0185988896713,103.12172061028156,500,0.22370976136757323,0.2184705312454793,1.023981404229786,103.41235101793946,0.13038429791750336,103.67311961377446,103.15158242210445,0.005043277582767002,103.72270901082136,102.8454589001609,2025-01-07 09:13:00+00:00,9,13,09:13,500.0,0.2062434412205505,London Open,Squeeze,None,Other,-1.0,1.5
2025-01-07 09:14:00+00:00,102.92047636057288,103.03370020695417,102.82783866807912,102.93076943751664,500,0.2287220599986346,0.21867843036057172,1.045928762253791,103.39135076443108,0.16894567435226765,103.72924211313561,103.05345941572655,0.006536162768090522,103.72270901082136,102.93997304588024,2025-01-07 09:14:00+00:00,9,14,09:14,500.0,0.2058615388750411,London Open,Normal,None,Other,-1.0,-1.0
2025-01-07 09:15:00+00:00,102.89092591669473,103.00411725433683,102.79831482226024,102.90121603829854,500,0.22708494371848892,0.2188716926644532,1.037525414794627,103.36761354571573,0.2014469046606269,103.77050735503698,102.96471973639447,0.007795358633157778,103.72270901082136,102.82783866807912,2025-01-07 09:15:00+00:00,9,15,09:15,500.0,0.2058024320765952,London Open,Normal,Range Raid,Other,-1.0,-1.0
2025-01-07 09:16:00+00:00,102.74881895182364,102.86185395617106,102.65633576644844,102.75909486130976,500,0.2283560385850331,0.21909797687675547,1.0422553500504723,103.33703806796302,0.2430751562050044,103.82318838037303,102.85088775555302,0.009409023550496408,103.72270901082136,102.79831482226024,2025-01-07 09:16:00+00:00,9,16,09:16,500.0,0.2055181897226248,London Open,Normal,Range Raid,Other,1.5,-1.0
2025-01-07 09:17:00+00:00,102.91848816956109,103.03170982871347,102.82585226661816,102.92878104766584,500,0.23151739064351012,0.21938796462879515,1.0552875634506114,103.30873653650099,0.2563290287890588,103.82139459407911,102.79607847892287,0.009924776447091478,103.72270901082136,102.65633576644844,2025-01-07 09:17:00+00:00,9,17,09:17,500.0,0.2058575620953178,London Open,Normal,None,Other,-1.0,-1.0
2025-01-07 09:18:00+00:00,103.14259419989531,103.25606240033524,103.04975658135356,103.1529094908444,500,0.23835767364535956,0.2198024290750736,1.0844178321794087,103.29347923866548,0.2560547923696681,103.80558882340482,102.78136965392615,0.009915622719147187,103.72270901082136,102.65633576644844,2025-01-07 09:18:00+00:00,9,18,09:18,500.0,0.20630581898167577,London Open,Normal,None,Other,-1.0,1.5
2025-01-07 09:19:00+00:00,103.03453707400378,103.14788639971772,102.94179671660144,103.0448415581596,500,0.23641160940233022,0.2200917167375079,1.0741504174111478,103.26755281179155,0.25352806410575135,103.77460894000305,102.76049668358004,0.00982024100320511,103.72270901082136,102.65633576644844,2025-01-07 09:19:00+00:00,9,19,09:19,500.0,0.20608968311627507,London Open,Normal,None,Other,-1.0,1.5
2025-01-07 09:20:00+00:00,103.06202609741672,103.17540566408056,102.96926099741908,103.0723333307498,500,0.23424968492084042,0.2203616410478343,1.0630238720630667,103.25157788015515,0.25534439858785923,103.76226667733087,102.74088908297944,0.009892125770096755,103.72270901082136,102.65633576644844,2025-01-07 09:20:00+00:00,9,20,09:20,500.0,0.2061446666614728,London Open,Normal,None,Other,-1.0,1.5
2025-01-07 09:21:00+00:00,102.96412209472084,103.07739395621115,102.87144511713782,102.9744195366745,500,0.23222819593173247,0.22061311406321107,1.0526490998408797,103.23300026035763,0.26155591401682193,103.75611208839128,102.70988843232398,0.010134585388671076,103.72270901082136,102.65633576644844,2025-01-07 09:21:00+00:00,9,21,09:21,500.0,0.20594883907332928,London Open,Normal,None,Other,-1.0,-1.0
2025-01-07 09:22:00+00:00,102.93330793833498,103.04654590086338,102.84065869626626,102.94360229856484,500,0.23034669655068862,0.22075223029459218,1.0434626016837643,103.20740634664575,0.2636755531718506,103.73475745298946,102.68005524030205,0.010219249276984475,103.72270901082136,102.65633576644844,2025-01-07 09:22:00+00:00,9,22,09:22,500.0,0.2058872045971185,London Open,Normal,None,Other,-1.0,-1.0
2025-01-07 09:23:00+00:00,103.1201436943592,103.2335871967732,103.02732628329316,103.13045674003318,500,0.23460656809766514,0.2209826242335989,1.0616516520758867,103.18297468760241,0.24553603089050408,103.67404674938342,102.6919026258214,0.009518470721895449,103.72270901082136,102.65633576644844,2025-01-07 09:23:00+00:00,9,23,09:23,500.0,0.20626091348003683,London Open,Normal,None,Other,-1.0,1.5
2025-01-07 09:24:00+00:00,103.0730606576542,103.1864523635482,102.98028562555912,103.08336899455368,500,0.2325751516613376,0.22118641757590318,1.0514893012430395,103.16014173276035,0.23141193519187025,103.6229656031441,102.69731786237661,0.008972920405299636,103.72270901082136,102.65633576644844,2025-01-07 09:24:00+00:00,9,24,09:24,500.0,0.20616673798907925,London Open,Normal,None,Other,-1.0,1.5
2025-01-07 09:25:00+00:00,103.0446125581165,103.1579729679714,102.95186313187156,103.05491804992148,500,0.23068477197837362,0.22137660262703687,1.0420467621278777,103.14043906539823,0.2221146855974433,103.58466843659312,102.69620969420333,0.008614067871346196,103.72270901082136,102.65633576644844,2025-01-07 09:25:00+00:00,9,25,09:25,500.0,0.20610983609984146,London Open,Normal,None,Other,-1.0,1.5
2025-01-07 09:26:00+00:00,102.94856523150776,103.06181997873716,102.85590225650192,102.95886111761952,500,0.22891569699672135,0.22155402207912644,1.0332274487662685,103.11294587693013,0.20769186869270448,103.52832961431554,102.69756213954471,0.008056868783114597,103.72270901082136,102.65633576644844,2025-01-07 09:26:00+00:00,9,26,09:26,500.0,0.20591772223524174,London Open,Normal,None,Other,-1.0,1.5
2025-01-07 09:27:00+00:00,103.06766210507725,103.1810478719695,102.97489193216536,103.07796990206744,500,0.2284350582362396,0.22173918362248837,1.0301970743481719,103.09457987323007,0.19243684553199766,103.47945356429408,102.70970618216607,0.007466419505996535,103.72270901082136,102.65633576644844,2025-01-07 09:27:00+00:00,9,27,09:27,500.0,0.20615593980413394,London Open,Normal,None,Other,-1.0,1.5
2025-01-07 09:28:00+00:00,102.73290034174543,102.84591783387054,102.64043148455214,102.74317465921136,500,0.24337101247045811,0.2221878830700465,1.095338814645142,103.06081136787093,0.1918515029090835,103.44451437368909,102.67710836205276,0.007446147584624614,103.72270901082136,102.65633576644844,2025-01-07 09:28:00+00:00,9,28,09:28,500.0,0.20548634931840581,London Open,Normal,Downside Stop Hunt,Other,-1.0,-1.0
2025-01-07 09:29:00+00:00,102.6884474378871,102.80141602692768,102.59601859230844,102.69871730961806,500,0.2406586140525142,0.22260487503541623,1.0811021726915264,103.02023442711057,0.17703920755760671,103.37431284222578,102.66615601199535,0.006873958637042909,103.72270901082136,102.64043148455214,2025-01-07 09:29:00+00:00,9,29,09:29,500.0,0.2053974346192433,London Open,Normal,Downside Stop Hunt,Other,-1.0,-1.0
2025-01-07 09:30:00+00:00,102.68476241671662,102.79772695182852,102.59233688798872,102.69503191990862,500,0.23813943189446324,0.2229923897267538,1.0679262740144182,102.98223673148023,0.1595035270958925,103.30124378567201,102.66322967728844,0.006195380180439802,103.72270901082136,102.59601859230844,2025-01-07 09:30:00+00:00,9,30,09:30,500.0,0.20539006383980052,London Open,Normal,Downside Stop Hunt,Other,-1.0,-1.0
2025-01-07 09:31:00+00:00,102.61792845518548,102.73081946558725,102.5255630830386,102.62819127431293,500,0.2357906426554759,0.2233524150632813,1.0556887982996312,102.95100204768956,0.16479201341453611,103.28058607451862,102.62141802086049,0.0064027356756837725,103.72270901082136,102.59233688798872,2025-01-07 09:31:00+00:00,9,31,09:31,500.0,0.2052563825486402,London Open,Normal,Downside Stop Hunt,Other,1.5,-1.0
2025-01-07 09:32:00+00:00,102.70760904993772,102.82059871885954,102.6151629571835,102.71788083802151,500,0.2336224368712307,0.22367845978870746,1.0444565698991157,102.93091295076667,0.16761474729066983,103.26614244534801,102.59568345618533,0.006513679612298519,103.72270901082136,102.5255630830386,2025-01-07 09:32:00+00:00,9,32,09:32,500.0,0.20543576167604272,London Open,Normal,None,Other,-1.0,-1.0
2025-01-07 09:33:00+00:00,102.83216894412443,102.94529564263284,102.73961073625397,102.8424531894434,500,0.23317903456695194,0.22400794115018702,1.040940929904874,102.91694957972477,0.16243499404276893,103.24181956781031,102.59207959163923,0.006313245571544604,103.72270901082136,102.5255630830386,2025-01-07 09:33:00+00:00,9,33,09:33,500.0,0.20568490637887749,London Open,Normal,None,Other,-1.0,1.5
2025-01-07 09:34:00+00:00,102.6880952022098,102.80106340375238,102.59566667367496,102.69836503871367,500,0.234150997509916,0.22436355787484588,1.0436231254655435,102.9053293597846,0.16955127176328094,103.24443190331117,102.56622681625804,0.006590573017670859,103.643568119486,102.5255630830386,2025-01-07 09:34:00+00:00,9,34,09:34,500.0,0.20539673007742465,London Open,Normal,None,Other,-1.0,-1.0
2025-01-07 09:35:00+00:00,102.904325579096,103.01753165784088,102.8117024237593,102.9146170408001,500,0.24022354191115072,0.22482955846863317,1.0684695711158692,102.9059994099097,0.1695606402372978,103.2451206903843,102.5668781294351,0.006590894261155071,103.61376638095038,102.5255630830386,2025-01-07 09:35:00+00:00,9,35,09:35,500.0,0.20582923408157683,London Open,Normal,None,Other,-1.0,1.5
2025-01-07 09:36:00+00:00,102.75899784994364,102.8720440521988,102.66650550264396,102.76927477742136,500,0.2407869702143641,0.22531343944192525,1.0686755783887767,102.90650840571527,0.16911112833859146,103.24473066239246,102.56828614903809,0.006573389028878956,103.61376638095038,102.5255630830386,2025-01-07 09:36:00+00:00,9,36,09:36,500.0,0.20553854955484496,London Open,Normal,None,Other,-1.0,-1.0
2025-01-07 09:37:00+00:00,102.89253052341697,103.005723626303,102.79991798469202,102.90282080549753,500,0.24047710440488357,0.22571549972673124,1.065399162645117,102.90521039360685,0.16903078697125637,103.24327196754936,102.56714881966434,0.006570349016331512,103.61376638095038,102.5255630830386,2025-01-07 09:37:00+00:00,9,37,09:37,500.0,0.20580564161097925,London Open,Normal,None,Other,-1.0,1.5
2025-01-07 09:38:00+00:00,102.9089769140264,103.02218810975138,102.81634957206958,102.91926884091048,500,0.2380029210675204,0.2260894199257601,1.0526937578311815,102.89352836111016,0.15877327951012524,103.2110749201304,102.57598180208991,0.006172332975224593,103.61376638095038,102.5255630830386,2025-01-07 09:38:00+00:00,9,38,09:38,500.0,0.2058385376817995,London Open,Normal,None,Other,-1.0,1.5
2025-01-07 09:39:00+00:00,102.8581831787142,102.9713384957425,102.76560155569108,102.8684700257168,500,0.2356982081377992,0.22640120597566502,1.0410642784435233,102.88470978448802,0.15477437264751528,103.19425852978306,102.57516103919299,0.006017390649075886,103.61376638095038,102.5255630830386,2025-01-07 09:39:00+00:00,9,39,09:39,500.0,0.2057369400514233,London Open,Normal,None,Other,-1.0,1.5
2025-01-07 09:40:00+00:00,102.81711322344296,102.93022335900228,102.72456856707622,102.82739596303924,500,0.23355224983696105,0.2266909426017349,1.0302672314847645,102.87246291610249,0.14871901896785056,103.1699009540382,102.57502487816679,0.00578265610648947,103.5584408183481,102.5255630830386,2025-01-07 09:40:00+00:00,9,40,09:40,500.0,0.20565479192606517,London Open,Normal,None,Other,-1.0,1.5
2025-01-07 09:41:00+00:00,102.8146957346045,102.92780321066016,102.7221532541953,102.82497823242774,500,0.2315592288818105,0.2269454374659195,1.0203299588985297,102.86499085089015,0.14707187519372134,103.1591346012776,102.5708471005027,0.00571902545179496,103.35613783507657,102.5255630830386,2025-01-07 09:41:00+00:00,9,41,09:41,500.0,0.2056499564648533,London Open,Normal,None,Other,-1.0,1.5
2025-01-07 09:42:00+00:00,102.83715475325111,102.95028693669803,102.74459205770366,102.84743949720084,500,0.22971177531842255,0.2271517040650659,1.011270314981319,102.86018271082193,0.14593410897414694,103.15205092877022,102.56831449287364,0.005675047627882231,103.25606240033524,102.5255630830386,2025-01-07 09:42:00+00:00,9,42,09:42,500.0,0.20569487899437888,London Open,Normal,None,Other,-1.0,1.5
2025-01-07 09:43:00+00:00,102.74359965061996,102.85662891316188,102.65112116308563,102.75387503812377,500,0.22798291637255313,0.22734277416363202,1.0028157578848773,102.84135362572647,0.13294262723314312,103.10723888019275,102.57546837126019,0.005170784807713198,103.25606240033524,102.5255630830386,2025-01-07 09:43:00+00:00,9,43,09:43,500.0,0.20550775007625077,London Open,Squeeze,None,Other,-1.0,1.5
2025-01-07 09:44:00+00:00,102.72059382931994,102.83359778292754,102.62813604909552,102.73086691601154,500,0.2263742604768011,0.2274370706510399,0.9953270143200644,102.82372852179938,0.12209230526288047,103.06791313232515,102.57954391127362,0.004749577048725577,103.25606240033524,102.5255630830386,2025-01-07 09:44:00+00:00,9,44,09:44,500.0,0.20546173383202415,London Open,Squeeze,None,Other,-1.0,1.5
2025-01-07 09:45:00+00:00,102.6424867759616,102.75540480321786,102.55009929911552,102.6527520511667,500,0.22486934930719682,0.22752340016950717,0.9883350421963936,102.80362022186162,0.1149190951456349,103.0334584121529,102.57378203157035,0.004471402656740275,103.25606240033524,102.5255630830386,2025-01-07 09:45:00+00:00,9,45,09:45,500.0,0.20530550410234127,London Open,Squeeze,None,Other,-1.0,1.5
2025-01-07 09:46:00+00:00,102.51887199174205,102.63165402913668,102.4265957793282,102.52912490423245,500,0.2249612723451474,0.22762736707768014,0.9882874596022415,102.78213341119229,0.12416793661528819,103.03046928442286,102.53379753796172,0.0048322770697330365,103.25606240033524,102.5255630830386,2025-01-07 09:46:00+00:00,9,46,09:46,500.0,0.20505824980848786,London Open,Squeeze,Downside Stop Hunt,Other,-1.0,1.5
2025-01-07 09:47:00+00:00,102.4361407061212,102.54883173000032,102.34393895931102,102.44638534465568,500,0.22352780794115817,0.22772248722879954,0.9815798635493259,102.7505541833217,0.12527830815187047,103.00111079962544,102.49999756701796,0.004876988125177626,103.25606240033524,102.4265957793282,2025-01-07 09:47:00+00:00,9,47,09:47,500.0,0.20489277068929823,London Open,Squeeze,Downside Stop Hunt,Other,-1.0,-1.0
2025-01-07 09:48:00+00:00,102.3194326390019,102.431995271168,102.22733593995687,102.32966560556244,500,0.223207921995276,0.22780851258951082,0.979805010173063,102.72987873063923,0.15673337837067822,103.04334548738059,102.41641197389787,0.006102737793807428,103.25606240033524,102.34393895931102,2025-01-07 09:48:00+00:00,9,48,09:48,500.0,0.20465933121113267,London Open,Normal,Downside False Breakout,Other,1.5,-1.0
2025-01-07 09:49:00+00:00,102.27747442630692,102.38999089982318,102.18541549342994,102.28770319662657,500,0.22187702802370146,0.22788608510420957,0.9736313119874772,102.70932802498967,0.18536496357183607,103.08005795213334,102.338598097846,0.007219011832176931,103.2335871967732,102.22733593995687,2025-01-07 09:49:00+00:00,9,49,09:49,500.0,0.20457540639323213,London Open,Normal,Downside Stop Hunt,Other,1.5,-1.0
2025-01-07 09:50:00+00:00,102.32273965576076,102.43530592600912,102.23063998010302,102.33297295305609,500,0.2206476650153014,0.22795020720780884,0.9679643099168138,102.69122507664704,0.2036156921177991,103.09845646088264,102.28399369241144,0.007931181733038051,103.2335871967732,102.18541549342994,2025-01-07 09:50:00+00:00,9,50,09:50,500.0,0.20466594590610043,London Open,Normal,None,Other,1.5,-1.0
2025-01-07 09:51:00+00:00,102.3361151714418,102.44869615622883,102.244003456616,102.34634980642244,500,0.21950802462941094,0.22800786988726374,0.9627212636912249,102.67713300325252,0.21748824681859957,103.11210949688972,102.24215650961533,0.008472704309408701,103.2335871967732,102.18541549342994,2025-01-07 09:51:00+00:00,9,51,09:51,500.0,0.20469269961283487,London Open,Normal,None,Other,1.5,-1.0
2025-01-07 09:52:00+00:00,102.53938692096254,102.6521915270362,102.44709224326591,102.54964188515106,500,0.22567471719972132,0.2281798975926768,0.9890210293746934,102.66872105560898,0.2190770105493583,103.1068750767077,102.23056703451027,0.00853529714977927,103.2335871967732,102.18541549342994,2025-01-07 09:52:00+00:00,9,52,09:52,500.0,0.20509928377028075,London Open,Normal,None,Other,-1.0,-1.0
2025-01-07 09:53:00+00:00,102.3140018835225,102.42655854126014,102.22191007264624,102.3242343069532,500,0.23296450972151428,0.22848430321482638,1.0196083776594294,102.64281011148448,0.22791511804525652,103.09864034757499,102.18697987539397,0.008881873666463544,103.2335871967732,102.18541549342994,2025-01-07 09:53:00+00:00,9,53,09:53,500.0,0.20464846861389674,London Open,Normal,None,Other,1.5,-1.0
2025-01-07 09:54:00+00:00,102.3630569321505,102.47566755583824,102.27092096731508,102.37329426157666,500,0.23094894392163218,0.22859669339609778,1.0102899586629566,102.62655657262762,0.23521877974422017,103.09699413211607,102.15611901313918,0.00916794980167774,103.1864523635482,102.18541549342994,2025-01-07 09:54:00+00:00,9,54,09:54,500.0,0.20474658852316452,London Open,Normal,None,Other,1.5,-1.0
2025-01-07 09:55:00+00:00,102.36473777176128,102.47735024455748,102.27260029401891,102.3749752692882,500,0.22907758725141344,0.2286986724093181,1.0016568300904571,102.59957448405203,0.23135564663080335,103.06228577731363,102.13686319079042,0.009019750726812792,103.1810478719695,102.18541549342994,2025-01-07 09:55:00+00:00,9,55,09:55,500.0,0.20474995053857015,London Open,Normal,None,Other,1.5,-1.0
2025-01-07 09:56:00+00:00,102.4492922020832,102.56199769405468,102.35707861774289,102.45953815589878,500,0.22735197932715506,0.22879119800192632,0.9937094665907595,102.58408765297591,0.22975941813680173,103.04360648924951,102.12456881670231,0.008958871629839408,103.1810478719695,102.18541549342994,2025-01-07 09:56:00+00:00,9,56,09:56,500.0,0.2049190763117963,London Open,Normal,None,Other,-1.0,-1.0
2025-01-07 09:57:00+00:00,102.52374508851554,102.63653248685272,102.431464489876,102.53399848836438,500,0.2257602663021232,0.22885016929596447,0.9864981397944906,102.56564653711925,0.21729376441789755,103.00023406595504,102.13105900828346,0.008474329241975017,103.1810478719695,102.18541549342994,2025-01-07 09:57:00+00:00,9,57,09:57,500.0,0.20506799697670886,London Open,Normal,None,Other,-1.0,-1.0
2025-01-07 09:58:00+00:00,102.50785598520564,102.6206259037812,102.41558968818924,102.51810779598524,500,0.224279976965683,0.22890269038411518,0.979804896960036,102.545588484873,0.20082457781212487,102.94723764049725,102.14393932924874,0.007833572590663028,103.02218810975138,102.18541549342994,2025-01-07 09:58:00+00:00,9,58,09:58,500.0,0.20503621559196006,London Open,Normal,None,Other,-1.0,-1.0
2025-01-07 09:59:00+00:00,102.52658088682084,102.63937140484816,102.4342977357076,102.53683457027788,500,0.2229080978353171,0.22894693097901841,0.9736234370215046,102.52900671210105,0.18589821038363086,102.90080313286832,102.15721029133378,0.007252511902534338,103.02218810975138,102.18541549342994,2025-01-07 09:59:00+00:00,9,59,09:59,500.0,0.20507366914056036,London Open,Normal,None,Other,-1.0,-1.0
2025-01-07 10:00:00+00:00,102.4513468971422,102.56405464950429,102.3591314633914,102.46159305644784,500,0.22162346128371438,0.22890467012903434,0.9681910865286605,102.51071656677148,0.1725082172600458,102.85573300129157,102.16570013225139,0.0067313242180949955,103.02218810975138,102.18541549342994,2025-01-07 10:00:00+00:00,10,0,10:00,500.0,0.20492318611287885,Other,Normal,None,Other,-1.0,-1.0
2025-01-07 10:01:00+00:00,102.51526368079716,102.6280417486528,102.42299071618795,102.5255162324204,500,0.22043971636808132,0.22886347444523913,0.9631930866313341,102.49574346677112,0.1560022564871353,102.80774797974539,102.18373895379685,0.006088145759446496,103.02218810975138,102.18541549342994,2025-01-07 10:01:00+00:00,10,1,10:01,500.0,0.20505103246485135,Other,Normal,None,Other,-1.0,-1.0
2025-01-07 10:02:00+00:00,102.3238542754652,102.43642177191786,102.2317535965494,102.33408768423364,500,0.22567706776114727,0.2289214100187637,0.9858277028026757,102.47007587612275,0.13604630917575475,102.74216849447426,102.19798325777124,0.005310674673071257,103.02218810975138,102.18541549342994,2025-01-07 10:02:00+00:00,10,2,10:02,500.0,0.20466817536846804,Other,Squeeze,None,Other,1.5,-1.0
2025-01-07 10:03:00+00:00,102.40439707175912,102.51705317414827,102.31222389707708,102.41463853561268,500,0.22418793985472232,0.22890092262162215,0.9794103810813796,102.45311405099719,0.11886317448075223,102.69084039995869,102.21538770203568,0.004640685667068565,103.02218810975138,102.18541549342994,2025-01-07 10:03:00+00:00,10,3,10:03,500.0,0.20482927707119813,Other,Squeeze,None,Other,1.5,-1.0
2025-01-07 10:04:00+00:00,102.40304806203032,102.51570268036038,102.31087610157846,102.41328939096942,500,0.22280498549237923,0.22887921589879923,0.9734609786101952,102.4372351747451,0.09942921470688425,102.63609360415887,102.23837674533132,0.0038825419111429083,103.02218810975138,102.18541549342994,2025-01-07 10:04:00+00:00,10,4,10:04,500.0,0.204826578781919,Other,Squeeze,None,Other,1.5,-1.0
2025-01-07 10:05:00+00:00,102.354207106251,102.46680799415664,102.26207910705544,102.36444355060604,500,0.2215138356072948,0.22885647744701948,0.967915953607105,102.42281974971706,0.08661232832962082,102.59604440637631,102.24959509305782,0.003382540279256903,103.02218810975138,102.18541549342994,2025-01-07 10:05:00+00:00,10,5,10:05,500.0,0.2047288871011972,Other,Squeeze,None,Other,1.5,-1.0
2025-01-07 10:06:00+00:00,102.33143243122146,102.44400826447912,102.23932493128336,102.34166659788124,500,0.22031165686361376,0.2288325844601547,0.9627634866046595,102.4134468343995,0.08462307458752286,102.58269298357455,102.24420068522444,0.0033051548289106947,103.02218810975138,102.18541549342994,2025-01-07 10:06:00+00:00,10,6,10:06,500.0,0.20468333319576004,Other,Squeeze,None,Other,1.5,-1.0
2025-01-07 10:07:00+00:00,102.31616610569012,102.42872514431023,102.22407234681911,102.32639874556467,500,0.21919316690843574,0.2288077340884696,0.9579797107019278,102.40744750444495,0.08639956609726386,102.58024663663947,102.23464837225042,0.003374737607575397,103.02218810975138,102.18541549342994,2025-01-07 10:07:00+00:00,10,7,10:07,500.0,0.20465279749112142,Other,Squeeze,None,Other,1.5,-1.0
2025-01-07 10:08:00+00:00,102.45001188388028,102.5627181675809,102.35779765176156,102.46025790967124,500,0.22041647084470625,0.2288197567581946,0.9632755229157571,102.4139771196504,0.08513735435532571,102.58425182836105,102.24370241093975,0.0033252240270235382,103.02218810975138,102.18541549342994,2025-01-07 10:08:00+00:00,10,8,10:08,500.0,0.2049205158193388,Other,Squeeze,None,Other,1.5,-1.0
2025-01-07 10:09:00+00:00,102.78284733126496,102.89591977057329,102.69033351728544,102.79312664392936,500,0.23579114156308756,0.22910311274752548,1.0291922215082794,102.43924829201553,0.11533831884748552,102.6699249297105,102.20857165432056,0.004503676892227826,102.9713384957425,102.18541549342994,2025-01-07 10:09:00+00:00,10,9,10:09,500.0,0.20558625328784785,Other,Squeeze,None,Other,-1.0,-1.0
2025-01-07 10:10:00+00:00,102.90933472205302,103.0225463114062,102.81670705803676,102.91962668472148,500,0.23533603627121324,0.2293930262802516,1.0259075443021577,102.4685809785988,0.1547521703887533,102.7780853193763,102.15907663782129,0.006040960806164573,102.95028693669803,102.18541549342994,2025-01-07 10:10:00+00:00,10,10,10:10,500.0,0.2058392533694473,Other,Normal,Upside Sweep,Other,-1.0,1.5
2025-01-07 10:11:00+00:00,102.85220237987276,102.96535111736436,102.7596261401069,102.86248862873563,500,0.2332209606273738,0.22954362600101888,1.0160201992554505,102.49438791971446,0.17500665607646274,102.84440123186738,102.14437460756153,0.006829901992821221,103.0225463114062,102.18541549342994,2025-01-07 10:11:00+00:00,10,11,10:11,500.0,0.20572497725746075,Other,Normal,None,Other,-1.0,-1.0
2025-01-07 10:12:00+00:00,102.91802640380487,103.03124755496418,102.82539091649274,102.92831923572848,500,0.23126636618766463,0.22964717669654985,1.0070507702920917,102.51332178724333,0.1999990556924211,102.91331989862817,102.11332367585848,0.007803826944853166,103.0225463114062,102.18541549342994,2025-01-07 10:12:00+00:00,10,12,10:12,500.0,0.2058566384714453,Other,Normal,Upside Sweep,Other,-1.0,1.5
2025-01-07 10:13:00+00:00,102.98837732664094,103.10167587155472,102.89567851716602,102.99867719436038,500,0.22946143677345288,0.2297430379533145,0.9987742776348294,102.54704393161369,0.22207928395481594,102.99120249952331,102.10288536370406,0.008662532841138245,103.03124755496418,102.18541549342994,2025-01-07 10:13:00+00:00,10,13,10:13,500.0,0.2059973543886997,Other,Normal,Upside Sweep,Other,-1.0,1.5
2025-01-07 10:14:00+00:00,102.89416952305888,103.00736442902485,102.80155550908674,102.9044599690558,500,0.2277719712852139,0.22972720314142417,0.9914888971376777,102.57360221698764,0.23175706250732198,103.03711634200228,102.110088091973,0.009037688352488724,103.10167587155472,102.18541549342994,2025-01-07 10:14:00+00:00,10,14,10:14,500.0,0.20580891993810724,Other,Normal,None,Other,-1.0,1.5
2025-01-07 10:15:00+00:00,102.76555002348996,102.8786034338568,102.67305177864432,102.77582760625056,500,0.22803170122280372,0.22974298243316274,0.9925513232559481,102.59364483383577,0.23100737039119856,103.05565957461816,102.13163009305337,0.009006693183202307,103.10167587155472,102.18541549342994,2025-01-07 10:15:00+00:00,10,15,10:15,500.0,0.20555165521247432,Other,Normal,None,Other,-1.0,-1.0
2025-01-07 10:16:00+00:00,102.76007472538984,102.87312211232644,102.66758140880532,102.77035176056587,500,0.22642520138696942,0.229710801813195,0.985696796144147,102.6091855140691,0.23196349308625858,103.07311250024162,102.14525852789657,0.009042601475652749,103.10167587155472,102.18541549342994,2025-01-07 10:16:00+00:00,10,16,10:16,500.0,0.2055407035211232,Other,Normal,None,Other,-1.0,-1.0
2025-01-07 10:17:00+00:00,102.84413678415524,102.95727664860424,102.7515678041515,102.85442222637788,500,0.2249454616059523,0.22960126966256905,0.9797222024797202,102.62520670096978,0.23749665571122175,103.10020001239222,102.15021338954735,0.009256854659625237,103.10167587155472,102.18541549342994,2025-01-07 10:17:00+00:00,10,17,10:17,500.0,0.20570884445272952,Other,Normal,None,Other,-1.0,1.5
2025-01-07 10:18:00+00:00,102.67953206337646,102.79249084452428,102.58711124243732,102.6898010434808,500,0.22797157034413865,0.22942816794088206,0.9936511823730435,102.63379136334456,0.23652271428476246,103.10683679191408,102.16074593477504,0.009218122458223198,103.10167587155472,102.18541549342994,2025-01-07 10:18:00+00:00,10,18,10:18,500.0,0.20537960208696404,Other,Normal,None,Other,-1.0,-1.0
2025-01-07 10:19:00+00:00,102.60656334270789,102.71944185023558,102.51420820018518,102.6168250252104,500,0.22634743318030037,0.22926043167051485,0.9872939326294171,102.6377908860912,0.23547088392409132,103.10873265393938,102.16684911824301,0.00917677131946158,103.10167587155472,102.18541549342994,2025-01-07 10:19:00+00:00,10,19,10:19,500.0,0.20523365005040262,Other,Normal,None,Other,1.5,-1.0
2025-01-07 10:20:00+00:00,102.66636465216892,102.77930894771583,102.57395568308506,102.67663231540044,500,0.22484784971247698,0.22910373441704215,0.9814237654598065,102.64854284903882,0.23188416954875762,103.11231118813633,102.1847745099413,0.009036043303207111,103.10167587155472,102.22191007264624,2025-01-07 10:20:00+00:00,10,20,10:20,500.0,0.20535326463077297,Other,Normal,None,Other,1.5,-1.0
2025-01-07 10:21:00+00:00,102.67167506484576,102.78462520243085,102.5792613159125,102.68194325917167,500,0.22345613805575304,0.2289575334524425,0.9759719834777476,102.65636420037637,0.23014773995534832,103.11665968028707,102.19606872046568,0.008967694959705393,103.10167587155472,102.22191007264624,2025-01-07 10:21:00+00:00,10,21,10:21,500.0,0.2053638865183416,Other,Normal,None,Other,1.5,-1.0
2025-01-07 10:22:00+00:00,102.818217446498,102.93132879682418,102.72567179623114,102.82850029652766,500,0.2253082380269493,0.22887355914371352,0.9844223110345154,102.68108483099108,0.22004044521833022,103.12116572142774,102.24100394055442,0.008571800564067212,103.10167587155472,102.22191007264624,2025-01-07 10:22:00+00:00,10,22,10:22,500.0,0.20565700059303538,Other,Normal,None,Other,-1.0,1.5
2025-01-07 10:23:00+00:00,102.67423225452684,102.78718520530188,102.5818162038927,102.6845007045973,500,0.2268350847846647,0.22874403442183014,0.9916546473354355,102.69457793944032,0.2109271405092581,103.11643222045883,102.27272365842181,0.008215706992189629,103.10167587155472,102.22191007264624,2025-01-07 10:23:00+00:00,10,23,10:23,500.0,0.20536900140918135,Other,Normal,None,Other,1.5,-1.0
2025-01-07 10:24:00+00:00,102.91705240323978,103.03027248289128,102.8244177926158,102.92734513775356,500,0.2353305628924729,0.22878995794234908,1.0285878148190923,102.72028072677952,0.2061118205750334,103.13250436792958,102.30805708562946,0.008026139302452192,103.10167587155472,102.22407234681911,2025-01-07 10:24:00+00:00,10,24,10:24,500.0,0.20585469027547276,Other,Clustering,None,Other,-1.0,1.5
2025-01-07 10:25:00+00:00,102.75991600703917,102.87296321936812,102.66742283331544,102.7701930263418,500,0.23708711586001915,0.22889666367370987,1.0357823135333448,102.7405682005663,0.18845620444488997,103.11748060945608,102.36365579167652,0.007337168082504379,103.10167587155472,102.22407234681911,2025-01-07 10:25:00+00:00,10,25,10:25,500.0,0.20554038605267522,Other,Clustering,None,Other,-1.0,1.5
2025-01-07 10:26:00+00:00,102.55263624919492,102.6654554309872,102.46032964591032,102.56289253844876,500,0.24228542047226637,0.22911949239830226,1.0574631513720203,102.75162949759469,0.16933277503605873,103.09029504766681,102.41296394752257,0.006591925631311757,103.10167587155472,102.22407234681911,2025-01-07 10:26:00+00:00,10,26,10:26,500.0,0.2051257850768735,Other,Clustering,None,Other,-1.0,1.5
2025-01-07 10:27:00+00:00,102.54762023738571,102.6604339010132,102.45531814896324,102.55787602498825,500,0.23963044415638754,0.22930608216363804,1.0450243704629771,102.76320336156587,0.14488440300666422,103.0529721675792,102.47343455555254,0.0056395440495134105,103.10167587155472,102.22407234681911,2025-01-07 10:27:00+00:00,10,27,10:27,500.0,0.2051157520499629,Other,Clustering,None,Other,-1.0,1.5
2025-01-07 10:28:00+00:00,102.43237445695596,102.54506133754664,102.340176100109,102.44261871882784,500,0.23806397849373423,0.22921763159735933,1.0385936580651627,102.76232140202369,0.14686573240468087,103.05605286683304,102.46858993721433,0.005716715247414999,103.10167587155472,102.22407234681911,2025-01-07 10:28:00+00:00,10,28,10:28,500.0,0.20488523743763665,Other,Clustering,None,Other,-1.0,1.5
2025-01-07 10:29:00+00:00,102.42942898835838,102.5421126286096,102.33723328269828,102.43967295565396,500,0.23569364759499056,0.2291348821564006,1.0286240374091673,102.74464871760992,0.16330918452734847,103.07126708666462,102.41803034855522,0.006357866285618412,103.10167587155472,102.22407234681911,2025-01-07 10:29:00+00:00,10,29,10:29,500.0,0.20487934591132273,Other,Clustering,None,Other,-1.0,1.5
2025-01-07 10:30:00+00:00,102.42290168852028,102.5355781480236,102.33071185801757,102.43314500302058,500,0.23349169348149396,0.22905741984951777,1.0193587862593114,102.72032463352488,0.17188000085216104,103.06408463522921,102.37656463182056,0.006693125297856235,103.10167587155472,102.22407234681911,2025-01-07 10:30:00+00:00,10,30,10:30,500.0,0.20486629000603784,Other,Clustering,None,Other,-1.0,1.5
2025-01-07 10:31:00+00:00,102.40387592196046,102.51653145102752,102.31170321636014,102.41411733369384,500,0.2314443035661997,0.2289849808646965,1.0107401048410085,102.6979060687728,0.18134184456153665,103.06058975789587,102.33522237964972,0.0070631175066061935,103.10167587155472,102.22407234681911,2025-01-07 10:31:00+00:00,10,31,10:31,500.0,0.20482823466737443,Other,Clustering,None,Other,-1.0,1.5
2025-01-07 10:32:00+00:00,102.31866927430008,102.43123106668104,102.22657326235203,102.32890216451656,500,0.2295309821921142,0.22891678995337789,1.0026830370933535,102.6679352152122,0.1905561168593237,103.04904744893085,102.28682298149354,0.007424172560201332,103.10167587155472,102.22407234681911,2025-01-07 10:32:00+00:00,10,32,10:32,500.0,0.2046578043290026,Other,Clustering,None,Other,-1.0,-1.0
2025-01-07 10:33:00+00:00,102.36397128864613,102.47658291822655,102.27183450080754,102.37420870951706,500,0.22776079899403548,0.22882648602716263,0.9953428160715598,102.63671179097003,0.18457746893444074,103.00586672883891,102.26755685310114,0.007193428772751525,103.10167587155472,102.22407234681911,2025-01-07 10:33:00+00:00,10,33,10:33,500.0,0.20474841741901173,Other,Clustering,None,Other,-1.0,1.5
2025-01-07 10:34:00+00:00,102.33251587500978,102.4450929001748,102.24040739987474,102.34275015002476,500,0.22611256337303715,0.22869251212488131,0.9887187003725101,102.60862630001847,0.1844274871290519,102.97748127427657,102.23977132576037,0.007189550967763662,103.10167587155472,102.22407234681911,2025-01-07 10:34:00+00:00,10,34,10:34,500.0,0.20468550030005872,Other,Normal,None,Other,-1.0,1.5
2025-01-07 10:35:00+00:00,102.44654348556256,102.55924595364348,102.35433237531454,102.45678916447902,500,0.22542565196201503,0.22844588062572904,0.9867792377982856,102.59267437792991,0.1829963221837495,102.9586670222974,102.22668173356242,0.007134868967724822,103.10167587155472,102.22407234681911,2025-01-07 10:35:00+00:00,10,35,10:35,500.0,0.20491357832894153,Other,Normal,None,Other,-1.0,1.5
2025-01-07 10:36:00+00:00,102.42909092394356,102.54177419228672,102.33689552257184,102.43933485742927,500,0.22395801037293445,0.2281653979617052,0.9815599226422714,102.57612353277307,0.18103947976844748,102.93820249230997,102.21404457323617,0.007059712281313061,103.10167587155472,102.22407234681911,2025-01-07 10:36:00+00:00,10,36,10:36,500.0,0.204878669714887,Other,Normal,None,Other,-1.0,1.5
2025-01-07 10:37:00+00:00,102.3313539158806,102.44392966276276,102.23924648661338,102.34158807468808,500,0.22258123649982295,0.22786713349662088,0.9768027230795163,102.55048182518858,0.17578954916872622,102.90206092352604,102.19890272685113,0.0068567030028541046,103.10167587155472,102.22407234681911,2025-01-07 10:37:00+00:00,10,37,10:37,500.0,0.20468317614937348,Other,Normal,None,Other,-1.0,1.5
2025-01-07 10:38:00+00:00,102.15981545980635,102.27220249551571,102.06786243058964,102.17003246305268,500,0.22623440847115228,0.22767099162001475,0.9936900913961839,102.52449339616719,0.19180050628961856,102.90809440874642,102.14089238358795,0.00748310964282365,103.10167587155472,102.22657326235203,2025-01-07 10:38:00+00:00,10,38,10:38,500.0,0.20434006492607182,Other,Clustering,None,Other,-1.0,1.5
2025-01-07 10:39:00+00:00,102.14325573248556,102.2556245506731,102.05131760851393,102.15347107959352,500,0.22466816087743985,0.22748715749900877,0.9876081065297886,102.50132569888633,0.20740994694898354,102.9161455927843,102.08650580498836,0.00809394202600986,103.10167587155472,102.06786243058964,2025-01-07 10:39:00+00:00,10,39,10:39,500.0,0.2043069421591781,Other,Clustering,Downside Stop Hunt,Other,-1.0,1.5
2025-01-07 10:40:00+00:00,102.014717422931,102.1269448348374,101.92289499500755,102.02491991492248,500,0.2250901554280486,0.22734612259219353,0.9900769490219474,102.46874007886242,0.22853681545272034,102.92581370976787,102.01166644795698,0.008921230622210561,103.10167587155472,102.05131760851393,2025-01-07 10:40:00+00:00,10,40,10:40,500.0,0.2040498398298496,Other,Normal,None,Other,-1.0,1.5
2025-01-07 10:41:00+00:00,101.87811313574356,101.99019026790609,101.7864136639742,101.88830196594014,500,0.22604844796520776,0.2272542762435835,0.9946939248039353,102.42905801420086,0.2567316770534703,102.94252136830781,101.91559466009392,0.010025736135067437,103.10167587155472,101.92289499500755,2025-01-07 10:41:00+00:00,10,41,10:41,500.0,0.20377660393188535,Other,Clustering,Downside False Breakout,Other,-1.0,1.5
2025-01-07 10:42:00+00:00,101.93288298920108,102.04502037422768,101.84113421963384,101.94307729693077,500,0.22446542701010946,0.2271668371051116,0.9881082550189658,102.38478686422101,0.2605395567793108,102.90586597777964,101.86370775066239,0.01017883866378828,103.10167587155472,101.7864136639742,2025-01-07 10:42:00+00:00,10,42,10:42,500.0,0.20388615459383175,Other,Normal,None,Other,-1.0,1.5
2025-01-07 10:43:00+00:00,101.75285844256992,101.86479778079055,101.6612717112985,101.76303474604454,500,0.2285611526259781,0.22717647437600205,1.0060951656802466,102.33871356629338,0.28506958402558785,102.90885273434455,101.76857439824221,0.011142199235909752,103.10167587155472,101.7864136639742,2025-01-07 10:43:00+00:00,10,43,10:43,500.0,0.20352606949205665,Other,Normal,Downside False Breakout,Other,-1.0,-1.0
2025-01-07 10:44:00+00:00,101.89767363726988,102.00977228813592,101.80595655928852,101.90786442371224,500,0.22985946615922118,0.22723456113737572,1.011551521954702,102.28773953059132,0.2646950079482991,102.81712954648792,101.75834951469473,0.010350996479656685,103.03027248289128,101.6612717112985,2025-01-07 10:44:00+00:00,10,44,10:44,500.0,0.2038157288474025,Other,Clustering,None,Other,-1.0,1.5
2025-01-07 10:45:00+00:00,101.91496880961346,102.02708648707176,101.82323616442028,101.92516132574605,500,0.22800167019438225,0.22728676648549545,1.0031453820208773,102.2454879455615,0.2507046015720703,102.74689714870564,101.74407874241737,0.00980794777782468,103.03027248289128,101.6612717112985,2025-01-07 10:45:00+00:00,10,45,10:45,500.0,0.2038503226514763,Other,Clustering,None,Other,-1.0,1.5
2025-01-07 10:46:00+00:00,101.91151979729028,102.0236336804556,101.81979025651864,101.92171196848712,500,0.2262760811759949,0.2273086799660096,0.9954572839445942,102.21342891706344,0.2489697433866953,102.71136840383683,101.71548943029005,0.009743132424946259,103.03027248289128,101.6612717112985,2025-01-07 10:46:00+00:00,10,46,10:46,500.0,0.2038434239369593,Other,Normal,None,Other,-1.0,1.5
2025-01-07 10:47:00+00:00,101.80713783552656,101.91913688705075,101.7155022479158,101.8173195674833,500,0.22484276970423264,0.22733059599539418,0.9890563508168873,102.1764010941882,0.2501126422706272,102.67662637872945,101.67617580964694,0.009791405435784356,103.03027248289128,101.6612717112985,2025-01-07 10:47:00+00:00,10,47,10:47,500.0,0.20363463913496105,Other,Clustering,None,Other,-1.0,1.5
2025-01-07 10:48:00+00:00,101.88600499496695,101.99809080904282,101.79429841981398,101.8961946144284,500,0.2233391710988473,0.22733278348045366,0.9824327476201876,102.14907988896822,0.24934495500955176,102.64776979898733,101.65038997894911,0.009763962838650424,103.03027248289128,101.6612717112985,2025-01-07 10:48:00+00:00,10,48,10:48,500.0,0.20379238922883758,Other,Clustering,None,Other,-1.0,1.5
2025-01-07 10:49:00+00:00,101.88672788550237,101.99881449483736,101.79502065968283,101.8969175772601,500,0.22194307567425306,0.22733388427462956,0.9762868231562694,102.12194212004852,0.24556032126194438,102.61306276257241,101.63082147752462,0.00961831771562988,103.03027248289128,101.6612717112985,2025-01-07 10:49:00+00:00,10,49,10:49,500.0,0.20379383515452787,Other,Clustering,None,Other,-1.0,1.5
2025-01-07 10:50:00+00:00,101.8178658921435,101.9298767457102,101.7262206483162,101.8280486970132,500,0.22063686293994947,0.22733370424004035,0.9705418018745706,102.09168730474816,0.24245635406934443,102.57660001288686,101.60677459660947,0.009499553214184974,103.03027248289128,101.6612717112985,2025-01-07 10:50:00+00:00,10,50,10:50,500.0,0.2036560973940027,Other,Clustering,None,Other,-1.0,1.5
2025-01-07 10:51:00+00:00,101.83923203646202,101.951266395138,101.74756756118168,101.84941697815984,500,0.21942700372683335,0.22733235389166404,0.9652255825908617,102.06345228697145,0.23571906248371488,102.53489041193889,101.59201416200402,0.00923813793093915,103.03027248289128,101.6612717112985,2025-01-07 10:51:00+00:00,10,51,10:51,500.0,0.2036988339563237,Other,Normal,None,Other,-1.0,1.5
2025-01-07 10:52:00+00:00,101.66901925474204,101.78086636063284,101.57750798628592,101.67918717345938,500,0.2231757171659106,0.22729070389110054,0.9818954904237459,102.0309665374186,0.24189989376202695,102.51476632494266,101.54716674989456,0.009483391247629145,103.03027248289128,101.6612717112985,2025-01-07 10:52:00+00:00,10,52,10:52,500.0,0.2033583743469194,Other,Normal,Downside Stop Hunt,Other,-1.0,1.5
2025-01-07 10:53:00+00:00,101.50390805551294,101.61557352092052,101.41254540199762,101.51405946145908,500,0.22628043532990008,0.22717930265124028,0.9960433573355927,101.98795907501571,0.25383174218400323,102.49562255938372,101.4802955906477,0.009955361181305833,103.03027248289128,101.57750798628592,2025-01-07 10:53:00+00:00,10,53,10:53,500.0,0.2030281189229015,Other,Clustering,None,Other,-1.0,1.5
2025-01-07 10:54:00+00:00,101.39128235849458,101.5028239232454,101.30002107824392,101.40142250074466,500,0.22540600303599068,0.22708692030314628,0.9925979124429021,101.94089269255169,0.2712567314081077,102.4834061553679,101.39837922973547,0.010643686718585224,103.03027248289128,101.41254540199762,2025-01-07 10:54:00+00:00,10,54,10:54,500.0,0.20280284500148582,Other,Normal,Downside False Breakout,Other,-1.0,-1.0
2025-01-07 10:55:00+00:00,101.42774184289703,101.53932351709165,101.33644774582874,101.4378856314602,500,0.22379670076648492,0.22699890552839747,0.9858933030780099,101.88994751590076,0.26487164574078625,102.41969080738232,101.36020422441919,0.010398342611745777,102.87296321936812,101.30002107824392,2025-01-07 10:55:00+00:00,10,55,10:55,500.0,0.20287577126291012,Other,Normal,None,Other,-1.0,1.5
2025-01-07 10:56:00+00:00,101.42842563839744,101.5400080648423,101.33713092585162,101.43856949534695,500,0.22230244635392687,0.2269147466455103,0.9796738627181915,101.83990924779664,0.24971793419793678,102.33934511619252,101.34047337940076,0.009808254388378365,102.6654554309872,101.30002107824392,2025-01-07 10:56:00+00:00,10,56,10:56,500.0,0.20287713899067228,Other,Normal,None,Other,-1.0,1.5
2025-01-07 10:57:00+00:00,101.53589313096649,101.64759378347576,101.44450168800432,101.54604773574005,500,0.2213540064807037,0.22684130898182,0.9758099504638457,101.80013223084924,0.2280178441671646,102.25616791918357,101.34409654251492,0.008959432141015015,102.6604339010132,101.30002107824392,2025-01-07 10:57:00+00:00,10,57,10:57,500.0,0.20309209547143325,Other,Normal,None,Other,-1.0,1.5
2025-01-07 10:58:00+00:00,101.44353852583627,101.55513757811993,101.35223021033148,101.45368389422568,500,0.2200363894312564,0.22677058252291288,0.9703039388233874,101.76431480240788,0.22306396444877077,102.21044273130542,101.31818687351034,0.008767865823373737,102.55924595364348,101.30002107824392,2025-01-07 10:58:00+00:00,10,58,10:58,500.0,0.2029073677884412,Other,Normal,None,Other,-1.0,1.5
2025-01-07 10:59:00+00:00,101.5028666423678,101.61453096210636,101.41150492621806,101.5130179441622,500,0.21882136417818807,0.22670247029529408,0.96523590542776,101.73229214563631,0.20983597659947104,102.15196409883525,101.31262019243736,0.008250516022939023,102.55924595364348,101.30002107824392,2025-01-07 10:59:00+00:00,10,59,10:59,500.0,0.20302603588829982,Other,Normal,None,Other,-1.0,1.5
2025-01-07 11:00:00+00:00,101.49232403108284,101.6039767527892,101.4009718042322,101.50247427851068,500,0.21769162020524568,0.22663693961065293,0.9605301791456649,101.70616986381573,0.20392586023463355,102.114021584285,101.29831814334646,0.00802019623815113,102.55924595364348,101.30002107824392,2025-01-07 11:00:00+00:00,11,0,11:00,500.0,0.2030049485569947,Other,Normal,None,Other,-1.0,1.5
2025-01-07 11:01:00+00:00,101.3976712703612,101.50921986361791,101.3064042395148,101.40781205156637,500,0.21662904905509311,0.2265734284887698,0.9561096837347387,101.68214536809704,0.20956485324440494,102.10127507458584,101.26301566160824,0.008243919421084638,102.55924595364348,101.30002107824392,2025-01-07 11:01:00+00:00,11,1,11:01,500.0,0.20281562410310983,Other,Normal,None,Other,-1.0,1.5
2025-01-07 11:02:00+00:00,101.43776247126434,101.54935516925252,101.34645935472857,101.44790726199054,500,0.21564810373144044,0.22640627908827468,0.9524828754743163,101.65738686635004,0.20634073471912157,102.07006833578828,101.2447053969118,0.008119065070614037,102.55924595364348,101.30002107824392,2025-01-07 11:02:00+00:00,11,2,11:02,500.0,0.20289581452395566,Other,Normal,None,Other,-1.0,1.5
2025-01-07 11:03:00+00:00,101.43208091281087,101.54366736045974,101.34078291018908,101.44222513532442,500,0.2147364141985275,0.2262487536606714,0.949116451357738,101.64134638581402,0.21013036467138768,102.06160711515679,101.22108565647125,0.008269483714777457,102.55924595364348,101.30002107824392,2025-01-07 11:03:00+00:00,11,3,11:03,500.0,0.20288445027065904,Other,Normal,None,Other,-1.0,1.5
2025-01-07 11:04:00+00:00,101.36930180049768,101.4808191842166,101.27806030472765,101.37943974447212,500,0.2138808760049865,0.2261000185025482,0.9459569150923179,101.61492515185202,0.2080665664174519,102.03105828468692,101.19879201901712,0.008190393925164768,102.55924595364348,101.30002107824392,2025-01-07 11:04:00+00:00,11,4,11:04,500.0,0.20275887948895388,Other,Normal,Downside Stop Hunt,Other,-1.0,1.5
2025-01-07 11:05:00+00:00,101.3745730487046,101.48609623137642,101.28332680833672,101.38471151985658,500,0.21308720079318016,0.22595957458897964,0.9430324038305776,101.58790266155754,0.20061612443514754,101.98913491042784,101.18667041268723,0.007899213161374444,102.55924595364348,101.27806030472765,2025-01-07 11:05:00+00:00,11,5,11:05,500.0,0.20276942303969747,Other,Normal,None,Other,-1.0,1.5
2025-01-07 11:06:00+00:00,101.36245643103024,101.47396628408968,101.2712210967089,101.3725936903993,500,0.21234848554943764,0.22582685506707673,0.940315470834345,101.56044674765315,0.18981188939887766,101.9400705264509,101.1808229688554,0.00747581939534,102.54177419228672,101.27806030472765,2025-01-07 11:06:00+00:00,11,6,11:06,500.0,0.20274518738078484,Other,Normal,Downside Stop Hunt,Other,-1.0,1.5
2025-01-07 11:07:00+00:00,101.34789290177324,101.45938673334835,101.25667067593908,101.35802870464371,500,0.21166045496799754,0.2257013098680694,0.9377901045045806,101.53748220451118,0.18481634233964286,101.90711488919047,101.16784951983189,0.007280714011300671,102.44392966276276,101.2712210967089,2025-01-07 11:07:00+00:00,11,7,11:07,500.0,0.20271605740927612,Other,Normal,Downside Stop Hunt,Other,-1.0,1.5
2025-01-07 11:08:00+00:00,101.3070991465273,101.41854810048386,101.21591363874464,101.31723086961426,500,0.2110157411659422,0.22554463104009,0.9355830825715141,101.50853401727046,0.17045768638784367,101.84944939004615,101.16761864449478,0.0067169795343055665,102.27220249551571,101.25667067593908,2025-01-07 11:08:00+00:00,11,8,11:08,500.0,0.20263446173922262,Other,Normal,Downside Stop Hunt,Other,-1.0,1.5
2025-01-07 11:09:00+00:00,101.17599657037309,101.28730129707314,101.08492906670938,101.18611518189128,500,0.21253617414729528,0.2251570482498268,0.9439463512218023,101.47299389750204,0.15892910494924284,101.79085210740053,101.15513568760355,0.006264882855817931,102.2556245506731,101.21591363874464,2025-01-07 11:09:00+00:00,11,9,11:09,500.0,0.20237223036376406,Other,Normal,None,Other,-1.0,1.5
2025-01-07 11:10:00+00:00,101.18457315929489,101.29588732118629,101.09349793592918,101.19469262855772,500,0.21181140351228178,0.22476497103717794,0.9423683883430682,101.44132609407924,0.14711997212571895,101.73556603833069,101.1470861498278,0.005801184893394606,102.1269448348374,101.08492906670938,2025-01-07 11:10:00+00:00,11,10,11:10,500.0,0.20238938525710637,Other,Normal,None,Other,-1.0,1.5
2025-01-07 11:11:00+00:00,101.10439447734812,101.21562043386884,101.01339142201296,101.11450592794093,500,0.21112694696539575,0.22439673747614497,0.940864601419796,101.40458054156831,0.13068845567863976,101.66595745292558,101.14320363021103,0.005155130270473913,102.04502037422768,101.08492906670938,2025-01-07 11:11:00+00:00,11,11,11:11,500.0,0.20222901185587716,Other,Squeeze,Downside Stop Hunt,Other,-1.0,1.5
2025-01-07 11:12:00+00:00,101.00229737347244,101.11341101194708,100.91138621472042,101.01239861333376,500,0.21055500169790337,0.22405154806798228,0.9397614232686142,101.37124111356202,0.14154736790676983,101.65433584937556,101.08814637774849,0.005585306694556405,102.04502037422768,101.01339142201296,2025-01-07 11:12:00+00:00,11,12,11:12,500.0,0.202024797226656,Other,Squeeze,Downside False Breakout,Other,-1.0,1.5
2025-01-07 11:13:00+00:00,100.97899884680092,101.09008685433317,100.88810865882,100.98909775657658,500,0.20994237268470767,0.22372623033316988,0.9383896218698384,101.34499302831789,0.16100583759895884,101.6670047035158,101.02298135311997,0.006354762392808823,102.02708648707176,100.91138621472042,2025-01-07 11:13:00+00:00,11,13,11:13,500.0,0.20197819551316343,Other,Normal,Downside Stop Hunt,Other,-1.0,1.5
2025-01-07 11:14:00+00:00,101.05415785902974,101.16532854974372,100.96320002117284,101.0642642854583,500,0.20938424096229152,0.22341976816112116,0.937178669039224,101.32813511755359,0.17205801862352643,101.67225115480063,100.98401908030654,0.006792112316047842,102.02708648707176,100.88810865882,2025-01-07 11:14:00+00:00,11,14,11:14,500.0,0.20212852857088137,Other,Normal,None,Other,-1.0,1.5
2025-01-07 11:15:00+00:00,101.07392735084208,101.18511979017194,100.98295171866312,101.08403575441751,500,0.20886880028704374,0.22310038647885846,0.9362099437996118,101.31044262370145,0.17825973224882538,101.6669620881991,100.9539231592038,0.0070381582641362225,102.02708648707176,100.88810865882,2025-01-07 11:15:00+00:00,11,15,11:15,500.0,0.20216807150882232,Other,Normal,None,Other,-1.0,1.5
2025-01-07 11:16:00+00:00,101.02126718404476,101.13240169139792,100.93033895075575,101.03137032107684,500,0.20838265316955223,0.22279967734190154,0.9352915392681409,101.29008266498793,0.18594402201870677,101.66197070902535,100.91819462095052,0.007343029727153468,102.0236336804556,100.88810865882,2025-01-07 11:16:00+00:00,11,16,11:16,500.0,0.20206274064216245,Other,Normal,None,Other,-1.0,1.5
2025-01-07 11:17:00+00:00,100.96457520734768,101.07564734728976,100.87369800194053,100.97467267461514,500,0.2079231311823867,0.2225159718348421,0.9344189069569953,101.2615139119317,0.18842425236733634,101.63836241666637,100.88466540719703,0.0074430746722277275,101.99881449483736,100.88810865882,2025-01-07 11:17:00+00:00,11,17,11:17,500.0,0.20194934534923448,Other,Normal,Downside Stop Hunt,Other,-1.0,1.5
2025-01-07 11:18:00+00:00,101.02980052844951,101.1409444234203,100.93886461438252,101.0399045189014,500,0.20750575102919977,0.2221748748462598,0.9339748752994201,101.24082494316548,0.18892925870978253,101.61868346058505,100.86296642574591,0.007464548370317811,101.99881449483736,100.87369800194053,2025-01-07 11:18:00+00:00,11,18,11:18,500.0,0.20207980903776956,Other,Normal,None,Other,-1.0,1.5
2025-01-07 11:19:00+00:00,100.78895661946513,100.89983555964054,100.69823748659432,100.79903652311744,500,0.21708869969190492,0.22202056262145323,0.9777864587346481,101.20512587211324,0.20180638662279657,101.60873864535884,100.80151309886764,0.007976133022266461,101.99881449483736,100.87369800194053,2025-01-07 11:19:00+00:00,11,19,11:19,500.0,0.20159807304621324,Other,Normal,Downside False Breakout,Other,-1.0,1.5
2025-01-07 11:20:00+00:00,100.87036295222714,100.98133144832418,100.77957054632957,100.88045099732688,500,0.21599385699924156,0.2218729960762326,0.9735022324439562,101.17402470805405,0.20149997876023792,101.57702466557453,100.77102475053357,0.007966470814685248,101.951266395138,100.69823748659432,2025-01-07 11:20:00+00:00,11,20,11:20,500.0,0.20176090199461783,Other,Normal,None,Other,-1.0,1.5
2025-01-07 11:21:00+00:00,100.68251413543106,100.7932759771642,100.59189081037668,100.69258339377043,500,0.22117716628145234,0.22183501321332763,0.9970345216368407,101.13826327516426,0.22040563117666914,101.5790745375176,100.69745201281093,0.00871700280543738,101.951266395138,100.69823748659432,2025-01-07 11:21:00+00:00,11,21,11:21,500.0,0.20138516678751728,Other,Normal,Downside False Breakout,Other,-1.0,-1.0
2025-01-07 11:22:00+00:00,100.54111351988116,100.65171980538156,100.45061746810808,100.55116863674482,500,0.22266207766580262,0.22179091054064184,1.003927875687228,101.09342634390197,0.24404355851669995,101.58151346093537,100.60533922686857,0.009656159350520294,101.78086636063284,100.59189081037668,2025-01-07 11:22:00+00:00,11,22,11:22,500.0,0.2011023372734826,Other,Normal,Downside False Breakout,Other,1.5,-1.0
2025-01-07 11:23:00+00:00,100.4904268525472,100.60097737713744,100.39997642333698,100.50047690023722,500,0.22111485453256383,0.2216955733697735,0.997380557363493,101.04633893214762,0.2632960980328074,101.57293112821324,100.519746736082,0.010422786250954167,101.64759378347576,100.45061746810808,2025-01-07 11:23:00+00:00,11,23,11:23,500.0,0.20100095380045957,Other,Normal,Downside Stop Hunt,Other,1.5,-1.0
2025-01-07 11:24:00+00:00,100.70974744445245,100.82053924582146,100.61909960696867,100.71981942639508,500,0.22818253246482695,0.22157643952931272,1.0298140585233129,101.01335791624375,0.2606748082847512,101.53470753281326,100.49200829967424,0.010322389579441392,101.64759378347576,100.39997642333698,2025-01-07 11:24:00+00:00,11,24,11:24,500.0,0.20143963885278993,Other,Normal,None,Other,1.5,-1.0
2025-01-07 11:25:00+00:00,100.87983048238024,100.99080939380195,100.78902955485331,100.88991947432766,500,0.23124020638925907,0.22147899103813337,1.0440728725797972,100.98861831396732,0.2466798851934694,101.48197808435427,100.49525854358038,0.009770601452395763,101.64759378347576,100.39997642333698,2025-01-07 11:25:00+00:00,11,25,11:25,500.0,0.2017798389486387,Other,Normal,None,Other,-1.0,1.5
2025-01-07 11:26:00+00:00,100.95213554548076,101.06319400042626,100.86126953688895,100.96223176865762,500,0.229146224756977,0.22126000444287858,1.0356423219549122,100.96810021788023,0.22953129177210388,101.42716280142444,100.50903763433602,0.009093220186446873,101.64759378347576,100.39997642333698,2025-01-07 11:26:00+00:00,11,26,11:26,500.0,0.20192446353730986,Other,Normal,None,Other,-1.0,1.5
2025-01-07 11:27:00+00:00,100.9891455637933,101.10024473383046,100.8982462428538,100.99924548834214,500,0.22720710091552604,0.22105294872219752,1.0278401723609785,100.95016105706515,0.21070023573244454,101.37156152853004,100.52876058560025,0.008348683489998255,101.64759378347576,100.39997642333698,2025-01-07 11:27:00+00:00,11,27,11:27,500.0,0.20199849097666345,Other,Normal,None,Other,-1.0,1.5
2025-01-07 11:28:00+00:00,100.80225883187374,100.9131524059462,100.71152772581443,100.81234006588032,500,0.23152929103068173,0.22094403726448,1.0479092076765606,100.92491651687845,0.1939893973714407,101.31289531162133,100.53693772213558,0.00768846402123094,101.61453096210636,100.39997642333698,2025-01-07 11:28:00+00:00,11,28,11:28,500.0,0.20162468013177204,Other,Normal,None,Other,-1.0,1.5
2025-01-07 11:29:00+00:00,100.81906983301764,100.92998190104076,100.72832359554418,100.82915274829249,500,0.22939564920681726,0.2208390706246771,1.0387457643157825,100.90706839519851,0.18490120938056642,101.27687081395965,100.53726597643737,0.007329564214725238,101.61453096210636,100.39997642333698,2025-01-07 11:29:00+00:00,11,29,11:29,500.0,0.20165830549657926,Other,Normal,None,Other,-1.0,1.5
2025-01-07 11:30:00+00:00,100.76472067551698,100.87557295348785,100.6740233571772,100.77479815533252,500,0.22740664542851902,0.22073765315712754,1.0302123003303125,100.88607367153725,0.17404367807568205,101.23416102768861,100.53798631538588,0.006900602699331189,101.6039767527892,100.39997642333698,2025-01-07 11:30:00+00:00,11,30,11:30,500.0,0.20154959631064173,Lunch Session,Normal,None,Other,-1.0,1.5
2025-01-07 11:31:00+00:00,100.68346964120178,100.79423253409638,100.5928454561062,100.69353899510128,500,0.22554810489720883,0.22063938317931103,1.0222477132013579,100.86502532489527,0.17038045409606578,101.20578623308741,100.52426441670313,0.006756770388834316,101.54935516925252,100.39997642333698,2025-01-07 11:31:00+00:00,11,31,11:31,500.0,0.20138707799017652,Lunch Session,Normal,None,Other,-1.0,1.5
2025-01-07 11:32:00+00:00,100.70006395546758,100.81084510393345,100.60942483399552,100.71013496896448,500,0.22382468811440298,0.22054427827801584,1.0148741552580742,100.8499121426768,0.1700254554164049,101.18996305350962,100.50986123184398,0.006743702668808083,101.54935516925252,100.39997642333698,2025-01-07 11:32:00+00:00,11,32,11:32,500.0,0.20142026993792683,Lunch Session,Normal,None,Other,-1.0,1.5
2025-01-07 11:33:00+00:00,100.6536408519272,100.76437092987211,100.56304351542684,100.66370722264948,500,0.22221773999517946,0.22045189396136822,1.0080101195870002,100.83364261598044,0.17156710233192934,101.17677682064429,100.49050841131658,0.00680594682016325,101.54366736045974,100.39997642333698,2025-01-07 11:33:00+00:00,11,33,11:33,500.0,0.2013274144452737,Lunch Session,Normal,None,Other,-1.0,1.5
2025-01-07 11:34:00+00:00,100.74218447510732,100.8530119607785,100.65150744137637,100.75225970107743,500,0.22073822423853348,0.22036232164245984,1.0017058387898252,100.8180423867614,0.16348822954906192,101.14501884585952,100.49106592766329,0.0064864671314239985,101.48609623137642,100.39997642333698,2025-01-07 11:34:00+00:00,11,34,11:34,500.0,0.20150451940213543,Lunch Session,Normal,None,Other,-1.0,1.5
2025-01-07 11:35:00+00:00,100.54834630630748,100.65896054866862,100.4578437443756,100.55840214652213,500,0.22600091941448397,0.22037190943333432,1.0255432282436727,100.79176070636663,0.1607033342345333,101.1131673748357,100.47035403789756,0.006377637739763472,101.48609623137642,100.39997642333698,2025-01-07 11:35:00+00:00,11,35,11:35,500.0,0.20111680429302226,Lunch Session,Normal,None,Other,-1.0,1.5
2025-01-07 11:36:00+00:00,100.55689442758032,100.66751807381527,100.46638417156991,100.5669511226926,500,0.22422470390240368,0.22037635432549213,1.0174626247388938,100.76853974644743,0.15778532933382608,101.08411040511508,100.45296908777978,0.00626327739712589,101.47396628408968,100.39997642333698,2025-01-07 11:36:00+00:00,11,36,11:36,500.0,0.20113390224535976,Lunch Session,Normal,None,Other,-1.0,1.5
2025-01-07 11:37:00+00:00,100.4695386756474,100.58006622094511,100.37910704767653,100.47958663431082,500,0.22256288028570242,0.2203760483885901,1.0099231831821227,100.7437854444322,0.1625092062946884,101.06880385702158,100.41876703184283,0.00645237641519128,101.45938673334835,100.39997642333698,2025-01-07 11:37:00+00:00,11,37,11:37,500.0,0.20095917326858626,Lunch Session,Normal,Downside Stop Hunt,Other,-1.0,1.5
2025-01-07 11:38:00+00:00,100.42939547014385,100.53987885349932,100.33899997467115,100.43943941408526,500,0.22101402303873535,0.2202890419647165,1.0032910446545724,100.7137621891914,0.1603758223178818,101.03451383382716,100.39301054455564,0.00636956931532811,101.41854810048386,100.37910704767653,2025-01-07 11:38:00+00:00,11,38,11:38,500.0,0.20087887882816347,Lunch Session,Normal,Downside Stop Hunt,Other,-1.0,1.5
2025-01-07 11:39:00+00:00,100.46099818251452,100.57151633233026,100.3705742417562,100.47104528704322,500,0.2195803135769728,0.2202042445097087,0.9971665808071724,100.6973626273877,0.1677950744703183,101.03295277632834,100.36177247844707,0.006665321517554131,101.29588732118629,100.33899997467115,2025-01-07 11:39:00+00:00,11,39,11:39,500.0,0.20094209057405976,Lunch Session,Normal,None,Other,-1.0,1.5
2025-01-07 11:40:00+00:00,100.34981849577208,100.4602143357014,100.25949462673896,100.3598544812202,500,0.21900676691463683,0.22010285470115187,0.9950201109930933,100.67133280158235,0.17796923362243164,101.02727126882722,100.31539433433748,0.0070712974059140305,101.29588732118629,100.33899997467115,2025-01-07 11:40:00+00:00,11,40,11:40,500.0,0.2007197089624384,Lunch Session,Normal,Downside Stop Hunt,Other,-1.0,1.5
2025-01-07 11:41:00+00:00,100.36730418256828,100.47771925867671,100.2769645748432,100.37734191675996,500,0.21770304669455626,0.21996376467997433,0.9897223163610279,100.65557072773183,0.1895698881618158,101.03471050405545,100.2764309514082,0.007533408704207338,101.21562043386884,100.25949462673896,2025-01-07 11:41:00+00:00,11,41,11:41,500.0,0.2007546838335088,Lunch Session,Normal,None,Other,-1.0,1.5
2025-01-07 11:42:00+00:00,100.34699809679606,100.45739083397623,100.25667676637588,100.35703380017608,500,0.21648954818782787,0.21983083336626966,0.9848006527233842,100.64586398590339,0.19988657194433992,101.04563712979207,100.24609084201471,0.007944154445227338,101.18511979017194,100.25949462673896,2025-01-07 11:42:00+00:00,11,42,11:42,500.0,0.2007140676003587,Lunch Session,Normal,Downside Stop Hunt,Other,-1.0,1.5
2025-01-07 11:43:00+00:00,100.2817348898689,100.3920558303418,100.19147230220926,100.29176406627552,500,0.21535340389816449,0.21961070422080606,0.9806143314473365,100.63542834420531,0.21290095143029286,101.0612302470659,100.20962644134472,0.008462266417830626,101.18511979017194,100.25667676637588,2025-01-07 11:43:00+00:00,11,43,11:43,500.0,0.20058352813254032,Lunch Session,Normal,Downside Stop Hunt,Other,-1.0,1.5
2025-01-07 11:44:00+00:00,100.23555851652898,100.34582865791128,100.14533749176162,100.24558307483646,500,0.21429181548755707,0.21935124337627834,0.976934583042038,100.61171652662739,0.22882100114302692,101.06935852891344,100.15407452434134,0.009097191024763664,101.18511979017194,100.19147230220926,2025-01-07 11:44:00+00:00,11,44,11:44,500.0,0.20049116614966067,Lunch Session,Normal,Downside Stop Hunt,Other,-1.0,1.5
2025-01-07 11:45:00+00:00,100.22107032415428,100.33132452693113,100.13086234006414,100.23109343349763,500,0.213303984871802,0.21910628195423534,0.9735183444733672,100.57877522458588,0.23402613799461464,101.0468275005751,100.11072294859666,0.009307177880106262,101.18511979017194,100.14533749176162,2025-01-07 11:45:00+00:00,11,45,11:45,500.0,0.2004621868669858,Lunch Session,Normal,Downside Stop Hunt,Other,-1.0,1.5
2025-01-07 11:46:00+00:00,100.14514790975696,100.25531858952569,100.05500826267348,100.15516342609958,500,0.2123758664418307,0.21887461170866593,0.9703083641537859,100.53842180745798,0.23400815338657266,101.00643811423113,100.07040550068483,0.009310197999118258,101.1409444234203,100.13086234006414,2025-01-07 11:46:00+00:00,11,46,11:46,500.0,0.20031032685220396,Lunch Session,Normal,Downside Stop Hunt,Other,-1.0,-1.0
2025-01-07 11:47:00+00:00,100.14685985314924,100.257032416244,100.0567186651626,100.15687554070333,500,0.21151428677322823,0.21865247032648252,0.9673537484273749,100.49630331007604,0.22221092795541258,100.94072516598688,100.05188145416521,0.0088445413666529,101.1409444234203,100.05500826267348,2025-01-07 11:47:00+00:00,11,47,11:47,500.0,0.2003137510813957,Lunch Session,Normal,None,Other,-1.0,-1.0
2025-01-07 11:48:00+00:00,100.12000640749746,100.23014942884784,100.02988939002896,100.1300194094384,500,0.2107104119193464,0.21844199100682418,0.9646058019713057,100.46218727725395,0.22351060548135576,100.90920848821666,100.01516606629123,0.008899292820074381,101.1409444234203,100.05500826267348,2025-01-07 11:48:00+00:00,11,48,11:48,500.0,0.20026003881888244,Lunch Session,Normal,Downside Stop Hunt,Other,-1.0,-1.0
2025-01-07 11:49:00+00:00,100.05982409113471,100.16990090531638,99.96976124316792,100.06983107424216,500,0.209955358364283,0.21824219571832468,0.9620291698094116,100.42422119355143,0.2223835102940782,100.86898821413959,99.97945417296327,0.008857763900024533,101.10024473383046,100.02988939002896,2025-01-07 11:49:00+00:00,11,49,11:49,500.0,0.2001396621484588,Lunch Session,Normal,Downside Stop Hunt,Other,-1.0,-1.0
2025-01-07 11:50:00+00:00,100.22003214326566,100.33028520392932,100.12982509363177,100.23005514878054,500,0.21356241345877433,0.21812428822697175,0.9790858927023729,100.39698404322382,0.21021205922325387,100.81740816167033,99.97655992477732,0.008375234026263178,101.10024473383046,99.96976124316792,2025-01-07 11:50:00+00:00,11,50,11:50,500.0,0.20046011029755562,Lunch Session,Normal,None,Other,-1.0,1.5
2025-01-07 11:51:00+00:00,100.2626587646016,100.37295871923811,100.17241334717173,100.27268603320492,500,0.2126326247878895,0.2180110485779894,0.975329581573129,100.375941395129,0.19976860061603025,100.77547859636107,99.97640419389694,0.007960816021825185,101.10024473383046,99.96976124316792,2025-01-07 11:51:00+00:00,11,51,11:51,500.0,0.20054537206638656,Lunch Session,Normal,None,Other,-1.0,1.5
2025-01-07 11:52:00+00:00,100.2252966083036,100.33555546045794,100.13508482017733,100.23532014031764,500,0.21176391160879834,0.21782085181870414,0.9721930193581876,100.35220065369667,0.18567925350856507,100.7235591607138,99.98084214667954,0.007401103405766819,101.10024473383046,99.96976124316792,2025-01-07 11:52:00+00:00,11,52,11:52,500.0,0.20047064028061357,Lunch Session,Normal,None,Other,-1.0,1.5
2025-01-07 11:53:00+00:00,100.24091898363596,100.3511950221218,100.15069313396572,100.25094407804376,500,0.21095948136217582,0.21756550258590876,0.969636632898065,100.33156249646638,0.17164173204696426,100.6748459605603,99.98827903237245,0.0068429805248177876,101.10024473383046,99.96976124316792,2025-01-07 11:53:00+00:00,11,53,11:53,500.0,0.20050188815608294,Lunch Session,Normal,None,Other,-1.0,1.5
2025-01-07 11:54:00+00:00,100.13904380183044,100.24920776640892,100.04890964899352,100.14905870770124,500,0.21032197762560922,0.2173141021624024,0.9678248007505382,100.30140244679757,0.1447112774216904,100.59082500164095,100.01197989195418,0.005771056989894052,101.10024473383046,99.96976124316792,2025-01-07 11:54:00+00:00,11,54,11:54,500.0,0.20029811741540016,Lunch Session,Squeeze,None,Other,-1.0,1.5
2025-01-07 11:55:00+00:00,100.09631641927125,100.2064333790284,100.00622072492446,100.10632705197644,500,0.20959988308834687,0.21707748853443345,0.9655532893043377,100.27879869207028,0.13758685140248966,100.55397239487526,100.0036249892653,0.005488173101274642,101.10024473383046,99.96976124316792,2025-01-07 11:55:00+00:00,11,55,11:55,500.0,0.20021265410393596,Lunch Session,Squeeze,None,Other,-1.0,1.5
2025-01-07 11:56:00+00:00,100.06528362021194,100.17536644047618,99.97521585817756,100.07529114932689,500,0.20892493303193774,0.21685452997906696,0.9634335655893623,100.254215693402,0.12690023269601264,100.50801615879402,100.00041522800998,0.005063138016424013,101.10024473383046,99.96976124316792,2025-01-07 11:56:00+00:00,11,56,11:56,500.0,0.20015058229861893,Lunch Session,Squeeze,None,Other,-1.0,1.5
2025-01-07 11:57:00+00:00,99.94159998818463,100.0515467428471,99.8516435525517,99.9515951476994,500,0.20997655187074077,0.21666490573556757,0.969130423581428,100.22781611907143,0.13235082869850376,100.49251777646845,99.96311446167442,0.0052819999007569784,101.10024473383046,99.96976124316792,2025-01-07 11:57:00+00:00,11,57,11:57,500.0,0.1999031902953874,Lunch Session,Squeeze,Downside False Breakout,Other,-1.0,-1.0
2025-01-07 11:58:00+00:00,99.98132007844968,100.09131052958108,99.89132789116034,99.99131921037072,500,0.20926270091002608,0.21648534426021374,0.9666368022515829,100.20541010888572,0.13257051316786148,100.47055113522144,99.94026908254999,0.0052919503257881475,100.92998190104076,99.8516435525517,2025-01-07 11:58:00+00:00,11,58,11:58,500.0,0.19998263842073527,Lunch Session,Squeeze,None,Other,-1.0,-1.0
2025-01-07 11:59:00+00:00,99.93178034346984,100.04171629544284,99.841832746401,99.94177452092192,500,0.20859276149087017,0.21631486754875842,0.9643015473444161,100.17894657057964,0.12954559783357142,100.43803776624678,99.9198553749125,0.005172567780688333,100.92998190104076,99.8516435525517,2025-01-07 11:59:00+00:00,11,59,11:59,500.0,0.1998835490418429,Lunch Session,Squeeze,Downside Stop Hunt,Other,-1.0,-1.0
2025-01-07 12:00:00+00:00,99.89726320694584,100.0071611862714,99.80734667840672,99.90725393233907,500,0.20796574337471424,0.21615276960158292,0.9621238893123638,100.15631654313559,0.1356671684176222,100.42765087997083,99.88498220630035,0.005418217166929843,100.87557295348785,99.841832746401,2025-01-07 12:00:00+00:00,12,0,12:00,500.0,0.19981450786468713,Lunch Session,Squeeze,Downside Stop Hunt,Other,1.5,-1.0
2025-01-07 12:01:00+00:00,99.84146421157502,99.95130080586716,99.75159790715416,99.85144935651068,500,0.20737554018459176,0.21599854445374123,0.9600784149219292,100.13002191512312,0.14141571184786542,100.41285333881885,99.8471904914274,0.005649283167749073,100.8530119607785,99.80734667840672,2025-01-07 12:01:00+00:00,12,1,12:01,500.0,0.1997028987129994,Lunch Session,Squeeze,Downside Stop Hunt,Other,1.5,-1.0
2025-01-07 12:02:00+00:00,100.13834307554784,100.2485062692503,100.04820955342764,100.14835791133898,500,0.22092420965280768,0.21608647955243068,1.022387935193341,100.11958812068127,0.13110746878725682,100.38180305825578,99.85737318310676,0.005238034684250719,100.8530119607785,99.75159790715416,2025-01-07 12:02:00+00:00,12,2,12:02,500.0,0.20029671582265962,Lunch Session,Squeeze,None,Other,-1.0,1.5
2025-01-07 12:03:00+00:00,100.07301259589254,100.1831039188803,99.98293787708435,100.08302089798234,500,0.21944148337731806,0.2161648973720772,1.0151578079747194,100.10915096226661,0.12483844698849385,100.3588278562436,99.85947406828963,0.004988093327673732,100.8530119607785,99.75159790715416,2025-01-07 12:03:00+00:00,12,3,12:03,500.0,0.20016604179595276,Lunch Session,Squeeze,None,Other,-1.0,1.5
2025-01-07 12:04:00+00:00,99.86720650796696,99.97707142161708,99.77731703316232,99.87719422738972,500,0.22560308205179663,0.21636026747285736,1.0427195560760656,100.09073151989426,0.13068902572457133,100.3521095713434,99.82935346844512,0.005222822282944156,100.8530119607785,99.75159790715416,2025-01-07 12:04:00+00:00,12,4,12:04,500.0,0.1997543884547639,Lunch Session,Squeeze,None,Other,-1.0,-1.0
2025-01-07 12:05:00+00:00,99.70855060295946,99.81824097766015,99.61880393274976,99.71852245520498,500,0.22794502580809445,0.21660789788977255,1.052339402342989,100.06510297097964,0.15047547065519815,100.36605391229003,99.76415202966925,0.006015102815567384,100.66751807381527,99.75159790715416,2025-01-07 12:05:00+00:00,12,5,12:05,500.0,0.19943704491039682,Lunch Session,Normal,Downside False Breakout,Other,1.5,-1.0
2025-01-07 12:06:00+00:00,99.78528616509357,99.89506095735436,99.69547042597104,99.79526569166272,500,0.22591970477775355,0.21683408487691117,1.0419012532370082,100.0471080842578,0.16033508183593523,100.36777824792966,99.72643792058594,0.0064103834645935194,100.66751807381527,99.61880393274976,2025-01-07 12:06:00+00:00,12,6,12:06,500.0,0.19959053138332195,Lunch Session,Normal,None,Other,1.5,-1.0
2025-01-07 12:07:00+00:00,99.91973282496254,100.02965552333984,99.82979607174477,99.92972579754228,500,0.22652471384199405,0.21708182252481112,1.0434992262703324,100.03575059709974,0.16019548704606532,100.35614157119187,99.7153596230076,0.0064055294668109095,100.58006622094511,99.61880393274976,2025-01-07 12:07:00+00:00,12,7,12:07,500.0,0.19985945159507423,Lunch Session,Normal,None,Other,1.5,-1.0
2025-01-07 12:08:00+00:00,99.85262957150032,99.9624784489167,99.76275321725052,99.86261583308362,500,0.2246104651151501,0.21730840125729795,1.0336023081280064,100.022380418282,0.16304715030474953,100.3484747188915,99.6962861176725,0.006520426713417718,100.57151633233026,99.61880393274976,2025-01-07 12:08:00+00:00,12,8,12:08,500.0,0.19972523166617862,Lunch Session,Normal,None,Other,1.5,-1.0
2025-01-07 12:09:00+00:00,99.98141756819102,100.09140812657186,99.89142529315215,99.991416709862,500,0.2249091671417994,0.21751461780720632,1.033995643185449,100.01845970006299,0.16278866459446426,100.34403702925192,99.69288237087406,0.0065103447936566495,100.57151633233026,99.61880393274976,2025-01-07 12:09:00+00:00,12,9,12:09,500.0,0.19998283341971046,Lunch Session,Normal,None,Other,1.5,-1.0
2025-01-07 12:10:00+00:00,100.05659084800934,100.16666410526786,99.96653091025236,100.06659750776012,500,0.22313945484706346,0.217703418662786,1.0249699164931243,100.01028681801198,0.155548525459538,100.32138386893105,99.6991897670929,0.00622130104446505,100.47771925867671,99.61880393274976,2025-01-07 12:10:00+00:00,12,10,12:10,500.0,0.2001331950154963,Lunch Session,Normal,None,Other,1.5,-1.0
2025-01-07 12:11:00+00:00,100.03863428944884,100.14868779251756,99.94859051421082,100.0486391533642,500,0.2214935850941834,0.2178761959649325,1.0166029570749122,99.99908447401994,0.14323687318471434,100.28555822038936,99.71261072765051,0.005729527382700204,100.47771925867671,99.61880393274976,2025-01-07 12:11:00+00:00,12,11,12:11,500.0,0.2000972783067425,Lunch Session,Normal,None,Other,1.5,-1.0
2025-01-07 12:12:00+00:00,100.01358312237438,100.1236090664034,99.92356189544157,100.02358548092248,500,0.21996169837044446,0.21803297424280818,1.0088460203523546,99.98849774105017,0.13226183480300255,100.25302141065617,99.72397407144416,0.00529108198607142,100.45739083397623,99.61880393274976,2025-01-07 12:12:00+00:00,12,12,12:12,500.0,0.2000471709618381,Lunch Session,Squeeze,None,Other,1.5,-1.0
2025-01-07 12:13:00+00:00,100.0326745595651,100.14272150627528,99.9426361486204,100.04267882744784,500,0.2185419597479045,0.21817630069386146,1.001675979714021,99.97808447852039,0.11793384754874109,100.21395217361787,99.7422167834229,0.004718387961276795,100.3920558303418,99.61880393274976,2025-01-07 12:13:00+00:00,12,13,12:13,500.0,0.2000853576548849,Lunch Session,Squeeze,None,Other,1.5,-1.0
2025-01-07 12:14:00+00:00,100.12148854242268,100.23163319428453,100.03137019089934,100.13150169259193,500,0.2172363200077105,0.21830716867795177,0.9950947617674388,99.97720662776491,0.11665258759190586,100.21051180294873,99.7439014525811,0.00466716730849377,100.37295871923811,99.61880393274976,2025-01-07 12:14:00+00:00,12,14,12:14,500.0,0.20026300338518865,Lunch Session,Squeeze,None,Other,1.5,-1.0
2025-01-07 12:15:00+00:00,100.16227578625282,100.27246530856992,100.0721207225388,100.17229301555436,500,0.21602976758081133,0.21842651813284789,0.9890271997533796,99.98050492594382,0.12133419203533188,100.22317331001449,99.73783654187315,0.00485431403352913,100.37295871923811,99.61880393274976,2025-01-07 12:15:00+00:00,12,15,12:15,500.0,0.2003445860311217,Lunch Session,Squeeze,None,Other,1.5,-1.0
2025-01-07 12:16:00+00:00,100.09550901202506,100.20562508354544,100.00541404441748,100.10551956398146,500,0.214899858405608,0.2185351382201155,0.9833652389079602,99.98201634667655,0.12275698730424808,100.22753032128504,99.73650237206805,0.004911162698643866,100.37295871923811,99.61880393274976,2025-01-07 12:16:00+00:00,12,16,12:16,500.0,0.20021103912796434,Lunch Session,Squeeze,None,Other,1.5,-1.0
2025-01-07 12:17:00+00:00,100.0790739734811,100.18917196465102,99.9889937988875,100.08908288176929,500,0.213848308931173,0.21863389118259527,0.9781114344828381,99.98889073338003,0.12479645120772949,100.23848363579549,99.73929783096457,0.004992412668743294,100.37295871923811,99.61880393274976,2025-01-07 12:17:00+00:00,12,17,12:17,500.0,0.20017816576351777,Lunch Session,Squeeze,None,Other,1.5,-1.0
2025-01-07 12:18:00+00:00,100.2785563211068,100.38887376480436,100.18829659444512,100.28858517962476,500,0.21998706422430866,0.2188419130691804,1.0052327780317212,100.00375403184275,0.141663322377265,100.28708067659727,99.72042738708822,0.0056663201796266285,100.37295871923811,99.61880393274976,2025-01-07 12:18:00+00:00,12,18,12:18,500.0,0.20057717035923872,Lunch Session,Normal,Range Raid,Other,1.5,-1.0
2025-01-07 12:19:00+00:00,100.30475388502444,100.41510014892432,100.2144705781972,100.31478536356076,500,0.21860438611736738,0.21886717450960477,0.9987993247830507,100.02240457397468,0.15681763064350338,100.33603983526169,99.70876931268768,0.006271300167654846,100.38887376480436,99.61880393274976,2025-01-07 12:19:00+00:00,12,19,12:19,500.0,0.2006295707271306,Lunch Session,Normal,Range Raid,Other,1.5,-1.0
2025-01-07 12:20:00+00:00,100.39299319540171,100.50343653225032,100.30263046525285,100.4030334987516,500,0.21733307760880347,0.21888949485309747,0.9928894840506688,100.04719355229531,0.17570496436028907,100.3986034810159,99.69578362357473,0.007024883282446118,100.41510014892432,99.61880393274976,2025-01-07 12:20:00+00:00,12,20,12:20,500.0,0.2008060669974725,Lunch Session,Normal,Range Raid,Other,1.5,-1.0
2025-01-07 12:21:00+00:00,100.44821297605766,100.55871706073978,100.35780054313592,100.45825880193786,500,0.21616046617987877,0.2188058831847379,0.9879097537673354,100.07753402456666,0.1917811828269105,100.46109639022048,99.69397165891284,0.007665304094316725,100.50343653225032,99.61880393274976,2025-01-07 12:21:00+00:00,12,21,12:21,500.0,0.20091651760385787,Lunch Session,Normal,Range Raid,Other,1.5,-1.0
2025-01-07 12:22:00+00:00,100.4766797880305,100.58721518933744,100.3862417324157,100.48672846087658,500,0.21507567980429776,0.2186794432203795,0.9835203375177338,100.09445255204353,0.21219650177841012,100.51884555560035,99.67005954848672,0.008479850635801317,100.55871706073978,99.61880393274976,2025-01-07 12:22:00+00:00,12,22,12:22,500.0,0.2009734569217443,Lunch Session,Normal,Range Raid,Other,1.5,-1.0
2025-01-07 12:23:00+00:00,100.48860696725605,100.59915548977226,100.3981581761064,100.49865683293932,500,0.21407008222298018,0.2185620303485531,0.9794477196317707,100.11523434879139,0.2305750829226861,100.57638451463676,99.65408418294602,0.009212387482184118,100.58721518933744,99.61880393274976,2025-01-07 12:23:00+00:00,12,23,12:23,500.0,0.2009973136658516,Lunch Session,Normal,Range Raid,Other,1.5,-1.0
2025-01-07 12:24:00+00:00,100.57983076872203,100.6904796474555,100.48929986794012,100.58988975769782,500,0.21314934631529484,0.2183114772460609,0.976354285189744,100.1508691253068,0.2463812215473532,100.6436315684015,99.6581066822121,0.009840402732365111,100.59915548977226,99.61880393274976,2025-01-07 12:24:00+00:00,12,24,12:24,500.0,0.20117977951538535,Lunch Session,Normal,Range Raid,Other,1.5,-1.0
2025-01-07 12:25:00+00:00,100.6531441878237,100.76387371938344,100.56254729836571,100.66321050887458,500,0.21230485165118274,0.2179958880004263,0.9738938362487258,100.19810352799027,0.24966490115674259,100.69743333030375,99.69877372567679,0.009966851362091803,100.6904796474555,99.61880393274976,2025-01-07 12:25:00+00:00,12,25,12:25,500.0,0.20132642101772547,Lunch Session,Normal,Upside Sweep,Other,1.5,-1.0
2025-01-07 12:26:00+00:00,100.68071620328335,100.79147606709331,100.59009449652972,100.69078528181151,500,0.21152461728778382,0.21770219454260642,0.9716237253932983,100.24287950749772,0.2538833047180356,100.7506461169338,99.73511289806164,0.010130726729534868,100.76387371938344,99.61880393274976,2025-01-07 12:26:00+00:00,12,26,12:26,500.0,0.20138157056359773,Lunch Session,Normal,Upside Sweep,Other,1.5,-1.0
2025-01-07 12:27:00+00:00,100.61189803282244,100.72258218907416,100.52133826861647,100.62196022884532,500,0.21079028179991965,0.21742858089067965,0.9694690593869182,100.27749122906286,0.2561203908650756,100.78973201079302,99.7652504473327,0.010216465837982523,100.79147606709331,99.61880393274976,2025-01-07 12:27:00+00:00,12,27,12:27,500.0,0.20124392045768502,Lunch Session,Normal,None,Other,1.5,-1.0
2025-01-07 12:28:00+00:00,100.65170382727952,100.7624317742842,100.56110823427566,100.66177000427994,500,0.21011408595767758,0.21707166080612958,0.9679480277498502,100.31744893762269,0.25026003856481344,100.81796901475231,99.81692886049306,0.009978724188667212,100.79147606709331,99.61880393274976,2025-01-07 12:28:00+00:00,12,28,12:28,500.0,0.2013235400085307,Lunch Session,Normal,None,Other,1.5,-1.0
2025-01-07 12:29:00+00:00,100.64596604489344,100.75668767970627,100.5553756164102,100.65603164805825,500,0.2094853700532772,0.21673982282023727,0.9665292115100745,100.3506796845325,0.24881056402201837,100.84830081257653,99.85305855648846,0.00991764340029142,100.79147606709331,99.61880393274976,2025-01-07 12:29:00+00:00,12,29,12:29,500.0,0.2013120632960721,Lunch Session,Normal,None,Other,1.5,-1.0
2025-01-07 12:30:00+00:00,100.6159522666834,100.72664088303836,100.52538885330203,100.62601486817022,500,0.20889727431635197,0.2164313333017011,0.9651896106242306,100.378650552553,0.24662849001373172,100.87190753258047,99.88539357252553,0.009827926104051863,100.79147606709331,99.61880393274976,2025-01-07 12:30:00+00:00,12,30,12:30,500.0,0.20125202973632383,Pre-News,Normal,None,Other,1.5,-1.0
2025-01-07 12:31:00+00:00,100.8868500503576,100.99783668407636,100.79604280458771,100.89693974433204,500,0.22053474157276576,0.21634777724629375,1.0193529343345438,100.4210655821014,0.25949567461468975,100.94005693133079,99.90207423287202,0.010336304364447688,100.79147606709331,99.61880393274976,2025-01-07 12:31:00+00:00,12,31,12:31,500.0,0.20179387948864758,Pre-News,Normal,Upside False Breakout,Other,-1.0,-1.0
2025-01-07 12:32:00+00:00,100.73270675689204,100.84352381603053,100.64203825396056,100.74278103499556,500,0.22298950934410255,0.21633385760012205,1.0307656499903173,100.45702535980504,0.2512149831349593,100.95945532607496,99.95459539353513,0.010002883610586138,100.99783668407636,99.61880393274976,2025-01-07 12:32:00+00:00,12,32,12:32,500.0,0.20148556206996204,Pre-News,Normal,None,Other,1.5,-1.0
2025-01-07 12:33:00+00:00,100.83031493847344,100.94123937734965,100.73955857939288,100.84039897837128,500,0.22146745853072158,0.21632135290904778,1.0237891708445328,100.49691136735122,0.245222219077316,100.98735580550584,100.00646692919659,0.009760388284210652,100.99783668407636,99.61880393274976,2025-01-07 12:33:00+00:00,12,33,12:33,500.0,0.20168079795676874,Pre-News,Normal,None,Other,-1.0,-1.0
2025-01-07 12:34:00+00:00,100.7443765024359,100.85520639957828,100.65369749568302,100.75445194763066,500,0.22004184748533145,0.21630974662982771,1.0172535029680863,100.52805888010316,0.23574566658125784,100.99955021326568,100.05656754694064,0.009380293192069929,100.99783668407636,99.61880393274976,2025-01-07 12:34:00+00:00,12,34,12:34,500.0,0.20150890389525955,Pre-News,Normal,None,Other,1.5,-1.0
2025-01-07 12:35:00+00:00,100.75860215825035,100.86944770517913,100.6679103471268,100.76867902615297,500,0.21872009824011637,0.21618839961025493,1.0117106127545492,100.55787818063308,0.22588880095603972,101.00965578254517,100.106100578721,0.0089854243165424,100.99783668407636,99.61880393274976,2025-01-07 12:35:00+00:00,12,35,12:35,500.0,0.20153735805232031,Pre-News,Normal,None,Other,1.5,-1.0
2025-01-07 12:36:00+00:00,101.01875229802104,101.12988403872292,100.92782632835583,101.0288551835394,500,0.22889759212081906,0.21626628108056187,1.0584062895849764,100.60404496161098,0.22290579122130305,101.04985654405358,100.15823337916838,0.00886269697431583,100.99783668407636,99.69547042597104,2025-01-07 12:36:00+00:00,12,36,12:36,500.0,0.20205771036708597,Pre-News,Normal,Upside False Breakout,Other,-1.0,1.5
2025-01-07 12:37:00+00:00,100.92259096823932,101.03361692089965,100.83175155242633,100.932684236663,500,0.22696671900314064,0.21633967839251916,1.0491220135371568,100.64622502935568,0.19885031537533263,101.04392566010634,100.24852439860501,0.007902941826872586,101.12988403872292,99.76275321725052,2025-01-07 12:37:00+00:00,12,37,12:37,500.0,0.20186536847332093,Pre-News,Normal,None,Other,-1.0,1.5
2025-01-07 12:38:00+00:00,100.85057079996568,100.96151752251788,100.7597962087866,100.86065686565225,500,0.22516347576943657,0.21640883593803084,1.040454169967037,100.67482861365704,0.1853870716233539,101.04560275690375,100.30405447041034,0.007365776497510891,101.12988403872292,99.76275321725052,2025-01-07 12:38:00+00:00,12,38,12:38,500.0,0.20172131373128366,Pre-News,Normal,None,Other,-1.0,1.5
2025-01-07 12:39:00+00:00,100.84981303813193,100.96075892706274,100.75903912900668,100.85989902803472,500,0.22348892736133832,0.21647397950110359,1.032405501466743,100.70208429688074,0.16901594928703967,101.04011619545481,100.36405239830667,0.006713503517514453,101.12988403872292,99.89142529315215,2025-01-07 12:39:00+00:00,12,39,12:39,500.0,0.201719798056061,Pre-News,Normal,None,Other,-1.0,1.5
2025-01-07 12:40:00+00:00,100.76541519906324,100.8762682410864,100.67471725558974,100.77549274833808,500,0.22192193151386078,0.21652256557775734,1.0249367354469316,100.72070725936007,0.15420126243732044,101.0291097842347,100.41230473448543,0.006123914997548372,101.12988403872292,99.92356189544157,2025-01-07 12:40:00+00:00,12,40,12:40,500.0,0.2015509854966524,Pre-News,Normal,None,Other,-1.0,1.5
2025-01-07 12:41:00+00:00,100.855545443232,100.96649763843904,100.7647663744262,100.86563200643263,500,0.22047974097807324,0.21656884381581595,1.0180584478050931,100.7410759195848,0.14429664265189904,101.0296692048886,100.452482634281,0.005729406454506599,101.12988403872292,99.92356189544157,2025-01-07 12:41:00+00:00,12,41,12:41,500.0,0.20173126401283525,Pre-News,Normal,None,Other,-1.0,1.5
2025-01-07 12:42:00+00:00,100.80265761268136,100.9135516254566,100.71192614768346,100.81273888657005,500,0.21913300789200724,0.21661290147755227,1.0116341473534813,100.75737644086948,0.13193653014238238,101.02124950115424,100.49350338058471,0.005237791407552628,101.12988403872292,99.92356189544157,2025-01-07 12:42:00+00:00,12,42,12:42,500.0,0.201625477773149,Pre-News,Squeeze,None,Other,-1.0,1.5
2025-01-07 12:43:00+00:00,100.86961377639784,100.98058144831904,100.7788220448259,100.87970174657248,500,0.21789203614923114,0.21665521201507007,1.0057087208872457,100.77642868655114,0.11953981836314989,101.01550832327744,100.53734904982484,0.004744753110271865,101.12988403872292,99.9426361486204,2025-01-07 12:43:00+00:00,12,43,12:43,500.0,0.20175940349314203,Pre-News,Squeeze,None,Other,-1.0,1.5
2025-01-07 12:44:00+00:00,100.7366354092682,100.84745679035647,100.64596337019596,100.74671008027624,500,0.2190239175940376,0.2167340803835114,1.010565192176857,100.78426970268006,0.11153531142860612,101.00734032553727,100.56119907982286,0.004426695227643755,101.12988403872292,99.9889937988875,2025-01-07 12:44:00+00:00,12,44,12:44,500.0,0.2014934201605172,Pre-News,Squeeze,None,Other,-1.0,1.5
2025-01-07 12:45:00+00:00,100.55579117131188,100.66641360384357,100.4652819083314,100.56584775608748,500,0.22348136433338056,0.2169037033745377,1.0303252588891252,100.77940156504071,0.11897395364687922,101.01734947233447,100.54145365774696,0.004722153606760452,101.12988403872292,99.9889937988875,2025-01-07 12:45:00+00:00,12,45,12:45,500.0,0.20113169551216004,Pre-News,Squeeze,None,Other,-1.0,1.5
2025-01-07 12:46:00+00:00,100.53377337437,100.64437158490286,100.44328392938856,100.54382775714572,500,0.22188181370344623,0.21706213582889797,1.0222041391795178,100.7720536888074,0.12886214153343237,101.02977797187427,100.51432940574054,0.005114995152579466,101.12988403872292,99.9889937988875,2025-01-07 12:46:00+00:00,12,46,12:46,500.0,0.20108765551429997,Pre-News,Squeeze,None,Other,-1.0,1.5
2025-01-07 12:47:00+00:00,100.37721273276186,100.48763870936556,100.28686420644976,100.38725145790764,500,0.22438765206005415,0.21727669191701174,1.032727671248596,100.76031825026054,0.15188185829703207,101.0640819668546,100.45655453366648,0.0060294314640729485,101.12988403872292,99.9889937988875,2025-01-07 12:47:00+00:00,12,47,12:47,500.0,0.20077450291579169,Pre-News,Normal,None,Other,-1.0,-1.0
2025-01-07 12:48:00+00:00,100.53073338707284,100.6413282532852,100.4402466783536,100.5407874658194,500,0.2265083051541615,0.21753999013759198,1.0412260523267338,100.7542691233375,0.1582875545389236,101.07084423241534,100.43769401425965,0.006284103131953901,101.12988403872292,100.18829659444512,2025-01-07 12:48:00+00:00,12,48,12:48,500.0,0.2010815749315924,Pre-News,Normal,None,Other,-1.0,1.5
2025-01-07 12:49:00+00:00,100.37806247185068,100.48848938326084,100.2877131806969,100.38810128197888,500,0.22840587515190058,0.21784749875071893,1.048466824093599,100.74087260503354,0.17724247455764822,101.09535755414885,100.38638765591824,0.007037559630937545,101.12988403872292,100.2144705781972,2025-01-07 12:49:00+00:00,12,49,12:49,500.0,0.20077620256394368,Pre-News,Normal,None,Other,-1.0,1.5
2025-01-07 12:50:00+00:00,100.2749582618006,100.38527174723713,100.18470177371618,100.28498676047666,500,0.22661970608838566,0.21806512029454578,1.0392295007210919,100.72382119964885,0.2033544476235481,101.13053009489595,100.31711230440176,0.008075724101867382,101.12988403872292,100.28686420644976,2025-01-07 12:50:00+00:00,12,50,12:50,500.0,0.20056997352094186,Pre-News,Normal,Range Raid,Other,-1.0,1.5
2025-01-07 12:51:00+00:00,100.3174457267676,100.42780595308966,100.22715099614044,100.32747847461503,500,0.224765081149874,0.21826732790057884,1.0297697017313323,100.695348136163,0.21723269288291533,101.12981352192884,100.26088275039717,0.008629304010714317,101.12988403872292,100.18470177371618,2025-01-07 12:51:00+00:00,12,51,12:51,500.0,0.2006549569492222,Pre-News,Normal,None,Other,-1.0,1.5
2025-01-07 12:52:00+00:00,100.25964302678476,100.36993966377791,100.16940032379036,100.26966999378416,500,0.22303467106685138,0.21845517389154645,1.0209630978004598,100.67169258410243,0.2366844571006865,101.1450614983038,100.19832366990106,0.009404210896840034,101.12988403872292,100.18470177371618,2025-01-07 12:52:00+00:00,12,52,12:52,500.0,0.20053933998755724,Pre-News,Normal,Range Raid,Other,-1.0,1.5
2025-01-07 12:53:00+00:00,100.10852658714184,100.21865697942692,100.01841990254496,100.11853844098594,500,0.22505005822201915,0.2186900168392105,1.0290824495545436,100.63559955723318,0.26316241125327866,101.16192437973973,100.10927473472663,0.01046001265600296,101.12988403872292,100.16940032379036,2025-01-07 12:53:00+00:00,12,53,12:53,500.0,0.20023707688196168,Pre-News,Normal,Range Raid,Other,-1.0,-1.0
2025-01-07 12:54:00+00:00,100.3139559682569,100.4243123554607,100.22366437872653,100.32398836709362,500,0.23081604795435748,0.21903158467802297,1.0538025750654076,100.6140763782063,0.2704329217000075,101.15494222160632,100.0732105348063,0.01075129570075084,101.12988403872292,100.01841990254496,2025-01-07 12:54:00+00:00,12,54,12:54,500.0,0.20064797673417445,Pre-News,Normal,None,Other,-1.0,1.5
2025-01-07 12:55:00+00:00,100.21453056353364,100.32477757185433,100.12432846581667,100.22455301883552,500,0.22864698067459283,0.2193490363044604,1.042388808844488,100.58687007784044,0.28121616996973114,101.14930241777991,100.02443773790098,0.01118301701811016,101.12988403872292,100.01841990254496,2025-01-07 12:55:00+00:00,12,55,12:55,500.0,0.2004491060376523,Pre-News,Normal,None,Other,-1.0,1.5
2025-01-07 12:56:00+00:00,100.19586656300343,100.30609303887032,100.1056812645669,100.2058871517186,500,0.22663018021950895,0.21964412375758657,1.0318062525070448,100.54572167624941,0.27323611228380484,101.09219390081702,99.9992494516818,0.010870123869162987,101.12988403872292,100.01841990254496,2025-01-07 12:56:00+00:00,12,56,12:56,500.0,0.2004117743034186,Pre-News,Normal,None,Other,-1.0,-1.0
2025-01-07 12:57:00+00:00,100.17591028347536,100.28611480523934,100.08574294748662,100.18592887636298,500,0.22475458575759502,0.21989042432236747,1.0221208424615003,100.5083839082344,0.26855658477998,101.04549707779437,99.97127073867445,0.010687927686716179,101.12988403872292,100.01841990254496,2025-01-07 12:57:00+00:00,12,57,12:57,500.0,0.20037185775271382,Pre-News,Normal,None,Other,-1.0,-1.0
2025-01-07 12:58:00+00:00,100.24809390259882,100.35837783428484,100.15786159485572,100.25811971457028,500,0.22302327530556113,0.22011976722895973,1.0131905830773538,100.47825705068031,0.260638237341577,100.99953352536346,99.95698057599716,0.010375905991685766,101.12988403872292,100.01841990254496,2025-01-07 12:58:00+00:00,12,58,12:58,500.0,0.20051623942912045,Pre-News,Normal,None,Other,-1.0,1.5
2025-01-07 12:59:00+00:00,100.29545752171168,100.40579355858924,100.20518258244822,100.30548807051872,500,0.2214223967938083,0.22033359448400872,1.0049416082570133,100.45053650280451,0.24703968045453814,100.9446158637136,99.95645714189543,0.009837266740636848,101.12988403872292,100.01841990254496,2025-01-07 12:59:00+00:00,12,59,12:59,500.0,0.20061097614102152,Pre-News,Normal,None,Other,-1.0,1.5
2025-01-07 13:00:00+00:00,100.213569535577,100.32381548666125,100.12336830287173,100.22359189476649,500,0.21992416729350206,0.22053290154932184,0.9972397122989667,100.42294146012593,0.23954134207077404,100.90202414426747,99.94385877598438,0.009541299571109864,101.12988403872292,100.01841990254496,2025-01-07 13:00:00+00:00,13,0,13:00,500.0,0.20044718378952098,Pre-News,Normal,None,Other,-1.0,1.5
2025-01-07 13:01:00+00:00,100.1819243602274,100.29213549813744,100.09175161102829,100.19194355458283,500,0.2185284329946201,0.2207187830961556,0.9900762858927992,100.38925703753344,0.22063465189606457,100.83052634132557,99.94798773374131,0.00879116584411307,101.12988403872292,100.01841990254496,2025-01-07 13:01:00+00:00,13,1,13:01,500.0,0.20038388710915456,Pre-News,Normal,None,Other,-1.0,-1.0
2025-01-07 13:02:00+00:00,100.16019501027522,100.27038224350984,100.07004181944689,100.17021203147836,500,0.21722928949950138,0.2206572010936005,0.9844649910489662,100.35713069477885,0.20169220204733282,100.76051509887351,99.95374629068418,0.008038978422400284,101.12988403872292,100.01841990254496,2025-01-07 13:02:00+00:00,13,2,13:02,500.0,0.20034042406295782,Pre-News,Normal,None,Other,-1.0,-1.0
2025-01-07 13:03:00+00:00,100.23624139603272,100.3465122886576,100.14601975661236,100.24626602263498,500,0.2160338068241974,0.22060040648438184,0.9792992237278232,100.32545890858198,0.16092881288360056,100.64731653434917,100.00360128281478,0.006416270192404014,101.12988403872292,100.01841990254496,2025-01-07 13:03:00+00:00,13,3,13:03,500.0,0.20049253204524575,Pre-News,Normal,None,Other,-1.0,1.5
2025-01-07 13:04:00+00:00,100.1202027789714,100.230346016352,100.03008558475088,100.13021580055144,500,0.21604428047133367,0.22044109312470747,0.9800544780873208,100.29463419459574,0.13253155239801084,100.55969729939177,100.02957108979972,0.005285688649738553,101.12988403872292,100.01841990254496,2025-01-07 13:04:00+00:00,13,4,13:04,500.0,0.20026043160112295,Pre-News,Squeeze,None,Other,-1.0,-1.0
2025-01-07 13:05:00+00:00,100.323463667277,100.43383051399567,100.23316351996174,100.33349701697873,500,0.22229931139796935,0.22034699788453874,1.008860177502639,100.28301665764029,0.11675025413426371,100.51651716590882,100.04951614937175,0.004656830559170149,101.12988403872292,100.01841990254496,2025-01-07 13:05:00+00:00,13,5,13:05,500.0,0.20066699403393784,Pre-News,Squeeze,None,Other,-1.0,1.5
2025-01-07 13:06:00+00:00,100.248331142459,100.35861533513496,100.15809862117864,100.2583569781568,500,0.2207434115807086,0.22026072633125465,1.0021914267581593,100.26874311869085,0.09933802125018633,100.46741916119122,100.07006707619048,0.003962870907141787,101.12988403872292,100.01841990254496,2025-01-07 13:06:00+00:00,13,6,13:06,500.0,0.20051671395631843,Pre-News,Squeeze,None,Other,-1.0,1.5
2025-01-07 13:07:00+00:00,100.24845651342544,100.35874084402327,100.15822387929995,100.25848236166162,500,0.21929866537660941,0.22014029219016487,0.9961768615586808,100.26230466387855,0.09534557354991342,100.45299581097838,100.07161351677873,0.0038038452784245028,101.03361692089965,100.01841990254496,2025-01-07 13:07:00+00:00,13,7,13:07,500.0,0.20051696472332026,Pre-News,Squeeze,None,Other,-1.0,1.5
2025-01-07 13:08:00+00:00,100.133238109761,100.24339568743947,100.0431091825695,100.1432524350045,500,0.2190182734991463,0.22004708899656483,0.9953245666547554,100.24242791233782,0.07306948628841006,100.38856688491464,100.096288939761,0.0029157109543400165,100.98058144831904,100.01841990254496,2025-01-07 13:08:00+00:00,13,8,13:08,500.0,0.2002865048699789,Pre-News,Squeeze,None,Other,-1.0,1.5
2025-01-07 13:09:00+00:00,100.00433361929052,100.1143493878486,99.914320717743,100.0143350527958,500,0.21972637662502892,0.21996070915461866,0.9989346618744305,100.22373960087864,0.08119645083968684,100.38613250255801,100.06134669919928,0.0032406075112755917,100.98058144831904,100.01841990254496,2025-01-07 13:09:00+00:00,13,9,13:09,500.0,0.20002867010560976,Pre-News,Squeeze,None,Other,-1.0,1.5
2025-01-07 13:10:00+00:00,99.9179243849583,100.02784509385263,99.82798925949928,99.92791717667596,500,0.2183070521770524,0.21988016911011848,0.9928455715700389,100.20588612168862,0.1032750967762994,100.41243631524122,99.99933592813602,0.004122516182368166,100.98058144831904,99.914320717743,2025-01-07 13:10:00+00:00,13,10,13:10,500.0,0.1998558343533574,Pre-News,Squeeze,Downside Stop Hunt,Other,-1.0,1.5
2025-01-07 13:11:00+00:00,99.82199697635257,99.93181215454436,99.73214819419562,99.83198017437,500,0.21697540276074465,0.21980486607122784,0.9871273854803273,100.18111120667638,0.12883980170041395,100.43879081007721,99.92343160327555,0.0051442752091106474,100.98058144831904,99.82798925949928,2025-01-07 13:11:00+00:00,13,11,13:11,500.0,0.19966396034874379,Pre-News,Squeeze,Downside Stop Hunt,Other,-1.0,1.5
2025-01-07 13:12:00+00:00,99.7816513884528,99.89142218205946,99.69183892095646,99.79163055150796,500,0.2157331069280487,0.21973438954718788,0.9817903668725468,100.15720923456256,0.1535236364623416,100.46425650748724,99.85016196163788,0.006131306478509998,100.98058144831904,99.73214819419562,2025-01-07 13:12:00+00:00,13,12,13:12,500.0,0.19958326110300106,Pre-News,Normal,Downside Stop Hunt,Other,-1.0,1.5
2025-01-07 13:13:00+00:00,99.68501328477764,99.79467776583898,99.59528780027289,99.69498278305592,500,0.2145657396879094,0.21966811921285465,0.9767723257101267,100.13603145166606,0.1851043126297169,100.5062400769255,99.76582282640662,0.007394114184325955,100.98058144831904,99.69183892095646,2025-01-07 13:13:00+00:00,13,13,13:13,500.0,0.19938996556609823,Pre-News,Normal,Downside Stop Hunt,Other,-1.0,1.5
2025-01-07 13:14:00+00:00,99.75537110491392,99.86511298731756,99.66558229203822,99.7653476396779,500,0.21349180794443987,0.2196057106784668,0.972159636854897,100.10809941529527,0.19701499245984508,100.50212940021495,99.71406943037559,0.00787209001511581,100.84745679035647,99.59528780027289,2025-01-07 13:14:00+00:00,13,14,13:14,500.0,0.19953069527933565,Pre-News,Normal,None,Other,-1.0,1.5
2025-01-07 13:15:00+00:00,99.67829160402268,99.78794869049575,99.58857216963564,99.6882604300657,500,0.21248357315270225,0.2195466074379983,0.9678289982809654,100.08128478585678,0.21591982948452368,100.51312444482583,99.64944512688773,0.008629778482421722,100.66641360384357,99.59528780027289,2025-01-07 13:15:00+00:00,13,15,13:15,500.0,0.19937652086011326,Pre-News,Normal,Downside Stop Hunt,Other,-1.0,1.5
2025-01-07 13:16:00+00:00,99.59023330491884,99.69979351757551,99.50059313092704,99.60019332425128,500,0.21153477411668573,0.2194905226998496,0.9637535667358028,100.05100009448341,0.23878927913294878,100.52857865274932,99.57342153621751,0.009546702338105596,100.64437158490286,99.58857216963564,2025-01-07 13:16:00+00:00,13,16,13:16,500.0,0.19920038664847084,Pre-News,Normal,Downside Stop Hunt,Other,-1.0,1.5
2025-01-07 13:17:00+00:00,99.55210064866898,99.66161891120876,99.46249479750009,99.56205685435442,500,0.21064829837325658,0.219437189190551,0.9599480341061857,100.01980649338297,0.2600389624292272,100.53988441824143,99.49972856852452,0.01039949872114304,100.6413282532852,99.50059313092704,2025-01-07 13:17:00+00:00,13,17,13:17,500.0,0.19912411370867744,Pre-News,Normal,Downside Stop Hunt,Other,-1.0,-1.0
2025-01-07 13:18:00+00:00,99.65198544146112,99.76161358826138,99.56228968498814,99.66195163662476,500,0.20985604376852107,0.2192683388496212,0.9570740804145221,99.9899980894857,0.2653975236765263,100.52079313683875,99.45920304213264,0.010616962846184262,100.6413282532852,99.46249479750009,2025-01-07 13:18:00+00:00,13,18,13:18,500.0,0.199323903273239,Pre-News,Normal,None,Other,-1.0,1.5
2025-01-07 13:19:00+00:00,99.67439731849396,99.78405012082452,99.5846813893144,99.68436575506948,500,0.20910695003577812,0.21911004824826139,0.9543466933969669,99.95894197371325,0.26286564659839645,100.48467326691005,99.43321068051645,0.010518944735030374,100.48848938326084,99.46249479750009,2025-01-07 13:19:00+00:00,13,19,13:19,500.0,0.1993687315101198,Pre-News,Normal,None,Other,-1.0,1.5
2025-01-07 13:20:00+00:00,99.66545796954566,99.77510093760895,99.57575008658476,99.67542551209688,500,0.20841008582066486,0.21896133171845908,0.9518122866033669,99.93153365457977,0.26239647574755176,100.45632660607487,99.40674070308467,0.010503050084452502,100.43383051399567,99.46249479750009,2025-01-07 13:20:00+00:00,13,20,13:20,500.0,0.19935085102419237,Pre-News,Normal,None,Other,-1.0,1.5
2025-01-07 13:21:00+00:00,99.5237304270718,99.63321747924678,99.43415011165588,99.53368379545134,500,0.21075760829354578,0.2188712840870202,0.9629294641034384,99.8986206666232,0.26920860607133007,100.43703787876586,99.36020345448054,0.010779272197149572,100.43383051399567,99.46249479750009,2025-01-07 13:21:00+00:00,13,21,13:21,500.0,0.19906736759089938,Pre-News,Normal,Downside Stop Hunt,Other,-1.0,1.5
2025-01-07 13:22:00+00:00,99.41106287744948,99.5204259829252,99.32158397296932,99.42100497794726,500,0.21085348073557947,0.21880091410254154,0.9636773301448024,99.86116031394664,0.281282917533519,100.42372614901367,99.29859447887961,0.011266959712833726,100.43383051399567,99.43415011165588,2025-01-07 13:22:00+00:00,13,22,13:22,500.0,0.1988420099558823,Pre-News,Normal,Downside False Breakout,Other,-1.0,1.5
2025-01-07 13:23:00+00:00,99.28504883277418,99.39427330893784,99.19568335227665,99.29497833060724,500,0.21188691965951073,0.21876452805981705,0.9685615924057589,99.81359592934525,0.2929244317828776,100.39944479291101,99.2277470657795,0.011738858982306598,100.43383051399567,99.32158397296932,2025-01-07 13:23:00+00:00,13,23,13:23,500.0,0.19858995666119483,Pre-News,Normal,Downside False Breakout,Other,-1.0,-1.0
2025-01-07 13:24:00+00:00,99.41587859358133,99.5252469968746,99.3263953545232,99.4258211756989,500,0.21319990156007165,0.21876537064723003,0.97455964318899,99.77837619810262,0.2951897034395759,100.36875560498177,99.18799679122347,0.01183381468760318,100.43383051399567,99.19568335227665,2025-01-07 13:24:00+00:00,13,24,13:24,500.0,0.19885164235139996,Pre-News,Normal,None,Other,-1.0,1.5
2025-01-07 13:25:00+00:00,99.46963367910224,99.57906121890322,99.3801020556287,99.47958163726597,500,0.21218270596824676,0.21876333488584773,0.9699189586726917,99.73568042911698,0.27147382849227764,100.27862808610153,99.19273277213243,0.01088773154498965,100.43383051399567,99.19568335227665,2025-01-07 13:25:00+00:00,13,25,13:25,500.0,0.19895916327452312,Pre-News,Normal,None,Other,-1.0,1.5
2025-01-07 13:26:00+00:00,99.38495935935713,99.49429374809128,99.2955039503928,99.39489884924204,500,0.21122606966326352,0.21875835909210573,0.9655679926467595,99.69250752267125,0.2519321195977805,100.19637176186681,99.18864328347568,0.010108367252794402,100.43383051399567,99.19568335227665,2025-01-07 13:26:00+00:00,13,26,13:26,500.0,0.19878979769848115,Pre-News,Normal,None,Other,-1.0,1.5
2025-01-07 13:27:00+00:00,99.32987842513025,99.43915221877722,99.2404725939645,99.33981240637088,500,0.2103298950310823,0.21875068597929176,0.9615050763817644,99.64657402490671,0.22569129675290472,100.09795661841252,99.1951914314009,0.00905967110104536,100.43383051399567,99.19568335227665,2025-01-07 13:27:00+00:00,13,27,13:27,500.0,0.19867962481272627,Pre-News,Normal,None,Other,-1.0,-1.0
2025-01-07 13:28:00+00:00,99.248928754263,99.35811349436668,99.15959578508723,99.25885463972698,500,0.2094861674773938,0.21874022067128704,0.9576938655109075,99.60235413514283,0.20930003303527148,100.02095420121337,99.1837540690723,0.008405425146931215,100.43383051399567,99.19568335227665,2025-01-07 13:28:00+00:00,13,28,13:28,500.0,0.198517709279443,Pre-News,Normal,Downside Stop Hunt,Other,1.5,-1.0
2025-01-07 13:29:00+00:00,99.1620385242458,99.27112767553758,99.07278376409796,99.17195571981776,500,0.20869029204612438,0.21872696937116784,0.9541132154214976,99.56023516849393,0.20677446970523783,99.97378410790441,99.14668622908346,0.008307512305703025,100.43383051399567,99.15959578508723,2025-01-07 13:29:00+00:00,13,29,13:29,500.0,0.19834391143962193,Pre-News,Normal,Downside Stop Hunt,Other,1.5,-1.0
2025-01-07 13:30:00+00:00,99.20868550142218,99.31782596952054,99.11938875479623,99.2186073621584,500,0.20795792938028035,0.2187113136222333,0.9508329767497687,99.52476967776805,0.20114428225429548,99.92705824227664,99.12248111325945,0.008084189811462757,100.43383051399567,99.07278376409796,2025-01-07 13:30:00+00:00,13,30,13:30,500.0,0.19843721472430786,Post-News,Normal,None,Other,1.5,-1.0
2025-01-07 13:31:00+00:00,99.18115531826734,99.29026550013562,99.0918833512842,99.19107442570991,500,0.20727394505679048,0.21849030034696704,0.94866428728248,99.49272439033504,0.20067749021213388,99.89407937075931,99.09136940991077,0.00806802674032035,100.43383051399567,99.07278376409796,2025-01-07 13:31:00+00:00,13,31,13:31,500.0,0.19838214885142236,Post-News,Normal,None,Other,1.5,-1.0
2025-01-07 13:32:00+00:00,99.38877676108278,99.4981153493788,99.29931791611332,99.39871663274606,500,0.2144001578147978,0.21834714448814532,0.9819233419214153,99.47307869439695,0.18875368862217307,99.85058607164129,99.0955713171526,0.007590141618198573,100.43383051399567,99.07278376409796,2025-01-07 13:32:00+00:00,13,32,13:32,500.0,0.19879743326548294,Post-News,Normal,None,Other,1.5,-1.0
2025-01-07 13:33:00+00:00,99.5141213553732,99.62359783651222,99.42454968898672,99.52407376274948,500,0.2151488039541808,0.2182418335785363,0.9858275126558518,99.46453324338162,0.18192388839013088,99.82838102016188,99.10068546660136,0.0073161309849000215,100.43383051399567,99.07278376409796,2025-01-07 13:33:00+00:00,13,33,13:33,500.0,0.19904814752550237,Post-News,Normal,None,Other,1.5,-1.0
2025-01-07 13:34:00+00:00,99.64551494866872,99.75513597721508,99.55582501622166,99.65548049671838,500,0.21628547613356752,0.21817922738934026,0.9913202036764328,99.45903988623365,0.17384169072605987,99.80672326768577,99.11135650478154,0.006991488794780492,100.43383051399567,99.07278376409796,2025-01-07 13:34:00+00:00,13,34,13:34,500.0,0.19931096099341516,Post-News,Normal,None,Other,1.5,-1.0
2025-01-07 13:35:00+00:00,99.71343225063744,99.82312799568766,99.62368118650546,99.72340459109655,500,0.21508271420846925,0.21811860432214614,0.9860814710276017,99.4607970942852,0.1764388397262941,99.81367477373779,99.10791941483261,0.007095814426624281,100.43383051399567,99.07278376409796,2025-01-07 13:35:00+00:00,13,35,13:35,500.0,0.1994468091821915,Post-News,Normal,None,Other,1.5,-1.0
2025-01-07 13:36:00+00:00,99.6722930871761,99.78194357462073,99.58257905199412,99.68226131330744,500,0.21395998623833642,0.21786964422410474,0.9820550586581637,99.464900493738,0.18075295043849798,99.82640639461499,99.10339459286101,0.0072690144781223836,100.35874084402327,99.07278376409796,2025-01-07 13:36:00+00:00,13,36,13:36,500.0,0.19936452262660964,Post-News,Normal,None,Other,1.5,-1.0
2025-01-07 13:37:00+00:00,99.73289141204393,99.84260856431236,99.64312283291515,99.74286569861376,500,0.2129261108925412,0.21763563408892808,0.9783605142783626,99.47394093595098,0.19014560315126816,99.85423214225351,99.09364972964845,0.007646046848538779,100.35874084402327,99.07278376409796,2025-01-07 13:37:00+00:00,13,37,13:37,500.0,0.19948573139720338,Post-News,Normal,None,Other,1.5,-1.0
2025-01-07 13:38:00+00:00,99.6991043721138,99.8087843549214,99.6093662043621,99.70907527964177,500,0.2119612565830237,0.21741559710248787,0.9749128370174241,99.47629711810183,0.19287039030694428,99.86203789871571,99.09055633748794,0.0077554310280753885,100.24339568743947,99.07278376409796,2025-01-07 13:38:00+00:00,13,38,13:38,500.0,0.19941815055929624,Post-News,Normal,None,Other,1.5,-1.0
2025-01-07 13:39:00+00:00,99.8627726191515,99.97263265503616,99.77288713524588,99.87275989514102,500,0.21564669364097905,0.21728489320714856,0.9924605915211614,99.4857168251054,0.20760492844434308,99.90092668199408,99.07050696821672,0.008347124997221731,100.1143493878486,99.07278376409796,2025-01-07 13:39:00+00:00,13,39,13:39,500.0,0.19974551979028377,Post-News,Normal,None,Other,1.5,-1.0
2025-01-07 13:40:00+00:00,99.90415227775972,100.01405783582103,99.8142295484368,99.91414369212892,500,0.2145168074797831,0.21716147447324724,0.987821656673316,99.497652734107,0.22520250489011123,99.94805774388723,99.04724772432678,0.009053580610265614,100.02784509385263,99.07278376409796,2025-01-07 13:40:00+00:00,13,40,13:40,500.0,0.19982828738423564,Post-News,Normal,None,Other,1.5,-1.0
2025-01-07 13:41:00+00:00,99.93136591428969,100.041301410345,99.84141869024442,99.94136005029472,500,0.2134715155241254,0.21704467071568148,0.9835372359995112,99.51803654684917,0.24611455875427973,100.01026566435773,99.02580742934062,0.009892259425291927,100.01405783582103,99.07278376409796,2025-01-07 13:41:00+00:00,13,41,13:41,500.0,0.19988272010057528,Post-News,Normal,Range Raid,Other,1.5,-1.0
2025-01-07 13:42:00+00:00,99.94506471151963,100.05501527775893,99.85510515732383,99.9550602175414,500,0.21250284444633732,0.21693416799158696,0.97957295714974,99.54473930882888,0.26339773387709153,100.07153477658306,99.0179438410747,0.010584094577210086,100.041301410345,99.07278376409796,2025-01-07 13:42:00+00:00,13,42,13:42,500.0,0.19991012043509215,Post-News,Normal,Range Raid,Other,-1.0,-1.0
2025-01-07 13:43:00+00:00,100.1201483797014,100.2302915572368,100.03003123444516,100.130161395841,500,0.21698345124984147,0.21691902490993045,1.000297006405675,99.58649846209056,0.28687526118475837,100.16024898446008,99.01274793972104,0.011522656810509931,100.05501527775893,99.07278376409796,2025-01-07 13:43:00+00:00,13,43,13:43,500.0,0.2002603227916353,Post-News,Normal,Range Raid,Other,-1.0,1.5
2025-01-07 13:44:00+00:00,99.97770371190572,100.08769018463607,99.88771477967178,99.98770248215394,500,0.21880224874408266,0.21691533042909789,1.008698870251596,99.61459252741332,0.2976232906263701,100.20983910866606,99.01934594616058,0.011950991639883076,100.2302915572368,99.07278376409796,2025-01-07 13:44:00+00:00,13,44,13:44,500.0,0.19997540496429167,Post-News,Normal,None,Other,-1.0,-1.0
2025-01-07 13:45:00+00:00,100.162662160285,100.27285210765604,100.0725067487996,100.17267942822782,500,0.22354134708394108,0.21691633014160722,1.030541808161741,99.64924741696142,0.32054449238365756,100.29033640172874,99.0081584321941,0.012866910717043736,100.2302915572368,99.07278376409796,2025-01-07 13:45:00+00:00,13,45,13:45,500.0,0.20034535885643834,Post-News,Normal,Range Raid,Other,-1.0,1.5
2025-01-07 13:46:00+00:00,100.1450196799214,100.25519021862316,100.0548801482563,100.15503518343974,500,0.22188197017557768,0.21691633274947605,1.0228919480758354,99.6872542336713,0.3335979591665817,100.35445015200446,99.02005831533813,0.013385781832634837,100.27285210765604,99.07278376409796,2025-01-07 13:46:00+00:00,13,46,13:46,500.0,0.20031007036685367,Post-News,Normal,None,Other,-1.0,1.5
2025-01-07 13:47:00+00:00,100.00529987079196,100.11531670233298,99.91528609953112,100.01530140093206,500,0.2231581925850807,0.21689584175822654,1.0288726181935512,99.72102868339934,0.3307526679960136,100.38253401939137,99.0595233474073,0.013267118174085862,100.27285210765604,99.07278376409796,2025-01-07 13:47:00+00:00,13,47,13:47,500.0,0.2000306028018599,Post-News,Normal,None,Other,-1.0,1.5
2025-01-07 13:48:00+00:00,99.93110250242252,100.0410377086958,99.84115551547166,99.94109661208374,500,0.22149562120215646,0.21681229702569307,1.0216008235727903,99.7551407820172,0.3154029637657054,100.3859467095486,99.12433485448578,0.012647086106766885,100.27285210765604,99.07278376409796,2025-01-07 13:48:00+00:00,13,48,13:48,500.0,0.19988219322414125,Post-News,Normal,None,Other,-1.0,1.5
2025-01-07 13:49:00+00:00,99.7672692698002,99.87702424149415,99.67746974750516,99.77724699449966,500,0.2245049957290441,0.21674728236864552,1.0357915138571574,99.78540534575129,0.28397243685638296,100.35335021946405,99.21746047203852,0.011383325482215797,100.27285210765604,99.07278376409796,2025-01-07 13:49:00+00:00,13,49,13:49,500.0,0.19955449398899816,Post-News,Normal,None,Other,-1.0,-1.0
2025-01-07 13:50:00+00:00,99.83350246666276,99.9433303021596,99.74364332852892,99.84348681534428,500,0.22273227986487498,0.216682491931587,1.027920058881352,99.81664931841058,0.2507626618877007,100.31817464218598,99.31512399463519,0.010048931259464615,100.27285210765604,99.07278376409796,2025-01-07 13:50:00+00:00,13,50,13:50,500.0,0.19968697363067633,Post-News,Normal,None,Other,-1.0,1.5
2025-01-07 13:51:00+00:00,99.73089714307446,99.84061210142764,99.64113035896727,99.74087123019748,500,0.2212768639014556,0.21662435497744667,1.0214773123017185,99.84413915863496,0.2044300015714371,100.25299916177784,99.43527915549208,0.008189965011231546,100.27285210765604,99.07278376409796,2025-01-07 13:51:00+00:00,13,51,13:51,500.0,0.19948174246036388,Post-News,Normal,None,Other,-1.0,-1.0
2025-01-07 13:52:00+00:00,99.74871742162188,99.85845198424192,99.65893459766004,99.758693290951,500,0.21972261552148653,0.2165691540516906,1.0145609908465694,99.86213799154521,0.17717988113774602,100.2164977538207,99.50777822926972,0.007096979283689976,100.27285210765604,99.07278376409796,2025-01-07 13:52:00+00:00,13,52,13:52,500.0,0.19951738658188845,Post-News,Normal,None,Other,-1.0,-1.0
2025-01-07 13:53:00+00:00,99.86291692488166,99.97277711951848,99.77303131108788,99.8729042153032,500,0.2193198450247719,0.21647365049840314,1.01314799524014,99.87957951417289,0.1583144522230374,100.19620841861897,99.56295060972681,0.006340213004223697,100.27285210765604,99.07278376409796,2025-01-07 13:53:00+00:00,13,53,13:53,500.0,0.19974580843060608,Post-News,Normal,None,Other,-1.0,1.5
2025-01-07 13:54:00+00:00,99.7968278617944,99.9066153511913,99.70700173410602,99.80680854264868,500,0.21791225731480895,0.21625858732107733,1.0076467252201016,99.88714591646941,0.15046176042771298,100.18806943732483,99.58622239561399,0.006025270180550907,100.27285210765604,99.07278376409796,2025-01-07 13:54:00+00:00,13,54,13:54,500.0,0.19961361708529068,Post-News,Normal,None,Other,-1.0,-1.0
2025-01-07 13:55:00+00:00,99.77107325579358,99.8808324122906,99.68127030956872,99.78105136092968,500,0.21660153198674292,0.2160578298429465,1.0025164658193209,99.89002825496107,0.1476865031865254,100.18540126133412,99.59465524858801,0.005913963816671257,100.27285210765604,99.07278376409796,2025-01-07 13:55:00+00:00,13,55,13:55,500.0,0.19956210272188457,Post-News,Normal,None,Other,-1.0,-1.0
2025-01-07 13:56:00+00:00,99.64211609342962,99.75173338286132,99.55242922025822,99.65208130155978,500,0.21746014689279425,0.21590499595416793,1.007202940959071,99.88851925437368,0.15005628245484862,100.18863181928337,99.58840668946398,0.006008950120592676,100.27285210765604,99.07278376409796,2025-01-07 13:56:00+00:00,13,56,13:56,500.0,0.1993041626030987,Post-News,Normal,None,Other,1.5,-1.0
2025-01-07 13:57:00+00:00,99.60442292164412,99.7139987444402,99.51476997572006,99.61438436008014,500,0.216157905594748,0.21576171795145382,1.0018362277008905,99.88209518744699,0.15909786452394445,100.20029091649488,99.5638994583991,0.0063714267997829616,100.27285210765604,99.07278376409796,2025-01-07 13:57:00+00:00,13,57,13:57,500.0,0.19922876872014683,Post-News,Normal,None,Other,1.5,-1.0
2025-01-07 13:58:00+00:00,99.8621359285049,99.9719952639598,99.77225101767816,99.872123140819,500,0.22626169118652747,0.21581569154946992,1.0484024102328218,99.89024758050586,0.15385652961371704,100.1979606397333,99.58253452127842,0.006161023056418784,100.27285210765604,99.07278376409796,2025-01-07 13:58:00+00:00,13,58,13:58,500.0,0.19974424628163945,Post-News,Normal,None,Other,-1.0,1.5
2025-01-07 13:59:00+00:00,99.9408516245231,100.0507975559032,99.85089586248483,99.95084670919402,500,0.22437883420308757,0.21586496550629122,1.039440715527079,99.89415192120852,0.15437929369654355,100.2029105086016,99.58539333381543,0.006181714974398491,100.27285210765604,99.07278376409796,2025-01-07 13:59:00+00:00,13,59,13:59,500.0,0.1999016934183686,Post-News,Normal,None,Other,-1.0,1.5
2025-01-07 14:00:00+00:00,99.91539689170922,100.02531482008293,99.82546404122164,99.92538943065227,500,0.22262683025010202,0.21591000988890122,1.031109351366604,99.89471420813469,0.15447639027280347,100.2036669886803,99.58576142758908,0.006185568135304825,100.27285210765604,99.0918833512842,2025-01-07 14:00:00+00:00,14,0,14:00,500.0,0.19985077886128977,Post-News,Normal,None,Other,-1.0,1.5
2025-01-07 14:01:00+00:00,99.85529707525257,99.96514888721651,99.7654183200093,99.86528360361292,500,0.22099138288989556,0.21595105905382248,1.023340120942944,99.8909103858006,0.1542037429553455,100.19931787171129,99.5825028998899,0.006174885877394743,100.27285210765604,99.0918833512842,2025-01-07 14:01:00+00:00,14,1,14:01,500.0,0.1997305672072116,Post-News,Normal,None,Other,-1.0,1.5
2025-01-07 14:02:00+00:00,99.852038511004,99.9618867381888,99.76216268876188,99.86202471347536,500,0.21947228764254012,0.21598844235620648,1.0161297764284447,99.8862586105973,0.15356868742474464,100.19339598544678,99.5791212357478,0.006149742299325724,100.27285210765604,99.29931791611332,2025-01-07 14:02:00+00:00,14,2,14:02,500.0,0.19972404942691924,Post-News,Normal,None,Other,-1.0,1.5
2025-01-07 14:03:00+00:00,99.86602384341084,99.97588745599984,99.77613543311077,99.8760114445553,500,0.2180636973030067,0.21602227386418663,1.0094500599512415,99.873551113033,0.14243563999320802,100.15842239301942,99.58867983304658,0.005704639052315514,100.27285210765604,99.42454968898672,2025-01-07 14:03:00+00:00,14,3,14:03,500.0,0.19975202288907212,Post-News,Squeeze,None,Other,-1.0,1.5
2025-01-07 14:04:00+00:00,99.82518003283576,99.93499871273988,99.73532838564152,99.8351635491907,500,0.21674988514553195,0.21603403394208995,1.0033136038353747,99.86592416638484,0.1400657708190107,100.14605570802287,99.58579262474682,0.005610152691749099,100.27285210765604,99.51476997572006,2025-01-07 14:04:00+00:00,14,4,14:04,500.0,0.1996703270983602,Post-News,Squeeze,None,Other,-1.0,1.5
2025-01-07 14:05:00+00:00,99.87910609960548,99.98898410411546,99.78920591409728,99.88909500910636,500,0.2155376212078639,0.21592133910558817,0.9982228810764432,99.85174494542876,0.12034316592082062,100.0924312772704,99.61105861358712,0.004820873825954361,100.27285210765604,99.51476997572006,2025-01-07 14:05:00+00:00,14,5,14:05,500.0,0.1997781900181792,Post-News,Squeeze,None,Other,-1.0,1.5
2025-01-07 14:06:00+00:00,99.7849198445255,99.8946942337934,99.69510443512448,99.79489933445896,500,0.21439849102651107,0.21581559042968487,0.9934337486909431,99.83373815297973,0.09731355658816293,100.02836526615606,99.63911103980341,0.0038990248542649596,100.27285210765604,99.51476997572006,2025-01-07 14:06:00+00:00,14,6,14:06,500.0,0.19958979866892435,Post-News,Squeeze,None,Other,-1.0,1.5
2025-01-07 14:07:00+00:00,99.690329917446,99.80000024738816,99.6005996474933,99.70029994744074,500,0.21332721308853586,0.21571606622488368,0.9889259377933517,99.81798808030517,0.09171118382308407,100.00141044795134,99.634565712659,0.003675136539490398,100.27285210765604,99.51476997572006,2025-01-07 14:07:00+00:00,14,7,14:07,500.0,0.19940059989485803,Post-News,Squeeze,None,Other,-1.0,1.5
2025-01-07 14:08:00+00:00,99.72823893395372,99.83795096798448,99.63847454247404,99.73821275522926,500,0.2123378711186719,0.2156047261852091,0.9848479431581156,99.80784388746244,0.08854323429594574,99.98493035605433,99.63075741887054,0.0035485481239644376,100.27285210765604,99.51476997572006,2025-01-07 14:08:00+00:00,14,8,14:08,500.0,0.19947642551043998,Post-News,Squeeze,None,Other,-1.0,1.5
2025-01-07 14:09:00+00:00,99.61275654659242,99.72234153729272,99.5230960996558,99.62271881847428,500,0.21253635572258486,0.21548489250350167,0.9863167354951861,99.80011747866118,0.09762963201540548,99.99537674269199,99.60485821463037,0.00391300669706244,100.27285210765604,99.51476997572006,2025-01-07 14:09:00+00:00,14,9,14:09,500.0,0.19924543763691815,Post-News,Squeeze,None,Other,-1.0,1.5
2025-01-07 14:10:00+00:00,99.68639930056676,99.79606530639796,99.59667256852303,99.6963689374605,500,0.21159752587632386,0.2153730670651562,0.9824697617010295,99.79276158476698,0.09971011479049405,99.99218181434797,99.59334135518598,0.003996687262965473,100.27285210765604,99.51476997572006,2025-01-07 14:10:00+00:00,14,10,14:10,500.0,0.1993927378749305,Post-News,Squeeze,None,Other,-1.0,1.5
2025-01-07 14:11:00+00:00,99.68597258264344,99.79563811903796,99.59624623468424,99.69594217686112,500,0.21072569433899474,0.21526890525812703,0.9788951826847238,99.79051513210017,0.10143198153841003,99.99337909517699,99.58765116902335,0.004065796489942482,100.27285210765604,99.51476997572006,2025-01-07 14:11:00+00:00,14,11,14:11,500.0,0.1993918843537159,Post-News,Squeeze,None,Other,-1.0,1.5
2025-01-07 14:12:00+00:00,99.5049171551366,99.61438351064278,99.4153537733588,99.5148686420008,500,0.21571588785066093,0.2152686182735039,1.0020777277280088,99.77832389965265,0.11864948946496201,100.01562287858258,99.54102492072272,0.004756523654748511,100.27285210765604,99.51476997572006,2025-01-07 14:12:00+00:00,14,12,14:12,500.0,0.1990297372839791,Post-News,Squeeze,Downside Stop Hunt,Other,-1.0,-1.0
2025-01-07 14:13:00+00:00,99.51680861622113,99.62628805364268,99.427234531058,99.52676129235034,500,0.21452571890309066,0.21526795126042358,0.9965520536011652,99.761016753505,0.12892753753958516,100.01887182858417,99.50316167842584,0.00516945563448468,100.27285210765604,99.4153537733588,2025-01-07 14:13:00+00:00,14,13,14:13,500.0,0.199053522584677,Post-News,Squeeze,None,Other,-1.0,-1.0
2025-01-07 14:14:00+00:00,99.3502429201098,99.4595391169416,99.2608187590656,99.3601789380036,500,0.21819834850178016,0.21534639360304592,1.0132435693536217,99.73868527327275,0.1563437600761531,100.05137279342506,99.42599775312044,0.006270135189682531,100.27285210765604,99.4153537733588,2025-01-07 14:14:00+00:00,14,14,14:14,500.0,0.19872035787599884,Post-News,Normal,Downside False Breakout,Other,1.5,-1.0
2025-01-07 14:15:00+00:00,99.42014668757515,99.52951978624137,99.33065960684829,99.43008969654484,500,0.21681705070830157,0.2154186182289726,1.0064916973789264,99.72113719005351,0.170402263247827,100.06194171654917,99.38033266355785,0.006835151224682438,100.27285210765604,99.2608187590656,2025-01-07 14:15:00+00:00,14,15,14:15,500.0,0.19886017939307976,Post-News,Normal,None,Other,1.5,-1.0
2025-01-07 14:16:00+00:00,99.39641650642446,99.5057634992808,99.30695078499652,99.40635714213867,500,0.21553102667801483,0.21548522243832807,1.0002125632522196,99.70885098208245,0.18396230159910826,100.07677558528067,99.34092637888423,0.007379978799762409,100.25519021862316,99.2608187590656,2025-01-07 14:16:00+00:00,14,16,14:16,500.0,0.19881271428428704,Post-News,Normal,None,Other,1.5,-1.0
2025-01-07 14:17:00+00:00,99.58157385162518,99.69112453793058,99.49194147192074,99.59153300492568,500,0.2204764816147211,0.2156490254923525,1.0223857080334444,99.70770841432474,0.18464958216111327,100.07700757864697,99.33840925000251,0.007407635180775498,100.11531670233298,99.2608187590656,2025-01-07 14:17:00+00:00,14,17,14:17,500.0,0.19918306600983726,Post-News,Normal,None,Other,-1.0,1.5
2025-01-07 14:18:00+00:00,99.68931092473672,99.79898013367485,99.5995815719692,99.699280852822,500,0.21954581355289576,0.21581052165542539,1.0173082010497818,99.6990662999249,0.1805487241908536,100.0601637483066,99.33796885154318,0.007243747846051495,100.0507975559032,99.2608187590656,2025-01-07 14:18:00+00:00,14,18,14:18,500.0,0.1993985617056495,Post-News,Normal,None,Other,-1.0,1.5
2025-01-07 14:19:00+00:00,99.58462311977368,99.69417716060948,99.49498799545344,99.59458257803146,500,0.2184563166825859,0.21596634443287221,1.0115294457395774,99.68125309336676,0.17176119612988233,100.02477548562653,99.33773070110699,0.006892417211850459,100.0507975559032,99.2608187590656,2025-01-07 14:19:00+00:00,14,19,14:19,500.0,0.19918916515604224,Post-News,Normal,None,Other,-1.0,1.5
2025-01-07 14:20:00+00:00,99.38458552741896,99.49391950489684,99.29513045493704,99.39452497991697,500,0.22424173142628873,0.21623020519296593,1.0370509116715365,99.65470987082999,0.17306157529530325,100.00083302142059,99.30858672023939,0.006946448412508277,100.0507975559032,99.2608187590656,2025-01-07 14:20:00+00:00,14,20,14:20,500.0,0.1987890499597995,Post-News,Normal,None,Other,-1.0,-1.0
2025-01-07 14:21:00+00:00,99.31056152894864,99.41981407188474,99.22117308472816,99.32049357830644,500,0.22241310683559523,0.2164244635020001,1.0276708244377364,99.62747036956468,0.18087147118686592,99.98921331193841,99.26572742719094,0.007261911619995263,100.0507975559032,99.2608187590656,2025-01-07 14:21:00+00:00,14,21,14:21,500.0,0.19864098715657974,Post-News,Normal,Downside Stop Hunt,Other,1.5,-1.0
2025-01-07 14:22:00+00:00,99.19034357915584,99.29946386912192,99.10106334191089,99.2002636055164,500,0.2222000446613065,0.2166135729007622,1.025790035618422,99.59438231416672,0.19563241356362182,99.98564714129397,99.20311748703948,0.007857166599879386,100.0507975559032,99.22117308472816,2025-01-07 14:22:00+00:00,14,22,14:22,500.0,0.19840052721103518,Post-News,Normal,Downside False Breakout,Other,1.5,-1.0
2025-01-07 14:23:00+00:00,99.37259830550369,99.48191909571874,99.28315402260044,99.3825365591596,500,0.22644686219995172,0.21685623860976955,1.0442257213888155,99.56970856989695,0.1892584653190211,99.94822550053499,99.1911916392589,0.0076030539021278215,100.0507975559032,99.10106334191089,2025-01-07 14:23:00+00:00,14,23,14:23,500.0,0.19876507311829528,Post-News,Normal,None,Other,1.5,-1.0
2025-01-07 14:24:00+00:00,99.37256703699836,99.48188779281462,99.28312278223956,99.3825052875271,500,0.22446958708388795,0.21704406670183313,1.034212040415994,99.54707565681375,0.18279846754641876,99.91267259190658,99.18147872172091,0.007345206932109704,100.0507975559032,99.10106334191089,2025-01-07 14:24:00+00:00,14,24,14:24,500.0,0.1987650105750589,Post-News,Normal,None,Other,1.5,-1.0
2025-01-07 14:25:00+00:00,99.4663612220032,99.57578516174136,99.3768325440356,99.4763088528885,500,0.2226469464140225,0.21721847070926273,1.024990856841201,99.52643634900286,0.16454105193507315,99.85551845287301,99.19735424513271,0.006612958645804994,100.0507975559032,99.10106334191089,2025-01-07 14:25:00+00:00,14,25,14:25,500.0,0.19895261770577122,Post-News,Normal,None,Other,-1.0,-1.0
2025-01-07 14:26:00+00:00,99.43900865948076,99.54840250839108,99.3495046012814,99.44895355483624,500,0.2209505864637125,0.21738054598927023,1.0164229989311853,99.50913906002174,0.15258279588061519,99.81430465178296,99.20397346826051,0.006133418390388334,100.0507975559032,99.10106334191089,2025-01-07 14:26:00+00:00,14,26,14:26,500.0,0.19889790710968214,Post-News,Normal,None,Other,-1.0,-1.0
2025-01-07 14:27:00+00:00,99.42213852384164,99.53151381374684,99.33264965028282,99.43208173201484,500,0.21937298482087755,0.21753126415243348,1.0084664642373131,99.49572814925043,0.14656541179222862,99.78885897283489,99.20259732566596,0.005892329832387299,100.0507975559032,99.10106334191089,2025-01-07 14:27:00+00:00,14,27,14:27,500.0,0.19886416346402314,Post-News,Normal,None,Other,-1.0,-1.0
2025-01-07 14:28:00+00:00,99.41988892232636,99.52926173742244,99.3304020736114,99.42983190551692,500,0.21790774760588982,0.21767162382124178,1.001084770630654,99.4803091067648,0.13551763764035113,99.7513443820455,99.20927383148411,0.00544902358495516,100.0507975559032,99.10106334191089,2025-01-07 14:28:00+00:00,14,28,14:28,500.0,0.19885966381104936,Post-News,Squeeze,None,Other,-1.0,-1.0
2025-01-07 14:29:00+00:00,99.53095713183104,99.64045213417629,99.44137031173037,99.54091122295333,500,0.21738721053828097,0.2178165724627777,0.9980287912914887,99.47621872698878,0.13218667790267075,99.74059208279412,99.21184537118343,0.005315307702455323,100.0507975559032,99.10106334191089,2025-01-07 14:29:00+00:00,14,29,14:29,500.0,0.199081822445919,Post-News,Squeeze,None,Other,-1.0,1.5
2025-01-07 14:30:00+00:00,99.56297390001724,99.67250412432968,99.47335826194342,99.57293119313655,500,0.2160842570988509,0.21795201125808722,0.9914304339360988,99.47004683977256,0.1239945628233743,99.71803596541932,99.22205771412581,0.004986207074904016,100.02531482008293,99.10106334191089,2025-01-07 14:30:00+00:00,14,30,14:30,500.0,0.19914586238625986,Post-News,Squeeze,None,Other,-1.0,1.5
2025-01-07 14:31:00+00:00,99.45875281455632,99.56816838420929,99.36923098484024,99.46869968452476,500,0.2151996821843838,0.21808410687688043,0.9867737968905499,99.45868471515575,0.1120407666827395,99.68276624852123,99.23460318179028,0.004506022455600237,99.98898410411546,99.10106334191089,2025-01-07 14:31:00+00:00,14,31,14:31,500.0,0.19893739936904353,Post-News,Squeeze,None,Other,-1.0,-1.0
2025-01-07 14:32:00+00:00,99.62125324071408,99.73084757871264,99.53158514598796,99.6312163623503,500,0.21855312589891895,0.21815332301161577,1.0018326692519917,99.46450210117322,0.11797484803854338,99.70045179725031,99.22855240509614,0.0047444000843050995,99.98898410411546,99.10106334191089,2025-01-07 14:32:00+00:00,14,32,14:32,500.0,0.19926243272468014,Post-News,Squeeze,None,Other,-1.0,1.5
2025-01-07 14:33:00+00:00,99.59308278997696,99.70264613738068,99.5034400511921,99.6030430942864,500,0.21717119449103775,0.2181870295205634,0.9953442006531836,99.46831619127003,0.12128038085927134,99.71087695298857,99.2257554295515,0.004877146231210155,99.98898410411546,99.10106334191089,2025-01-07 14:33:00+00:00,14,33,14:33,500.0,0.19920608618858182,Post-News,Squeeze,None,Other,-1.0,1.5
2025-01-07 14:34:00+00:00,99.54872194995237,99.65823649555183,99.45911913991638,99.55867781773412,500,0.21588163457278156,0.21818029882788362,0.9894643821305085,99.47824113525655,0.1200813655240888,99.71840386630473,99.23807840420838,0.0048284474736869,99.98898410411546,99.10106334191089,2025-01-07 14:34:00+00:00,14,34,14:34,500.0,0.19911735563545108,Post-News,Squeeze,None,Other,-1.0,1.5
2025-01-07 14:35:00+00:00,99.2684391157292,99.37764531937688,99.17908858547204,99.27836695242443,500,0.22757503440773127,0.218388504164538,1.042065081577151,99.47065499805053,0.1278262165135386,99.72630743107761,99.21500256502345,0.00514025836126425,99.98898410411546,99.10106334191089,2025-01-07 14:35:00+00:00,14,35,14:35,500.0,0.1985567339048373,Post-News,Squeeze,None,Other,-1.0,-1.0
2025-01-07 14:36:00+00:00,99.3324282723895,99.441704871149,99.24302014613173,99.34236250864036,500,0.2255114408798414,0.21858102840856306,1.0317063769062533,99.46745526637562,0.1302974883313179,99.72805024303825,99.20686028971299,0.005239803832615461,99.8946942337934,99.10106334191089,2025-01-07 14:36:00+00:00,14,36,14:36,500.0,0.19868472501727297,Post-News,Squeeze,None,Other,-1.0,1.5
2025-01-07 14:37:00+00:00,99.34345603955548,99.45274477007204,99.25403798731466,99.35339137869336,500,0.223596822442523,0.21875887360106278,1.02211544044738,99.45554818506402,0.12923886237382085,99.71402590981165,99.19707046031638,0.005197854307065251,99.83795096798448,99.10106334191089,2025-01-07 14:37:00+00:00,14,37,14:37,500.0,0.19870678275738385,Post-News,Squeeze,None,Other,-1.0,1.5
2025-01-07 14:38:00+00:00,99.35437703442751,99.46367777923986,99.26494915230832,99.36431346577407,500,0.2218205227631671,0.21892319470406515,1.0132344499312578,99.4387998157116,0.11712768349074132,99.67305518269309,99.20454444873012,0.004711548558824686,99.83795096798448,99.10106334191089,2025-01-07 14:38:00+00:00,14,38,14:38,500.0,0.19872862693154048,Post-News,Squeeze,None,Other,-1.0,1.5
2025-01-07 14:39:00+00:00,99.31535584868956,99.4246136659048,99.22596308914976,99.3252883775273,500,0.22016552661972966,0.21899850858704434,1.005328885754587,99.4253351056864,0.11370543656857346,99.65274597882355,99.19792423254925,0.004574505540170704,99.79898013367485,99.10106334191089,2025-01-07 14:39:00+00:00,14,39,14:39,500.0,0.1986505767550426,Post-News,Squeeze,None,Other,-1.0,1.5
2025-01-07 14:40:00+00:00,99.25923689897456,99.36843297917144,99.16989465154072,99.26916381535608,500,0.2186207266919439,0.21906690724058037,0.9979632681437071,99.41906704745836,0.11883292933541964,99.65673290612919,99.18140118878752,0.004781092112992489,99.79898013367485,99.10106334191089,2025-01-07 14:40:00+00:00,14,40,14:40,500.0,0.19853832763072887,Post-News,Squeeze,None,Other,-1.0,-1.0
2025-01-07 14:41:00+00:00,99.22355163644902,99.33270845893136,99.13424150896348,99.23347498394742,500,0.21718117121165365,0.21912873483537249,0.9911122399114748,99.4147161177404,0.12410799843254607,99.6629321146055,99.1665001208753,0.004993546359296101,99.79898013367485,99.10106334191089,2025-01-07 14:41:00+00:00,14,41,14:41,500.0,0.19846694996788017,Post-News,Squeeze,None,Other,-1.0,-1.0
2025-01-07 14:42:00+00:00,99.27051144747408,99.37971993091465,99.1811590519318,99.28043949142324,500,0.2158511503381674,0.21918453993356965,0.98479185805526,99.41872491203574,0.11795896564965228,99.65464284333504,99.18280698073644,0.004745945625595875,99.79898013367485,99.10106334191089,2025-01-07 14:42:00+00:00,14,42,14:42,500.0,0.19856087898284613,Post-News,Squeeze,None,Other,-1.0,-1.0
2025-01-07 14:43:00+00:00,99.33497061932644,99.44425001494726,99.2455602047276,99.34490510983744,500,0.21462534032970274,0.2191452380849007,0.9793748757915202,99.41684333956964,0.11886325490805312,99.65456984938575,99.17911682975353,0.0047824191923722835,99.79898013367485,99.10106334191089,2025-01-07 14:43:00+00:00,14,43,14:43,500.0,0.19868981021966192,Post-News,Squeeze,None,Other,-1.0,1.5
2025-01-07 14:44:00+00:00,99.31301687931372,99.42227212340536,99.2236262250569,99.32294917423114,500,0.2134839516167568,0.21905659979944525,0.9745606925890823,99.41386553390484,0.1205034744889807,99.6548724828828,99.17285858492689,0.004848558049395227,99.79898013367485,99.10106334191089,2025-01-07 14:44:00+00:00,14,44,14:44,500.0,0.19864589834845958,Post-News,Squeeze,None,Other,-1.0,1.5
2025-01-07 14:45:00+00:00,99.40829753166663,99.51765759495778,99.3188211162466,99.4182393556022,500,0.21243770355207317,0.2188715390739141,0.9706045128157654,99.41096205904053,0.11961605657471545,99.65019417218996,99.1717299458911,0.004812992615589943,99.79898013367485,99.10106334191089,2025-01-07 14:45:00+00:00,14,45,14:45,500.0,0.19883647871118626,Post-News,Squeeze,None,Other,-1.0,1.5
2025-01-07 14:46:00+00:00,99.401441162217,99.51079368274748,99.3119709181466,99.41138230044704,500,0.211465207912702,0.21869792636953286,0.9669282714431879,99.40908349632106,0.11928256185948254,99.64764862004003,99.17051837260209,0.004799664483936207,99.79898013367485,99.10106334191089,2025-01-07 14:46:00+00:00,14,46,14:46,500.0,0.19882276460087667,Post-News,Squeeze,None,Other,-1.0,1.5
2025-01-07 14:47:00+00:00,99.35232648188108,99.46162497086004,99.26290044544372,99.36226270815187,500,0.21055515916296075,0.21848787581249754,0.9636926460105067,99.40559254512792,0.11959532517412488,99.64478319547617,99.16640189477967,0.004812418380578771,99.79898013367485,99.10106334191089,2025-01-07 14:47:00+00:00,14,47,14:47,500.0,0.19872452541632413,Post-News,Squeeze,None,Other,-1.0,1.5
2025-01-07 14:48:00+00:00,99.37303521205916,99.4823564829195,99.2835905359007,99.3829735094101,500,0.20971307258123492,0.21829150000214884,0.9607019631051623,99.40324962532257,0.11955445422749642,99.64235853377757,99.16414071686758,0.004810887156230004,99.79898013367485,99.10106334191089,2025-01-07 14:48:00+00:00,14,48,14:48,500.0,0.19876594701879924,Post-News,Squeeze,None,Other,-1.0,1.5
2025-01-07 14:49:00+00:00,99.23903301868248,99.3482068723884,99.14970895655946,99.24895791447392,500,0.21139532117190685,0.2180730054261965,0.969378675543821,99.38865195989861,0.11968499506817569,99.62802195003496,99.14928196976226,0.0048168475055468995,99.73084757871264,99.10106334191089,2025-01-07 14:49:00+00:00,14,49,14:49,500.0,0.19849791582893772,Post-News,Squeeze,None,Other,-1.0,1.5
2025-01-07 14:50:00+00:00,99.26312307240173,99.37232342781692,99.17377732706204,99.27305037743947,500,0.21047751971354794,0.2178687594236744,0.9660748070091444,99.37365791911375,0.11403460410358325,99.60172712732091,99.1455887109066,0.004590134105615775,99.73084757871264,99.10106334191089,2025-01-07 14:50:00+00:00,14,50,14:50,500.0,0.1985461007548821,Post-News,Squeeze,None,Other,-1.0,1.5
2025-01-07 14:51:00+00:00,99.11115034616807,99.22018351486572,99.0219413899609,99.12106245241333,500,0.2133797674110498,0.21773714114883433,0.9799879170140934,99.35627605750817,0.12477408597687953,99.60582422946193,99.1067278855544,0.005023299621441565,99.73084757871264,99.10106334191089,2025-01-07 14:51:00+00:00,14,51,14:51,500.0,0.19824212490482296,Post-News,Squeeze,Downside Stop Hunt,Other,-1.0,1.5
2025-01-07 14:52:00+00:00,99.01033356710472,99.11925582625445,98.92121535507312,99.02023559066376,500,0.21241314812027556,0.21761531669214748,0.9760946579912331,99.32572701892386,0.1286506953891207,99.5830284097021,99.06842562814562,0.005180961640063633,99.73084757871264,99.0219413899609,2025-01-07 14:52:00+00:00,14,52,14:52,500.0,0.19804047118132928,Post-News,Squeeze,None,Other,-1.0,-1.0
2025-01-07 14:53:00+00:00,98.81165197270204,98.92035566024076,98.72271259198854,98.82153412611466,500,0.21849242315991446,0.2176015263277332,1.0040941662828204,99.28665157051526,0.15580647260327773,99.59826451572182,98.9750386253087,0.006277036042156154,99.73084757871264,98.92121535507312,2025-01-07 14:53:00+00:00,14,53,14:53,500.0,0.19764306825221922,Post-News,Normal,Downside False Breakout,Other,1.5,-1.0
2025-01-07 14:54:00+00:00,98.79533784074684,98.90402358094563,98.70641314422048,98.80521836258308,500,0.2170008527002889,0.21758633625082452,0.9973091897192446,99.24897859775771,0.17631193621604793,99.6016024701898,98.89635472532562,0.00710584385681642,99.73084757871264,98.72271259198854,2025-01-07 14:54:00+00:00,14,54,14:54,500.0,0.19761043672515655,Post-News,Normal,Downside Stop Hunt,Other,1.5,-1.0
2025-01-07 14:55:00+00:00,98.95547975015432,99.06434166407084,98.86641091149532,98.96537628778307,500,0.22000959904225123,0.21764313736841634,1.010873127921461,99.23332906452565,0.18712513618012674,99.6075793368859,98.85907879216539,0.007542834164455046,99.73084757871264,98.70641314422048,2025-01-07 14:55:00+00:00,14,55,14:55,500.0,0.19793075257551607,Post-News,Normal,None,Other,1.5,-1.0
2025-01-07 14:56:00+00:00,98.94488449504937,99.0537347530197,98.8558251930736,98.95477997304666,500,0.2184310248210974,0.21765931866722138,1.0035454772099874,99.21394993774597,0.19513703802196172,99.60422401378989,98.82367586170204,0.007867322615192908,99.73084757871264,98.70641314422048,2025-01-07 14:56:00+00:00,14,56,14:56,500.0,0.1979095599460976,Post-News,Normal,None,Other,1.5,-1.0
2025-01-07 14:57:00+00:00,99.00957456286346,99.118495987025,98.920457034004,99.01947651051452,500,0.21697444826394743,0.21767292771170804,0.9967911514991625,99.19725419433702,0.19685579146566892,99.59096577726835,98.80354261140569,0.007937953245359237,99.73084757871264,98.70641314422048,2025-01-07 14:57:00+00:00,14,57,14:57,500.0,0.1980389530209976,Post-News,Normal,None,Other,1.5,-1.0
2025-01-07 14:58:00+00:00,99.2437427372882,99.35292177220268,99.15441443599452,99.2536681040986,500,0.22529379207996225,0.21765679605993193,1.0350873308726252,99.19172192625325,0.19343888729987355,99.578599700853,98.8048441516535,0.007800606080563619,99.73084757871264,98.70641314422048,2025-01-07 14:58:00+00:00,14,58,14:58,500.0,0.1985073362081522,Post-News,Normal,None,Other,-1.0,1.5
2025-01-07 14:59:00+00:00,99.28484369781722,99.39406794830984,99.1954784019596,99.29477317513474,500,0.2233863459564103,0.217640254589154,1.026401785727109,99.19019616613362,0.1924477322599155,99.57509163065345,98.80530070161379,0.007760756191572961,99.73084757871264,98.70641314422048,2025-01-07 14:59:00+00:00,14,59,14:59,500.0,0.1985895463502345,Post-News,Normal,None,Other,-1.0,1.5
2025-01-07 15:00:00+00:00,99.20989089420404,99.31903268836706,99.1205930626161,99.21981287549158,500,0.22160443737030702,0.2176232147078241,1.01829410831849,99.1877286191404,0.19169684777271453,99.57112231468582,98.80433492359498,0.007730667913922529,99.73084757871264,98.70641314422048,2025-01-07 15:00:00+00:00,15,0,15:00,500.0,0.1984396257509644,Other,Normal,None,Other,-1.0,1.5
2025-01-07 15:01:00+00:00,99.14864089549168,99.25771530791796,99.05939819441564,99.1585567511668,500,0.21994105709402273,0.21760570927789286,1.0107320153679769,99.18398270750137,0.19148774570957997,99.56695819892053,98.80100721608221,0.007722526983990428,99.73084757871264,98.70641314422048,2025-01-07 15:01:00+00:00,15,1,15:01,500.0,0.19831711350232695,Other,Normal,None,Other,-1.0,-1.0
2025-01-07 15:02:00+00:00,99.1496976479829,99.25877322295317,99.06045399573448,99.15961360934384,500,0.2183966406743561,0.21758778182842314,1.0037173909267147,99.17794141339739,0.19018599974391895,99.55831341288523,98.79756941390956,0.007670495960434457,99.73084757871264,98.70641314422048,2025-01-07 15:02:00+00:00,15,2,15:02,500.0,0.19831922721868978,Other,Normal,None,Other,-1.0,-1.0
2025-01-07 15:03:00+00:00,99.08795706317484,99.19696471670966,98.99876898300997,99.0978668498598,500,0.21695371874759434,0.21756928218583294,0.9971707245064456,99.16558950039851,0.18676290065714474,99.5391153017128,98.79206369908422,0.007533375300769744,99.70264613738068,98.70641314422048,2025-01-07 15:03:00+00:00,15,3,15:03,500.0,0.19819573369969135,Other,Normal,None,Other,-1.0,-1.0
2025-01-07 15:04:00+00:00,99.03366312233116,99.14261104655814,98.9445239116,99.04356747907909,500,0.21560610561977642,0.217550219193737,0.9910636101348661,99.1516204156409,0.18481168798970793,99.52124379162032,98.78199703966149,0.007455720328724115,99.65823649555183,98.70641314422048,2025-01-07 15:04:00+00:00,15,4,15:04,500.0,0.19808713495814345,Other,Normal,None,Other,1.5,-1.0
2025-01-07 15:05:00+00:00,99.13227582690192,99.2413322359524,99.0430478558606,99.1421900459065,500,0.21436883951063468,0.21753073949878318,0.9854645830955483,99.13781795015612,0.17383370032313925,99.48548535080239,98.79015054950985,0.00701381990919088,99.51765759495778,98.70641314422048,2025-01-07 15:05:00+00:00,15,5,15:05,500.0,0.19828438009179195,Other,Normal,None,Other,-1.0,-1.0
2025-01-07 15:06:00+00:00,99.23504559070068,99.34421505779714,99.14572511762174,99.24497008770943,500,0.21348713753777793,0.21751555027397096,0.9814798862374711,99.12949733951925,0.1637399137267228,99.45697716697269,98.8020175120658,0.006607111631602931,99.51765759495778,98.70641314422048,2025-01-07 15:06:00+00:00,15,6,15:06,500.0,0.19848994017540633,Other,Normal,None,Other,-1.0,1.5
2025-01-07 15:07:00+00:00,99.0727413641417,99.1817322787337,98.9835669794755,99.0826496291046,500,0.21690970687321773,0.21757525850371567,0.996941050949106,99.11551668556687,0.15449582604398474,99.42450833765484,98.8065250334789,0.006234980403082809,99.51765759495778,98.70641314422048,2025-01-07 15:07:00+00:00,15,7,15:07,500.0,0.19816529925820703,Other,Normal,None,Other,-1.0,-1.0
2025-01-07 15:08:00+00:00,98.99270613988683,99.10160900692742,98.90360379412635,99.0026064005269,500,0.21555938586806392,0.21762895041620553,0.9904903987075999,99.09649833012273,0.14280864414476968,99.38211561841227,98.81088104183318,0.0057644274641886805,99.51765759495778,98.70641314422048,2025-01-07 15:08:00+00:00,15,8,15:08,500.0,0.1980052128010641,Other,Normal,None,Other,1.5,-1.0
2025-01-07 15:09:00+00:00,98.94777321767062,99.05662665355362,98.8587113155845,98.95766898456908,500,0.21429909673242517,0.2176583294330362,0.9845664867990062,99.08193388362747,0.1412871410506466,99.36450816572876,98.79935960152618,0.005703850763211375,99.51765759495778,98.70641314422048,2025-01-07 15:09:00+00:00,15,9,15:09,500.0,0.1979153379691212,Other,Normal,None,Other,1.5,-1.0
2025-01-07 15:10:00+00:00,99.00805957059694,99.11697932810034,98.91894340536687,99.01796136673362,500,0.21313744144678534,0.2176839946925439,0.9791139755029757,99.06917943309219,0.13447608217013143,99.33813159743245,98.80022726875193,0.005429582961710177,99.51765759495778,98.70641314422048,2025-01-07 15:10:00+00:00,15,10,15:10,500.0,0.19803592273346737,Other,Normal,None,Other,1.5,-1.0
2025-01-07 15:11:00+00:00,99.1222891921907,99.23133461484436,99.03307021001952,99.13220241243197,500,0.2131542847799251,0.21772447119989274,0.9790093121146141,99.06973643109312,0.13472513150783216,99.33918669410879,98.80028616807745,0.005439607951376428,99.51765759495778,98.70641314422048,2025-01-07 15:11:00+00:00,15,11,15:11,500.0,0.1982644048248403,Other,Normal,None,Other,1.5,-1.0
2025-01-07 15:12:00+00:00,99.3914705026124,99.50081205432043,99.30200923303308,99.40141064367675,500,0.22425823885910678,0.21786684371670015,1.0293362451733021,99.08879518374377,0.15306673624924305,99.39492865624226,98.78266171124528,0.0061789725453985705,99.51765759495778,98.70641314422048,2025-01-07 15:12:00+00:00,15,12,15:12,500.0,0.1988028212873587,Other,Clustering,None,Other,-1.0,1.5
2025-01-07 15:13:00+00:00,99.34619078078964,99.45548251982238,99.25677026703552,99.35612639342897,500,0.22243352556823218,0.21799864049445253,1.0203436363810374,99.11552479710949,0.1505965588666116,99.4167179148427,98.81433167937627,0.00607761737325743,99.51765759495778,98.70641314422048,2025-01-07 15:13:00+00:00,15,13,15:13,500.0,0.1987122527868621,Other,Clustering,None,Other,-1.0,1.5
2025-01-07 15:14:00+00:00,99.3058913543994,99.41513875962976,99.2165071137564,99.31582293669308,500,0.2207333913043119,0.21804089120782807,1.0123486015928886,99.14105502581498,0.1379741694291684,99.41700336467332,98.86510668695664,0.005566782374597259,99.51765759495778,98.70641314422048,2025-01-07 15:14:00+00:00,15,14,15:14,500.0,0.19863164587334836,Other,Normal,None,Other,-1.0,1.5
2025-01-07 15:15:00+00:00,99.36535067684882,99.47466349387506,99.27591291746371,99.3752882056694,500,0.21916319024052838,0.21807999353336516,1.0049669696408785,99.1615506217093,0.14091829131030975,99.44338720432991,98.87971403908868,0.005684392405193212,99.51765759495778,98.70641314422048,2025-01-07 15:15:00+00:00,15,15,15:15,500.0,0.1987505764113422,Other,Normal,None,Other,-1.0,1.5
2025-01-07 15:16:00+00:00,99.29857807218406,99.40781743199942,99.20920041415329,99.30850892307636,500,0.21769560649807151,0.21811606986369944,0.9980722953338987,99.17923706921077,0.13570241520913678,99.45064189962905,98.9078322387925,0.005473017103950516,99.51079368274748,98.70641314422048,2025-01-07 15:16:00+00:00,15,16,15:16,500.0,0.19861701784613217,Other,Normal,None,Other,-1.0,1.5
2025-01-07 15:17:00+00:00,99.2855745970546,99.3947996516168,99.19620864332188,99.29550414746934,500,0.216330992340703,0.21804697837579914,0.9921302003454564,99.19303845105853,0.1326000712335803,99.45823859352569,98.92783830859136,0.00534715231246826,99.50081205432043,98.70641314422048,2025-01-07 15:17:00+00:00,15,17,15:17,500.0,0.19859100829491183,Other,Normal,None,Other,-1.0,1.5
2025-01-07 15:18:00+00:00,99.24536829878151,99.35454912199248,99.15603853433616,99.25529382816433,500,0.21505810629181818,0.21797218325478118,0.9866309685967736,99.19311973726181,0.13263968683176577,99.45839911092534,98.92784036359828,0.005348745444566953,99.50081205432043,98.70641314422048,2025-01-07 15:18:00+00:00,15,18,15:18,500.0,0.19851058765631535,Other,Normal,None,Other,-1.0,1.5
2025-01-07 15:19:00+00:00,98.98651191221434,99.09540796492304,98.89741514181632,98.99641155336968,500,0.2252595762958313,0.21808557091500191,1.0328953692384601,99.17820165617357,0.1373014641784752,99.45280458453053,98.90359872781661,0.00553756619441309,99.50081205432043,98.70641314422048,2025-01-07 15:19:00+00:00,15,19,15:19,500.0,0.1979928231067163,Other,Clustering,None,Other,-1.0,1.5
2025-01-07 15:20:00+00:00,98.99970108353628,99.1086116457844,98.91059244169692,99.00960204374066,500,0.2233138354238067,0.21807010598162727,1.0240460718748,99.167691114586,0.14191677607440642,99.45152466673481,98.8838575624372,0.005724315025562973,99.50081205432043,98.70641314422048,2025-01-07 15:20:00+00:00,15,20,15:20,500.0,0.19801920408748686,Other,Clustering,None,Other,-1.0,1.5
2025-01-07 15:21:00+00:00,98.98263887055876,99.09153066249556,98.89354558624684,98.9925381243712,500,0.22150463833987144,0.21805496484003184,1.0158202015825246,99.15939018324623,0.14723487849436176,99.45385994023495,98.86492042625751,0.005939321660702815,99.50081205432043,98.70641314422048,2025-01-07 15:21:00+00:00,15,21,15:21,500.0,0.1979850762487132,Other,Clustering,None,Other,-1.0,-1.0
2025-01-07 15:22:00+00:00,99.10953977824818,99.21857117514392,99.02033227169709,99.11945172342053,500,0.22182809637078973,0.21804876570185655,1.0173325020059998,99.15738208895007,0.14750530075394758,99.45239269045797,98.86237148744218,0.005950350751359192,99.50081205432043,98.70641314422048,2025-01-07 15:22:00+00:00,15,22,15:22,500.0,0.19823890344683548,Other,Clustering,None,Other,-1.0,1.5
2025-01-07 15:23:00+00:00,99.11107503730094,99.22010812315054,99.02186614887852,99.12098713601452,500,0.22014337336373493,0.21794370755458628,1.0100928163232137,99.1585381032578,0.14710437805094367,99.45274685935968,98.86432934715592,0.00593410838299188,99.50081205432043,98.70641314422048,2025-01-07 15:23:00+00:00,15,23,15:23,500.0,0.1982419742720225,Other,Clustering,None,Other,-1.0,1.5
2025-01-07 15:24:00+00:00,98.98778352589316,99.0966809775168,98.89868561092835,98.99768329422258,500,0.22029752705819433,0.21787417322082472,1.0111227218974386,99.15624389401498,0.14933272987704455,99.45490935376907,98.85757843426089,0.006024138229223865,99.50081205432043,98.70641314422048,2025-01-07 15:24:00+00:00,15,24,15:24,500.0,0.19799536658844374,Other,Normal,None,Other,-1.0,1.5
2025-01-07 15:25:00+00:00,98.96322781460977,99.07209825224956,98.87415200199534,98.97312512712246,500,0.2187010072864818,0.21780840756869904,1.0040980957886174,99.14779064807577,0.1548532148505643,99.45749707777689,98.83808421837465,0.006247369259097729,99.50081205432043,98.8558251930736,2025-01-07 15:25:00+00:00,15,25,15:25,500.0,0.19794625025421908,Other,Normal,None,Other,-1.0,1.5
2025-01-07 15:26:00+00:00,98.75749129073048,98.86613539556076,98.6686006595057,98.76736802753324,500,0.22483125445293015,0.21787308536851932,1.0319367996861177,99.12391054506696,0.17463995822690725,99.47319046152077,98.77463062861315,0.007047339325762552,99.50081205432043,98.8558251930736,2025-01-07 15:26:00+00:00,15,26,15:26,500.0,0.19753473605506144,Other,Normal,None,Other,-1.0,1.5
2025-01-07 15:27:00+00:00,98.638962843788,98.74747655428722,98.5501788988341,98.64882772656068,500,0.2242853883276589,0.21795495876029902,1.0290446686937824,99.10221944993977,0.2044343073327809,99.51108806460533,98.6933508352742,0.008251452226498307,99.50081205432043,98.6686006595057,2025-01-07 15:27:00+00:00,15,27,15:27,500.0,0.19729765545311295,Other,Normal,Downside False Breakout,Other,-1.0,-1.0
2025-01-07 15:28:00+00:00,98.70265543775926,98.81123921711873,98.61381416373789,98.7125266904283,500,0.22236679297431472,0.2180292761831061,1.0198941943354702,99.08771546443484,0.22145508152954918,99.53062562749393,98.64480530137574,0.008939759302818286,99.50081205432043,98.5501788988341,2025-01-07 15:28:00+00:00,15,28,15:28,500.0,0.19742505338084015,Other,Normal,None,Other,-1.0,-1.0
2025-01-07 15:29:00+00:00,98.67923208585734,98.78779009695288,98.59041189496098,98.68910099595692,500,0.22058189361842764,0.21808252090110852,1.0114606741842116,99.07428706500423,0.23732940453691823,99.54894587407806,98.5996282559304,0.009581876854938127,99.50081205432043,98.5501788988341,2025-01-07 15:29:00+00:00,15,29,15:29,500.0,0.1973782019918957,Other,Normal,None,Other,-1.0,-1.0
2025-01-07 15:30:00+00:00,98.77129420051376,98.87995349006326,98.6823911454278,98.78117231774551,500,0.2189376401196441,0.21813007728478842,1.0037022076226623,99.06244761255482,0.246033790681818,99.55451519391846,98.57038003119118,0.009934492700769475,99.50081205432043,98.5501788988341,2025-01-07 15:30:00+00:00,15,30,15:30,500.0,0.19756234463545752,Other,Normal,None,Other,-1.0,1.5
2025-01-07 15:31:00+00:00,98.57819841572656,98.68664527867014,98.48946916422726,98.58805722144872,500,0.22413517679097353,0.21827900219489826,1.0268288499452016,99.03524035300566,0.26709900673844295,99.56943836648254,98.50104233952878,0.010788038915698338,99.50081205432043,98.5501788988341,2025-01-07 15:31:00+00:00,15,31,15:31,500.0,0.19717611444288252,Other,Clustering,Downside Stop Hunt,Other,1.5,-1.0
2025-01-07 15:32:00+00:00,98.55528545327002,98.6637071094342,98.46657682549927,98.56514196746676,500,0.22220625587268436,0.21833988769446103,1.0177080249470212,98.99342691919517,0.272168702905936,99.53776432500705,98.4490895133833,0.010997445441629106,99.50081205432043,98.48946916422726,2025-01-07 15:32:00+00:00,15,32,15:32,500.0,0.19713028393492493,Other,Clustering,Downside Stop Hunt,Other,1.5,-1.0
2025-01-07 15:33:00+00:00,98.50941741301064,98.61778860928456,98.4207500706047,98.51926933994464,500,0.2204085617874828,0.21839384381606844,1.0092251591721202,98.95158406652095,0.2777445123757176,99.50707309127239,98.39609504176951,0.011227491302777047,99.50081205432043,98.46657682549927,2025-01-07 15:33:00+00:00,15,33,15:33,500.0,0.19703853867986254,Other,Normal,Downside Stop Hunt,Other,1.5,-1.0
2025-01-07 15:34:00+00:00,98.60460855690874,98.71308447391304,98.51585553390522,98.61447000390912,500,0.21875287451750677,0.2184416978151472,1.0014245297737199,98.91651641988175,0.2735804903008729,99.46367740048349,98.36935543928,0.011063086335939115,99.50081205432043,98.4207500706047,2025-01-07 15:34:00+00:00,15,34,15:34,500.0,0.1972289400078182,Other,Clustering,None,Other,1.5,-1.0
2025-01-07 15:35:00+00:00,98.67195510064114,98.7805051062524,98.58314145968646,98.68182328296945,500,0.21722507252096676,0.2182691984503678,0.995216338645975,98.88184317374674,0.25573876946278656,99.39332071267232,98.37036563482117,0.010345226636337083,99.50081205432043,98.4207500706047,2025-01-07 15:35:00+00:00,15,35,15:35,500.0,0.19736364656594674,Other,Clustering,None,Other,1.5,-1.0
2025-01-07 15:36:00+00:00,98.73633508921948,98.84495591990068,98.6474635004803,98.74620971019048,500,0.21581559729949665,0.21810760105736204,0.989491408154718,98.85372821310247,0.23655285383201213,99.32683392076649,98.38062250543845,0.00957183337879028,99.50081205432043,98.4207500706047,2025-01-07 15:36:00+00:00,15,36,15:36,500.0,0.1974924194203851,Other,Normal,None,Other,1.5,-1.0
2025-01-07 15:37:00+00:00,98.88963451498682,98.998423991901,98.80062494296614,98.89952446743357,500,0.2184155033288556,0.21802124573880094,1.0018083448184998,98.83392922910066,0.213033123918176,99.25999547693701,98.40786298126432,0.008621861969055355,99.50081205432043,98.4207500706047,2025-01-07 15:37:00+00:00,15,37,15:37,500.0,0.19779904893486844,Other,Clustering,None,Other,-1.0,-1.0
2025-01-07 15:38:00+00:00,98.85422975099806,98.96298027877693,98.7652520464517,98.86411616261432,500,0.21693784111431008,0.21793986771131996,0.9954022795024491,98.81437034582316,0.18890142976112548,99.19217320534541,98.43656748630092,0.007646718957982361,99.50081205432043,98.4207500706047,2025-01-07 15:38:00+00:00,15,38,15:38,500.0,0.1977282323252183,Other,Normal,None,Other,-1.0,-1.0
2025-01-07 15:39:00+00:00,98.98728614666751,99.09618305111928,98.89818867938878,98.99718586525404,500,0.21801848735649937,0.21790408372359948,1.000525018305967,98.8144090614174,0.18894077825604405,99.19229061792949,98.4365275049053,0.007648308786165468,99.50081205432043,98.4207500706047,2025-01-07 15:39:00+00:00,15,39,15:39,500.0,0.19799437173050194,Other,Normal,None,Other,-1.0,1.5
2025-01-07 15:40:00+00:00,98.88496580575872,98.99375014657912,98.79596043599656,98.89485529128784,500,0.2168189832065692,0.21787405466550988,0.9951574249602116,98.80867172379473,0.18438898967646183,99.17744970314766,98.4398937444418,0.007464486120890129,99.50081205432043,98.4207500706047,2025-01-07 15:40:00+00:00,15,40,15:40,500.0,0.1977897105825548,Other,Normal,None,Other,-1.0,-1.0
2025-01-07 15:41:00+00:00,98.77912877546572,98.88779668390954,98.6902186685571,98.78900767623333,500,0.21594881460115325,0.2178535153886682,0.991256965561851,98.79849520138785,0.17925214233526846,99.15699948605838,98.43999091671732,0.0072572822883540155,99.50081205432043,98.4207500706047,2025-01-07 15:41:00+00:00,15,41,15:41,500.0,0.19757801535244823,Other,Normal,None,Other,1.5,-1.0
2025-01-07 15:42:00+00:00,98.85450095855774,98.96325178469476,98.76552300990016,98.86438739729746,500,0.2146473831863993,0.21783345260280543,0.9853738285908935,98.7857419850817,0.16360592609705307,99.11295383727581,98.45853013288759,0.0066246777241097295,99.50081205432043,98.4207500706047,2025-01-07 15:42:00+00:00,15,42,15:42,500.0,0.19772877479459794,Other,Normal,None,Other,-1.0,-1.0
2025-01-07 15:43:00+00:00,98.70684948662584,98.81543787990046,98.61800443758298,98.71672115874172,500,0.21691421008126227,0.21787160043199807,0.9956057129573681,98.76552868621806,0.14377872184517385,99.05308612990841,98.47797124252772,0.005823032540106732,99.47466349387506,98.4207500706047,2025-01-07 15:43:00+00:00,15,43,15:43,500.0,0.19743344231747528,Other,Clustering,None,Other,1.5,-1.0
2025-01-07 15:44:00+00:00,98.76438921025432,98.87304090355492,98.67549237028108,98.774266636918,500,0.21553094745216111,0.2179057170292548,0.9891018482237671,98.75435785335283,0.1330727810121648,99.02050341537716,98.4882122913285,0.005390051999923941,99.47466349387506,98.4207500706047,2025-01-07 15:44:00+00:00,15,44,15:44,500.0,0.1975485332738458,Other,Clustering,None,Other,1.5,-1.0
2025-01-07 15:45:00+00:00,98.77538360174232,98.88404739008304,98.68647686582716,98.78526212795512,500,0.2142480600809982,0.21793588963807023,0.9830783742723768,98.74496470339446,0.12307256410522714,98.99110983160492,98.498819575184,0.004985471997479911,99.47466349387506,98.4207500706047,2025-01-07 15:45:00+00:00,15,45,15:45,500.0,0.1975705242558803,Other,Squeeze,None,Other,1.5,-1.0
2025-01-07 15:46:00+00:00,98.882301844484,98.99108325465392,98.79329887252676,98.89219106359036,500,0.21364613626798362,0.21797223844399158,0.9801529671535691,98.75120585519733,0.12735877986405736,99.00592341492545,98.4964882954692,0.00515877365794648,99.40781743199942,98.4207500706047,2025-01-07 15:46:00+00:00,15,46,15:46,500.0,0.19778438212715344,Other,Squeeze,None,Other,-1.0,-1.0
2025-01-07 15:47:00+00:00,98.87741283228398,98.98618886400266,98.7884142608778,98.88730156244024,500,0.21251245532918878,0.21800486004676203,0.974806044615725,98.7631295469913,0.1284281878281324,99.01998592264756,98.50627317133502,0.005201462870494761,99.3947996516168,98.4207500706047,2025-01-07 15:47:00+00:00,15,47,15:47,500.0,0.19777460312485573,Other,Squeeze,None,Other,-1.0,-1.0
2025-01-07 15:48:00+00:00,98.88394379689328,98.9927270133915,98.79493934703108,98.8938331802113,500,0.21146068468856288,0.21803398691521753,0.9698519376742367,98.77219487148044,0.13104064809905433,99.03427616767854,98.51011357528233,0.005306782876276409,99.35454912199248,98.4207500706047,2025-01-07 15:48:00+00:00,15,48,15:48,500.0,0.19778766636042633,Other,Clustering,None,Other,-1.0,-1.0
2025-01-07 15:49:00+00:00,98.93530410091928,99.04414381940212,98.84625342216056,98.94519862078135,500,0.21049137844234878,0.2180189212030582,0.9654729840916034,98.78499975272167,0.13494790087888114,99.05489555447943,98.51510395096392,0.005464307383375162,99.22010812315054,98.4207500706047,2025-01-07 15:49:00+00:00,15,49,15:49,500.0,0.1978903972415651,Other,Normal,None,Other,-1.0,1.5
2025-01-07 15:50:00+00:00,98.87075508544696,98.97952379291168,98.78176250661218,98.88064314976194,500,0.20958208614643073,0.21800399731027295,0.9613680883481426,98.7899732943225,0.1366220431660547,99.0632173806546,98.51672920799038,0.005531818204222888,99.22010812315054,98.4207500706047,2025-01-07 15:50:00+00:00,15,50,15:50,500.0,0.19776128629949596,Other,Normal,None,Other,-1.0,-1.0
2025-01-07 15:51:00+00:00,98.8019445980572,98.91063760641588,98.71301395485465,98.81182578063526,500,0.20872791224748782,0.21792646639088026,0.957790559835474,98.80116172228182,0.12811382339804914,99.05738936907791,98.54493407548573,0.005186733482270511,99.22010812315054,98.4207500706047,2025-01-07 15:51:00+00:00,15,51,15:51,500.0,0.19762365156122996,Other,Squeeze,None,Other,1.5,-1.0
2025-01-07 15:52:00+00:00,98.84981876362566,98.95856443883316,98.76084502936496,98.85970473409908,500,0.2079415906203963,0.21785194043254888,0.9545087833852872,98.81588986061342,0.11590229132718374,99.04769444326779,98.58408527795906,0.0046916459079878485,99.22010812315054,98.4207500706047,2025-01-07 15:52:00+00:00,15,52,15:52,500.0,0.1977194094682062,Other,Squeeze,None,Other,-1.0,-1.0
2025-01-07 15:53:00+00:00,98.84791218557568,98.95665576333758,98.75894016740683,98.8577979653722,500,0.20721116242827836,0.21766391942035496,0.9519775394106998,98.83281629188481,0.09270097825344811,99.0182182483917,98.64741433537792,0.0037518298772209985,99.22010812315054,98.4207500706047,2025-01-07 15:53:00+00:00,15,53,15:53,500.0,0.19771559593074528,Other,Squeeze,None,Other,-1.0,-1.0
2025-01-07 15:54:00+00:00,98.8086463353188,98.91734671632574,98.71970965994949,98.8185281881376,500,0.20652729771027645,0.21748936017052142,0.949597247186482,98.84301920109624,0.07736550888038769,98.99775021885702,98.68828818333546,0.003130843614681191,99.0966809775168,98.4207500706047,2025-01-07 15:54:00+00:00,15,54,15:54,500.0,0.1976370563762515,Other,Squeeze,None,Other,-1.0,-1.0
2025-01-07 15:55:00+00:00,98.80145489866725,98.91014736830272,98.7125246962382,98.81133603227046,500,0.20589125302129324,0.21725405440350545,0.947698092846138,98.8494948385613,0.06801858835587327,98.98553201527305,98.71345766184955,0.0027524101551338327,99.09618305111928,98.4207500706047,2025-01-07 15:55:00+00:00,15,55,15:55,500.0,0.19762267206451156,Other,Squeeze,None,Other,1.5,-1.0
2025-01-07 15:56:00+00:00,98.96011496823404,99.0689819814004,98.87104195746156,98.970011969431,500,0.20958801702905355,0.21710667094030472,0.9653688489686322,98.86068495152331,0.06853974160447034,98.99776443473225,98.72360546831437,0.002773184977954651,99.09618305111928,98.4207500706047,2025-01-07 15:56:00+00:00,15,56,15:56,500.0,0.19794002393884114,Other,Squeeze,None,Other,-1.0,1.5
2025-01-07 15:57:00+00:00,98.91727269333596,99.0260925752868,98.82823824446706,98.92716540987692,500,0.20874989658553098,0.2169695950789978,0.9621158969740712,98.86206699864547,0.06963406972646663,99.00133513809841,98.72279885919254,0.0028174231771796905,99.09618305111928,98.4207500706047,2025-01-07 15:57:00+00:00,15,57,15:57,500.0,0.19785433081973736,Other,Squeeze,None,Other,-1.0,1.5
2025-01-07 15:58:00+00:00,98.87158152917904,98.98035114582278,98.7825882064705,98.88146967614664,500,0.20796511392601258,0.21668078377643196,0.959776452260704,98.86293467432209,0.06976893339195803,99.002472541106,98.72339680753818,0.002822855041549836,99.09618305111928,98.4207500706047,2025-01-07 15:58:00+00:00,15,58,15:58,500.0,0.1977629393522733,Other,Squeeze,None,Other,-1.0,-1.0
2025-01-07 15:59:00+00:00,98.70389489374772,98.81248003664513,98.61505250410436,98.71376627037476,500,0.2121402609343175,0.21649334902606374,0.979892739840141,98.84876369457812,0.06984866136605322,98.98846101731023,98.70906637184602,0.0028264859874978193,99.09618305111928,98.4207500706047,2025-01-07 15:59:00+00:00,15,59,15:59,500.0,0.19742753254077172,Other,Squeeze,None,Other,1.5,-1.0
2025-01-07 16:00:00+00:00,98.7007015843971,98.80928321430292,98.6118620690196,98.71057264166126,500,0.21108889553067547,0.21631808999540322,0.9758263654008832,98.8395495620968,0.07538399993206218,98.99031756196094,98.68878156223268,0.0030507625850603065,99.09618305111928,98.4207500706047,2025-01-07 16:00:00+00:00,16,0,16:00,500.0,0.19742114528332877,Other,Squeeze,None,Other,1.5,-1.0
2025-01-07 16:01:00+00:00,98.7665454074713,98.87519947282604,98.6776466267265,98.77642304977628,500,0.210122034857023,0.2161544396247866,0.9720921542105034,98.83892033077396,0.07587897467586567,98.99067828012569,98.68716238142223,0.003070813579182382,99.09618305111928,98.4207500706047,2025-01-07 16:01:00+00:00,16,1,16:01,500.0,0.1975528460995406,Other,Squeeze,None,Other,1.5,-1.0
2025-01-07 16:02:00+00:00,98.85015684301786,98.95890289014989,98.76118280445527,98.86004284730258,500,0.20923618134542227,0.21600176530263765,0.9686781080342737,98.8387031032742,0.07580841594399262,98.99031993516219,98.6870862713862,0.003067964817983725,99.09618305111928,98.4207500706047,2025-01-07 16:02:00+00:00,16,2,16:02,500.0,0.19772008569461264,Other,Squeeze,None,Other,1.5,-1.0
2025-01-07 16:03:00+00:00,98.86184336224316,98.97060226583196,98.7728588047614,98.87173053529668,500,0.2084152727543606,0.2158594578694171,0.9655137412623364,98.84645357210195,0.0704127768623333,98.98727912582662,98.70562801837728,0.0028493799956504154,99.09618305111928,98.4207500706047,2025-01-07 16:03:00+00:00,16,3,16:03,500.0,0.19774346107055862,Other,Squeeze,None,Other,1.5,-1.0
2025-01-07 16:04:00+00:00,98.95737357537644,99.06623757270908,98.86830303210428,98.96727030240667,500,0.20766664902939236,0.2157271335929107,0.9626357406726177,98.85610375537638,0.07317046849271686,99.00244469236182,98.70976281839094,0.002960685914702157,99.09618305111928,98.51585553390522,2025-01-07 16:04:00+00:00,16,4,16:04,500.0,0.19793454060480542,Other,Squeeze,None,Other,1.5,-1.0
2025-01-07 16:05:00+00:00,99.03075098058292,99.13969570113362,98.94161439104144,99.04065504608754,500,0.20698198196244846,0.2156040193004409,0.9600098487682748,98.86887340128301,0.08191902205843098,99.03271144539987,98.70503535716615,0.0033142492370046924,99.09618305111928,98.58314145968646,2025-01-07 16:05:00+00:00,16,5,16:05,500.0,0.1980813100921779,Other,Squeeze,Upside Sweep,Other,1.5,-1.0
2025-01-07 16:06:00+00:00,99.14202004826303,99.251087177029,99.05278330654542,99.1519352417872,500,0.2072284211752357,0.21549970736106522,0.9616181094298605,98.88186061019285,0.10354524502891614,99.08895110025068,98.67477012013501,0.004188644687304556,99.13969570113362,98.6118620690196,2025-01-07 16:06:00+00:00,16,6,16:06,500.0,0.1983038704835849,Other,Squeeze,None,Other,1.5,-1.0
2025-01-07 16:07:00+00:00,99.24064624608616,99.34982187451968,99.15132073191327,99.25057130321647,500,0.20660504413460484,0.2153279629820883,0.9594900786378169,98.90002409723166,0.13239304790822126,99.16481019304811,98.63523800141522,0.0053546214620964665,99.251087177029,98.6118620690196,2025-01-07 16:07:00+00:00,16,7,16:07,500.0,0.1985011426064034,Other,Normal,Upside Sweep,Other,1.5,-1.0
2025-01-07 16:08:00+00:00,99.39756823734082,99.50691649722786,99.3081014792514,99.40750898823964,500,0.2101579119829465,0.21523793841733638,0.9763980900776891,98.92570788763308,0.1743166974087059,99.2743412824505,98.57707449281567,0.007048388174556505,99.34982187451968,98.6118620690196,2025-01-07 16:08:00+00:00,16,8,16:08,500.0,0.1988150179764574,Other,Normal,Upside False Breakout,Other,-1.0,-1.0
2025-01-07 16:09:00+00:00,99.38169639226632,99.49102719137773,99.29224392026607,99.3916355558219,500,0.20934543763499686,0.21515537743237925,0.9729965392140459,98.9480297343851,0.2031441431945494,99.3543180207742,98.541741447996,0.008212155158212537,99.50691649722786,98.6118620690196,2025-01-07 16:09:00+00:00,16,9,16:09,500.0,0.19878327111165106,Other,Normal,None,Other,-1.0,-1.0
2025-01-07 16:10:00+00:00,99.25089108776687,99.3600779866533,99.16155635231434,99.2608171694838,500,0.21082642091160936,0.21511686042345965,0.9800553080618389,98.96703843537121,0.2140034098197868,99.39504525501079,98.53903161573163,0.008649482219660038,99.50691649722786,98.6118620690196,2025-01-07 16:10:00+00:00,16,10,16:10,500.0,0.19852163433895953,Other,Normal,None,Other,1.5,-1.0
2025-01-07 16:11:00+00:00,99.31778080331766,99.4270412882498,99.22838586110043,99.32771357467512,500,0.20995706421430596,0.21506357341403265,0.9762558153449081,98.9928328250732,0.22511287297416424,99.44305857102152,98.54260707912486,0.009096128135739052,99.50691649722786,98.6118620690196,2025-01-07 16:11:00+00:00,16,11,16:11,500.0,0.19865542714936169,Other,Normal,None,Other,1.5,-1.0
2025-01-07 16:12:00+00:00,99.39632783540073,99.50567473070916,99.3068621937847,99.40626846224694,500,0.20916102655074587,0.2148119532088933,0.9736936116741501,99.0201610114806,0.2407345828290062,99.50163017713861,98.53869184582258,0.009724669415598908,99.50691649722786,98.6118620690196,2025-01-07 16:12:00+00:00,16,12,16:12,500.0,0.1988125369244642,Other,Normal,None,Other,1.5,-1.0
2025-01-07 16:13:00+00:00,99.55349770663956,99.66301750609678,99.4638905979927,99.56345405204476,500,0.21256017064353808,0.21464739729348176,0.9902760216230814,99.05544381581421,0.26606466285452485,99.58757314152327,98.52331449010516,0.010744070294581744,99.50691649722786,98.6118620690196,2025-01-07 16:13:00+00:00,16,13,16:13,500.0,0.19912690810407696,Other,Normal,None,Other,1.5,-1.0
2025-01-07 16:14:00+00:00,99.68213321317135,99.79179452583712,99.5924103209903,99.69210242341371,500,0.21368733515416805,0.21452996302431265,0.9960722136047303,99.09912252757802,0.29523106582577346,99.68958465922957,98.50866039592647,0.01191659656698233,99.66301750609678,98.6118620690196,2025-01-07 16:14:00+00:00,16,14,16:14,500.0,0.1993842048468224,Other,Normal,None,Other,1.5,-1.0
2025-01-07 16:15:00+00:00,99.87724958918604,99.98712555133037,99.78735107470432,99.88723831301736,500,0.2194970346372025,0.2145355270975906,1.0231267408560958,99.15291764161536,0.3353312110385355,99.82358006369243,98.48225521953829,0.013527840390963726,99.79179452583712,98.6118620690196,2025-01-07 16:15:00+00:00,16,15,16:15,500.0,0.19977447662604675,Other,Normal,None,Other,-1.0,-1.0
2025-01-07 16:16:00+00:00,99.94017748799725,100.050122677753,99.85022233274252,99.95017250524776,500,0.21809727109243637,0.21454222150749666,1.0165703960738353,99.20192566840619,0.37631303456620896,99.95455173753861,98.44929959927377,0.015173618134151088,99.98712555133037,98.6118620690196,2025-01-07 16:16:00+00:00,16,16,16:16,500.0,0.1999003450104766,Other,Normal,Upside Sweep,Other,-1.0,1.5
2025-01-07 16:17:00+00:00,99.96404711098756,100.07401855995454,99.87407047092368,99.9740445154391,500,0.21680090094518054,0.2145500533175713,1.0104910140678343,99.25426962368431,0.4075920962056467,100.0694538160956,98.43908543127301,0.016426178853605165,100.050122677753,98.6118620690196,2025-01-07 16:17:00+00:00,16,17,16:17,500.0,0.1999480890308547,Other,Normal,Upside Sweep,Other,-1.0,1.5
2025-01-07 16:18:00+00:00,99.8266926851191,99.9365130291071,99.73683967640162,99.83667635275437,500,0.2182583250946311,0.21460339029761816,1.0170311139630375,99.30202995751469,0.41745417828136167,100.13693831407741,98.46712160095197,0.016815534524720746,100.07401855995454,98.6118620690196,2025-01-07 16:18:00+00:00,16,18,16:18,500.0,0.19967335270548858,Other,Normal,None,Other,-1.0,-1.0
2025-01-07 16:19:00+00:00,99.85845226115195,99.96830754416752,99.7685706659574,99.86843910506248,500,0.21693536460288015,0.214464653436069,1.0115203653712925,99.35976359924908,0.4116202591675696,100.18300411758422,98.53652308091394,0.016570903321701583,100.07401855995454,98.6118620690196,2025-01-07 16:19:00+00:00,16,19,16:19,500.0,0.19973687821011765,Other,Normal,None,Other,-1.0,-1.0
2025-01-07 16:20:00+00:00,99.80429340759656,99.91408910991512,99.71446056024496,99.81427483508006,500,0.21569916353625773,0.21433774223794316,1.0063517572038396,99.41494870892002,0.3935945786747455,100.20213786626951,98.62775955157053,0.015836434410972183,100.07401855995454,98.6118620690196,2025-01-07 16:20:00+00:00,16,20,16:20,500.0,0.19962854967016597,Other,Normal,None,Other,1.5,-1.0
2025-01-07 16:21:00+00:00,99.82640350668365,99.93622353254358,99.7365507582528,99.8363871453982,500,0.2145544214472947,0.21422190528973356,1.0015522042767355,99.46794691370113,0.3739642748935344,100.21587546348819,98.72001836391406,0.015038584247365002,100.07401855995454,98.6118620690196,2025-01-07 16:21:00+00:00,16,21,16:21,500.0,0.19967277429077512,Other,Normal,None,Other,-1.0,-1.0
2025-01-07 16:22:00+00:00,99.83284383379248,99.94267094472072,99.74298528848752,99.84282811660414,500,0.2134923667891451,0.21408297646337282,0.9972412114032394,99.51708617716619,0.35391282877836927,100.22491183472293,98.80926051960945,0.014225208650032748,100.07401855995454,98.6118620690196,2025-01-07 16:22:00+00:00,16,22,16:22,500.0,0.1996856562331999,Other,Normal,None,Other,-1.0,-1.0
2025-01-07 16:23:00+00:00,99.8809482537648,99.990828284847,99.79104641015203,99.89093734749952,500,0.21251304592527498,0.2139558043393985,0.9932567456228723,99.56804651777634,0.3285673193753516,100.22518115652704,98.91091187902563,0.013199709379321481,100.07401855995454,98.6118620690196,2025-01-07 16:23:00+00:00,16,23,16:23,500.0,0.19978187469496334,Other,Normal,None,Other,-1.0,-1.0
2025-01-07 16:24:00+00:00,99.87222596055196,99.98209639615212,99.7823319677882,99.88221418197016,500,0.21160243038517823,0.21381088606151488,0.9896709858089205,99.61379371175451,0.30323573676716553,100.22026518528884,99.00732223822018,0.012176455708317494,100.07401855995454,98.6118620690196,2025-01-07 16:24:00+00:00,16,24,16:24,500.0,0.1997644283639204,Other,Normal,None,Other,-1.0,-1.0
2025-01-07 16:25:00+00:00,99.9666518407324,100.07662615518863,99.8766728561773,99.97664950568296,500,0.2107703495727613,0.2136787084329529,0.9863891031468671,99.66059343473428,0.28157998253152905,100.22375339979735,99.09743346967122,0.011301557529493678,100.07401855995454,98.6118620690196,2025-01-07 16:25:00+00:00,16,25,16:25,500.0,0.19995329901134085,Other,Normal,Upside Sweep,Other,-1.0,1.5
2025-01-07 16:26:00+00:00,99.6957944931904,99.80547083476706,99.60605930462768,99.70576506969738,500,0.222186053250084,0.2136346217462388,1.0400283036239455,99.6882849261298,0.2548920710836925,100.19806906829719,99.1785007839624,0.010227563701093798,100.07662615518863,98.6118620690196,2025-01-07 16:26:00+00:00,16,26,16:26,500.0,0.19941153013938617,Other,Normal,None,Other,1.5,-1.0
2025-01-07 16:27:00+00:00,99.71573500548,99.82543328381388,99.6259818686614,99.72570757623764,500,0.22056215052882666,0.21357256778292488,1.0327269687229026,99.71204173978084,0.23316460249601154,100.17837094477287,99.24571253478882,0.009353518328488427,100.07662615518863,98.6118620690196,2025-01-07 16:27:00+00:00,16,27,16:27,500.0,0.1994514151524811,Other,Normal,None,Other,1.5,-1.0
2025-01-07 16:28:00+00:00,99.8367126422478,99.94654400929096,99.74685061466704,99.846697311979,500,0.22058174213771917,0.2135428169356483,1.0329625941208411,99.73400115596782,0.2234533405271928,100.1809078370222,99.28709447491343,0.008961972363978396,100.07662615518863,98.6118620690196,2025-01-07 16:28:00+00:00,16,28,16:28,500.0,0.199693394623921,Other,Normal,None,Other,1.5,-1.0
2025-01-07 16:29:00+00:00,100.02458705610768,100.13462510567436,99.93455592464404,100.0345905151592,500,0.22539217439183637,0.2136229882818718,1.0550932566041784,99.76614890393469,0.2177839002762531,100.2017167044872,99.33058110338219,0.008731775363443472,100.07662615518863,98.6118620690196,2025-01-07 16:29:00+00:00,16,29,16:29,500.0,0.20006918103031524,Other,Clustering,Upside Sweep,Other,1.5,-1.0
2025-01-07 16:30:00+00:00,100.0988289715008,100.20894869534185,100.00873101563089,100.10883985548637,500,0.2235939962003452,0.21370059421655013,1.0462956222469355,99.80855003823481,0.19564825039964023,100.1998465390341,99.41725353743553,0.007840941495480834,100.13462510567436,98.6118620690196,2025-01-07 16:30:00+00:00,16,30,16:30,500.0,0.20021767971095983,Lunch Session,Clustering,Upside Sweep,Other,1.5,-1.0
2025-01-07 16:31:00+00:00,100.26862863193824,100.37893515408558,100.1783778410904,100.278656497588,500,0.22691551780026453,0.21374693323337166,1.0616082971001752,99.85609718438045,0.18804650546146148,100.23219019530337,99.48000417345752,0.007532699985830368,100.20894869534185,98.6776466267265,2025-01-07 16:31:00+00:00,16,31,16:31,500.0,0.20055731299518698,Lunch Session,Clustering,None,Other,-1.0,1.5
2025-01-07 16:32:00+00:00,100.28657190414664,100.39689816586736,100.19630496273876,100.29660156430307,500,0.22503535246657358,0.2137940848432698,1.0525798813916887,99.90061383948326,0.18121401333529655,100.26304186615386,99.53818581281266,0.007255771766386459,100.37893515408558,98.76118280445527,2025-01-07 16:32:00+00:00,16,32,16:32,500.0,0.20059320312859086,Lunch Session,Normal,Upside Sweep,Other,-1.0,1.5
2025-01-07 16:33:00+00:00,100.28786185608826,100.39818953689802,100.19759375360752,100.29789164525278,500,0.22328966895399657,0.21384210329604503,1.0441801007020224,99.93733571914366,0.18369237123200874,100.30472046160767,99.56995097667965,0.007352302116527938,100.39689816586736,98.7728588047614,2025-01-07 16:33:00+00:00,16,33,16:33,500.0,0.20059578329049543,Lunch Session,Normal,Upside Sweep,Other,-1.0,1.5
2025-01-07 16:34:00+00:00,100.34197329056434,100.45236049990488,100.25165648292209,100.35200849141349,500,0.22167640809891093,0.21389082885573513,1.0363997806022203,99.97033102254365,0.1961679188758928,100.36266686029543,99.57799518479186,0.007849045486571693,100.39818953689802,98.86830303210428,2025-01-07 16:34:00+00:00,16,34,16:34,500.0,0.20070401698279738,Lunch Session,Normal,Upside Sweep,Other,-1.0,1.5
2025-01-07 16:35:00+00:00,100.34265619197252,100.45304415257974,100.2523387696575,100.35269146111862,500,0.2201784777291485,0.21394005227587148,1.029159689300406,99.9936036799487,0.21270413977643554,100.41901195950157,99.56819540039584,0.008508709835370684,100.45236049990488,98.94161439104144,2025-01-07 16:35:00+00:00,16,35,16:35,500.0,0.20070538292223716,Lunch Session,Normal,Upside Sweep,Other,-1.0,1.5
2025-01-07 16:36:00+00:00,100.26518571340446,100.37548844796264,100.1749380214932,100.27521323472791,500,0.2187764740677403,0.21398940022200888,1.0223706120058516,100.00985571642272,0.2214489451791828,100.45275360678109,99.56695782606435,0.008857084877998442,100.45304415257974,99.05278330654542,2025-01-07 16:36:00+00:00,16,36,16:36,500.0,0.20055042646943377,Lunch Session,Normal,None,Other,-1.0,1.5
2025-01-07 16:37:00+00:00,100.2145405015736,100.32478752082726,100.12433839491152,100.2245629578694,500,0.2174673777711688,0.21397359812938074,1.0163280875413214,100.02238163854425,0.2263476429617249,100.4750769244677,99.56968635262079,0.00905187975945986,100.45304415257974,99.15132073191327,2025-01-07 16:37:00+00:00,16,37,16:37,500.0,0.20044912591573905,Lunch Session,Normal,None,Other,-1.0,1.5
2025-01-07 16:38:00+00:00,100.10414959953016,100.21427517664736,100.01404685461613,100.11416101563174,500,0.21697085816274742,0.2139741484135214,1.0140050084154777,100.0362558716881,0.22284275409423718,100.48194137987657,99.59057036349962,0.00891047959172194,100.45304415257974,99.16155635231434,2025-01-07 16:38:00+00:00,16,38,16:38,500.0,0.20022832203123642,Lunch Session,Normal,None,Other,-1.0,-1.0
2025-01-07 16:39:00+00:00,100.15805789096808,100.26824277313636,100.06790662373947,100.16807469843792,500,0.21578266467947185,0.21393688470223757,1.0086276846547677,100.05123765135689,0.22103150876572603,100.49330066888834,99.60917463382543,0.008836732616379735,100.45304415257974,99.16155635231434,2025-01-07 16:39:00+00:00,16,39,16:39,500.0,0.2003361493968896,Lunch Session,Normal,None,Other,-1.0,1.5
2025-01-07 16:40:00+00:00,100.1602004762797,100.27038771552752,100.07004728053148,100.1702174980295,500,0.21467964827351219,0.21390122912001994,1.0036391523166774,100.06903478450434,0.21520048157457877,100.4994357476535,99.63863382135519,0.008602080835015735,100.45304415257974,99.16155635231434,2025-01-07 16:40:00+00:00,16,40,16:40,500.0,0.20034043499603627,Lunch Session,Normal,None,Other,-1.0,1.5
2025-01-07 16:41:00+00:00,100.12512189273023,100.23527054167712,100.0350002708646,100.13513540627086,500,0.21365040702629876,0.21386292232710571,0.9990063013331413,100.08397219754798,0.20846500907650634,100.50090221570099,99.66704217939497,0.008331604131979588,100.45304415257974,99.22838586110043,2025-01-07 16:41:00+00:00,16,41,16:41,500.0,0.20027027081252413,Lunch Session,Normal,None,Other,-1.0,-1.0
2025-01-07 16:42:00+00:00,100.06939937507045,100.17948672311782,99.97932790848624,100.07940731580204,500,0.21268672185524728,0.2138302446382532,0.9946521934493389,100.09580115750788,0.20062631205308806,100.49705378161406,99.6945485334017,0.00801737174718804,100.45304415257974,99.3068621937847,2025-01-07 16:42:00+00:00,16,42,16:42,500.0,0.20015881463157825,Lunch Session,Normal,None,Other,-1.0,-1.0
2025-01-07 16:43:00+00:00,100.12095402991534,100.2310980937546,100.03083615950136,100.130967126628,500,0.21179923702653206,0.21374499508734102,0.9908968251630225,100.10780264646431,0.19482166942345971,100.49744598531123,99.71815930761738,0.007784474906975398,100.45304415257974,99.4638905979927,2025-01-07 16:43:00+00:00,16,43,16:43,500.0,0.20026193425323413,Lunch Session,Normal,None,Other,-1.0,-1.0
2025-01-07 16:44:00+00:00,100.20012574231497,100.31035690374765,100.10993661023367,100.21014675699068,500,0.21098645534706345,0.21366925355225605,0.987444154174777,100.12419927521532,0.18853470260216218,100.50126868041964,99.747129870011,0.007532033373227954,100.45304415257974,99.5924103209903,2025-01-07 16:44:00+00:00,16,44,16:44,500.0,0.20042029351397161,Lunch Session,Normal,None,Other,-1.0,1.5
2025-01-07 16:45:00+00:00,100.08791297869595,100.19802069374404,99.9978248482021,100.09792277097308,500,0.21108184487860046,0.21361648329888275,0.9881346308995457,100.13026293847983,0.18546463807688518,100.5011922146336,99.75933366232606,0.007408934427380329,100.45304415257974,99.60605930462768,2025-01-07 16:45:00+00:00,16,45,16:45,500.0,0.20019584554194125,Lunch Session,Normal,None,Other,-1.0,-1.0
2025-01-07 16:46:00+00:00,99.9601138475344,100.07008096947884,99.87014074776162,99.97011085862025,500,0.21227471475951906,0.2135936262737417,0.9938251363711934,100.14348022792598,0.16149007152781886,100.46646037098161,99.82050008487035,0.006450347887261953,100.45304415257974,99.60605930462768,2025-01-07 16:46:00+00:00,16,46,16:46,500.0,0.19994022171721326,Lunch Session,Normal,None,Other,1.5,-1.0
2025-01-07 16:47:00+00:00,100.05657288287748,100.16664612037238,99.96651296129072,100.06657954083155,500,0.21140746078252906,0.213575209697964,0.9898501847733144,100.16052382615568,0.12999430416744534,100.42051243449058,99.90053521782079,0.005191438670711118,100.45304415257974,99.60605930462768,2025-01-07 16:47:00+00:00,16,47,16:47,500.0,0.20013315908165907,Lunch Session,Normal,None,Other,-1.0,-1.0
2025-01-07 16:48:00+00:00,99.92007551924772,100.02999859462643,99.83013845757424,99.93006852610034,500,0.21319557667358546,0.21360412456438108,0.9980873595412598,100.16469238686173,0.12038248026923115,100.40545734740019,99.92392742632327,0.004807381818906013,100.45304415257974,99.60605930462768,2025-01-07 16:48:00+00:00,16,48,16:48,500.0,0.19986013705219818,Lunch Session,Squeeze,None,Other,1.5,-1.0
2025-01-07 16:49:00+00:00,99.97579517582862,100.08577954895934,99.88580796144892,99.98579375520414,500,0.21225100601907357,0.2136334516906598,0.9935288895037467,100.16225254886399,0.12360932871435026,100.4094712062927,99.91503389143529,0.004936363772531941,100.45304415257974,99.60605930462768,2025-01-07 16:49:00+00:00,16,49,16:49,500.0,0.19997158751041866,Lunch Session,Squeeze,None,Other,1.5,-1.0
2025-01-07 16:50:00+00:00,100.13857909807804,100.24874255143123,100.04844536351632,100.14859395747378,500,0.2158722767482178,0.2137382882006896,1.009984119202473,100.16424025396336,0.12302346345155153,100.41028718086646,99.91819332706025,0.004912869628507354,100.45304415257974,99.60605930462768,2025-01-07 16:50:00+00:00,16,50,16:50,500.0,0.2002971879149129,Lunch Session,Squeeze,None,Other,1.5,-1.0
2025-01-07 16:51:00+00:00,100.30186133273855,100.41220441451276,100.21158062946878,100.31189252199076,500,0.21928214676898647,0.21391419210938123,1.0250939622409925,100.1659020551835,0.1248610938551174,100.41562424289373,99.91617986747326,0.0049861715930568104,100.45304415257974,99.60605930462768,2025-01-07 16:51:00+00:00,16,51,16:51,500.0,0.20062378504397316,Lunch Session,Squeeze,None,Other,1.5,-1.0
2025-01-07 16:52:00+00:00,100.3769024027008,100.48732803790728,100.28655415571366,100.38694109681047,500,0.21796012787074573,0.21408116773022043,1.0181191095959148,100.17041903180886,0.13130586973246638,100.43303077127379,99.90780729234393,0.005243299209550839,100.45304415257974,99.60605930462768,2025-01-07 16:52:00+00:00,16,52,16:52,500.0,0.2007738821936158,Lunch Session,Normal,Upside Sweep,Other,1.5,-1.0
2025-01-07 16:53:00+00:00,100.44908021320713,100.55958525194552,100.3586669996939,100.45912612581972,500,0.21674285104080857,0.21424002920709592,1.0116823258612109,100.17848075583723,0.14389069099868695,100.4662621378346,99.89069937383985,0.005745373254337522,100.48732803790728,99.60605930462768,2025-01-07 16:53:00+00:00,16,53,16:53,500.0,0.20091825225162552,Lunch Session,Normal,Upside Sweep,Other,1.5,-1.0
2025-01-07 16:54:00+00:00,100.67654389001976,100.78729916382616,100.58592593872362,100.68661255127488,500,0.22470215010978226,0.21454294341375435,1.04735278883741,100.19521095883029,0.18004007460943727,100.55529110804916,99.83513080961141,0.00718757205605024,100.55958525194552,99.60605930462768,2025-01-07 16:54:00+00:00,16,54,16:54,500.0,0.20137322510254307,Lunch Session,Normal,Upside False Breakout,Other,-1.0,1.5
2025-01-07 16:55:00+00:00,100.44280352582904,100.55330165952084,100.35239596189942,100.45284881071012,500,0.23252461005733055,0.21498683269768828,1.0815760534706964,100.20021882630985,0.1859470383325702,100.572112902975,99.82832474964471,0.007423019251281187,100.78729916382616,99.60605930462768,2025-01-07 16:55:00+00:00,16,55,16:55,500.0,0.20090569762142252,Lunch Session,Normal,None,Other,1.5,-1.0
2025-01-07 16:56:00+00:00,100.39717914195916,100.5076270838095,100.30681264408162,100.40721986394556,500,0.2302595978909411,0.21533135904538642,1.0693268222136108,100.20681915777075,0.19102269099284183,100.58886453975643,99.82477377578508,0.007625137394774797,100.78729916382616,99.60605930462768,2025-01-07 16:56:00+00:00,16,56,16:56,500.0,0.20081443972787838,Lunch Session,Normal,None,Other,1.5,-1.0
2025-01-07 16:57:00+00:00,100.48340630928716,100.59394911050748,100.39296219919778,100.49345565485264,500,0.22816869170656662,0.215655005630737,1.0580264113936526,100.2202637926199,0.20151193981885163,100.6232876722576,99.8172399129822,0.00804276229948177,100.78729916382616,99.6259818686614,2025-01-07 16:57:00+00:00,16,57,16:57,500.0,0.20098691130969826,Lunch Session,Normal,None,Other,1.5,-1.0
2025-01-07 16:58:00+00:00,100.45052477704104,100.56103140495858,100.36011026329034,100.46057083412448,500,0.2262224381324009,0.21595929436751016,1.0475235103677702,100.23758428354454,0.20673194730529043,100.65104817815512,99.82412038893395,0.008249677953950109,100.78729916382616,99.74685061466704,2025-01-07 16:58:00+00:00,16,58,16:58,500.0,0.20092114166824615,Lunch Session,Normal,None,Other,1.5,-1.0
2025-01-07 16:59:00+00:00,100.57614414582584,100.68678896886856,100.48561656333636,100.58620276610246,500,0.22622213074752034,0.21619399219773022,1.0463849085159518,100.25849068692777,0.22004611629177773,100.69858291951132,99.81839845434422,0.008779151363006383,100.78729916382616,99.83013845757424,2025-01-07 16:59:00+00:00,16,59,16:59,500.0,0.20117240553219062,Lunch Session,Normal,None,Other,-1.0,-1.0
2025-01-07 17:00:00+00:00,100.57319187095568,100.68383344617123,100.48266694577929,100.58325019597528,500,0.22443244286497954,0.21641638465330193,1.037039978394054,100.27914232182505,0.2304609060312942,100.74006413388764,99.81822050976245,0.009192775314797992,100.78729916382616,99.83013845757424,2025-01-07 17:00:00+00:00,17,0,17:00,500.0,0.20116650039194894,Lunch Session,Normal,None,Other,-1.0,-1.0
2025-01-07 17:01:00+00:00,100.58744851378984,100.69810577288092,100.4969107563517,100.59750826461632,500,0.22277262669814005,0.21662722785065386,1.028368543088789,100.30226096474232,0.2383122458325776,100.77888545640747,99.82563647307717,0.009503763665560622,100.78729916382616,99.83013845757424,2025-01-07 17:01:00+00:00,17,1,17:01,500.0,0.20119501652922622,Lunch Session,Normal,None,Other,-1.0,-1.0
2025-01-07 17:02:00+00:00,100.56082908752636,100.67145706232012,100.47031528996784,100.570886176144,500,0.22122756567343524,0.21682708425612077,1.0202948881243845,100.32683490775943,0.23945991705105077,100.80575474186153,99.84791507365733,0.00954719312220743,100.78729916382616,99.83013845757424,2025-01-07 17:02:00+00:00,17,2,17:02,500.0,0.2011417723522726,Lunch Session,Normal,None,Other,-1.0,-1.0
2025-01-07 17:03:00+00:00,100.50930376536616,100.61987505663716,100.4188363452353,100.51935570093625,500,0.2197855046540363,0.21701658812111535,1.0127590086863574,100.34625433647484,0.2384862094098723,100.82322675529458,99.8692819176551,0.009506531598486719,100.78729916382616,99.83013845757424,2025-01-07 17:03:00+00:00,17,3,17:03,500.0,0.20103871140184992,Lunch Session,Normal,None,Other,1.5,-1.0
2025-01-07 17:04:00+00:00,100.45533371214884,100.56584563042402,100.3649148699237,100.46538025017388,500,0.21843873721448565,0.21719612292420024,1.0057211623925675,100.359016011134,0.23764704841805737,100.83431010797011,99.8837219142979,0.009471876383948979,100.78729916382616,99.83013845757424,2025-01-07 17:04:00+00:00,17,4,17:04,500.0,0.2009307605003272,Lunch Session,Normal,None,Other,1.5,-1.0
2025-01-07 17:05:00+00:00,100.48358233742078,100.5941253322914,100.39313806889024,100.49363170059084,500,0.21719220337067668,0.21736629328100407,0.9991990942675628,100.37880145761488,0.2311491542564055,100.8410997661277,99.91650314910207,0.00921107448584192,100.78729916382616,99.83013845757424,2025-01-07 17:05:00+00:00,17,5,17:05,500.0,0.20098726340116002,Lunch Session,Normal,None,Other,1.5,-1.0
2025-01-07 17:06:00+00:00,100.40678547256243,100.51724398243324,100.31641032812269,100.41682715527796,500,0.21602373558066815,0.21751288185442794,0.9931537559473999,100.40113727244777,0.21021403556808568,100.82156534358394,99.9807092013116,0.008374966311293893,100.78729916382616,99.83013845757424,2025-01-07 17:06:00+00:00,17,6,17:06,500.0,0.2008336543105571,Lunch Session,Normal,None,Other,1.5,-1.0
2025-01-07 17:07:00+00:00,100.50354437050598,100.61410932580904,100.41308213434893,100.513595730079,500,0.2149525538577714,0.21765200701648071,0.9875973890812553,100.42348808191015,0.1960579572584208,100.81560399642699,100.03137216739331,0.007809247059751753,100.78729916382616,99.83013845757424,2025-01-07 17:07:00+00:00,17,7,17:07,500.0,0.20102719146011339,Lunch Session,Normal,None,Other,1.5,-1.0
2025-01-07 17:08:00+00:00,100.5702230357125,100.6808613448827,100.47970078275507,100.58028106381887,500,0.21396741159133245,0.21771549867662046,0.9827844728185605,100.45599870879607,0.16064313070186767,100.77728497019982,100.13471244739233,0.006396557010698648,100.78729916382616,99.83013845757424,2025-01-07 17:08:00+00:00,17,8,17:08,500.0,0.201160562127626,Lunch Session,Normal,None,Other,-1.0,-1.0
2025-01-07 17:09:00+00:00,100.681859208673,100.79262032991464,100.59123647311162,100.69192840151314,500,0.21385111548450642,0.21779059330744563,0.9819116254604348,100.4913054411115,0.12564714753275308,100.74259973617701,100.240011146046,0.005001314172652795,100.78729916382616,99.83013845757424,2025-01-07 17:09:00+00:00,17,9,17:09,500.0,0.2013838568030195,Lunch Session,Normal,Upside Sweep,Other,-1.0,1.5
2025-01-07 17:10:00+00:00,100.5692668271238,100.67990408435936,100.47874543484016,100.57932475959976,500,0.21380339056939698,0.21784020946840876,0.9814688991125066,100.51284198121782,0.09759656383996318,100.70803510889775,100.31764885353789,0.003883944057942428,100.79262032991464,99.83013845757424,2025-01-07 17:10:00+00:00,17,10,17:10,500.0,0.2011586495192006,Lunch Session,Squeeze,None,Other,-1.0,-1.0
2025-01-07 17:11:00+00:00,100.39950085768449,100.50995135367752,100.30913227005378,100.40954181186564,500,0.2178311833534384,0.2179714447873943,0.9993565146384532,100.51772444571156,0.08908605148891845,100.6958965486894,100.33955234273373,0.003545088270955999,100.79262032991464,99.83013845757424,2025-01-07 17:11:00+00:00,17,11,17:11,500.0,0.2008190836237418,Lunch Session,Squeeze,None,Other,1.5,-1.0
2025-01-07 17:12:00+00:00,100.40008460661392,100.510535744795,100.30971549355668,100.41012561917584,500,0.21661611677378756,0.21809569629111167,0.9932159160291307,100.51888367182984,0.08743012664138493,100.69374392511261,100.34402341854707,0.0034791523123883904,100.79262032991464,99.83013845757424,2025-01-07 17:12:00+00:00,17,12,17:12,500.0,0.20082025123832636,Lunch Session,Squeeze,None,Other,1.5,-1.0
2025-01-07 17:13:00+00:00,100.6925535950877,100.80332648133091,100.60192123361598,100.70262385747344,500,0.22922931287245055,0.21837351532826021,1.0497120611346658,100.53105855841251,0.09527286245723443,100.72160428332698,100.34051283349804,0.003790783219571038,100.79262032991464,99.83013845757424,2025-01-07 17:13:00+00:00,17,13,17:13,500.0,0.20140524771493062,Lunch Session,Squeeze,Upside Sweep,Other,1.5,-1.0
2025-01-07 17:14:00+00:00,100.8211403501948,100.93205469601456,100.73039224906952,100.83122347254204,500,0.22924370756306978,0.21863278820174192,1.0485330651847915,100.53828910447588,0.1117604965390667,100.76181009755402,100.31476811139774,0.004446484917718547,100.80332648133091,99.83013845757424,2025-01-07 17:14:00+00:00,17,14,17:14,500.0,0.20166244694503632,Lunch Session,Squeeze,Upside False Breakout,Other,-1.0,-1.0
2025-01-07 17:15:00+00:00,100.7662635925913,100.87711756794069,100.67556488548723,100.77634122671397,500,0.22726577719809715,0.21876226724442346,1.0388710085189083,100.55446372527607,0.12171021777135292,100.79788416081877,100.31104328973336,0.004841563994767045,100.93205469601456,99.83013845757424,2025-01-07 17:15:00+00:00,17,15,17:15,500.0,0.20155268245345326,Lunch Session,Squeeze,None,Other,-1.0,-1.0
2025-01-07 17:16:00+00:00,100.81005727061682,100.9209594238298,100.71931914526073,100.82013928454528,500,0.22543538443888114,0.21888456913353088,1.0299281732434684,100.57510969630604,0.13014805148205527,100.83540579927015,100.31481359334194,0.005176153498615878,100.93205469601456,99.83013845757424,2025-01-07 17:16:00+00:00,17,16,17:16,500.0,0.20164027856907296,Lunch Session,Normal,None,Other,-1.0,-1.0
2025-01-07 17:17:00+00:00,100.8844408778134,100.99542486117733,100.79363580051564,100.89453033084648,500,0.2237463613119383,0.21900032680631018,1.0216713580972216,100.59516343010574,0.14674555588807825,100.8886545418819,100.30167231832958,0.005835093890574227,100.93205469601456,99.83013845757424,2025-01-07 17:17:00+00:00,17,17,17:17,500.0,0.20178906066168167,Lunch Session,Normal,Upside Sweep,Other,-1.0,1.5
2025-01-07 17:18:00+00:00,100.74749367444554,100.85832700082004,100.65681186195728,100.75756943138867,500,0.22474436899602834,0.2191084275380001,1.0257221573873547,100.61001335996896,0.14743438135514006,100.90488212267924,100.31514459725868,0.005861618597649512,100.99542486117733,99.83013845757424,2025-01-07 17:18:00+00:00,17,18,17:18,500.0,0.20151513886276007,Lunch Session,Normal,None,Other,-1.0,-1.0
2025-01-07 17:19:00+00:00,100.88658344682165,100.9975697872472,100.79577644101892,100.89667311413308,500,0.22583408234334967,0.21925673950034127,1.0299983610902788,100.62553687737048,0.16055632193172048,100.94664952123392,100.30442423350704,0.006382329055392265,100.99542486117733,99.88580796144892,2025-01-07 17:19:00+00:00,17,19,17:19,500.0,0.2017933462282855,Lunch Session,Normal,Upside Sweep,Other,-1.0,1.5
2025-01-07 17:20:00+00:00,100.87070271455258,100.98167158442556,100.7799100028383,100.88079079363196,500,0.2241146180036282,0.21939699707479746,1.0215026686405484,100.64041390725332,0.16994243541071627,100.98029877807475,100.30052903643188,0.006754441036672641,100.9975697872472,100.04844536351632,2025-01-07 17:20:00+00:00,17,20,17:20,500.0,0.20176158158724888,Lunch Session,Normal,None,Other,-1.0,1.5
2025-01-07 17:21:00+00:00,100.86256470935638,100.97352462652836,100.77177932257928,100.87265197455385,500,0.2225168098568749,0.21952970354829046,1.0136068434489884,100.6541710927502,0.1772652811897811,101.00870165512977,100.29964053037064,0.007044527981912938,100.9975697872472,100.21158062946878,2025-01-07 17:21:00+00:00,17,21,17:21,500.0,0.20174530394908174,Lunch Session,Normal,None,Other,-1.0,1.5
2025-01-07 17:22:00+00:00,100.8659723743178,100.97693604029612,100.7751839203355,100.87605998031582,500,0.22103361772142888,0.21965539106382853,1.0062744950211573,100.66942978295879,0.18276795281446134,101.0349656885877,100.30389387732987,0.007262103429352983,100.9975697872472,100.28655415571366,2025-01-07 17:22:00+00:00,17,22,17:22,500.0,0.2017521199606307,Lunch Session,Normal,None,Other,-1.0,1.5
2025-01-07 17:23:00+00:00,100.98249343929436,101.09358529126278,100.89160010586566,100.99259269856422,500,0.22078302438039596,0.21979322403808055,1.0045033250986115,100.69309163284018,0.19268091212854696,101.07845345709727,100.30772980858309,0.007654185962672467,100.9975697872472,100.30681264408162,2025-01-07 17:23:00+00:00,17,23,17:23,500.0,0.2019851853971204,Lunch Session,Normal,Upside Sweep,Other,-1.0,1.5
2025-01-07 17:24:00+00:00,100.90727111753964,101.01828021667885,100.8164454909712,100.91736285382504,500,0.2194295744751992,0.2199236764395809,0.9977533025439512,100.71569076302275,0.19106673360799678,101.09782423023874,100.33355729580676,0.0075883601516496145,101.09358529126278,100.30681264408162,2025-01-07 17:24:00+00:00,17,24,17:24,500.0,0.20183472570764138,Lunch Session,Normal,None,Other,-1.0,1.5
2025-01-07 17:25:00+00:00,100.7361797147356,100.84700059450977,100.64550808582943,100.7462543401696,500,0.22317423115522825,0.22013040779928866,1.0138273643626503,100.72832189500168,0.1838272118163549,101.0959763186344,100.36066747136897,0.007299921545718876,101.09358529126278,100.30681264408162,2025-01-07 17:25:00+00:00,17,25,17:25,500.0,0.20149250868033164,Lunch Session,Normal,None,Other,-1.0,-1.0
2025-01-07 17:26:00+00:00,100.76972594334543,100.88058372766152,100.67902411981406,100.7798039237378,500,0.22163032949038747,0.22012114573662706,1.0068561507287725,100.74647073342467,0.16875554602415666,101.08398182547299,100.40895964137636,0.006700206758435669,101.09358529126278,100.30681264408162,2025-01-07 17:26:00+00:00,17,26,17:26,500.0,0.2015596078474573,Lunch Session,Normal,None,Other,-1.0,1.5
2025-01-07 17:27:00+00:00,100.56500301411668,100.67563558068883,100.47448545964852,100.57506052016868,500,0.22760805339030854,0.2202385774509851,1.0334613310012117,100.74954397292916,0.16480483672776927,101.0791536463847,100.41993429947362,0.006543149685007022,101.09358529126278,100.30913227005378,2025-01-07 17:27:00+00:00,17,27,17:27,500.0,0.20115012104031393,Lunch Session,Normal,None,Other,1.5,-1.0
2025-01-07 17:28:00+00:00,100.53573244078572,100.64633280650712,100.44524123246818,100.54578701948766,500,0.22571401915092515,0.2203241154012052,1.0244635215709594,100.7478192707126,0.16683738090681227,101.08149403252622,100.41414450889897,0.006623959987005397,101.09358529126278,100.30913227005378,2025-01-07 17:28:00+00:00,17,28,17:28,500.0,0.20109157403894073,Lunch Session,Normal,None,Other,1.5,-1.0
2025-01-07 17:29:00+00:00,100.65613311201724,100.76686593172242,100.56553353225846,100.66619973199045,500,0.22538294008548473,0.22032396149609934,1.0229615451493912,100.74653283723646,0.16738930093908558,101.08131143911463,100.41175423535829,0.006645957780383971,101.09358529126278,100.30913227005378,2025-01-07 17:29:00+00:00,17,29,17:29,500.0,0.20133239946396486,Lunch Session,Normal,None,Other,1.5,-1.0
2025-01-07 17:30:00+00:00,100.71544649524525,100.82624456619708,100.6247935281028,100.72551904714994,500,0.22367351851468417,0.22032528686800498,1.0151967651751435,100.75384255161399,0.16283326683415644,101.0795090852823,100.42817601794567,0.006464597784476151,101.09358529126278,100.30913227005378,2025-01-07 17:30:00+00:00,17,30,17:30,500.0,0.20145103809427667,Lunch Session,Normal,None,Other,1.5,-1.0
2025-01-07 17:31:00+00:00,100.821490794671,100.93240552601826,100.73074237811414,100.8315739520662,500,0.2224744442542291,0.22025126897557104,1.0100938137110331,100.774944158624,0.14186212688204888,101.05866841238809,100.4912199048599,0.005630849138799778,101.09358529126278,100.30913227005378,2025-01-07 17:31:00+00:00,17,31,17:31,500.0,0.20166314790411377,Lunch Session,Normal,None,Other,1.5,-1.0
2025-01-07 17:32:00+00:00,100.88506379359352,100.99604846223332,100.79425815561548,100.8951533089244,500,0.2209970058516297,0.22018396319865535,1.0036925607167895,100.79919554311144,0.11515835274364088,101.02951224859872,100.56887883762415,0.004569812372932628,101.09358529126278,100.30913227005378,2025-01-07 17:32:00+00:00,17,32,17:32,500.0,0.2017903066178377,Lunch Session,Squeeze,None,Other,1.5,-1.0
2025-01-07 17:33:00+00:00,101.12953512475028,101.24078873874888,101.03850944056958,101.13964908965924,500,0.22989975042111824,0.22029413122310737,1.0436036091596221,100.82104680472072,0.13553023592297214,101.09210727656667,100.54998633287478,0.005377061247359522,101.09358529126278,100.30913227005378,2025-01-07 17:33:00+00:00,17,33,17:33,500.0,0.2022792981792918,Lunch Session,Clustering,Upside False Breakout,Other,1.5,-1.0
2025-01-07 17:34:00+00:00,101.071074923646,101.18226422499214,100.98010185890824,101.0811830419502,500,0.22791850868274527,0.22039816623283795,1.034121619877556,100.83354478319112,0.14751338211770712,101.12857154742653,100.5385180189557,0.0058517582590153485,101.24078873874888,100.30913227005378,2025-01-07 17:34:00+00:00,17,34,17:34,500.0,0.20216236608389693,Lunch Session,Clustering,None,Other,1.5,-1.0
2025-01-07 17:35:00+00:00,101.11233364987548,101.22356834035938,101.02132344857048,101.12244589446492,500,0.22608467890461303,0.22049660291909567,1.0253431386766885,100.85085001657868,0.16020479382763517,101.17125960423395,100.5304404289234,0.006354127656883517,101.24078873874888,100.30913227005378,2025-01-07 17:35:00+00:00,17,35,17:35,500.0,0.2022448917888937,Lunch Session,Clustering,None,Other,1.5,-1.0
2025-01-07 17:36:00+00:00,101.0690546549208,101.18024173374909,100.97808340860672,101.0791625711779,500,0.2243756536358809,0.22058992257856466,1.0171618495217882,100.86380118091031,0.16787758129320993,101.19955634349674,100.52804601832389,0.006657594868632989,101.24078873874888,100.30913227005378,2025-01-07 17:36:00+00:00,17,36,17:36,500.0,0.20215832514236354,Lunch Session,Normal,None,Other,1.5,-1.0
2025-01-07 17:37:00+00:00,101.16681559539616,101.27811022201377,101.07575635543633,101.17693328872504,500,0.22280266884599226,0.22067884409647842,1.0096240523563071,100.87792132880423,0.1818898782626925,101.24170108532962,100.51414157227885,0.007212277012324143,101.24078873874888,100.30913227005378,2025-01-07 17:37:00+00:00,17,37,17:37,500.0,0.2023538665774396,Lunch Session,Normal,Upside Sweep,Other,1.5,-1.0
2025-01-07 17:38:00+00:00,101.16159806396932,101.27288695072836,101.07054352025736,101.17171523549288,500,0.22134129467635022,0.22075168470503845,1.002670919463648,100.89862861900944,0.1908221921768922,101.28027300336323,100.51698423465565,0.007564907265387525,101.27811022201377,100.30913227005378,2025-01-07 17:38:00+00:00,17,38,17:38,500.0,0.20234343047100367,Lunch Session,Normal,None,Other,1.5,-1.0
2025-01-07 17:39:00+00:00,101.33664204312296,101.44812349751582,101.24542994407425,101.34677672079503,500,0.22527464948682094,0.2209098844518276,1.0197581246571388,100.92113379934253,0.21552290216741793,101.35217960367736,100.4900879950077,0.008542230712386967,101.27811022201377,100.30913227005378,2025-01-07 17:39:00+00:00,17,39,17:39,500.0,0.20269355344157702,Lunch Session,Normal,None,Other,1.5,-1.0
2025-01-07 17:40:00+00:00,101.28387804443892,101.39530145262862,101.19271343773823,101.29400744518344,500,0.22365417558707523,0.22105945990705367,1.0117376369286006,100.94179463192012,0.23072221887978123,101.40323906967969,100.48035019416055,0.0091427825202079,101.44812349751582,100.30913227005378,2025-01-07 17:40:00+00:00,17,40,17:40,500.0,0.20258801489038092,Lunch Session,Normal,None,Other,1.5,-1.0
2025-01-07 17:41:00+00:00,101.42751186425352,101.53909328544631,101.33621797418668,101.4376556298165,500,0.22518500877820372,0.2212517032695854,1.0177775151580448,100.97004481468325,0.25511174734708797,101.48026830937742,100.45982131998908,0.010106432964957461,101.44812349751582,100.30913227005378,2025-01-07 17:41:00+00:00,17,41,17:41,500.0,0.20287531125963199,Lunch Session,Normal,Upside Sweep,Other,-1.0,-1.0
2025-01-07 17:42:00+00:00,101.488705258366,101.60035399902426,101.3973562887365,101.4988551438804,500,0.2236002017431721,0.2214335946010508,1.0097844554527726,101.00118457286148,0.27984691242115606,101.56087839770379,100.44149074801916,0.011082916051119263,101.53909328544631,100.30971549355668,2025-01-07 17:42:00+00:00,17,42,17:42,500.0,0.20299771028776092,Lunch Session,Normal,Upside Sweep,Other,-1.0,1.5
2025-01-07 17:43:00+00:00,101.48642573914596,101.59807197208232,101.39507882128896,101.49657539668564,500,0.22212826953247133,0.2216057451428165,1.002357900916865,101.02638370776756,0.30092925497235484,101.62824221771227,100.42452519782286,0.011914877834005461,101.60035399902426,100.44524123246818,2025-01-07 17:43:00+00:00,17,43,17:43,500.0,0.2029931507933611,Lunch Session,Normal,None,Other,-1.0,-1.0
2025-01-07 17:44:00+00:00,101.5425066267444,101.6542145548266,101.45110923104076,101.55266189293368,500,0.22076948769342583,0.22176879568192254,0.99549391975808,101.05814865972299,0.3216334012831644,101.70141546228932,100.41488185715666,0.012730627091384788,101.60035399902426,100.44524123246818,2025-01-07 17:44:00+00:00,17,44,17:44,500.0,0.20310532378583446,Lunch Session,Normal,Upside Sweep,Other,-1.0,1.5
2025-01-07 17:45:00+00:00,101.57005522892108,101.68179346349632,101.47863303699586,101.5802132502461,500,0.219511697608214,0.2219092932274161,0.9891956051757373,101.09984660522682,0.33293051657900774,101.76570763838482,100.4339855720688,0.013172345073045532,101.6542145548266,100.44524123246818,2025-01-07 17:45:00+00:00,17,45,17:45,500.0,0.2031604265004603,Lunch Session,Normal,Upside Sweep,Other,-1.0,1.5
2025-01-07 17:46:00+00:00,101.60723206810978,101.719011201298,101.51577641368304,101.61739380749052,500,0.21834906118012445,0.22201053233442616,0.983507669137128,101.14172609941446,0.3430790760811622,101.82788425157678,100.45556794725213,0.013568250782824897,101.68179346349632,100.44524123246818,2025-01-07 17:46:00+00:00,17,46,17:46,500.0,0.20323478761496006,Lunch Session,Normal,Upside Sweep,Other,-1.0,1.5
2025-01-07 17:47:00+00:00,101.58723051222688,101.69898764150324,101.49579286100077,101.597390251252,500,0.2172666125602921,0.22210818486405556,0.9782017384603506,101.1928425859686,0.3301214954228297,101.85308557681427,100.53259959512295,0.013049203362080654,101.719011201298,100.44524123246818,2025-01-07 17:47:00+00:00,17,47,17:47,500.0,0.20319478050247142,Lunch Session,Normal,None,Other,-1.0,1.5
2025-01-07 17:48:00+00:00,101.51699823980584,101.62867810585622,101.42562380394642,101.52715095490132,500,0.21625144751382852,0.22215911604472627,0.9734079400563136,101.2419107827393,0.30048655752412945,101.84288389778756,100.64093766769103,0.011872022374961377,101.719011201298,100.44524123246818,2025-01-07 17:48:00+00:00,17,48,17:48,500.0,0.2030543019098019,Lunch Session,Normal,None,Other,-1.0,1.5
2025-01-07 17:49:00+00:00,101.48400335862485,101.59564692667612,101.39265862112832,101.4941527739022,500,0.21530408023054115,0.2222100006149174,0.9689216490470022,101.28330843483488,0.27275000602748256,101.82880844688984,100.73780842277992,0.01077176526882374,101.719011201298,100.44524123246818,2025-01-07 17:49:00+00:00,17,49,17:49,500.0,0.20298830554780523,Lunch Session,Normal,None,Other,-1.0,1.5
2025-01-07 17:50:00+00:00,101.31434787675,101.42580480510723,101.2231558444577,101.32448032478248,500,0.21928214088868161,0.2222668316839251,0.9865715870756286,101.3132564987165,0.2390867650120136,101.79143002874052,100.83508296869248,0.00943950567870811,101.719011201298,100.44524123246818,2025-01-07 17:50:00+00:00,17,50,17:50,500.0,0.2026489606495403,Lunch Session,Normal,None,Other,-1.0,1.5
2025-01-07 17:51:00+00:00,101.40069924471427,101.51225116907588,101.3094294884184,101.41084032874714,500,0.21810639372931,0.22224723579993053,0.9813683078859611,101.34221981755056,0.21111411160445778,101.76444804075948,100.91999159434164,0.008332721031156978,101.719011201298,100.44524123246818,2025-01-07 17:51:00+00:00,17,51,17:51,500.0,0.20282168065747896,Lunch Session,Normal,None,Other,-1.0,1.5
2025-01-07 17:52:00+00:00,101.27654283275784,101.38795817140772,101.18538482840792,101.28667149990784,500,0.21863132991573236,0.22225842250068029,0.9836807417953449,101.36179572709972,0.18387166892274318,101.7295390649452,100.99405238925424,0.0072560541219212765,101.719011201298,100.44524123246818,2025-01-07 17:52:00+00:00,17,52,17:52,500.0,0.20257334299979846,Lunch Session,Normal,None,Other,-1.0,-1.0
2025-01-07 17:53:00+00:00,101.25551524010856,101.36690744609326,101.1643761624847,101.265641804289,500,0.21748132660807754,0.22227073042680143,0.9784523863779665,101.36809536283121,0.1779221831906156,101.72393972921245,101.01225099644998,0.007020835601330871,101.719011201298,100.44524123246818,2025-01-07 17:53:00+00:00,17,53,17:53,500.0,0.20253128360856465,Lunch Session,Normal,None,Other,-1.0,-1.0
2025-01-07 17:54:00+00:00,101.32216785764196,101.43363338883847,101.230968786663,101.33230108775076,500,0.2164229891486059,0.22213274441078182,0.9742957515006563,101.38065126512124,0.16500068560682518,101.7106526363349,101.05064989390759,0.006510145024629321,101.719011201298,100.44524123246818,2025-01-07 17:54:00+00:00,17,54,17:54,500.0,0.20266460217547433,Lunch Session,Normal,None,Other,-1.0,1.5
2025-01-07 17:55:00+00:00,101.40826713543512,101.51982738530906,101.3169905673564,101.41840897633274,500,0.21545254834889535,0.2218482100489746,0.9711710015660376,101.39544941921463,0.15349528070789245,101.70243998063042,101.08845885779884,0.00605531240650751,101.719011201298,100.44524123246818,2025-01-07 17:55:00+00:00,17,55,17:55,500.0,0.20283681795265807,Lunch Session,Normal,None,Other,-1.0,1.5
2025-01-07 17:56:00+00:00,101.22947464008143,101.34083819854138,101.1383590013415,101.23959859994144,500,0.2200666502519202,0.22167832758832423,0.9927296576352874,101.4034712206528,0.13966507766289404,101.6828013759786,101.12414106532701,0.0055092819202998584,101.719011201298,100.44524123246818,2025-01-07 17:56:00+00:00,17,56,17:56,500.0,0.20247919719987806,Lunch Session,Normal,None,Other,-1.0,-1.0
2025-01-07 17:57:00+00:00,101.22118954149045,101.33254398543046,101.13008136008496,101.23131267275772,500,0.21880921990146193,0.2215223363915725,0.9877524021536377,101.40619018985444,0.135489681019758,101.67716955189395,101.13521082781493,0.005344434329544961,101.719011201298,100.44524123246818,2025-01-07 17:57:00+00:00,17,57,17:57,500.0,0.20246262534550397,Lunch Session,Normal,None,Other,-1.0,-1.0
2025-01-07 17:58:00+00:00,101.26874882823635,101.38015559262384,101.17759783919205,101.27887671590794,500,0.21764840086791395,0.2213794357704977,0.9831464250977147,101.41154826387519,0.1276194294882165,101.66678712285162,101.15630940489876,0.005033723739475683,101.719011201298,100.44524123246818,2025-01-07 17:58:00+00:00,17,58,17:58,500.0,0.2025577534317904,Lunch Session,Normal,None,Other,-1.0,-1.0
2025-01-07 17:59:00+00:00,101.27502931677226,101.38644299038806,101.18387267472296,101.28515783255553,500,0.2165713947819986,0.22121859017107234,0.9789927447531422,101.40846731946323,0.1299872465084019,101.66844181248003,101.14849282644643,0.005127273883310176,101.719011201298,100.56553353225846,2025-01-07 17:59:00+00:00,17,59,17:59,500.0,0.2025703156650991,Lunch Session,Normal,None,Other,-1.0,-1.0
2025-01-07 18:00:00+00:00,101.41225618457304,101.52382082283988,101.32097602599106,101.42239842441548,500,0.2181493658893097,0.22111387222147785,0.9865928523507618,101.41488686842482,0.12717700088530917,101.66924087019544,101.1605328666542,0.005016107785055654,101.719011201298,100.6247935281028,2025-01-07 18:00:00+00:00,18,0,18:00,500.0,0.20284479684882228,Pre-News,Normal,None,Other,-1.0,1.5
2025-01-07 18:01:00+00:00,101.32996242310767,101.44143652918368,101.2387563363182,101.34009643275095,500,0.2170444249590356,0.22101840219249277,0.982019699744295,101.41000890857154,0.12812516587016295,101.66625924031187,101.15375857683121,0.005053748333093252,101.719011201298,100.73074237811414,2025-01-07 18:01:00+00:00,18,1,18:01,500.0,0.202680192865472,Pre-News,Normal,None,Other,-1.0,1.5
2025-01-07 18:02:00+00:00,101.12355696812656,101.23480400549522,101.03253666482492,101.13367033516008,500,0.22350980659953568,0.2210564395412611,1.0110983740775243,101.39174966813553,0.140245360342919,101.67224038882136,101.1112589474497,0.005532811527642139,101.719011201298,100.79425815561548,2025-01-07 18:02:00+00:00,18,2,18:02,500.0,0.2022673406703035,Pre-News,Clustering,None,Other,-1.0,1.5
2025-01-07 18:03:00+00:00,101.20654528690036,101.31788362054932,101.11545028664212,101.21666695359572,500,0.22200434426436946,0.22109342020143335,1.0041200867131468,101.37775424598104,0.14316985635318635,101.66409395868742,101.09141453327466,0.0056489653935637586,101.719011201298,100.97808340860672,2025-01-07 18:03:00+00:00,18,3,18:03,500.0,0.20243333390720863,Pre-News,Clustering,None,Other,-1.0,1.5
2025-01-07 18:04:00+00:00,101.15321477778537,101.26449444200732,101.06216777978554,101.16333111089644,500,0.22059879554704157,0.2211294211736426,0.9976003843188992,101.35828770687917,0.14459748498227057,101.64748267684371,101.06909273691463,0.005706390202661509,101.719011201298,100.97808340860672,2025-01-07 18:04:00+00:00,18,4,18:04,500.0,0.20232666222177897,Pre-News,Clustering,None,Other,-1.0,1.5
2025-01-07 18:05:00+00:00,100.97649881770948,101.08758407493468,100.88561087997977,100.98659747745722,500,0.22467889807344368,0.2212541994186887,1.015478570186477,101.32860691823973,0.15703568420567188,101.64267828665108,101.01453554982838,0.006199066146537799,101.719011201298,100.97808340860672,2025-01-07 18:05:00+00:00,18,5,18:05,500.0,0.20197319495491683,Pre-News,Clustering,Range Raid,Other,-1.0,-1.0
2025-01-07 18:06:00+00:00,100.96150366998918,101.07257243090226,100.87062922924213,100.9716008300722,500,0.2230549197582069,0.22137138582164767,1.0076050205418852,101.29631726936881,0.16087703170379744,101.61807133277641,100.97456320596122,0.0063527297355141215,101.719011201298,100.88561087997977,2025-01-07 18:06:00+00:00,18,6,18:06,500.0,0.20194320166012858,Pre-News,Normal,Downside Stop Hunt,Other,1.5,-1.0
2025-01-07 18:07:00+00:00,101.08682998983898,101.19803662349116,100.99584274412354,101.09693968380736,500,0.22329641073397483,0.22151045010291776,1.0080626472937384,101.27129474099658,0.15014570291070456,101.57158614681799,100.97100333517517,0.005930434810563312,101.719011201298,100.87062922924213,2025-01-07 18:07:00+00:00,18,7,18:07,500.0,0.202193879367627,Pre-News,Normal,None,Other,-1.0,1.5
2025-01-07 18:08:00+00:00,100.96022200799148,101.07128935893536,100.86934872085556,100.97031903989546,500,0.22360316446382006,0.2216710459841259,1.0087161517694672,101.24345314524628,0.15182257500293883,101.54709829525216,100.9398079952404,0.005998316741928208,101.719011201298,100.87062922924213,2025-01-07 18:08:00+00:00,18,8,18:08,500.0,0.20194063807980456,Pre-News,Normal,Downside Stop Hunt,Other,1.5,-1.0
2025-01-07 18:09:00+00:00,101.19735232495614,101.30868054533562,101.1062655991911,101.20747307226335,500,0.23180018881927303,0.22197019720637198,1.0442851866449523,101.22911916016434,0.1399787184214183,101.50907659700718,100.94916172332151,0.005531164138648438,101.719011201298,100.86934872085556,2025-01-07 18:09:00+00:00,18,9,18:09,500.0,0.20241494614451483,Pre-News,Clustering,None,Other,-1.0,1.5
2025-01-07 18:10:00+00:00,101.11360756970436,101.2248436616402,101.02259622175684,101.12371994169852,500,0.22968927818099288,0.2222349619998986,1.0335424998569653,101.21908114101015,0.13997871973086293,101.49903858047188,100.93912370154843,0.005531712722657726,101.719011201298,100.86934872085556,2025-01-07 18:10:00+00:00,18,10,18:10,500.0,0.20224743988335092,Pre-News,Clustering,None,Other,-1.0,1.5
2025-01-07 18:11:00+00:00,101.12341716294924,101.23466404651684,101.03239698548484,101.13353051600085,500,0.22773054838463652,0.22239995141708524,1.023968516780628,101.20521565037282,0.13357219304026918,101.47236003645337,100.93807126429228,0.005279261238935194,101.719011201298,100.86934872085556,2025-01-07 18:11:00+00:00,18,11,18:11,500.0,0.20226706103200343,Pre-News,Normal,None,Other,-1.0,1.5
2025-01-07 18:12:00+00:00,101.00121945254828,101.11233190519134,100.91030926402216,101.01132058460676,500,0.22740845578421146,0.22257982373392562,1.0216939341997953,101.19144810460777,0.1388218129180836,101.46909173044394,100.91380447877161,0.005487491898507977,101.719011201298,100.86934872085556,2025-01-07 18:12:00+00:00,18,12,18:12,500.0,0.20202264116917945,Pre-News,Clustering,None,Other,-1.0,-1.0
2025-01-07 18:13:00+00:00,101.00643229522012,101.1175504825636,100.91551741466635,101.01653394861498,500,0.22559592807799972,0.22251926732068478,1.013826491496042,101.17899271182407,0.14292912115375325,101.46485095413158,100.89313446951655,0.00565054532854834,101.719011201298,100.86934872085556,2025-01-07 18:13:00+00:00,18,13,18:13,500.0,0.20203306789724707,Pre-News,Clustering,None,Other,-1.0,-1.0
2025-01-07 18:14:00+00:00,100.99393374259026,101.10503818015084,100.90303011185884,101.00403414600486,500,0.2239110809504285,0.2224303902104741,1.006656872464924,101.16257936473679,0.14324528506508302,101.44906993486696,100.87608879460662,0.00566396333366,101.719011201298,100.86934872085556,2025-01-07 18:14:00+00:00,18,14,18:14,500.0,0.20200806829200246,Pre-News,Clustering,None,Other,-1.0,-1.0
2025-01-07 18:15:00+00:00,100.84462431187713,100.95556449263825,100.75385507307254,100.8547097828554,500,0.2257873660919916,0.2224057500253723,1.0152047151039643,101.13439440506292,0.14569471912125448,101.42578384330542,100.84300496682042,0.005762420192589136,101.719011201298,100.86934872085556,2025-01-07 18:15:00+00:00,18,15,18:15,500.0,0.20170941956570232,Pre-News,Clustering,Downside False Breakout,Other,1.5,-1.0
2025-01-07 18:16:00+00:00,101.1310080926762,101.24226332710155,101.0399810826918,101.14112220489667,500,0.23734209310300364,0.2226041951697744,1.0662067393742918,101.12947058531067,0.14360115324785613,101.41667289180639,100.84226827881496,0.0056798934046319765,101.719011201298,100.75385507307254,2025-01-07 18:16:00+00:00,18,16,18:16,500.0,0.2022822444097585,Pre-News,Clustering,None,Other,1.5,-1.0
2025-01-07 18:17:00+00:00,101.0819373643959,101.19313861562183,100.99095452248376,101.0920465690528,500,0.23483080739122283,0.22278893593776244,1.0540505811151428,101.12250728012543,0.14176769858942306,101.40604267730428,100.83897188294658,0.005607760424559371,101.69898764150324,100.75385507307254,2025-01-07 18:17:00+00:00,18,17,18:17,500.0,0.20218409313807229,Pre-News,Clustering,None,Other,1.5,-1.0
2025-01-07 18:18:00+00:00,101.03297881077349,101.14412620220446,100.9420400359663,101.04308311908538,500,0.23249190445171838,0.22291806152869062,1.0429478116639532,101.1107176002843,0.13782910715399208,101.38637581459228,100.83505938597632,0.0054526012840246324,101.62867810585622,100.75385507307254,2025-01-07 18:18:00+00:00,18,18,18:18,500.0,0.20208616623816056,Pre-News,Clustering,None,Other,1.5,-1.0
2025-01-07 18:19:00+00:00,101.13194215845648,101.24319842045696,101.04091430772878,101.14205636409288,500,0.23033420504289417,0.222993063573683,1.0329209409098299,101.10356252686117,0.1318829654151036,101.36732845769137,100.83979659603096,0.005217737619485488,101.59564692667612,100.75385507307254,2025-01-07 18:19:00+00:00,18,19,18:19,500.0,0.20228411272817937,Pre-News,Clustering,None,Other,1.5,-1.0
2025-01-07 18:20:00+00:00,101.3166009789685,101.42806038598606,101.2254069186814,101.32673365233371,500,0.23431062053220011,0.22316299694915923,1.0499528314973317,101.09877928825708,0.120996008853608,101.3407713059643,100.85678727054986,0.004787239161755668,101.52382082283988,100.75385507307254,2025-01-07 18:20:00+00:00,18,20,18:20,500.0,0.20265346730465694,Pre-News,Squeeze,None,Other,-1.0,1.5
2025-01-07 18:21:00+00:00,101.431806349078,101.54339249467654,101.34050859358828,101.4419505441324,500,0.23304977923295894,0.2233385464387606,1.0434821169433068,101.10387199382615,0.13321420871023418,101.37030041124662,100.83744357640568,0.005270389989351551,101.52382082283988,100.75385507307254,2025-01-07 18:21:00+00:00,18,21,18:21,500.0,0.20288390108825638,Pre-News,Clustering,Range Raid,Other,-1.0,1.5
2025-01-07 18:22:00+00:00,101.31105473025436,101.42250803578818,101.21986566209031,101.32118684893923,500,0.23226657229075348,0.22352576234824936,1.0391042618563406,101.11324781951512,0.1417473968206245,101.39674261315638,100.82975302587387,0.0056074708261233015,101.54339249467654,100.75385507307254,2025-01-07 18:22:00+00:00,18,22,18:22,500.0,0.20264237369786997,Pre-News,Clustering,None,Other,-1.0,1.5
2025-01-07 18:23:00+00:00,101.33374172798668,101.44521999171384,101.24253223948264,101.34387611559823,500,0.23015379942935674,0.2236819419323987,1.0289333034264962,101.11960827761523,0.14928583510876953,101.41817994783277,100.82103660739769,0.005905316986549987,101.54339249467654,100.75385507307254,2025-01-07 18:23:00+00:00,18,23,18:23,500.0,0.20268775223119917,Pre-News,Clustering,None,Other,-1.0,1.5
2025-01-07 18:24:00+00:00,101.14428587870138,101.25555572015207,101.05324691751444,101.15440131883328,500,0.2344734707618164,0.22393267353717566,1.0470712784255256,101.11916178801208,0.1491614867087428,101.41748476142956,100.8208388145946,0.005900424175645235,101.54339249467654,100.75385507307254,2025-01-07 18:24:00+00:00,18,24,18:24,500.0,0.2023088026376314,Pre-News,Clustering,None,Other,-1.0,-1.0
2025-01-07 18:25:00+00:00,101.23654168673792,101.3479130197266,101.14541968701988,101.24666635337324,500,0.2321891751864526,0.22408292260436274,1.0361752358808802,101.13216523180787,0.14833038514180089,101.42882600209148,100.83550446152427,0.0058667936082180015,101.54339249467654,100.75385507307254,2025-01-07 18:25:00+00:00,18,25,18:25,500.0,0.2024933327067231,Pre-News,Clustering,None,Other,-1.0,-1.0
2025-01-07 18:26:00+00:00,101.07214688242956,101.18333736304828,100.98117285283242,101.08225510794036,500,0.23456805556890795,0.2242985513723381,1.0457849778063095,101.13769794570129,0.14402741604312588,101.42575277778754,100.84964311361504,0.0056962900666553936,101.54339249467654,100.75385507307254,2025-01-07 18:26:00+00:00,18,26,18:26,500.0,0.2021645102158658,Pre-News,Clustering,None,Other,1.5,-1.0
2025-01-07 18:27:00+00:00,100.99200810903471,101.10311042818655,100.90110621154685,101.0021083198667,500,0.23224206707396508,0.22437578493373236,1.0350585164194788,101.13295637750426,0.14697076261538256,101.42689790273502,100.8390148522735,0.005812972066861235,101.54339249467654,100.75385507307254,2025-01-07 18:27:00+00:00,18,27,18:27,500.0,0.20200421663970758,Pre-News,Clustering,None,Other,1.5,-1.0
2025-01-07 18:28:00+00:00,100.9926947051286,101.10379777961168,100.90179218964244,101.00279498462706,500,0.23008231870934234,0.22444858992637265,1.0251003082033965,101.13458017474083,0.1452486156240074,101.42507740598884,100.84408294349282,0.005744765652778479,101.54339249467654,100.75385507307254,2025-01-07 18:28:00+00:00,18,28,18:28,500.0,0.20200558996924656,Pre-News,Clustering,None,Other,1.5,-1.0
2025-01-07 18:29:00+00:00,101.03865749974034,101.1498111383539,100.94771361360196,101.04876237597792,500,0.2280834048552418,0.22449359767253527,1.0159906884647238,101.12664463992657,0.14539201315440567,101.41742866623538,100.83586061361775,0.005750888449709458,101.54339249467654,100.75385507307254,2025-01-07 18:29:00+00:00,18,29,18:29,500.0,0.20209752475193454,Pre-News,Clustering,None,Other,1.5,-1.0
2025-01-07 18:30:00+00:00,101.01330658311664,101.12443233293304,100.92238551508504,101.02340892400905,500,0.22622364864043884,0.22453609984129783,1.0075157126196357,101.1216290890421,0.14721696420778443,101.41606301745767,100.82719516062653,0.005823362045647217,101.54339249467654,100.75385507307254,2025-01-07 18:30:00+00:00,18,30,18:30,500.0,0.20204681784800016,Pre-News,Clustering,None,Other,1.5,-1.0
2025-01-07 18:31:00+00:00,101.16788253100728,101.2791783313714,101.07682233070932,101.17800033104038,500,0.22833405997771827,0.224633760103356,1.0164725901959693,101.12385257979406,0.147741069940985,101.41933471967603,100.82837043991209,0.0058439652434881684,101.54339249467654,100.75385507307254,2025-01-07 18:31:00+00:00,18,31,18:31,500.0,0.20235600066207837,Pre-News,Clustering,None,Other,1.5,-1.0
2025-01-07 18:32:00+00:00,101.24209002953846,101.3534674663146,101.1509630358125,101.25221525106356,500,0.22648908644374574,0.22472529477989125,1.007848656581281,101.1358973131169,0.1479034294853338,101.43170417208756,100.84009045414624,0.005849690699927162,101.54339249467654,100.75385507307254,2025-01-07 18:32:00+00:00,18,32,18:32,500.0,0.20250443050210265,Pre-News,Clustering,None,Other,1.5,-1.0
2025-01-07 18:33:00+00:00,101.30839743621564,101.41984781843368,101.2172107598554,101.31852928914454,500,0.22478537016764075,0.22464005510899998,1.000646879553917,101.15099708014338,0.1504694113370462,101.45193590281748,100.85005825746929,0.005950288803098203,101.54339249467654,100.75385507307254,2025-01-07 18:33:00+00:00,18,33,18:33,500.0,0.20263705857827574,Pre-News,Clustering,None,Other,1.5,-1.0
2025-01-07 18:34:00+00:00,101.18493717407894,101.29625173642664,101.09386162306716,101.19505667974693,500,0.22477696273262213,0.22458769600983122,1.0008427297049372,101.1605482068305,0.14666440301099798,101.45387701285249,100.86721940080851,0.005799272764363755,101.54339249467654,100.75385507307254,2025-01-07 18:34:00+00:00,18,34,18:34,500.0,0.20239011335948476,Pre-News,Clustering,None,Other,1.5,-1.0
2025-01-07 18:35:00+00:00,101.35804736975362,101.4695523723606,101.26681600398426,101.36818418817244,500,0.22832830058126838,0.22462508970444217,1.0164861854109835,101.18622192709634,0.13476905314435017,101.45576003338505,100.91668382080763,0.005327565377090689,101.54339249467654,100.75385507307254,2025-01-07 18:35:00+00:00,18,35,18:35,500.0,0.20273636837633546,Pre-News,Clustering,None,Other,1.5,-1.0
2025-01-07 18:36:00+00:00,101.27769570155763,101.38911230849004,101.18653665952203,101.28782448400604,500,0.2264888254660355,0.22466030923494476,1.0081390265922696,101.1935570410518,0.13617022487666933,101.46589749080515,100.92121659129846,0.005382565011384306,101.54339249467654,100.75385507307254,2025-01-07 18:36:00+00:00,18,36,18:36,500.0,0.20257564896800773,Pre-News,Clustering,None,Other,1.5,-1.0
2025-01-07 18:37:00+00:00,101.45483750864236,101.56644899105012,101.36351902303603,101.46498400704309,500,0.2302128027216105,0.22478381146620502,1.0241520562356943,101.21220391295131,0.1466679705329979,101.5055398540173,100.91886797188532,0.005796453979369468,101.54339249467654,100.75385507307254,2025-01-07 18:37:00+00:00,18,37,18:37,500.0,0.20292996801408947,Pre-News,Clustering,Upside Sweep,Other,1.5,-1.0
2025-01-07 18:38:00+00:00,101.6612231648559,101.77306169419016,101.5697189135824,101.67139030388628,500,0.23577458018057232,0.22502436622460875,1.0477735550879552,101.24361927219135,0.17339188665580466,101.59040304550297,100.89683549887974,0.006850481557347199,101.56644899105012,100.75385507307254,2025-01-07 18:38:00+00:00,18,38,18:38,500.0,0.20334278060775546,Pre-News,Clustering,Upside False Breakout,Other,-1.0,-1.0
2025-01-07 18:39:00+00:00,101.7143709550411,101.8262679527914,101.62281886597266,101.72454340938204,500,0.2334656163690126,0.22516088233931195,1.0368835560751872,101.27274362445583,0.20199513078256687,101.67673388602095,100.8687533628907,0.00797826240519803,101.77306169419016,100.75385507307254,2025-01-07 18:39:00+00:00,18,39,18:39,500.0,0.2034490868187362,Pre-News,Clustering,Upside Sweep,Other,-1.0,1.5
2025-01-07 18:40:00+00:00,101.82041390127289,101.93242755792993,101.728766364008,101.83059696096896,500,0.23163836866750387,0.22529395222398574,1.0281606158571472,101.29793678988759,0.23740151804111584,101.77273982596982,100.82313375380535,0.009374387102613414,101.8262679527914,100.75385507307254,2025-01-07 18:40:00+00:00,18,40,18:40,500.0,0.20366119392193127,Pre-News,Clustering,Upside False Breakout,Other,-1.0,1.5
2025-01-07 18:41:00+00:00,101.50800818379764,101.6196781597974,101.4166418397978,101.5181599997976,500,0.24466099384633622,0.2256185519751213,1.084401046387864,101.30174726267084,0.24042703689269246,101.78260133645622,100.82089318888546,0.009493500098049593,101.93242755792993,100.75385507307254,2025-01-07 18:41:00+00:00,18,41,18:41,500.0,0.20303631999959748,Pre-News,Clustering,None,Other,-1.0,-1.0
2025-01-07 18:42:00+00:00,101.48923069408606,101.6008800127814,101.39788125151712,101.49938063214928,500,0.24168512009047527,0.2259199672809097,1.0697820250211134,101.31065695183135,0.24445335808582278,101.79956366800299,100.8217502356597,0.009651634504829917,101.93242755792993,100.75385507307254,2025-01-07 18:42:00+00:00,18,42,18:42,500.0,0.20299876126428273,Pre-News,Clustering,None,Other,-1.0,-1.0
2025-01-07 18:43:00+00:00,101.60216631920582,101.71393987951296,101.51071522440904,101.61232755196102,500,0.23974755775284712,0.2262136220845826,1.0598281197372106,101.32407952364949,0.253573385076721,101.83122629380293,100.81693275349605,0.010010389880424622,101.93242755792993,100.75385507307254,2025-01-07 18:43:00+00:00,18,43,18:43,500.0,0.20322465510392362,Pre-News,Clustering,None,Other,-1.0,1.5
2025-01-07 18:44:00+00:00,101.69715896580271,101.80903702847137,101.60562236907384,101.7073296987726,500,0.23715235072746688,0.22648666980181661,1.047091870506035,101.35172594264645,0.26402684120338055,101.87977962505322,100.82367226023969,0.010420220820029887,101.93242755792993,100.75385507307254,2025-01-07 18:44:00+00:00,18,44,18:44,500.0,0.20341465939752368,Pre-News,Clustering,None,Other,-1.0,1.5
2025-01-07 18:45:00+00:00,101.57420792255076,101.68595072554588,101.4827819928275,101.58436635918667,500,0.23625201895729778,0.22676567515763468,1.0418332439116667,101.36861094293712,0.26772681147355176,101.90406456588423,100.83315731999002,0.010564485750890328,101.93242755792993,100.75385507307254,2025-01-07 18:45:00+00:00,18,45,18:45,500.0,0.20316873271838176,Pre-News,Clustering,None,Other,-1.0,1.5
2025-01-07 18:46:00+00:00,101.54539316896464,101.65710427256086,101.4539931751132,101.55554872383703,500,0.23388481027803798,0.2270246043092666,1.0302178963801913,101.39227562373195,0.26193822025758107,101.91615206424711,100.86839918321678,0.010333655839016362,101.93242755792993,100.90110621154685,2025-01-07 18:46:00+00:00,18,46,18:46,500.0,0.20311109744766043,Pre-News,Clustering,None,Other,-1.0,1.5
2025-01-07 18:47:00+00:00,101.2891761756133,101.40060541233014,101.1980068001177,101.29930610622392,500,0.24271746123813087,0.2274487851205639,1.0671301722252484,101.40713551304982,0.24662111078072943,101.90037773461128,100.91389329148836,0.009727958867312356,101.93242755792993,100.90110621154685,2025-01-07 18:47:00+00:00,18,47,18:47,500.0,0.2025986122124408,Pre-News,Clustering,None,Other,-1.0,1.5
2025-01-07 18:48:00+00:00,101.3320298346791,101.44350621513529,101.24082188703312,101.3421640510842,500,0.23985795172841906,0.22784222685747374,1.0527370410510504,101.42410396637268,0.22833365857801918,101.88077128352872,100.96743664921665,0.009005104295670016,101.93242755792993,100.90110621154685,2025-01-07 18:48:00+00:00,18,48,18:48,500.0,0.20268432810216552,Pre-News,Clustering,None,Other,-1.0,1.5
2025-01-07 18:49:00+00:00,101.1423793595092,101.25364710357904,101.05134211436112,101.15249460897007,500,0.24349823637089466,0.22831212945981294,1.0665146742181946,101.42929057802229,0.22039930842059932,101.87008919486348,100.9884919611811,0.008691742086120923,101.93242755792993,100.90110621154685,2025-01-07 18:49:00+00:00,18,49,18:49,500.0,0.20230498921792162,Pre-News,Clustering,None,Other,-1.0,-1.0
2025-01-07 18:50:00+00:00,101.2577958045746,101.3691905194311,101.16665467423744,101.26792259683428,500,0.24158378452018983,0.2286838235203381,1.056409591204445,101.44151626166354,0.20277698527295657,101.84707023220945,101.03596229111763,0.007995818388593534,101.93242755792993,100.90110621154685,2025-01-07 18:50:00+00:00,18,50,18:50,500.0,0.2025358451936654,Pre-News,Clustering,None,Other,-1.0,1.5
2025-01-07 18:51:00+00:00,101.37864054791092,101.49016820527936,101.28739064642764,101.3887794258535,500,0.24020248622911045,0.2290520917286681,1.048680605430362,101.4520552164042,0.1936316016767016,101.8393184197576,101.0647920130508,0.007634408243920538,101.93242755792993,100.90110621154685,2025-01-07 18:51:00+00:00,18,51,18:51,500.0,0.20277755885172155,Pre-News,Clustering,None,Other,-1.0,1.5
2025-01-07 18:52:00+00:00,101.33157460032866,101.443050479977,101.2403670624346,101.3417087712058,500,0.23752255275148848,0.22936694544259736,1.0355570297766912,101.45652989241131,0.1897658693042229,101.83606163101976,101.07699815380286,0.007481662126842308,101.93242755792993,100.90110621154685,2025-01-07 18:52:00+00:00,18,52,18:52,500.0,0.20268341754240282,Pre-News,Clustering,None,Other,-1.0,1.5
2025-01-07 18:53:00+00:00,101.3854239300686,101.49695904990364,101.29416792293082,101.39556348641725,500,0.2350417366244402,0.2296596189428701,1.023435193815718,101.46038160227495,0.1875867014536954,101.83555500518234,101.08520819936756,0.0073954660328023215,101.93242755792993,100.90110621154685,2025-01-07 18:53:00+00:00,18,53,18:53,500.0,0.2027911269728122,Pre-News,Clustering,None,Other,-1.0,1.5
2025-01-07 18:54:00+00:00,101.36442931218868,101.47594133563442,101.2731922020967,101.37456676886556,500,0.23273512211824604,0.22993148782569742,1.0121933464575064,101.46935710673088,0.17828751442498988,101.82593213558086,101.11278207788091,0.007028230768721825,101.93242755792993,100.90110621154685,2025-01-07 18:54:00+00:00,18,54,18:54,500.0,0.20274913353772206,Pre-News,Clustering,None,Other,-1.0,1.5
2025-01-07 18:55:00+00:00,101.3899670793422,101.50150719714128,101.29870698296116,101.40010709005122,500,0.23059691440837957,0.23018389392668884,1.0017943066069699,101.47095325182482,0.17747512353095685,101.82590349888673,101.11600300476292,0.006996095644849461,101.93242755792993,100.90110621154685,2025-01-07 18:55:00+00:00,18,55,18:55,500.0,0.2028002141801153,Pre-News,Clustering,None,Other,-1.0,1.5
2025-01-07 18:56:00+00:00,101.27472592582352,101.3861392656759,101.1835695568534,101.28485441126465,500,0.2295926728933398,0.23034266097071252,0.9967440331104446,101.47080474818776,0.1776375911145548,101.82607993041687,101.11552956595865,0.00700251038928421,101.93242755792993,100.90110621154685,2025-01-07 18:56:00+00:00,18,56,18:56,500.0,0.20256970882249448,Pre-News,Clustering,None,Other,-1.0,1.5
2025-01-07 18:57:00+00:00,101.3388017044848,101.45028553474276,101.24758766154648,101.34893659814462,500,0.22767161577212164,0.23049036756855681,0.9877706308243152,101.46500237774282,0.17972080345190797,101.82444398464663,101.105560770839,0.0070850361894371,101.93242755792993,100.90110621154685,2025-01-07 18:57:00+00:00,18,57,18:57,500.0,0.20269787319628563,Pre-News,Clustering,None,Other,-1.0,1.5
2025-01-07 18:58:00+00:00,101.17363409400186,101.284936221718,101.08256871677952,101.18375246924876,500,0.2304356347430486,0.2307034881331424,0.9988389712168582,101.44062048601094,0.1832897876324361,101.80720006127582,101.07404091074606,0.007227471076351151,101.93242755792993,100.90179218964244,2025-01-07 18:58:00+00:00,18,58,18:58,500.0,0.20236750493847921,Pre-News,Clustering,None,Other,-1.0,1.5
2025-01-07 18:59:00+00:00,100.98967259499769,101.10077234482712,100.89877279968265,100.9997725722549,500,0.2343316372304103,0.23099949217394924,1.0144249020857234,101.40438194415461,0.1954452133607531,101.79527237087612,101.0134915174331,0.007709537186209234,101.93242755792993,100.92238551508504,2025-01-07 18:59:00+00:00,18,59,18:59,500.0,0.20199954514447427,Pre-News,Clustering,Range Raid,Other,1.5,-1.0
2025-01-07 19:00:00+00:00,100.97836962351646,101.08945693883383,100.88748000189312,100.98846847036349,500,0.23202058720971744,0.23123067919595605,1.0034161038513925,101.36227551962432,0.1894095471494684,101.74109461392325,100.98345642532539,0.007474557814669257,101.93242755792993,100.89877279968265,2025-01-07 19:00:00+00:00,19,0,19:00,500.0,0.20197693694071006,Post-News,Clustering,Downside Stop Hunt,Other,1.5,-1.0
2025-01-07 19:01:00+00:00,100.95805044986078,101.0691154118518,100.86717911732264,100.96814726458724,500,0.22987170916110633,0.23144446726599055,0.9932045983925953,101.3347748828638,0.2048818612468271,101.74453860535745,100.92501116037015,0.008087326842484427,101.93242755792993,100.88748000189312,2025-01-07 19:01:00+00:00,19,1,19:01,500.0,0.20193629452916184,Post-News,Clustering,Downside Stop Hunt,Other,1.5,-1.0
2025-01-07 19:02:00+00:00,100.9865551054834,101.09765142573144,100.89565811618952,100.99665477096048,500,0.22788039490259296,0.23151731040437484,0.9842909564929312,101.30963858980436,0.21424880483507802,101.73813619947452,100.8811409801342,0.008459167669230697,101.93242755792993,100.86717911732264,2025-01-07 19:02:00+00:00,19,2,19:02,500.0,0.20199330954191907,Post-News,Clustering,None,Other,1.5,-1.0
2025-01-07 19:03:00+00:00,100.92199409290612,101.03301938893792,100.83115521433466,100.9320873016363,500,0.22602209345264052,0.23158427289084604,0.9759820502110383,101.27562657728814,0.2176351950748595,101.71089696743786,100.84035618713841,0.008595758029056476,101.93242755792993,100.86717911732264,2025-01-07 19:03:00+00:00,19,3,19:03,500.0,0.20186417460325856,Post-News,Clustering,Downside Stop Hunt,Other,1.5,-1.0
2025-01-07 19:04:00+00:00,101.11349252964963,101.22472849502878,101.02248128524852,101.12360489013864,500,0.23078060059120076,0.23175396964158204,0.9957999897396077,101.24644033685642,0.19461740607828368,101.635675149013,100.85720552469985,0.0076888592006109525,101.93242755792993,100.83115521433466,2025-01-07 19:04:00+00:00,19,4,19:04,500.0,0.20224720978026767,Post-News,Clustering,None,Other,1.5,-1.0
2025-01-07 19:05:00+00:00,101.13074446756028,101.24199941196902,101.0397176948622,101.1408585534156,500,0.22874496605660172,0.23182173744130133,0.9867278564182159,101.22426494656787,0.17870312310793188,101.58167119278373,100.86685870035201,0.0070616713572485695,101.93242755792993,100.83115521433466,2025-01-07 19:05:00+00:00,19,5,19:05,500.0,0.20228171710681409,Post-News,Clustering,None,Other,1.5,-1.0
2025-01-07 19:06:00+00:00,101.15531026581084,101.26659223530018,101.0642613816832,101.1654268084917,500,0.22685824373948626,0.23188512617432266,0.9783216693637462,101.20475885080062,0.16105973849724145,101.5268783277951,100.88263937380613,0.006365698227083697,101.93242755792993,100.83115521433466,2025-01-07 19:06:00+00:00,19,6,19:06,500.0,0.202330853616985,Post-News,Clustering,None,Other,1.5,-1.0
2025-01-07 19:07:00+00:00,101.1762752452295,101.28758027850256,101.08520749073335,101.18639388461796,500,0.22510928259875201,0.2319153407054023,0.9706528335471525,101.19911323972032,0.15954296202733761,101.518199163775,100.88002731566564,0.006306101186851814,101.93242755792993,100.83115521433466,2025-01-07 19:07:00+00:00,19,7,19:07,500.0,0.20237278776920675,Post-News,Clustering,None,Other,1.5,-1.0
2025-01-07 19:08:00+00:00,101.27880961319885,101.39022744555658,101.18764956854248,101.28893850704954,500,0.22358958819445685,0.23191511443424623,0.9641009760829975,101.19645196251858,0.15746153649111583,101.5113750355008,100.88152888953636,0.006223994357012972,101.93242755792993,100.83115521433466,2025-01-07 19:08:00+00:00,19,8,19:08,500.0,0.20257787701409313,Post-News,Clustering,None,Other,-1.0,-1.0
2025-01-07 19:09:00+00:00,101.33817815315057,101.44966129743344,101.24696467146454,101.348312984449,500,0.22209723374977405,0.2317533985164212,0.9583343121246053,101.20624288129252,0.16064030647947866,101.52752349425148,100.88496226833357,0.006349027566131401,101.93242755792993,100.83115521433466,2025-01-07 19:09:00+00:00,19,9,19:09,500.0,0.2026966259688976,Post-News,Clustering,None,Other,-1.0,-1.0
2025-01-07 19:10:00+00:00,101.38399517787715,101.4955287259276,101.29274045674497,101.39413459133628,500,0.2207180219949783,0.23160387757998763,0.9529979562572317,101.21255348101764,0.16559355556786828,101.54374059215337,100.8813663698819,0.006544388017991214,101.93242755792993,100.83115521433466,2025-01-07 19:10:00+00:00,19,10,19:10,500.0,0.20278826918263348,Post-News,Clustering,None,Other,-1.0,1.5
2025-01-07 19:11:00+00:00,101.45965424348913,101.57127102483508,101.36833142238788,101.46980122361148,500,0.21944813488442289,0.23146583735498408,0.9480800164383203,101.21660457090553,0.17103337287719741,101.55867131665993,100.87453782515114,0.0067591033547221065,101.80903702847137,100.83115521433466,2025-01-07 19:11:00+00:00,19,11,19:11,500.0,0.2029396024472021,Post-News,Clustering,None,Other,-1.0,1.5
2025-01-07 19:12:00+00:00,101.27571101334247,101.38712543689952,101.18455375770492,101.2858395973022,500,0.22414808710029016,0.23141149787691875,0.968612576111098,101.21381111221034,0.16933029663866628,101.55247170548768,100.875150518933,0.006691983822284576,101.80903702847137,100.83115521433466,2025-01-07 19:12:00+00:00,19,12,19:12,500.0,0.20257167919460528,Post-News,Clustering,None,Other,-1.0,1.5
2025-01-07 19:13:00+00:00,101.09591928272712,101.20713591560138,101.00492385582996,101.10602988571569,500,0.22820291955542957,0.23145494773487588,0.9859496277298362,101.19933443217528,0.16530253282252497,101.52993949782032,100.86872936653023,0.006533739920327634,101.80903702847137,100.83115521433466,2025-01-07 19:13:00+00:00,19,13,19:13,500.0,0.2022120597714263,Post-News,Clustering,None,Other,-1.0,1.5
2025-01-07 19:14:00+00:00,101.0892412337184,101.20045052000413,100.99825181766644,101.09935116883528,500,0.22634547546844763,0.23149552097684287,0.9777531526888142,101.18557365217376,0.16135556024125733,101.50828477265627,100.86286253169125,0.0063785994156011095,101.80903702847137,100.83115521433466,2025-01-07 19:14:00+00:00,19,14,19:14,500.0,0.20219870233768233,Post-News,Clustering,None,Other,-1.0,1.5
2025-01-07 19:15:00+00:00,101.070271203464,101.18145962062952,100.97929886214672,101.08037924138812,500,0.22461799568375887,0.231476031470039,0.9703725878540137,101.1695872597406,0.15468247490760603,101.47895220955581,100.86022230992538,0.006115769732675929,101.68595072554588,100.83115521433466,2025-01-07 19:15:00+00:00,19,15,19:15,500.0,0.20216075848280468,Post-News,Clustering,None,Other,-1.0,1.5
2025-01-07 19:16:00+00:00,101.12990102776044,101.24115504429264,101.03887501423412,101.14001502926338,500,0.22302242671052736,0.23123737036349773,0.9644739790975103,101.16234529064053,0.15237518983942158,101.46709567031937,100.8575949109617,0.006024976562243294,101.65710427256086,100.83115521433466,2025-01-07 19:16:00+00:00,19,16,19:16,500.0,0.20228003005851747,Post-News,Clustering,None,Other,-1.0,1.5
2025-01-07 19:17:00+00:00,101.13293667966764,101.24419403575088,101.04190793378136,101.1430509847661,500,0.22154126065759824,0.23101587791793732,0.9589871599054992,101.15205100997161,0.14592396740602967,101.44389894478367,100.86020307515956,0.005770479825135403,101.57127102483508,100.83115521433466,2025-01-07 19:17:00+00:00,19,17,19:17,500.0,0.2022861019695199,Post-News,Clustering,None,Other,-1.0,1.5
2025-01-07 19:18:00+00:00,101.19281143574312,101.30413466064492,101.10172879718708,101.202931728916,500,0.2201744465719013,0.2308105869532737,0.953918316651889,101.15300997295498,0.14620601072076345,101.4454219943965,100.86059795151345,0.005781578254956577,101.57127102483508,100.83115521433466,2025-01-07 19:18:00+00:00,19,18,19:18,500.0,0.20240586345784095,Post-News,Clustering,None,Other,-1.0,1.5
2025-01-07 19:19:00+00:00,101.06785529012824,101.1790410495233,100.97688512335044,101.07796308643688,500,0.22059388650001957,0.23064824831089245,0.956408245523198,101.15691949866405,0.14290084899457053,101.4427211966532,100.87111780067491,0.0056506603681801045,101.57127102483508,100.83115521433466,2025-01-07 19:19:00+00:00,19,19,19:19,500.0,0.20215592617286404,Post-News,Clustering,None,Other,-1.0,1.5
2025-01-07 19:20:00+00:00,101.06778003802192,101.1789657146314,100.9768099389778,101.0778878268046,500,0.21927687858241876,0.23039768594506277,0.9517321221477211,101.16139046648613,0.13868989743878213,101.43877026136369,100.88401067160856,0.005483906332217812,101.57127102483508,100.83115521433466,2025-01-07 19:20:00+00:00,19,20,19:20,500.0,0.20215577565360832,Post-News,Clustering,None,19h20-20h20,-1.0,1.5
2025-01-07 19:21:00+00:00,100.93334258020262,101.04438036081888,100.84249348697112,100.943436923895,500,0.22042812581463717,0.23018732505475742,0.957603229292496,101.16015494945151,0.1405989344462624,101.44135281834403,100.87895708055899,0.005559459038650752,101.57127102483508,100.83115521433466,2025-01-07 19:21:00+00:00,19,21,19:21,500.0,0.20188687384775506,Post-News,Clustering,None,19h20-20h20,-1.0,1.5
2025-01-07 19:22:00+00:00,100.97340672740972,101.08448858299542,100.8825215728396,100.98350507791751,500,0.2191094746961507,0.22996804009484736,0.9527822849026404,101.15949746479936,0.141432031287134,101.44236152737362,100.8766334022251,0.005592437085261142,101.57127102483508,100.83115521433466,2025-01-07 19:22:00+00:00,19,22,19:22,500.0,0.2019670101558262,Post-News,Clustering,None,19h20-20h20,-1.0,1.5
2025-01-07 19:23:00+00:00,100.78493573553328,100.89581025229404,100.69422022181992,100.795015237057,500,0.224122001939111,0.22986751013667658,0.9750051314596423,101.1526438615704,0.15563957088701016,101.46392300334442,100.84136471979637,0.0061546417353166745,101.57127102483508,100.83115521433466,2025-01-07 19:23:00+00:00,19,23,19:23,500.0,0.20159003047412227,Post-News,Clustering,None,19h20-20h20,-1.0,1.5
2025-01-07 19:24:00+00:00,100.82105446625468,100.93196871759268,100.73030644243266,100.83113758001268,500,0.22251773574060435,0.2296682478863231,0.9688659089293964,101.1380204960641,0.17144832201858584,101.48091714010127,100.79512385202693,0.006780766369666338,101.57127102483508,100.69422022181992,2025-01-07 19:24:00+00:00,19,24,19:24,500.0,0.2016622751600181,Post-News,Clustering,None,19h20-20h20,-1.0,1.5
2025-01-07 19:25:00+00:00,100.67406386587912,100.78481641138616,100.58344814682792,100.68413227910705,500,0.22431571412947265,0.2295370235353734,0.9772528661150993,101.11518418234867,0.19921854302007733,101.51362126838883,100.71674709630851,0.007880855664993486,101.57127102483508,100.69422022181992,2025-01-07 19:25:00+00:00,19,25,19:25,500.0,0.20136826455824064,Post-News,Clustering,Downside False Breakout,19h20-20h20,-1.0,1.5
2025-01-07 19:26:00+00:00,100.6364663272686,100.747177511347,100.54588444938628,100.64653098036663,500,0.22267123897456217,0.22933874325880096,0.9709272659756631,101.08923939094242,0.22451367183807872,101.53826673461859,100.64021204726626,0.008883781228972166,101.57127102483508,100.58344814682792,2025-01-07 19:26:00+00:00,19,26,19:26,500.0,0.20129306196072605,Post-News,Clustering,Downside Stop Hunt,19h20-20h20,-1.0,1.5
2025-01-07 19:27:00+00:00,100.72757627015544,100.83838768519408,100.6369123851238,100.73765003515896,500,0.22115724333854242,0.22915399619654392,0.9651031490145049,101.06680219846947,0.23640163363714364,101.53960546574376,100.59399893119519,0.009356252636663457,101.57127102483508,100.54588444938628,2025-01-07 19:27:00+00:00,19,27,19:27,500.0,0.20147530007028536,Post-News,Clustering,None,19h20-20h20,-1.0,1.5
2025-01-07 19:28:00+00:00,100.75148981924872,100.86232754182213,100.66080440987044,100.7615659758463,500,0.21975480681091,0.22898187099823675,0.959703953212096,101.0404335719093,0.23970897245338765,101.51985151681608,100.56101562700253,0.00948962564705495,101.57127102483508,100.54588444938628,2025-01-07 19:28:00+00:00,19,28,19:28,500.0,0.20152313195168858,Post-News,Clustering,None,19h20-20h20,-1.0,1.5
2025-01-07 19:29:00+00:00,100.58682931589912,100.69748589380438,100.4962921157948,100.5968890047996,500,0.22300616775666599,0.22889725037992711,0.9742632005693252,101.00286237292684,0.2476688778980303,101.4982001287229,100.50752461713078,0.009808390458621892,101.57127102483508,100.54588444938628,2025-01-07 19:29:00+00:00,19,29,19:29,500.0,0.20119377800958205,Post-News,Clustering,Downside Stop Hunt,19h20-20h20,-1.0,1.5
2025-01-07 19:30:00+00:00,100.52022328145196,100.63080658539194,100.42974603277378,100.53027630908286,500,0.22143862381820123,0.2288174999662232,0.9677521336912116,100.95966945881416,0.25114356040826397,101.4619565796307,100.45738233799763,0.009950252878382044,101.57127102483508,100.4962921157948,2025-01-07 19:30:00+00:00,19,30,19:30,500.0,0.20106055261815925,Post-News,Clustering,Downside Stop Hunt,19h20-20h20,-1.0,1.5
2025-01-07 19:31:00+00:00,100.37042131255951,100.48083981785386,100.28007889913688,100.38045935849536,500,0.22349282282732852,0.22873681268038334,0.9770741325298508,100.90520236555835,0.2528058656733602,101.41081409690507,100.39959063421163,0.010021519594500058,101.57127102483508,100.42974603277378,2025-01-07 19:31:00+00:00,19,31,19:31,500.0,0.20076091871698054,Post-News,Clustering,None,19h20-20h20,-1.0,1.5
2025-01-07 19:32:00+00:00,100.20146375844617,100.31169639184378,100.11127342202992,100.21148490693686,500,0.22675661665862173,0.22874127151729792,0.9913235821174226,100.8514846310401,0.280314918658705,101.4121144683575,100.29085479372269,0.011117929287177915,101.57127102483508,100.28007889913688,2025-01-07 19:32:00+00:00,19,32,19:32,500.0,0.20042296981385732,Post-News,Clustering,Downside False Breakout,19h20-20h20,-1.0,-1.0
2025-01-07 19:33:00+00:00,100.21425661213362,100.32450331907764,100.1240547609976,100.22427904003764,500,0.22487746961729452,0.2287428065081255,0.9831018209934672,100.80739708875619,0.306308406490205,101.4200139017366,100.19478027577578,0.012154203573791818,101.57127102483508,100.11127342202992,2025-01-07 19:33:00+00:00,19,33,19:33,500.0,0.20044855808004058,Post-News,Clustering,None,19h20-20h20,-1.0,-1.0
2025-01-07 19:34:00+00:00,100.27142493663156,100.38173453502168,100.18117162885784,100.28145308193976,500,0.22314071508490482,0.2287155357139969,0.9756255270911581,100.76650218441141,0.31958888124138213,101.40567994689417,100.12732442192865,0.01268631437286588,101.57127102483508,100.11127342202992,2025-01-07 19:34:00+00:00,19,34,19:34,500.0,0.20056290616383876,Post-News,Clustering,None,19h20-20h20,-1.0,1.5
2025-01-07 19:35:00+00:00,100.31661801575646,100.42697733150536,100.22632403014372,100.32665068082454,500,0.2215344712475288,0.2286023052251012,0.9690824028628549,100.72881575638323,0.3250222023517903,101.3788601610868,100.07877135167965,0.01290682114789749,101.57127102483508,100.11127342202992,2025-01-07 19:35:00+00:00,19,35,19:35,500.0,0.2006533013616405,Post-News,Clustering,None,19h20-20h20,-1.0,1.5
2025-01-07 19:36:00+00:00,100.3780934947717,100.4885204403105,100.2877441756945,100.3881323080025,500,0.22005174220241933,0.22849502050404094,0.9630483050221557,100.69122162032019,0.3183727703468264,101.32796716101385,100.05447607962654,0.012647488637979801,101.57127102483508,100.11127342202992,2025-01-07 19:36:00+00:00,19,36,19:36,500.0,0.20077626461599607,Post-News,Clustering,None,19h20-20h20,-1.0,1.5
2025-01-07 19:37:00+00:00,100.37790168738609,100.48832842191564,100.2875525409528,100.38794048143424,500,0.2186748949710206,0.22830272204153113,0.9578286803397854,100.6534660951536,0.3065240849199894,101.26651426499359,100.04041792531362,0.012181362324083992,101.57127102483508,100.11127342202992,2025-01-07 19:37:00+00:00,19,37,19:37,500.0,0.20077588096283705,Post-News,Clustering,None,19h20-20h20,-1.0,1.5
2025-01-07 19:38:00+00:00,100.35146661142603,100.46186426446388,100.2611412589405,100.3615027617022,500,0.21739261715333244,0.22799635599107712,0.9534916301988631,100.6113946467929,0.2840601537606606,101.17951495431423,100.04327433927158,0.011293359157096935,101.57127102483508,100.11127342202992,2025-01-07 19:38:00+00:00,19,38,19:38,500.0,0.20072300552338618,Post-News,Clustering,None,19h20-20h20,-1.0,1.5
2025-01-07 19:39:00+00:00,100.24484272967626,100.3551230847144,100.15461334828142,100.25486821649793,500,0.21664238831529317,0.22771596885684847,0.951371084789769,100.57023990329597,0.27228699801937983,101.11481389933473,100.0256659072572,0.010829724510201092,101.57127102483508,100.11127342202992,2025-01-07 19:39:00+00:00,19,39,19:39,500.0,0.2005097364329913,Post-News,Clustering,None,19h20-20h20,-1.0,1.5
2025-01-07 19:40:00+00:00,100.20173873036175,100.31197166625871,100.11154814644604,100.21175990635238,500,0.21548389770796322,0.22744672767418947,0.9474038158800744,100.52693350727336,0.2556680199167614,101.03826954710688,100.01559746743983,0.01017311524371778,101.57127102483508,100.11127342202992,2025-01-07 19:40:00+00:00,19,40,19:40,500.0,0.2004235198126736,Post-News,Clustering,None,19h20-20h20,-1.0,1.5
2025-01-07 19:41:00+00:00,100.07042545961116,100.1805139364644,99.98035306945847,100.08043350296144,500,0.21662125050695946,0.2269793986185332,0.9543652499979441,100.48378333622667,0.254496924221044,100.99277718466875,99.97478948778458,0.01013086552959406,101.57127102483508,100.11127342202992,2025-01-07 19:41:00+00:00,19,41,19:41,500.0,0.20016086700591984,Post-News,Clustering,None,19h20-20h20,-1.0,-1.0
2025-01-07 19:42:00+00:00,99.98688497990256,100.09688155303776,99.89688778370105,99.9968846683694,500,0.2154335732805134,0.22654187283836713,0.9509657997496151,100.43445231574927,0.24807495751103878,100.93060223077134,99.9383024007272,0.009880074089760755,101.38712543689952,99.98035306945847,2025-01-07 19:42:00+00:00,19,42,19:42,500.0,0.19999376933671442,Post-News,Clustering,Downside Stop Hunt,19h20-20h20,1.5,-1.0
2025-01-07 19:43:00+00:00,99.99677685879672,100.1067843140869,99.9067707590138,100.00677753655036,500,0.21433214340855522,0.22611828259929562,0.9478762218815069,100.39504043072394,0.2503804125992878,100.8958012559225,99.89427960552537,0.009975808028965555,101.30413466064492,99.89688778370105,2025-01-07 19:43:00+00:00,19,43,19:43,500.0,0.20001355507309881,Post-News,Clustering,None,19h20-20h20,1.5,-1.0
2025-01-07 19:44:00+00:00,99.98599717858488,100.09599277504095,99.89600078148445,99.99599677826272,500,0.2133078469905519,0.22572087420368037,0.9450071808514816,100.35328339063645,0.24336444127550502,100.84001227318745,99.86655450808544,0.009700308073754976,101.30413466064492,99.89688778370105,2025-01-07 19:44:00+00:00,19,44,19:44,500.0,0.19999199355650887,Post-News,Clustering,Downside Stop Hunt,19h20-20h20,1.5,-1.0
2025-01-07 19:45:00+00:00,100.29390004371804,100.40423436719848,100.20362650632497,100.30393043676172,500,0.22723139998663835,0.22557053055416937,1.0073629716984247,100.33427329851916,0.23067929769059412,100.79563189390035,99.87291470313798,0.009196430695392183,101.30413466064492,99.89600078148445,2025-01-07 19:45:00+00:00,19,45,19:45,500.0,0.200607860873518,Post-News,Clustering,None,19h20-20h20,-1.0,1.5
2025-01-07 19:46:00+00:00,100.16001733345831,100.27020437122889,100.0698643025551,100.170034336892,500,0.2277195952880652,0.22546777697100315,1.009987317688202,100.31044846634543,0.22114093545678376,100.752730337259,99.86816659543187,0.00881826126142679,101.30413466064492,99.89600078148445,2025-01-07 19:46:00+00:00,19,46,19:46,500.0,0.20034006867378196,Post-News,Clustering,None,19h20-20h20,-1.0,1.5
2025-01-07 19:47:00+00:00,100.148489707005,100.2586640631183,100.0583470520032,100.15850555756076,500,0.22576226784713938,0.22518519041448662,1.002562679328914,100.28149124246553,0.19907390907271436,100.67963906061097,99.8833434243201,0.007940604257325425,101.30413466064492,99.89600078148445,2025-01-07 19:47:00+00:00,19,47,19:47,500.0,0.20031701111510358,Post-News,Clustering,None,19h20-20h20,-1.0,1.5
2025-01-07 19:48:00+00:00,100.0070066043848,100.11702531352051,99.9169912969101,100.01700830521531,500,0.22688741019024802,0.22496901472218375,1.0085273764052944,100.24426335893398,0.17240392784907493,100.58907121463213,99.89945550323583,0.006879353374337904,101.30413466064492,99.89600078148445,2025-01-07 19:48:00+00:00,19,48,19:48,500.0,0.20003401661041664,Post-News,Clustering,None,19h20-20h20,-1.0,1.5
2025-01-07 19:49:00+00:00,99.9692325055014,100.0792096589728,99.87925119811572,99.97923042854428,500,0.22496391380930714,0.22466010934615735,1.0013522848539242,100.21338043012122,0.16084671922871085,100.53507386857864,99.8916869916638,0.006420169384102011,101.1790410495233,99.89600078148445,2025-01-07 19:49:00+00:00,19,49,19:49,500.0,0.1999584608570757,Post-News,Clustering,Downside Stop Hunt,19h20-20h20,-1.0,1.5
2025-01-07 19:50:00+00:00,99.93553923800694,100.04547932517744,99.8455882575947,99.94553379138608,500,0.22317299622169523,0.22435326287451576,0.9947392489964335,100.18414330423637,0.15317418839610142,100.49049168102857,99.87779492744417,0.006115705872972148,101.1789657146314,99.87925119811572,2025-01-07 19:50:00+00:00,19,50,19:50,500.0,0.19989106758274033,Post-News,Clustering,Downside Stop Hunt,19h20-20h20,-1.0,1.5
2025-01-07 19:51:00+00:00,100.02100866225896,100.13104277519872,99.93098075167188,100.0310117634353,500,0.221522212457777,0.22404192497832684,0.9887533883633897,100.16667092448338,0.14948823265943043,100.46564738980224,99.86769445916453,0.005969579752615716,101.08448858299542,99.8455882575947,2025-01-07 19:51:00+00:00,19,51,19:51,500.0,0.20006202352684,Post-News,Clustering,None,19h20-20h20,-1.0,1.5
2025-01-07 19:52:00+00:00,99.97704243747852,100.08702818273429,99.8870541004511,99.98704114159268,500,0.21998306030244946,0.22374960010417622,0.9831662724761382,100.15544873621617,0.154294270804242,100.46403727782466,99.84686019460769,0.0061621917829199615,101.08448858299542,99.8455882575947,2025-01-07 19:52:00+00:00,19,52,19:52,500.0,0.19997408228319102,Post-News,Clustering,None,19h20-20h20,-1.0,1.5
2025-01-07 19:53:00+00:00,99.95891628349212,100.0688820879844,99.8689442616348,99.9689131748096,500,0.21855125787724675,0.223474758791723,0.9779684249751672,100.14268044295476,0.15879895212871,100.46027834721218,99.82508253869733,0.006342907995923713,100.93196871759268,99.8455882575947,2025-01-07 19:53:00+00:00,19,53,19:53,500.0,0.19993782634961121,Post-News,Clustering,None,19h20-20h20,-1.0,1.5
2025-01-07 19:54:00+00:00,99.91691058396236,100.02683017756408,99.82697637101548,99.92690327428978,500,0.2172157256394865,0.22321610218374366,0.9731185318372871,100.12495295257227,0.1622444062173504,100.44944176500697,99.80046414013758,0.006481677201654215,100.93196871759268,99.8455882575947,2025-01-07 19:54:00+00:00,19,54,19:54,500.0,0.19985380654860307,Post-News,Clustering,Downside Stop Hunt,19h20-20h20,-1.0,1.5
2025-01-07 19:55:00+00:00,99.77801761728227,99.88778441334088,99.68820842050704,99.78799641692396,500,0.2187499490782908,0.22301865276157554,0.9808594320231666,100.09802023937723,0.17144770756568586,100.4409156545086,99.75512482424587,0.006851192747096423,100.86232754182213,99.82697637101548,2025-01-07 19:55:00+00:00,19,55,19:55,500.0,0.19957599283384297,Post-News,Clustering,None,19h20-20h20,-1.0,1.5
2025-01-07 19:56:00+00:00,99.71397048012726,99.82366681728912,99.62421893154028,99.7239428744147,500,0.21737123026904423,0.22281496205117055,0.9755683741701505,100.06481076769785,0.17654632530456235,100.41790341830698,99.71171811708872,0.007057279135396322,100.86232754182213,99.68820842050704,2025-01-07 19:56:00+00:00,19,56,19:56,500.0,0.19944788574883887,Post-News,Clustering,Downside Stop Hunt,19h20-20h20,-1.0,1.5
2025-01-07 19:57:00+00:00,99.6768900897057,99.78654563435882,99.58717191680766,99.68685877558325,500,0.21608569364633778,0.2226218633490742,0.9706400368570827,100.02975668240529,0.17860020232247376,100.38695708705023,99.67255627776035,0.007141882905484901,100.86232754182213,99.62421893154028,2025-01-07 19:57:00+00:00,19,57,19:57,500.0,0.19937371755115407,Post-News,Clustering,Downside Stop Hunt,19h20-20h20,-1.0,1.5
2025-01-07 19:58:00+00:00,99.68524594328618,99.79491068029748,99.59552024936782,99.69521546483266,500,0.21489317488086038,0.22236282235137103,0.9664078401617544,99.99644231756182,0.17557844852628657,100.34759921461439,99.64528542050924,0.0070233878108862296,100.86232754182213,99.58717191680766,2025-01-07 19:58:00+00:00,19,58,19:58,500.0,0.19939043092965392,Post-News,Clustering,None,19h20-20h20,-1.0,1.5
2025-01-07 19:59:00+00:00,99.74197773070988,99.85170487892846,99.65220097307648,99.75195292600247,500,0.21379394137879776,0.22202052742051084,0.9629467322806067,99.97129655303704,0.17260739875964362,100.31651135055633,99.62608175551775,0.006906278290311976,100.69748589380438,99.58717191680766,2025-01-07 19:59:00+00:00,19,59,19:59,500.0,0.19950390585198363,Post-News,Clustering,None,19h20-20h20,-1.0,1.5
2025-01-07 20:00:00+00:00,99.71957854612336,99.82928105277476,99.62982194977224,99.7295515012735,500,0.21277002435192113,0.22169968470621423,0.9597218175293021,99.9471861327831,0.17092084448244524,100.289027821748,99.60534444381821,0.006840446483620722,100.63080658539194,99.58717191680766,2025-01-07 20:00:00+00:00,20,0,20:00,500.0,0.19945910300252478,Post-News,Clustering,None,19h20-20h20,-1.0,1.5
2025-01-07 20:01:00+00:00,99.69543175515312,99.80510769767804,99.60569689308728,99.70540229538264,500,0.21181579436898074,0.22139875279301216,0.9567162944545102,99.92843457240416,0.17602884161547983,100.28049225563511,99.5763768891732,0.007046196305134072,100.4885204403105,99.58717191680766,2025-01-07 20:01:00+00:00,20,1,20:01,500.0,0.19941080459075522,Post-News,Clustering,None,19h20-20h20,-1.0,1.5
2025-01-07 20:02:00+00:00,99.52501731386484,99.63450578175689,99.435435840135,99.53497081094596,500,0.21596941300317074,0.22120023642802178,0.9763525414379332,99.90533887953299,0.19577067732275258,100.2968802341785,99.51379752488748,0.007838246865217812,100.4885204403105,99.58717191680766,2025-01-07 20:02:00+00:00,20,2,20:02,500.0,0.19906994162188596,Post-News,Clustering,Downside False Breakout,19h20-20h20,-1.0,-1.0
2025-01-07 20:03:00+00:00,99.57974469259914,99.6892933666284,99.49011395930246,99.58970366296543,500,0.21477012688336874,0.22101270365186723,0.9717546699110491,99.88448518585373,0.20632565749675147,100.29713650084723,99.47183387086024,0.008262570793165358,100.4885204403105,99.435435840135,2025-01-07 20:03:00+00:00,20,3,20:03,500.0,0.19917940732594275,Post-News,Clustering,None,19h20-20h20,-1.0,-1.0
2025-01-07 20:04:00+00:00,99.51146657469678,99.620940135285,99.42189729785188,99.52141871656843,500,0.21364674906549325,0.22072713945977213,0.9679224294230058,99.86075628276902,0.21968356081248896,100.300123404394,99.42138916114403,0.008799595316119103,100.4885204403105,99.435435840135,2025-01-07 20:04:00+00:00,20,4,20:04,500.0,0.19904283743311169,Post-News,Clustering,Downside Stop Hunt,19h20-20h20,-1.0,-1.0
2025-01-07 20:05:00+00:00,99.58683754746784,99.69639402441774,99.49720042996336,99.59679722719056,500,0.21261438087898557,0.22045829637347852,0.9644199577719471,99.82539962229046,0.20068640821272166,100.22677243871591,99.42402680586501,0.00804149681231681,100.4885204403105,99.42189729785188,2025-01-07 20:05:00+00:00,20,5,20:05,500.0,0.19919359445438545,Post-News,Clustering,None,19h20-20h20,-1.0,-1.0
2025-01-07 20:06:00+00:00,99.71902115449888,99.82872304795816,99.62926505985035,99.72899405390427,500,0.21399376944245804,0.22024388846852802,0.9716218276496553,99.80334760814108,0.1843938540664257,100.17213531627394,99.43455990000822,0.007390287339475456,100.4885204403105,99.42189729785188,2025-01-07 20:06:00+00:00,20,6,20:06,500.0,0.19945798810780957,Post-News,Clustering,None,19h20-20h20,-1.0,1.5
2025-01-07 20:07:00+00:00,99.70128122033562,99.81096359791572,99.6115410932246,99.71125234557016,500,0.21295296481736203,0.22004128317217156,0.9677864160187465,99.78098494754155,0.16517349276035712,100.11133193306227,99.45063796202083,0.006621441664349074,100.48832842191564,99.42189729785188,2025-01-07 20:07:00+00:00,20,7,20:07,500.0,0.199422504691114,Post-News,Clustering,None,19h20-20h20,-1.0,1.5
2025-01-07 20:08:00+00:00,99.60030395670869,99.7098752481902,99.5106547182238,99.610264983207,500,0.21207044071229006,0.21984929738080208,0.9646173230427103,99.76064778144112,0.1595272037282281,100.07970218889758,99.44159337398466,0.00639639806981722,100.46186426446388,99.42189729785188,2025-01-07 20:08:00+00:00,20,8,20:08,500.0,0.1992205299663965,Post-News,Clustering,None,19h20-20h20,-1.0,1.5
2025-01-07 20:09:00+00:00,99.5996367750438,99.7092073325521,99.50998813708247,99.60959773481729,500,0.2111524946235282,0.21966688506203133,0.9612395357811954,99.74216614675478,0.1541933120972197,100.05055277094922,99.43377952256034,0.006183676094234781,100.40423436719848,99.42189729785188,2025-01-07 20:09:00+00:00,20,9,20:09,500.0,0.19921919546962386,Post-News,Clustering,None,19h20-20h20,-1.0,1.5
2025-01-07 20:10:00+00:00,99.63536977212252,99.7449796398586,99.54568897124751,99.64533430555308,500,0.21030522133692506,0.21949333838439714,0.9581394263939756,99.72715617246314,0.1478348994545151,100.02282597137217,99.43148637355411,0.005929574456083257,100.40423436719848,99.42189729785188,2025-01-07 20:10:00+00:00,20,10,20:10,500.0,0.19929066861108424,Post-News,Clustering,None,19h20-20h20,-1.0,1.5
2025-01-07 20:11:00+00:00,99.6049338234578,99.71451020830207,99.51528041767612,99.6148953129891,500,0.20951411914328394,0.21932777145537813,0.9552557697232119,99.70635034994083,0.13116173780695664,99.96867382555475,99.44402687432692,0.005261921125248907,100.40423436719848,99.42189729785188,2025-01-07 20:11:00+00:00,20,11,20:11,500.0,0.19922979062594948,Post-News,Squeeze,None,19h20-20h20,-1.0,1.5
2025-01-07 20:12:00+00:00,99.54976414882655,99.65927984095946,99.4601604007178,99.55972012083863,500,0.2087716420788822,0.219071497371688,0.9529840466862263,99.68498429890312,0.11708017240921312,99.91914464372154,99.4508239540847,0.004698006354022103,100.40423436719848,99.42189729785188,2025-01-07 20:12:00+00:00,20,12,20:12,500.0,0.19911944024165962,Post-News,Squeeze,None,19h20-20h20,-1.0,1.5
2025-01-07 20:13:00+00:00,99.60687552117354,99.7164540420989,99.51722036768912,99.61683720489404,500,0.20809035867394654,0.2187362880236633,0.9513298435942871,99.66738050040735,0.09686618933110064,99.86111287906955,99.47364812174514,0.003887578417121391,100.40423436719848,99.42189729785188,2025-01-07 20:13:00+00:00,20,13,20:13,500.0,0.19923367440978268,Post-News,Squeeze,None,19h20-20h20,-1.0,1.5
2025-01-07 20:14:00+00:00,99.65744664051326,99.76708079523328,99.5677459684696,99.66741338185145,500,0.20746496353749957,0.21842161282481415,0.9498371560139408,99.65440600578543,0.07523972032562135,99.80488544643667,99.5039265651342,0.0030200258409548452,100.40423436719848,99.42189729785188,2025-01-07 20:14:00+00:00,20,14,20:14,500.0,0.19933482676368897,Post-News,Squeeze,None,19h20-20h20,-1.0,1.5
2025-01-07 20:15:00+00:00,99.62393850816127,99.73353580024946,99.53426799645275,99.63390189835113,500,0.20687945212744255,0.21812597043220888,0.9484402600823655,99.64670127985679,0.06842054909077527,99.78354237803833,99.50986018167524,0.0027465254027272167,100.40423436719848,99.42189729785188,2025-01-07 20:15:00+00:00,20,15,20:15,500.0,0.19926780379670106,Post-News,Squeeze,None,19h20-20h20,-1.0,1.5
2025-01-07 20:16:00+00:00,99.46028472729436,99.56970198221984,99.37076151871892,99.4702317504694,500,0.21089808980635413,0.21792389815047267,0.9677602667548314,99.63401572365953,0.07640020094063676,99.78681612554081,99.48121532177825,0.003067233630431595,100.27020437122889,99.42189729785188,2025-01-07 20:16:00+00:00,20,16,20:16,500.0,0.19894046350091799,Post-News,Squeeze,Downside Stop Hunt,19h20-20h20,-1.0,1.5
2025-01-07 20:17:00+00:00,99.50668165281876,99.61614994946652,99.41711668283423,99.5166333161504,500,0.21005060243677773,0.21773238718012564,0.964719145172496,99.62550445068788,0.07961758251852867,99.78473961572494,99.46626928565082,0.0031966747052383088,100.2586640631183,99.37076151871892,2025-01-07 20:17:00+00:00,20,17,20:17,500.0,0.19903326663228427,Post-News,Squeeze,None,19h20-20h20,-1.0,1.5
2025-01-07 20:18:00+00:00,99.4313510654256,99.54073649014003,99.34185389975016,99.4412951949451,500,0.20925288729057015,0.21755036119210347,0.9618595259687646,99.6128084371935,0.08774660848482288,99.78830165416313,99.43731522022385,0.0035235070614496587,100.13104277519872,99.37076151871892,2025-01-07 20:18:00+00:00,20,18,20:18,500.0,0.19888259038987144,Post-News,Squeeze,Downside Stop Hunt,19h20-20h20,-1.0,1.5
2025-01-07 20:19:00+00:00,99.45366010397242,99.5630700710835,99.36414285815428,99.46360646461888,500,0.20851533912190232,0.21734905206913485,0.9593570210537532,99.59839111412433,0.08736876910273116,99.77312865232979,99.42365357591886,0.003508842587732981,100.13104277519872,99.34185389975016,2025-01-07 20:19:00+00:00,20,19,20:19,500.0,0.19892721292922033,Post-News,Squeeze,None,19h20-20h20,-1.0,1.5
2025-01-07 20:20:00+00:00,99.4696890720725,99.57911667281184,99.38015739874032,99.47963703577608,500,0.20783276304687445,0.2171583168102091,0.9570564282302623,99.58589539084946,0.08547371293042486,99.7568428167103,99.41494796498861,0.0034331654134336954,100.13104277519872,99.34185389975016,2025-01-07 20:20:00+00:00,20,20,20:20,500.0,0.19895927407151248,Post-News,Squeeze,None,19h20-20h20,-1.0,1.5
2025-01-07 20:21:00+00:00,99.28296623185643,99.39218841692995,99.19360262588717,99.29289552140855,500,0.2134185949641629,0.2170414912960345,0.983307816813099,99.56527005215075,0.10307592699022006,99.7714219061312,99.35911819817031,0.004141039418111651,100.13104277519872,99.34185389975016,2025-01-07 20:21:00+00:00,20,21,20:21,500.0,0.19858579104278817,Post-News,Squeeze,Downside False Breakout,Other,-1.0,-1.0
2025-01-07 20:22:00+00:00,99.29200950348614,99.40124163715332,99.20263775775844,99.3019396974559,500,0.21236040099492848,0.2169290067343475,0.9789396272624169,99.55361849647625,0.11867202580543136,99.79096254808711,99.31627444486539,0.004768165239905619,100.08702818273429,99.19360262588717,2025-01-07 20:22:00+00:00,20,22,20:22,500.0,0.19860387939488078,Post-News,Squeeze,None,Other,-1.0,-1.0
2025-01-07 20:23:00+00:00,99.34410505369134,99.45339449819484,99.25468641727936,99.35404045773711,500,0.2113852352749679,0.21671672728994512,0.9753987978609319,99.54183533621483,0.1263517107663681,99.79453875774757,99.28913191468209,0.0050773309670091235,100.0688820879844,99.19360262588717,2025-01-07 20:23:00+00:00,20,23,20:23,500.0,0.19870808091548042,Post-News,Squeeze,None,Other,-1.0,1.5
2025-01-07 20:24:00+00:00,99.40841663867796,99.51777683299991,99.3189401160509,99.41835847452542,500,0.2104889125374,0.21651624690322502,0.9721622074461738,99.53668232411268,0.1292954527222992,99.79527322955727,99.27809141866808,0.005195891593062443,100.02683017756408,99.19360262588717,2025-01-07 20:24:00+00:00,20,24,20:24,500.0,0.1988367169490175,Post-News,Squeeze,None,Other,-1.0,1.5
2025-01-07 20:25:00+00:00,99.42107867266606,99.53045279661838,99.3315907530687,99.43102177484354,500,0.2096584218954201,0.21627195869932417,0.9694202760095282,99.52839355149533,0.1305464714329897,99.78948649436131,99.26730060862934,0.00524660217148784,99.88778441334088,99.19360262588717,2025-01-07 20:25:00+00:00,20,25,20:25,500.0,0.1988620435496813,Post-News,Squeeze,None,Other,-1.0,1.5
2025-01-07 20:26:00+00:00,99.22569115903131,99.33485033522388,99.13637910578288,99.23561472050338,500,0.21572872526436612,0.21615625013748754,0.9980221489184352,99.50372458482528,0.1370963869245889,99.77791735867446,99.2295318109761,0.005511206238625466,99.85170487892846,99.19360262588717,2025-01-07 20:26:00+00:00,20,26,20:26,500.0,0.19847122944099738,Post-News,Normal,Downside Stop Hunt,Other,-1.0,-1.0
2025-01-07 20:27:00+00:00,99.35348488980816,99.46278465316328,99.26405781069944,99.36342123193135,500,0.21654595436404747,0.21607939532124598,1.002159201908668,99.48633302914334,0.1313254098194579,99.74898384878226,99.22368220950442,0.005280138721405694,99.85170487892846,99.13637910578288,2025-01-07 20:27:00+00:00,20,27,20:27,500.0,0.19872684246384154,Post-News,Squeeze,None,Other,-1.0,1.5
2025-01-07 20:28:00+00:00,99.39532376598574,99.50466955670738,99.30585902812255,99.40526429241498,500,0.21527913823696046,0.21600480084501344,0.9966405255567738,99.47608299460374,0.12912512265165563,99.73433323990706,99.21783274930043,0.005192207765505302,99.85170487892846,99.13637910578288,2025-01-07 20:28:00+00:00,20,28,20:28,500.0,0.19881052858482917,Post-News,Squeeze,None,Other,-1.0,1.5
2025-01-07 20:29:00+00:00,99.27678414676302,99.38599953086285,99.18742610522678,99.28671281804482,500,0.21546192744776377,0.21587906350653177,0.9980677326833254,99.45993874876511,0.13171236467118405,99.72336347810747,99.19651401942275,0.005297102183176881,99.85170487892846,99.13637910578288,2025-01-07 20:29:00+00:00,20,29,20:29,500.0,0.19857342563607006,Post-News,Squeeze,None,Other,-1.0,1.5
2025-01-07 20:30:00+00:00,99.19960035254992,99.30873082598508,99.1103117833757,99.2095213046804,500,0.2142445785307359,0.2157591627517407,0.9929802090363711,99.43814809872148,0.13542438721084749,99.70899687314318,99.16729932429979,0.005447582836172635,99.82928105277476,99.13637910578288,2025-01-07 20:30:00+00:00,20,30,20:30,500.0,0.19841904260937326,Other,Normal,Downside Stop Hunt,Other,-1.0,-1.0
2025-01-07 20:31:00+00:00,99.22353258410809,99.33268938563072,99.13422247377132,99.23345592970104,500,0.21311760233992608,0.21558624241028398,0.9885491762240569,99.41907612955708,0.13608047822563998,99.69123708600836,99.14691517310581,0.005475024855322717,99.82872304795816,99.1103117833757,2025-01-07 20:31:00+00:00,20,31,20:31,500.0,0.19846691185939846,Other,Normal,None,Other,-1.0,1.5
2025-01-07 20:32:00+00:00,99.29199901930548,99.40123114143891,99.20262728301446,99.3019292122267,500,0.21208090634596338,0.21534164723840635,0.9848578250688639,99.40618658412647,0.13425425502551921,99.67469509417751,99.13767807407544,0.005402249483210964,99.82872304795816,99.1103117833757,2025-01-07 20:32:00+00:00,20,32,20:32,500.0,0.19860385842444828,Other,Normal,None,Other,-1.0,1.5
2025-01-07 20:33:00+00:00,99.24455247158872,99.35373239730004,99.15522344146127,99.25447791938066,500,0.21111148130973467,0.21511221409994702,0.9814016474752405,99.38806861985083,0.12866449990826664,99.64539761966736,99.13073962003429,0.005178267439742561,99.82872304795816,99.1103117833757,2025-01-07 20:33:00+00:00,20,33,20:33,500.0,0.19850895583876138,Other,Squeeze,None,Other,-1.0,1.5
2025-01-07 20:34:00+00:00,99.327508467818,99.43677965425124,99.23810476982716,99.3374422120392,500,0.2102231529607593,0.21489692139787792,0.9782511149684401,99.3715700613602,0.11088685690753732,99.59334377517527,99.14979634754513,0.004463524399949136,99.82872304795816,99.1103117833757,2025-01-07 20:34:00+00:00,20,34,20:34,500.0,0.19867488442407932,Other,Squeeze,None,Other,-1.0,1.5
2025-01-07 20:35:00+00:00,99.15058843094909,99.25966498587862,99.06134397691582,99.16050448139724,500,0.21492851597237542,0.21478682214329206,1.000659695169701,99.3479001905125,0.10212155715752765,99.55214330482757,99.14365707619744,0.00411167450793423,99.82872304795816,99.1103117833757,2025-01-07 20:35:00+00:00,20,35,20:35,500.0,0.19832100896279314,Other,Squeeze,Downside Stop Hunt,Other,-1.0,1.5
2025-01-07 20:36:00+00:00,99.0482723401421,99.15723633611584,98.95911997979994,99.0581781579579,500,0.21396108637415598,0.21468531121282097,0.9966265748011653,99.32729751088694,0.11667134986804084,99.56064021062302,99.09395481115085,0.004698460656508019,99.82872304795816,99.06134397691582,2025-01-07 20:36:00+00:00,20,36,20:36,500.0,0.19811635631590718,Other,Squeeze,None,Other,-1.0,1.5
2025-01-07 20:37:00+00:00,98.84500000338696,98.95374037742808,98.7560306064442,98.85488549193614,500,0.22026011959840902,0.21471173162327745,1.0258411030137211,99.29421011967622,0.14939552467630268,99.59300116902882,98.99541907032362,0.006018297521929588,99.81096359791572,98.95911997979994,2025-01-07 20:37:00+00:00,20,37,20:37,500.0,0.19770977098387732,Other,Normal,Downside False Breakout,Other,1.5,-1.0
2025-01-07 20:38:00+00:00,98.7573233501472,98.86596727022436,98.66843287008405,98.7672000701542,500,0.21863685392283072,0.2147324689027691,1.018182555437527,99.26050536343668,0.18601737244002825,99.63254010831673,98.88847061855662,0.007496128364808739,99.76708079523328,98.7560306064442,2025-01-07 20:38:00+00:00,20,38,20:38,500.0,0.19753440014031298,Other,Normal,Downside Stop Hunt,Other,1.5,-1.0
2025-01-07 20:39:00+00:00,98.90735844314376,99.01616741832872,98.81833291799242,98.91725016816058,500,0.2208033177979512,0.21480181772748005,1.027939708024656,99.23318754861376,0.19454340684487337,99.6222743623035,98.84410073492401,0.007841868699403261,99.76708079523328,98.66843287008405,2025-01-07 20:39:00+00:00,20,39,20:39,500.0,0.1978345003362989,Other,Normal,None,Other,1.5,-1.0
2025-01-07 20:40:00+00:00,99.11209090011576,99.2211251035262,99.02288109732535,99.1220031004258,500,0.22673700476707093,0.2149893695117985,1.0546428657470328,99.21530585184624,0.18698791629973918,99.58928168444572,98.84133001924675,0.007538672171366896,99.76708079523328,98.66843287008405,2025-01-07 20:40:00+00:00,20,40,20:40,500.0,0.19824400620085214,Other,Normal,None,Other,-1.0,1.5
2025-01-07 20:41:00+00:00,99.13633573774354,99.24539661314256,99.04710411241705,99.1462503627798,500,0.22470525447838835,0.21512410291132233,1.0445377874324735,99.20797359391482,0.18666017527219977,99.58129394445922,98.83465324337041,0.007526015037309509,99.76708079523328,98.66843287008405,2025-01-07 20:41:00+00:00,20,41,20:41,500.0,0.19829250072551474,Other,Normal,None,Other,-1.0,1.5
2025-01-07 20:42:00+00:00,99.07405514038724,99.18304750027764,98.98487957320415,99.08396353674092,500,0.2228097310923238,0.2152470388748525,1.03513494195787,99.19707478587905,0.18724759642249966,99.57156997872406,98.82257959303405,0.007550528957700956,99.76708079523328,98.66843287008405,2025-01-07 20:42:00+00:00,20,42,20:42,500.0,0.1981679270734844,Other,Normal,None,Other,-1.0,1.5
2025-01-07 20:43:00+00:00,99.05308933585908,99.16205863105804,98.9639326397872,99.06299563542262,500,0.22104660681936086,0.21535894659836594,1.0264101413516018,99.18252254476333,0.18570990776076898,99.55394236028486,98.8111027292418,0.007489622284085466,99.76708079523328,98.66843287008405,2025-01-07 20:43:00+00:00,20,43,20:43,500.0,0.1981259912708424,Other,Normal,None,Other,-1.0,-1.0
2025-01-07 20:44:00+00:00,99.10097721737478,99.2099991945116,99.0117774178992,99.1108883062054,500,0.2194162618045779,0.21546075351193306,1.018358370274732,99.16714903634734,0.1777137275325388,99.52257649141242,98.81172158128226,0.007168249940004017,99.76708079523328,98.66843287008405,2025-01-07 20:44:00+00:00,20,44,20:44,500.0,0.19822177661239948,Other,Normal,None,Other,-1.0,1.5
2025-01-07 20:45:00+00:00,98.94719473890672,99.05604753839948,98.85813335750358,98.95709044795151,500,0.2217975965829524,0.2153701901218716,1.0298435287513268,99.14345247000273,0.17218815495417275,99.48782877991107,98.79907616009439,0.006947030819055594,99.73353580024946,98.66843287008405,2025-01-07 20:45:00+00:00,20,45,20:45,500.0,0.19791418089590707,Other,Normal,None,Other,1.5,-1.0
2025-01-07 20:46:00+00:00,98.89155267417534,99.00034426127564,98.80254137563873,98.90144281845718,500,0.22008368865823566,0.21524292501137446,1.0224897689278538,99.12674387490043,0.17885861829686123,99.48446111149416,98.7690266383067,0.007217370865024553,99.61614994946652,98.66843287008405,2025-01-07 20:46:00+00:00,20,46,20:46,500.0,0.19780288563691784,Other,Normal,None,Other,1.5,-1.0
2025-01-07 20:47:00+00:00,99.03454367223024,99.14349256515897,98.9454036689249,99.04444811704194,500,0.2216526928042032,0.21517443209399217,1.0301070189760333,99.11079521915596,0.17067774027337446,99.45215069970271,98.76943973860921,0.006888361248478332,99.61614994946652,98.66843287008405,2025-01-07 20:47:00+00:00,20,47,20:47,500.0,0.19808889623406856,Other,Normal,None,Other,-1.0,-1.0
2025-01-07 20:48:00+00:00,98.93202569675152,99.04086180862912,98.84297796885166,98.9419198887404,500,0.2202110824746374,0.21506315996539865,1.023936793777544,99.08762799897222,0.1596969778193695,99.40702195461097,98.76823404333348,0.006446696970928757,99.57911667281184,98.66843287008405,2025-01-07 20:48:00+00:00,20,48,20:48,500.0,0.19788383977746093,Other,Normal,None,Other,1.5,-1.0
2025-01-07 20:49:00+00:00,98.85893947602209,98.9676951850166,98.76995753229929,98.86882635865794,500,0.21860583749197102,0.21495719202677638,1.0169738236287538,99.06673367600288,0.1596158724036881,99.38596542081027,98.7475019311955,0.0064447818750424865,99.57911667281184,98.66843287008405,2025-01-07 20:49:00+00:00,20,49,20:49,500.0,0.1977376527173078,Other,Normal,None,Other,1.5,-1.0
2025-01-07 20:50:00+00:00,98.86123240284554,98.9699906343118,98.77224839528223,98.87111951479704,500,0.21711558045894208,0.21485623509739718,1.0105156145946648,99.04981358650872,0.16160675343040584,99.37302709336953,98.72660007964791,0.006526281981914485,99.57911667281184,98.66843287008405,2025-01-07 20:50:00+00:00,20,50,20:50,500.0,0.19774223902956578,Other,Normal,None,Other,1.5,-1.0
2025-01-07 20:51:00+00:00,98.89021705599536,98.99900717376872,98.80120695963532,98.90010706670202,500,0.21573591143568868,0.21475979674702905,1.0045451462678063,99.03314614335875,0.15883615705443607,99.35081845746762,98.71547382924987,0.006415474545240006,99.53045279661838,98.66843287008405,2025-01-07 20:51:00+00:00,20,51,20:51,500.0,0.19780021413339455,Other,Normal,None,Other,1.5,-1.0
2025-01-07 20:52:00+00:00,98.82941787016534,98.93814110214572,98.74046249854504,98.83930180034538,500,0.21444610373318795,0.21466751413754134,0.9989685891447388,99.01001477276469,0.15113250652917268,99.31227978582304,98.70774975970635,0.006105746247024936,99.53045279661838,98.66843287008405,2025-01-07 20:52:00+00:00,20,52,20:52,500.0,0.19767860360067857,Other,Normal,None,Other,1.5,-1.0
2025-01-07 20:53:00+00:00,98.83801288326218,98.9467455707025,98.74904977535644,98.84789767302948,500,0.21324965313410768,0.21457915405848904,0.9938041468649887,98.98968576044713,0.14367983508726861,99.27704543062167,98.70232609027259,0.0058058507402466665,99.53045279661838,98.66843287008405,2025-01-07 20:53:00+00:00,20,53,20:53,500.0,0.19769579534606407,Other,Normal,None,Other,1.5,-1.0
2025-01-07 20:54:00+00:00,98.89910767335796,99.00790757178848,98.81008957464203,98.90899857321529,500,0.21214739199213173,0.2144946818310331,0.9890566525059562,98.96826357850594,0.11890546447997938,99.2060745074659,98.73045264954598,0.004805801786576103,99.53045279661838,98.66843287008405,2025-01-07 20:54:00+00:00,20,54,20:54,500.0,0.1978179971464442,Other,Squeeze,None,Other,1.5,-1.0
2025-01-07 20:55:00+00:00,99.09427481764872,99.2032894214085,99.00508105093616,99.10418523617234,500,0.21801478172078045,0.21448242904174125,1.0164691937461774,98.96544761624469,0.1147058525533953,99.19485932135147,98.7360359111379,0.004636197999050479,99.53045279661838,98.66843287008405,2025-01-07 20:55:00+00:00,20,55,20:55,500.0,0.19820837047234363,Other,Squeeze,None,Other,-1.0,-1.0
2025-01-07 20:56:00+00:00,99.08275633465944,99.19175826682076,98.99357293561832,99.09266560121957,500,0.21659839239804177,0.2144695484105579,1.0099260897561486,98.96717198840778,0.11641966119388922,99.20001131079556,98.73433266602001,0.004705384981901843,99.50466955670738,98.66843287008405,2025-01-07 20:56:00+00:00,20,56,20:56,500.0,0.19818533120243842,Other,Squeeze,None,Other,-1.0,-1.0
2025-01-07 20:57:00+00:00,99.07965535891596,99.18865387966284,98.99047475103217,99.0895643153475,500,0.21528273070037238,0.2144561656947918,1.0038542375450137,98.97890592957835,0.11633326211980219,99.21157245381795,98.74623940533874,0.004701335543254894,99.50466955670738,98.66843287008405,2025-01-07 20:57:00+00:00,20,57,20:57,500.0,0.19817912863067022,Other,Squeeze,None,Other,-1.0,-1.0
2025-01-07 20:58:00+00:00,99.23210276777048,99.341268997438,99.14278494349706,99.24202697046752,500,0.21788429865680942,0.2145060177577243,1.0157491194624702,99.00264727459401,0.11926869523847608,99.24118466507096,98.76410988411706,0.004818808325707523,99.50466955670738,98.66843287008405,2025-01-07 20:58:00+00:00,20,58,20:58,500.0,0.1984840539409305,Other,Squeeze,None,Other,-1.0,1.5
2025-01-07 20:59:00+00:00,99.17861462669649,99.2877220135245,99.08934494656442,99.18853348004448,500,0.21649092496418568,0.21455096748414743,1.0090419423542407,99.0162114401882,0.12436294409972778,99.26493732838766,98.76748555198874,0.005023942737896101,99.43677965425124,98.66843287008405,2025-01-07 20:59:00+00:00,20,59,20:59,500.0,0.1983770669600773,Other,Squeeze,None,Other,-1.0,1.5
2025-01-07 21:00:00+00:00,99.04834454297026,99.15730861837504,98.95919211763903,99.05825036800704,500,0.21740881335284737,0.21462828063416287,1.0129551087604525,99.01302380356728,0.12230868432603109,99.25764117221934,98.76840643491522,0.004941115001948762,99.43677965425124,98.66843287008405,2025-01-07 21:00:00+00:00,21,0,21:00,500.0,0.19811650073600617,Other,Squeeze,None,Other,-1.0,-1.0
2025-01-07 21:01:00+00:00,99.07412512771816,99.18311756460233,98.9849494975402,99.08403353107126,500,0.21603447433208167,0.2146985919668812,1.006222129139098,99.00991296198184,0.11950080149102987,99.2489145649639,98.77091135899978,0.004827831796475366,99.43677965425124,98.66843287008405,2025-01-07 21:01:00+00:00,21,1,21:01,500.0,0.1981680670621273,Other,Squeeze,None,Other,-1.0,-1.0
2025-01-07 21:02:00+00:00,99.1817954318764,99.29090631794006,99.0925228887334,99.19171460333672,500,0.21538006808470442,0.21468876955157343,1.0032200032380592,99.01530051531162,0.12530304825595215,99.26590661182352,98.76469441879972,0.005061967094129022,99.43677965425124,98.66843287008405,2025-01-07 21:02:00+00:00,21,2,21:02,500.0,0.19838342920665752,Other,Squeeze,None,Other,-1.0,1.5
2025-01-07 21:03:00+00:00,99.21860338125516,99.3277547601124,99.12929770764468,99.22852623387854,500,0.21417128125491958,0.2146787887910993,0.9976359679545538,99.02357704523442,0.13379807798301216,99.29117320120044,98.7559808892684,0.00540469580984292,99.43677965425124,98.66843287008405,2025-01-07 21:03:00+00:00,21,3,21:03,500.0,0.19845705246771672,Other,Normal,None,Other,-1.0,1.5
2025-01-07 21:04:00+00:00,99.2099701848581,99.31911206624956,99.12067228190142,99.2198921740755,500,0.21304760290443525,0.21466880302174832,0.9924479006986925,99.02902723862793,0.13963464905658143,99.3082965367411,98.74975794051477,0.005640150285233339,99.43677965425124,98.66843287008405,2025-01-07 21:04:00+00:00,21,4,21:04,500.0,0.19843978434813891,Other,Normal,None,Other,-1.0,1.5
2025-01-07 21:05:00+00:00,99.06736980350344,99.17635480878783,98.97820025372532,99.07727753125658,500,0.21509362557913117,0.21471012376675075,1.0017861375404777,99.03503659279319,0.13896039027876325,99.31295737335071,98.75711581223567,0.005612574905187584,99.341268997438,98.66843287008405,2025-01-07 21:05:00+00:00,21,5,21:05,500.0,0.19815455506251567,Other,Normal,None,Other,-1.0,-1.0
2025-01-07 21:06:00+00:00,99.06257810548168,99.17155783937108,98.97341286866306,99.07248535401708,500,0.21388300737405141,0.21470827773227733,0.996156317926154,99.04358871957119,0.13552668158148254,99.31464208273415,98.77253535640823,0.0054734156277477936,99.341268997438,98.66843287008405,2025-01-07 21:06:00+00:00,21,6,21:06,500.0,0.1981449707080145,Other,Normal,None,Other,-1.0,-1.0
2025-01-07 21:07:00+00:00,99.18580481654364,99.29492011337152,99.09652866459358,99.19572438898255,500,0.21449384680122222,0.21473395909867496,0.998881814974862,99.05115253316822,0.13973328820325362,99.33061910957473,98.77168595676171,0.005642873793173155,99.341268997438,98.66843287008405,2025-01-07 21:07:00+00:00,21,7,21:07,500.0,0.19839144877794013,Other,Normal,None,Other,-1.0,1.5
2025-01-07 21:08:00+00:00,99.06446406141907,99.1734458700675,98.97529712707036,99.07437149856894,500,0.21491766216629152,0.214781412789575,1.0006343629783738,99.05777511365963,0.13740309946476226,99.33258131258916,98.7829689147301,0.005548402406862268,99.341268997438,98.66843287008405,2025-01-07 21:08:00+00:00,21,8,21:08,500.0,0.1981487429971338,Other,Normal,None,Other,-1.0,1.5
2025-01-07 21:09:00+00:00,99.0412116877776,99.150167916257,98.95206568265807,99.05111679945756,500,0.2137165601257658,0.2148241472146123,0.994844215125686,99.06688963569961,0.13005946696532023,99.32700856963025,98.80677070176897,0.005251379848245593,99.341268997438,98.74046249854504,2025-01-07 21:09:00+00:00,21,9,21:09,500.0,0.19810223359893087,Other,Squeeze,None,Other,-1.0,1.5
2025-01-07 21:10:00+00:00,99.0038321980482,99.11274730497674,98.91471983783391,99.01373357140534,500,0.2125959106269841,0.2148623253694466,0.9894517815602829,99.07402033853003,0.12244795295500968,99.31891624444005,98.82912443262002,0.004943695735233487,99.341268997438,98.74046249854504,2025-01-07 21:10:00+00:00,21,10,21:10,500.0,0.19802746714282193,Other,Squeeze,None,Other,-1.0,1.5
2025-01-07 21:11:00+00:00,98.93577021608542,99.04461044734622,98.8467191177811,98.94566478256368,500,0.2115455834082788,0.21489618310719652,0.9844082865946189,99.07629822432311,0.11942891958472378,99.31515606349255,98.83744038515367,0.004821694864469646,99.341268997438,98.74046249854504,2025-01-07 21:11:00+00:00,21,11,21:11,500.0,0.19789132956510969,Other,Squeeze,None,Other,-1.0,-1.0
2025-01-07 21:12:00+00:00,98.96129131829215,99.07015962557298,98.87221724869872,98.97118843713588,500,0.21057392579870648,0.2149262211691936,0.9797498167193806,99.08289255616265,0.10882461214611928,99.30054178045489,98.8652433318704,0.0043932755428769095,99.341268997438,98.74046249854504,2025-01-07 21:12:00+00:00,21,12,21:12,500.0,0.1979423768742663,Other,Squeeze,None,Other,-1.0,-1.0
2025-01-07 21:13:00+00:00,99.00616115942694,99.1150788284692,98.9170467029378,99.01606276570352,500,0.20967808292247017,0.2149526832400023,0.975461574900915,99.09130081079635,0.09537813355285521,99.28205707790207,98.90054454369064,0.0038501112720265864,99.341268997438,98.74046249854504,2025-01-07 21:13:00+00:00,21,13,21:13,500.0,0.19803212553139815,Other,Squeeze,None,Other,-1.0,1.5
2025-01-07 21:14:00+00:00,99.05001346010133,99.15897937149856,98.96085953259448,99.05991945204651,500,0.20885249406401352,0.21497580874877756,0.9715162616649587,99.0988468547379,0.085672143451199,99.2701911416403,98.9275025678355,0.0034580480467862177,99.341268997438,98.74046249854504,2025-01-07 21:14:00+00:00,21,14,21:14,500.0,0.19811983890407703,Other,Squeeze,None,Other,-1.0,1.5
2025-01-07 21:15:00+00:00,98.95429721715666,99.06315783015684,98.8652294428838,98.96419363652032,500,0.20807220072180097,0.21499568789201684,0.9677970882202379,99.0918472747553,0.09077958139547353,99.27340643754624,98.91028811196435,0.0036644621688711036,99.341268997438,98.74046249854504,2025-01-07 21:15:00+00:00,21,15,21:15,500.0,0.19792838727303774,Other,Squeeze,None,Other,-1.0,-1.0
2025-01-07 21:16:00+00:00,98.79254195099148,98.90122461540402,98.7036197710176,98.80242219321082,500,0.21182231963472384,0.21501109172248967,0.9851692670260866,99.07733510435486,0.11148090748569948,99.30029691932626,98.85437328938346,0.004500763262083307,99.341268997438,98.74046249854504,2025-01-07 21:16:00+00:00,21,16,21:16,500.0,0.19760484438641868,Other,Squeeze,Downside Stop Hunt,Other,1.5,-1.0
2025-01-07 21:17:00+00:00,98.81945556234628,98.92816783469208,98.7305091576997,98.8293384961959,500,0.21081063087455612,0.21502375886311934,0.9804062211039422,99.0643238133973,0.12441415390632025,99.31315212120994,98.81549550558465,0.0050235705092249,99.341268997438,98.7036197710176,2025-01-07 21:17:00+00:00,21,17,21:17,500.0,0.1976586769923756,Other,Squeeze,None,Other,1.5,-1.0
2025-01-07 21:18:00+00:00,98.77046126227124,98.87911963549703,98.68155895690468,98.78033929620086,500,0.20986420571154163,0.21503394750346885,0.9759584853835982,99.04123942968396,0.13228950921105853,99.30581844810607,98.77666041126184,0.00534280507686808,99.341268997438,98.7036197710176,2025-01-07 21:18:00+00:00,21,18,21:18,500.0,0.19756067859235316,Other,Normal,Downside Stop Hunt,Other,1.5,-1.0
2025-01-07 21:19:00+00:00,98.9531887452838,99.06204813884295,98.8641219687354,98.9630850537892,500,0.21499596549229505,0.21514195794297536,0.9993214133957123,99.02996700837119,0.12863268600201816,99.28723238037523,98.77270163636715,0.005195707517145693,99.341268997438,98.68155895690468,2025-01-07 21:19:00+00:00,21,19,21:19,500.0,0.1979261701075501,Other,Squeeze,None,Other,1.5,-1.0
2025-01-07 21:20:00+00:00,99.14083421276788,99.24990003698431,99.05159853840894,99.15074928769664,500,0.22012589532821072,0.21534684348099767,1.022192346866857,99.03459195435566,0.13133757195091586,99.29726709825749,98.77191681045383,0.005304715023673663,99.341268997438,98.68155895690468,2025-01-07 21:20:00+00:00,21,20,21:20,500.0,0.1983014985753755,Other,Normal,None,Other,1.5,-1.0
2025-01-07 21:21:00+00:00,99.33938281884168,99.44866706836734,99.24996843286613,99.34931775061672,500,0.22568245856696006,0.215551241207711,1.0470014336381686,99.04785616533295,0.14882534266718364,99.3455068506673,98.75020547999858,0.006010239834722227,99.341268997438,98.68155895690468,2025-01-07 21:21:00+00:00,21,21,21:21,500.0,0.19869863550121636,Other,Normal,Range Raid,Other,1.5,-1.0
2025-01-07 21:22:00+00:00,99.24702913222312,99.3562117825336,99.1576978728782,99.2569548277059,500,0.22374184793042032,0.21574093198996913,1.037085757749592,99.0511181765514,0.1528061819942462,99.35673054053989,98.74550581256291,0.006170800887754858,99.44866706836734,98.68155895690468,2025-01-07 21:22:00+00:00,21,22,21:22,500.0,0.1985139096554036,Other,Normal,None,Other,1.5,-1.0
2025-01-07 21:23:00+00:00,99.30454645312328,99.41379237881428,99.21516342301246,99.31447790091336,500,0.2219480699212348,0.21591697923407357,1.0279324521330162,99.05541575990314,0.15913585672486097,99.37368747335286,98.73714404645342,0.00642613452294553,99.44866706836734,98.68155895690468,2025-01-07 21:23:00+00:00,21,23,21:23,500.0,0.19862895580182283,Other,Normal,None,Other,1.5,-1.0
2025-01-07 21:24:00+00:00,99.39206758861772,99.50140979718604,99.30260578160728,99.40200778939666,500,0.2202949231824865,0.21608041274482506,1.0195043612890469,99.0645215406692,0.17359593680632543,99.41171341428185,98.71732966705656,0.007009408983419165,99.44866706836734,98.68155895690468,2025-01-07 21:24:00+00:00,21,24,21:24,500.0,0.1988040155787587,Other,Normal,Range Raid,Other,1.5,-1.0
2025-01-07 21:25:00+00:00,99.46846525100528,99.5778915054068,99.37893467922218,99.4784130923145,500,0.21877077339692413,0.2162322852698501,1.0117396351053964,99.0845783187221,0.1967731061196507,99.4781245309614,98.6910321064828,0.007943642066546288,99.50140979718604,98.68155895690468,2025-01-07 21:25:00+00:00,21,25,21:25,500.0,0.19895682618461308,Other,Normal,Range Raid,Other,-1.0,-1.0
2025-01-07 21:26:00+00:00,99.4342144143581,99.54360298907136,99.34471467141088,99.44415883024112,500,0.21735059798717785,0.21625931648189697,1.0050461710645988,99.1031619925333,0.21249375178055235,99.5281494960944,98.6781744889722,0.008576668897670855,99.5778915054068,98.68155895690468,2025-01-07 21:26:00+00:00,21,26,21:26,500.0,0.19888831766047588,Other,Normal,None,Other,-1.0,-1.0
2025-01-07 21:27:00+00:00,99.56248417640792,99.67201386197053,99.47286897912944,99.57244142054998,500,0.2181009146830512,0.2162852324872137,1.0083948505173363,99.12199784411166,0.2364738657641068,99.59494557563987,98.64905011258345,0.009542740094323142,99.5778915054068,98.68155895690468,2025-01-07 21:27:00+00:00,21,27,21:27,500.0,0.19914488284108245,Other,Normal,Range Raid,Other,-1.0,1.5
2025-01-07 21:28:00+00:00,99.56352709753456,99.67305793042512,99.47391096153316,99.57348444597916,500,0.21674706141225844,0.21630969787346868,1.002021932179137,99.1469534914822,0.25665808617292857,99.66026966382805,98.63363731913634,0.010354653456698542,99.67201386197053,98.68155895690468,2025-01-07 21:28:00+00:00,21,28,21:28,500.0,0.19914696889195227,Other,Normal,Range Raid,Other,-1.0,1.5
2025-01-07 21:29:00+00:00,99.57727837999322,99.68682434080728,99.48764986659988,99.5872371037036,500,0.21549187661191116,0.21631019702620444,0.9962169124454445,99.1737595066945,0.2735620615992198,99.72088362989294,98.62663538349605,0.011033646922732848,99.67305793042512,98.68155895690468,2025-01-07 21:29:00+00:00,21,29,21:29,500.0,0.1991744742073962,Other,Normal,Range Raid,Other,-1.0,1.5
2025-01-07 21:30:00+00:00,99.42525704426004,99.53463576488076,99.33576536375216,99.43520056431646,500,0.218061866850449,0.21637381849819967,1.0078015370064903,99.19483285634003,0.2768002542896237,99.74843336491928,98.64123234776078,0.011161881977885054,99.68682434080728,98.68155895690468,2025-01-07 21:30:00+00:00,21,30,21:30,500.0,0.19887040112860177,Other,Normal,None,21h30-22h30,-1.0,-1.0
2025-01-07 21:31:00+00:00,99.49037853697294,99.59982889839974,99.40082824126009,99.50032856982992,500,0.21670035187110617,0.216433530990386,1.0012328075021426,99.22256604570336,0.2783040311040772,99.77917410791152,98.6659579834952,0.011219384549111014,99.68682434080728,98.68155895690468,2025-01-07 21:31:00+00:00,21,31,21:31,500.0,0.1990006571396492,Other,Normal,None,21h30-22h30,-1.0,-1.0
2025-01-07 21:32:00+00:00,99.4654680998623,99.57489105706787,99.37594022578504,99.47541564142644,500,0.21543252897194354,0.21648939136748568,0.995118179284138,99.24777740591787,0.27716986081475,99.80211712754738,98.69343768428837,0.011170823893864845,99.68682434080728,98.68155895690468,2025-01-07 21:32:00+00:00,21,32,21:32,500.0,0.1989508312828292,Other,Normal,None,21h30-22h30,-1.0,-1.0
2025-01-07 21:33:00+00:00,99.51270341390207,99.6221783351495,99.42313302379056,99.52265567947003,500,0.21426201342815784,0.21654190023612604,0.9894713826493527,99.2731070516062,0.2780263216339036,99.82915969487401,98.7170544083384,0.011202482923774024,99.68682434080728,98.68155895690468,2025-01-07 21:33:00+00:00,21,33,21:33,500.0,0.19904531135894388,Other,Normal,None,21h30-22h30,-1.0,-1.0
2025-01-07 21:34:00+00:00,99.53709833045544,99.64660008879476,99.44750598272324,99.547053035759,500,0.21317859147411178,0.21659115754468194,0.9842442041066881,99.29746373079183,0.27969970439292385,99.85686313957768,98.73806432200598,0.011267143948458826,99.68682434080728,98.68155895690468,2025-01-07 21:34:00+00:00,21,34,21:34,500.0,0.199094106071513,Other,Normal,None,21h30-22h30,-1.0,1.5
2025-01-07 21:35:00+00:00,99.55610541777804,99.6656280860044,99.46649596195644,99.56606202398044,500,0.21217527237224407,0.21654527015134642,0.9798194725008397,99.32755715016484,0.2742809141707673,99.87611897850637,98.7789953218233,0.011045511317915728,99.68682434080728,98.68155895690468,2025-01-07 21:35:00+00:00,21,35,21:35,500.0,0.19913212404796354,Other,Normal,None,21h30-22h30,-1.0,1.5
2025-01-07 21:36:00+00:00,99.55254997708182,99.66206873393229,99.46294372147688,99.5625062277046,500,0.21124311094961315,0.21649997056093737,0.9757188899485574,99.36556135188953,0.24920065226905333,99.86396265642763,98.86716004735142,0.010031670887926376,99.68682434080728,98.68155895690468,2025-01-07 21:36:00+00:00,21,36,21:36,500.0,0.19912501245541137,Other,Normal,None,21h30-22h30,-1.0,1.5
2025-01-07 21:37:00+00:00,99.63188510695473,99.7414911411758,99.54220744259204,99.64184929188391,500,0.21038886720919475,0.21633544968778382,0.9725122143080517,99.40618689167393,0.22191863396264297,99.85002415959922,98.96234962374864,0.008929771512289329,99.68682434080728,98.68155895690468,2025-01-07 21:37:00+00:00,21,37,21:37,500.0,0.1992836985837556,Other,Normal,Range Raid,21h30-22h30,-1.0,1.5
2025-01-07 21:38:00+00:00,99.6130671647626,99.72265249717708,99.52340643824166,99.62302946770936,500,0.20959295233249622,0.21618471799461156,0.9695086418537705,99.44832140024934,0.17099382501327945,99.7903090502759,99.10633375022279,0.006877695776284779,99.7414911411758,98.68155895690468,2025-01-07 21:38:00+00:00,21,38,21:38,500.0,0.19924605893541525,Other,Normal,None,21h30-22h30,-1.0,1.5
2025-01-07 21:39:00+00:00,99.4692105927638,99.57863766712325,99.37967935010604,99.47915850861465,500,0.21200417842326888,0.21603806567170017,0.9813278866578942,99.47412507299062,0.12726245166002947,99.72864997631068,99.21960016967056,0.0051174092384989375,99.7414911411758,98.68155895690468,2025-01-07 21:39:00+00:00,21,39,21:39,500.0,0.19895831701720113,Other,Squeeze,None,21h30-22h30,-1.0,1.5
2025-01-07 21:40:00+00:00,99.52681552363786,99.63630596975844,99.43723243135736,99.53676920055791,500,0.21108056127882688,0.2157771249468961,0.9782341910931242,99.49342606863368,0.10250050577423019,99.69842708018214,99.28842505708522,0.004120895613887996,99.7414911411758,98.68155895690468,2025-01-07 21:40:00+00:00,21,40,21:40,500.0,0.19907353840108044,Other,Squeeze,None,21h30-22h30,-1.0,1.5
2025-01-07 21:41:00+00:00,99.4473248091466,99.5567278067364,99.357813265664,99.4572705362002,500,0.21021155983551054,0.2155355633695148,0.9752987235573891,99.49882370791286,0.09721870217615623,99.69326111226518,99.30438630356055,0.003908335739186251,99.7414911411758,98.68155895690468,2025-01-07 21:41:00+00:00,21,41,21:41,500.0,0.1989145410723978,Other,Squeeze,None,21h30-22h30,-1.0,1.5
2025-01-07 21:42:00+00:00,99.31671083407552,99.42597014192376,99.22731685492693,99.32664349842536,500,0.21162171136677926,0.21534909637408906,0.9826914295436149,99.50230814144884,0.08899458552090285,99.68029731249064,99.32431897040703,0.0035775887889711758,99.7414911411758,98.68155895690468,2025-01-07 21:42:00+00:00,21,42,21:42,500.0,0.19865328699683005,Other,Squeeze,None,21h30-22h30,-1.0,1.5
2025-01-07 21:43:00+00:00,99.2162290201677,99.32537778696656,99.1269254836959,99.22615163533123,500,0.21077144732125616,0.21517784371578733,0.9795220719826933,99.49789182816974,0.10028192599410676,99.69845568015795,99.29732797618153,0.004031519629271652,99.7414911411758,98.68155895690468,2025-01-07 21:43:00+00:00,21,43,21:43,500.0,0.19845230327065622,Other,Squeeze,None,21h30-22h30,-1.0,1.5
2025-01-07 21:44:00+00:00,99.24533662158927,99.35451740995188,99.15600688565628,99.25526214780407,500,0.20989566710513782,0.2150191671374633,0.976171891554905,99.4905545460901,0.1123133604269221,99.71518126694394,99.26592782523625,0.0045155386233129815,99.7414911411758,98.68155895690468,2025-01-07 21:44:00+00:00,21,44,21:44,500.0,0.19851052429559957,Other,Squeeze,None,21h30-22h30,-1.0,1.5
2025-01-07 21:45:00+00:00,99.236750405292,99.34592174787204,99.14742839772646,99.24667507279926,500,0.20908121589374104,0.21480722745930977,0.973343487398936,99.47896764511434,0.12488229927793829,99.72873224367021,99.22920304655847,0.005021455378324628,99.7414911411758,98.68155895690468,2025-01-07 21:45:00+00:00,21,45,21:45,500.0,0.19849335014558278,Other,Squeeze,None,21h30-22h30,-1.0,1.5
2025-01-07 21:46:00+00:00,99.02632565082516,99.13526550302626,98.93719304447878,99.03622927375253,500,0.21625270249565154,0.2147433776899334,1.0070285045432108,99.4585711672899,0.15940703783523272,99.77738524296036,99.13975709161944,0.0064109924751324385,99.7414911411758,98.68155895690468,2025-01-07 21:46:00+00:00,21,46,21:46,500.0,0.198072458547486,Other,Normal,None,21h30-22h30,1.5,-1.0
2025-01-07 21:47:00+00:00,98.98933078783269,99.09822994161466,98.90023148019289,98.99923071090376,500,0.21494882813323182,0.21463164661208392,1.0014777947527989,99.4299106318076,0.1869984752161311,99.80390758223986,99.05591368137534,0.007522825838940578,99.7414911411758,98.68155895690468,2025-01-07 21:47:00+00:00,21,47,21:47,500.0,0.19799846142177557,Other,Normal,None,21h30-22h30,1.5,-1.0
2025-01-07 21:48:00+00:00,99.10613095130192,99.21515859811302,99.01692651300192,99.11604255555748,500,0.2150187609243768,0.21454510791957956,1.0022077082502145,99.40703853728651,0.19625939333174341,99.79955732395,99.01451975062302,0.007897203104310519,99.7414911411758,98.68155895690468,2025-01-07 21:48:00+00:00,21,48,21:48,500.0,0.19823208511110124,Other,Normal,None,21h30-22h30,1.5,-1.0
2025-01-07 21:49:00+00:00,99.0624054933874,99.17138503738452,98.9732404119352,99.07231272465988,500,0.21381346553330208,0.2144652350536017,0.9969609549065762,99.38129231833433,0.20495824098960197,99.79120880031354,98.97137583635512,0.0082493691200187,99.7414911411758,98.8641219687354,2025-01-07 21:49:00+00:00,21,49,21:49,500.0,0.19814462544933065,Other,Normal,None,21h30-22h30,1.5,-1.0
2025-01-07 21:50:00+00:00,99.0470048092607,99.15596741081104,98.95785358981044,99.05691050031074,500,0.21269206235239504,0.21439150975182594,0.9920731590472116,99.36237781513402,0.21683270615299063,99.79604322744001,98.92871240282804,0.008728966070293302,99.7414911411758,98.90023148019289,2025-01-07 21:50:00+00:00,21,50,21:50,500.0,0.1981138210006037,Other,Normal,None,21h30-22h30,1.5,-1.0
2025-01-07 21:51:00+00:00,99.15135538770863,99.26043278637496,99.06211024334526,99.16127151486012,500,0.21203707833181168,0.21432986253342798,0.9893025443374289,99.34542496238555,0.21872566037916139,99.78287628314388,98.90797364162722,0.008806672696280816,99.7414911411758,98.90023148019289,2025-01-07 21:51:00+00:00,21,51,21:51,500.0,0.19832254302970398,Other,Normal,None,21h30-22h30,1.5,-1.0
2025-01-07 21:52:00+00:00,99.23125291338933,99.34041820812352,99.14193585406134,99.24117703109243,500,0.21106888374112365,0.21427357553356025,0.9850439244108536,99.33371303186885,0.2176675451318422,99.76904812213253,98.89837794160518,0.00876510254124923,99.7414911411758,98.90023148019289,2025-01-07 21:52:00+00:00,21,52,21:52,500.0,0.19848235406217896,Other,Normal,None,21h30-22h30,-1.0,-1.0
2025-01-07 21:53:00+00:00,99.33368770102662,99.44296568529616,99.24427844116973,99.34362206323294,500,0.210406010202738,0.2142261814847041,0.9821675798191881,99.32476135105699,0.21312218597046573,99.75100572299792,98.89851697911607,0.008582842105895255,99.7414911411758,98.90023148019289,2025-01-07 21:53:00+00:00,21,53,21:53,500.0,0.19868724412643246,Other,Normal,None,21h30-22h30,-1.0,1.5
2025-01-07 21:54:00+00:00,99.05965175724111,99.16862827182554,98.97048915439932,99.06955871311244,500,0.22202936010494423,0.21439088095325098,1.0356287502422217,99.30088663492467,0.2136542963740106,99.72819522767269,98.87357804217665,0.008606339927638327,99.7414911411758,98.90023148019289,2025-01-07 21:54:00+00:00,21,54,21:54,500.0,0.1981391174262228,Other,Normal,None,21h30-22h30,1.5,-1.0
2025-01-07 21:55:00+00:00,99.2325151941621,99.34168187754402,99.14319699866782,99.24243943810592,500,0.22560748898541796,0.21451742607432825,1.051697725047508,99.28470550563094,0.2045761366149105,99.69385777886076,98.87555323240112,0.008242000037087615,99.7414911411758,98.90023148019289,2025-01-07 21:55:00+00:00,21,55,21:55,500.0,0.1984848788762008,Other,Normal,None,21h30-22h30,1.5,-1.0
2025-01-07 21:56:00+00:00,99.29667987099556,99.4059171425808,99.2073039215167,99.30661053204877,500,0.22367932699103862,0.2146354416508782,1.0421360296817663,99.27191072084815,0.19401695211047806,99.65994462506912,98.8838768166272,0.007817597171310817,99.7414911411758,98.90023148019289,2025-01-07 21:56:00+00:00,21,56,21:56,500.0,0.1986132210641074,Other,Normal,None,21h30-22h30,1.5,-1.0
2025-01-07 21:57:00+00:00,99.54239278505162,99.65190036787344,99.45279567183374,99.5523480198536,500,0.2323657919077268,0.21492015933766745,1.0811726206784074,99.26743565724664,0.18589739457240573,99.63923044639145,98.89564086810182,0.007490770496551521,99.7414911411758,98.90023148019289,2025-01-07 21:57:00+00:00,21,57,21:57,500.0,0.19910469603969716,Other,Normal,None,21h30-22h30,-1.0,1.5
2025-01-07 21:58:00+00:00,99.46554328419312,99.57496632410972,99.37601534244318,99.47549083327644,500,0.22997901974764215,0.21512173802251466,1.0690645299805663,99.26005872552498,0.17356185014181902,99.60718242580862,98.91293502524135,0.006994227179403593,99.7414911411758,98.90023148019289,2025-01-07 21:58:00+00:00,21,58,21:58,500.0,0.1989509816665418,Other,Normal,None,21h30-22h30,-1.0,-1.0
2025-01-07 21:59:00+00:00,99.29128818558128,99.4005195257194,99.20191708910458,99.301218307412,500,0.23309292863508596,0.21539843808369635,1.0821477198665392,99.25116171546486,0.1661414839573577,99.58344468337958,98.91887874755014,0.006695800072694708,99.7414911411758,98.90023148019289,2025-01-07 21:59:00+00:00,21,59,21:59,500.0,0.19860243661482002,Other,Clustering,None,21h30-22h30,1.5,-1.0
2025-01-07 22:00:00+00:00,99.29299784304888,99.4022310639983,99.2036252077266,99.30292813586244,500,0.23062956632341536,0.21561878396653913,1.0696172294488298,99.23946966223008,0.1526659417611259,99.54480154575234,98.93413777870782,0.006153436421244084,99.7414911411758,98.90023148019289,2025-01-07 22:00:00+00:00,22,0,22:00,500.0,0.1986058562716977,Other,Clustering,None,21h30-22h30,1.5,-1.0
2025-01-07 22:01:00+00:00,99.26665172480268,99.37585596212368,99.1773028033582,99.27657938274096,500,0.22833839435499126,0.21582384930025428,1.0579849960757892,99.23043510455713,0.14421080179082663,99.51885670813878,98.94201350097548,0.005813168173207131,99.7414911411758,98.90023148019289,2025-01-07 22:01:00+00:00,22,1,22:01,500.0,0.19855315876547763,Other,Normal,None,21h30-22h30,1.5,-1.0
2025-01-07 22:02:00+00:00,99.33255329215596,99.44183002845097,99.24314505336916,99.34248754091006,500,0.226220292978335,0.2160045197151481,1.0472942569750798,99.23122730668135,0.14480940167713477,99.52084611003562,98.94160850332707,0.005837251260819032,99.7414911411758,98.90023148019289,2025-01-07 22:02:00+00:00,22,2,22:02,500.0,0.19868497508180383,Other,Normal,None,21h30-22h30,1.5,-1.0
2025-01-07 22:03:00+00:00,99.44038047657044,99.54977583463044,99.35087518361222,99.45032550912134,500,0.22486800731705262,0.21618279848285035,1.0401753002327392,99.24243600037086,0.15284857609236027,99.54813315255558,98.93673884818614,0.006160613634747496,99.7414911411758,98.90023148019289,2025-01-07 22:03:00+00:00,22,3,22:03,500.0,0.19890065101822074,Other,Clustering,None,21h30-22h30,1.5,-1.0
2025-01-07 22:04:00+00:00,99.4326946144349,99.54208151720104,99.3431962394444,99.44263887832273,500,0.22301209806273778,0.2163488734021554,1.0307985179483536,99.2518048368968,0.1592833022901829,99.57037144147716,98.93323823231643,0.006419361443429221,99.7414911411758,98.90023148019289,2025-01-07 22:04:00+00:00,22,4,22:04,500.0,0.198885277756645,Other,Normal,None,21h30-22h30,1.5,-1.0
2025-01-07 22:05:00+00:00,99.40975733777938,99.51911900701784,99.32027960840244,99.41969930771016,500,0.22128547667364157,0.21645207092039723,1.022330143263087,99.26045604864234,0.16362949273111144,99.58771503410456,98.93319706318012,0.006593944829386036,99.7414911411758,98.90023148019289,2025-01-07 22:05:00+00:00,22,5,22:05,500.0,0.1988393986153909,Other,Normal,None,21h30-22h30,1.5,-1.0
2025-01-07 22:06:00+00:00,99.46272899403937,99.57214893792715,99.37320358540384,99.47267626166553,500,0.2196897535200465,0.21654885002283047,1.0145043647051688,99.28227839803799,0.16123749735490625,99.6047533927478,98.95980340332818,0.006496123979285719,99.7414911411758,98.90023148019289,2025-01-07 22:06:00+00:00,22,6,22:06,500.0,0.19894535252331025,Other,Normal,None,21h30-22h30,1.5,-1.0
2025-01-07 22:07:00+00:00,99.43823149006272,99.54762448400118,99.3487281313858,99.44817630769349,500,0.2182045105982845,0.2166106944194482,1.007357975482734,99.30472567787747,0.15066197723519995,99.60604963234788,99.00340172340707,0.006068673014571997,99.7414911411758,98.90023148019289,2025-01-07 22:07:00+00:00,22,7,22:07,500.0,0.1988963526153782,Other,Normal,None,21h30-22h30,1.5,-1.0
2025-01-07 22:08:00+00:00,99.40542406675507,99.51478096891871,99.3159502377121,99.41536560331542,500,0.2168206692131651,0.21664241120356273,1.0008228213885362,99.31969183026537,0.14571814076465472,99.61112811179468,99.02825554873606,0.005868650539660779,99.72265249717708,98.90023148019289,2025-01-07 22:08:00+00:00,22,8,22:08,500.0,0.19883073120661265,Other,Normal,None,21h30-22h30,1.5,-1.0
2025-01-07 22:09:00+00:00,99.50956947702193,99.61904095059398,99.42000190773568,99.51952142916484,500,0.21588171764640773,0.2166784971622401,0.9963227568666596,99.34205226549061,0.13995815537185266,99.62196857623431,99.0621359547469,0.005635404229331353,99.65190036787344,98.90023148019289,2025-01-07 22:09:00+00:00,22,9,22:09,500.0,0.19903904285830265,Other,Normal,None,21h30-22h30,1.5,-1.0
2025-01-07 22:10:00+00:00,99.63600478028005,99.74561534659496,99.54632340784052,99.64596937721775,500,0.21661116048810147,0.21674541799325872,0.9993805751171108,99.37150520933598,0.13877048191617752,99.64904617316833,99.09396424550363,0.005585926533923044,99.65190036787344,98.90023148019289,2025-01-07 22:10:00+00:00,22,10,22:10,500.0,0.19929193875444184,Other,Normal,Upside Sweep,21h30-22h30,-1.0,1.5
2025-01-07 22:11:00+00:00,99.74506284822914,99.8547933904164,99.65528331371227,99.75503835206436,500,0.21605493568171213,0.21682057386448264,0.9964687936706179,99.40119355119619,0.1540948441371045,99.7093832394704,99.09300386292198,0.006200925306102679,99.74561534659496,98.90023148019289,2025-01-07 22:11:00+00:00,22,11,22:11,500.0,0.19951007670412935,Other,Normal,Upside False Breakout,21h30-22h30,-1.0,1.5
2025-01-07 22:12:00+00:00,99.72928146416372,99.83899464509238,99.63951613431298,99.73925538970268,500,0.21487090533154699,0.21689219019002995,0.9906806932203874,99.42609746912669,0.1666126323929333,99.75932273391255,99.09287220434082,0.006702973832184014,99.8547933904164,98.90023148019289,2025-01-07 22:12:00+00:00,22,12,22:12,500.0,0.19947851077940015,Other,Normal,None,21h30-22h30,-1.0,1.5
2025-01-07 22:13:00+00:00,99.5171051643209,99.626584927978,99.4275308122378,99.52705787010792,500,0.22178902476964166,0.21709403922081616,1.021626506032485,99.43526925947045,0.16688224518657635,99.7690337498436,99.10150476909729,0.00671320131898506,99.8547933904164,98.90023148019289,2025-01-07 22:13:00+00:00,22,13,22:13,500.0,0.19905411574019638,Other,Clustering,None,21h30-22h30,-1.0,1.5
2025-01-07 22:14:00+00:00,99.50335224507748,99.61281687901042,99.41379027185955,99.513303575435,500,0.22016313779687224,0.21728254994969715,1.0132573363477277,99.45745650258657,0.14357167053427108,99.74459984365511,99.17031316151802,0.0057741943372757575,99.8547933904164,98.90023148019289,2025-01-07 22:14:00+00:00,22,14,22:14,500.0,0.19902660715086995,Other,Normal,None,21h30-22h30,-1.0,1.5
2025-01-07 22:15:00+00:00,99.42895355423931,99.5383363414277,99.33945854653972,99.43889744398372,500,0.2186427561605226,0.21745872587367585,1.0054448506588536,99.46727940288045,0.13452176115380585,99.73632292518806,99.19823588057284,0.005409688973554473,99.8547933904164,98.90023148019289,2025-01-07 22:15:00+00:00,22,15,22:15,500.0,0.1988777948879772,Other,Normal,None,21h30-22h30,-1.0,1.5
2025-01-07 22:16:00+00:00,99.4170501334677,99.52641982558372,99.32756583991822,99.42699283275095,500,0.21722927255373484,0.21754884175565933,0.998531046180961,99.47329851791557,0.12955590279199855,99.73241032349956,99.21418671233157,0.005209675550013683,99.8547933904164,98.90023148019289,2025-01-07 22:16:00+00:00,22,16,22:16,500.0,0.19885398566549384,Other,Squeeze,None,21h30-22h30,-1.0,1.5
2025-01-07 22:17:00+00:00,99.35134814692894,99.46064555963184,99.26192299108112,99.36128427535648,500,0.21590736512494818,0.2176337873264992,0.9920673061717158,99.46374533069071,0.13046132842487984,99.72466798754047,99.20282267384096,0.00524658821125745,99.8547933904164,98.90023148019289,2025-01-07 22:17:00+00:00,22,17,22:17,500.0,0.19872256855072123,Other,Squeeze,None,21h30-22h30,-1.0,1.5
2025-01-07 22:18:00+00:00,99.35028113353934,99.45957737241012,99.2608569380996,99.36021715525486,500,0.21467972720963263,0.21771404601813407,0.9860628247740676,99.45798164678965,0.13244636080301156,99.72287436839567,99.19308892518363,0.005326726266107927,99.8547933904164,98.95785358981044,2025-01-07 22:18:00+00:00,22,18,22:18,500.0,0.19872043431053044,Other,Normal,None,21h30-22h30,-1.0,1.5
2025-01-07 22:19:00+00:00,99.24807491861756,99.3572587194081,99.15874271797072,99.25800071868942,500,0.21373649221495414,0.21769305479684506,0.981825039914189,99.45582076735352,0.1354569207770417,99.72673460890759,99.18490692579944,0.005447923298281284,99.8547933904164,98.95785358981044,2025-01-07 22:19:00+00:00,22,19,22:19,500.0,0.19851600143736903,Other,Normal,None,21h30-22h30,-1.0,-1.0
2025-01-07 22:20:00+00:00,99.12203875439296,99.23108390153747,99.03281999763831,99.1319519495879,500,0.21455393713182194,0.21760018882690524,0.9860006936965183,99.44727195803978,0.15020620596274029,99.74768436996526,99.1468595461143,0.00604164208852773,99.8547933904164,98.95785358981044,2025-01-07 22:20:00+00:00,22,20,22:20,500.0,0.1982639038991607,Other,Normal,None,21h30-22h30,1.5,-1.0
2025-01-07 22:21:00+00:00,99.24430098762556,99.35348063667684,99.15497218385632,99.2542264102666,500,0.21505213355733,0.21742301674341138,0.9890955280558942,99.44615430941606,0.1516196465829279,99.74939360258192,99.1429150162502,0.006098562488849244,99.8547933904164,98.97048915439932,2025-01-07 22:21:00+00:00,22,21,22:21,500.0,0.1985084528205192,Other,Normal,None,21h30-22h30,1.5,-1.0
2025-01-07 22:22:00+00:00,99.14910612314344,99.2581810473713,99.0598630033206,99.15902202534596,500,0.21385684144971315,0.21725826663539963,0.9843438630052466,99.43698103363785,0.16332031769399097,99.76362166902584,99.11034039824986,0.006569801938727237,99.8547933904164,98.97048915439932,2025-01-07 22:22:00+00:00,22,22,22:22,500.0,0.1983180440506942,Other,Normal,None,21h30-22h30,1.5,-1.0
2025-01-07 22:23:00+00:00,99.15013049984412,99.25920655099904,99.06088645799008,99.16004650449456,500,0.21274707370394505,0.21710491669844478,0.9799274790236432,99.42246708340652,0.17458199108931222,99.77163106558514,99.07330310122789,0.007023844658485621,99.8547933904164,98.97048915439932,2025-01-07 22:23:00+00:00,22,23,22:23,500.0,0.19832009300895947,Other,Normal,None,21h30-22h30,1.5,-1.0
2025-01-07 22:24:00+00:00,99.24580840671732,99.35498971409544,99.15647824613522,99.25573398011534,500,0.21173024472225016,0.21696217205744084,0.9758855320926382,99.41312183849615,0.17840594086991485,99.76993372023598,99.05630995675632,0.007178365896596566,99.8547933904164,98.97048915439932,2025-01-07 22:24:00+00:00,22,24,22:24,500.0,0.19851146796021624,Other,Normal,None,21h30-22h30,1.5,-1.0
2025-01-07 22:25:00+00:00,99.33758412474212,99.4468663955064,99.24817135775317,99.34751887662978,500,0.210799158510178,0.2168293118093284,0.9721893998148502,99.40951281694213,0.17899498666734404,99.76750279027681,99.05152284360744,0.007202328292140482,99.8547933904164,99.03281999763831,2025-01-07 22:25:00+00:00,22,25,22:25,500.0,0.1986950377532395,Other,Normal,None,21h30-22h30,1.5,-1.0
2025-01-07 22:26:00+00:00,99.4175679841207,99.5269382459294,99.32808322445902,99.42751073519422,500,0.20994600586447812,0.21670590194061676,0.9688061284182697,99.40725454061857,0.1784402019639639,99.7641349445465,99.05037413669064,0.007180168199537335,99.8547933904164,99.03281999763831,2025-01-07 22:26:00+00:00,22,26,22:26,500.0,0.19885502147037926,Other,Normal,None,21h30-22h30,1.5,-1.0
2025-01-07 22:27:00+00:00,99.44867727837055,99.55808176382531,99.35916451754396,99.45862314068464,500,0.2091582373228264,0.21655685731794633,0.9658352079599245,99.40777688226812,0.17858152982499725,99.76493994191812,99.05061382261813,0.0071858172640354165,99.8547933904164,99.03281999763831,2025-01-07 22:27:00+00:00,22,27,22:27,500.0,0.1989172462813542,Other,Normal,None,21h30-22h30,1.5,-1.0
2025-01-07 22:28:00+00:00,99.52169973260555,99.63118455079322,99.43212124499745,99.53165289789534,500,0.20843717078517987,0.21641835914082835,0.9631214819882497,99.41359124699711,0.18072186174143087,99.77503497047998,99.05214752351425,0.007271515271686396,99.8547933904164,99.03281999763831,2025-01-07 22:28:00+00:00,22,28,22:28,500.0,0.19906330579577514,Other,Normal,None,21h30-22h30,1.5,-1.0
2025-01-07 22:29:00+00:00,99.65944224750368,99.76907859761091,99.5697397792341,99.66940918842252,500,0.21050777999449366,0.21633529086387143,0.9730625972022072,99.42108563496001,0.1882950838663709,99.79767580269275,99.04449546722726,0.007575659938284176,99.8547933904164,99.03281999763831,2025-01-07 22:29:00+00:00,22,29,22:29,500.0,0.1993388183768161,Other,Normal,None,21h30-22h30,-1.0,-0.38491368972393875
2025-01-07 22:30:00+00:00,99.7028057879624,99.81248984273462,99.61306428860328,99.71277706566896,500,0.20971619243283968,0.21619619629024459,0.9700272069139206,99.42442601938255,0.193027645062886,99.81048130950832,99.03837072925678,0.0077658037482762465,99.8547933904164,99.03281999763831,2025-01-07 22:30:00+00:00,22,30,22:30,500.0,0.1994255541313379,Other,Normal,None,21h30-22h30,-1.0,1.5
2025-01-07 22:31:00+00:00,99.52079492322176,99.63027874601958,99.43121725002356,99.53074799802155,500,0.21484787980516504,0.21616532175581224,0.9939053963885316,99.41321150168042,0.1787998445611489,99.77081119080272,99.05561181255813,0.007194208570884987,99.8547933904164,99.03281999763831,2025-01-07 22:31:00+00:00,22,31,22:31,500.0,0.19906149599601974,Other,Normal,None,Other,1.5,-1.0
2025-01-07 22:32:00+00:00,99.46920346345011,99.57863052996656,99.37967222720938,99.47915137858796,500,0.21371291001602302,0.21613666143988022,0.9887860235847523,99.40020630112468,0.16255833762667055,99.72532297637802,99.07508962587134,0.006541569426293276,99.8547933904164,99.03281999763831,2025-01-07 22:32:00+00:00,22,32,22:32,500.0,0.19895830275717685,Other,Normal,None,Other,1.5,-1.0
2025-01-07 22:33:00+00:00,99.53949035318988,99.64899474301735,99.44989585242192,99.54944529771966,500,0.21266905148598114,0.21611011207417727,0.9840772809973138,99.40132567250527,0.16355185033505373,99.72842937317537,99.07422197183516,0.00658147561829924,99.8547933904164,99.03281999763831,2025-01-07 22:33:00+00:00,22,33,22:33,500.0,0.19909889059543673,Other,Normal,None,Other,0.9450891684133345,-1.0
2025-01-07 22:34:00+00:00,99.47808388723833,99.58752072319788,99.38854465781688,99.48803269050735,500,0.21169098104991133,0.21608531856710728,0.9796638774612944,99.4000621282589,0.16273680277277913,99.72553573380445,99.07458852271334,0.0065487606059156265,99.8547933904164,99.03281999763831,2025-01-07 22:34:00+00:00,22,34,22:34,500.0,0.19897606538100376,Other,Normal,None,Other,1.5,-1.0
2025-01-07 22:35:00+00:00,99.64037596324172,99.7499913383388,99.55069065634412,99.65034099734146,500,0.21528152867716402,0.21613708950552263,0.9960415825422839,99.41063430592678,0.17199724359881394,99.75462879312441,99.06663981872914,0.006920677844968243,99.8547933904164,99.03281999763831,2025-01-07 22:35:00+00:00,22,35,22:35,500.0,0.19930068199468565,Other,Normal,None,Other,0.464951721633489,-1.0
2025-01-07 22:36:00+00:00,99.63507724606326,99.7446867919885,99.54539670848804,99.64504175023828,500,0.21413928259311357,0.21618535903291428,0.9905355457513235,99.42153675180114,0.17982154404238054,99.78117983988591,99.06189366371638,0.007234711911214769,99.8547933904164,99.03281999763831,2025-01-07 22:36:00+00:00,22,36,22:36,500.0,0.19929008350045763,Other,Normal,None,Other,0.49217856350896133,-1.0
2025-01-07 22:37:00+00:00,99.64456781673069,99.75418780332772,99.5548787367876,99.65453327005768,500,0.21307998144647147,0.21623021093686887,0.9854311315854141,99.4361992015362,0.18648228846206955,99.80916377846033,99.06323462461206,0.007501585537641326,99.8547933904164,99.03281999763831,2025-01-07 22:37:00+00:00,22,37,22:37,500.0,0.19930906654012404,Other,Normal,None,Other,0.45008096972358924,-0.45008096972358924
2025-01-07 22:38:00+00:00,99.75770308967026,99.86744753751368,99.66791217779836,99.76767985765602,500,0.21306814473286637,0.2162881308102084,0.9851125160438529,99.45657233665625,0.1995444938673433,99.85566132439094,99.05748334892156,0.008025391954667144,99.8547933904164,99.03281999763831,2025-01-07 22:38:00+00:00,22,38,22:38,500.0,0.19953535971532688,Other,Normal,Upside Sweep,Other,-0.08092877019154192,0.08092877019154192
2025-01-07 22:39:00+00:00,99.74046147108432,99.85018695125052,99.65068607822106,99.7504365147358,500,0.21209905389690908,0.2162897120681024,0.9806247919463048,99.48119412645858,0.2040824024308827,99.88935893132034,99.0730293215968,0.008205868625640303,99.86744753751368,99.03281999763831,2025-01-07 22:39:00+00:00,22,39,22:39,500.0,0.1995008730294643,Other,Normal,None,Other,0.0,0.0
