timestamp,open,high,low,close,volume,atr,atr_h1,atr_ratio,bb_mid,bb_std,bb_upper,bb_lower,bb_width,roll_high,roll_low,dt,hour,minute,time_str,vol_sma,range,session_type,volatility_state,liquidity_pattern,time_window,long_pnl_atr,short_pnl_atr
2025-01-07 06:00:00+00:00,39116.306822333005,39159.339063061634,39081.0986253732,39120.21884421742,500,89.83290610776687,89.46206770005128,1.0041452027350737,39206.21015642019,104.98485177507379,39416.17985997033,38996.24045287004,0.010711043108346011,39569.41066674712,39015.82007427452,2025-01-07 06:00:00+00:00,6,0,06:00,500.0,78.24043768843694,Other,Clustering,None,Other,-1.0,-1.0
2025-01-07 06:01:00+00:00,39072.98398489853,39115.96856574,39037.81478239187,39076.89167406593,500,89.30227437332303,89.45650793329577,0.9982758821740757,39190.69991812479,99.63265037744941,39389.96521887969,38991.43461736989,0.010169009544162081,39517.18455852132,39015.82007427452,2025-01-07 06:01:00+00:00,6,1,06:01,500.0,78.15378334812704,Other,Clustering,None,Other,1.5,-1.0
2025-01-07 06:02:00+00:00,39077.31279739186,39120.30214040328,39042.13969856432,39081.22091948381,500,88.50657204943957,89.44400842372953,0.9895192937927271,39179.623974372655,98.83154781930882,39377.28707001127,38981.96087873404,0.01009009661593003,39514.79248910391,39015.82007427452,2025-01-07 06:02:00+00:00,6,2,06:02,500.0,78.16244183895469,Other,Clustering,None,Other,1.5,-1.0
2025-01-07 06:03:00+00:00,39032.94861195845,39075.88914948535,38997.81544489098,39036.85229718817,500,88.14220794539601,89.40906258412464,0.9858308028055137,39165.90284742349,98.64135941072975,39363.185566244945,38968.62012860203,0.010074207638720934,39501.97990025841,39015.82007427452,2025-01-07 06:03:00+00:00,6,3,06:03,500.0,78.07370459437516,Other,Clustering,Downside Stop Hunt,Other,1.5,-1.0
2025-01-07 06:04:00+00:00,39079.69396317028,39122.685925726015,39044.518721079214,39083.60232340261,500,87.97730941628534,89.3845443997782,0.9842563947386819,39153.77893208158,92.63650116764477,39339.05193441687,38968.50592974629,0.009463863125788074,39501.97990025841,38997.81544489098,2025-01-07 06:04:00+00:00,6,4,06:04,500.0,78.16720464680111,Other,Clustering,None,Other,1.5,-1.0
2025-01-07 06:05:00+00:00,39186.83414835516,39229.9439769012,39151.56247045384,39190.75322367752,500,92.14619113645034,89.40567731185284,1.0306525704742262,39144.46698599101,77.07058228549903,39298.608150562,38990.32582142001,0.007875502028225845,39501.97990025841,38997.81544489098,2025-01-07 06:05:00+00:00,6,5,06:05,500.0,78.38150644736015,Other,Clustering,None,Other,-1.0,1.5
2025-01-07 06:06:00+00:00,39206.19491564947,39249.32604316943,39170.90581131495,39210.115927242194,500,91.1657654734523,89.36696406960085,1.020128259056115,39137.39312836305,62.09728951547083,39261.58770739399,39013.19854933211,0.006346594348969844,39501.97990025841,38997.81544489098,2025-01-07 06:06:00+00:00,6,6,06:06,500.0,78.4202318544776,Other,Clustering,None,Other,-1.0,1.5
2025-01-07 06:07:00+00:00,39181.70080040082,39224.80498169939,39146.43374297472,39185.61936233706,500,90.25187070568218,89.33014047516366,1.0103182444986167,39133.48131776501,55.86278683506697,39245.20689143514,39021.75574409487,0.00570997365467788,39501.97990025841,38997.81544489098,2025-01-07 06:07:00+00:00,6,7,06:07,500.0,78.37123872467055,Other,Clustering,None,Other,-1.0,1.5
2025-01-07 06:08:00+00:00,39082.94424109354,39125.93977931257,39047.7660734598,39086.852926386186,500,93.65197200365155,89.36592185929115,1.0479606773497945,39126.567451101306,52.370650375276405,39231.30875185186,39021.82615035075,0.005353973403440211,39426.48353641393,38997.81544489098,2025-01-07 06:08:00+00:00,6,8,06:08,500.0,78.17370585276512,Other,Clustering,None,Other,-1.0,-1.0
2025-01-07 06:09:00+00:00,39017.556013869296,39060.47961784495,38982.43670152558,39021.45815968527,500,94.42084720771987,89.42158866870692,1.0559066173330294,39118.514701091255,55.59823953571975,39229.711180162696,39007.318222019814,0.005685107418883623,39426.48353641393,38997.81544489098,2025-01-07 06:09:00+00:00,6,9,06:09,500.0,78.0429163193694,Other,Clustering,Downside Stop Hunt,Other,1.5,-1.0
2025-01-07 06:10:00+00:00,39078.66089589472,39121.65172196281,39043.48658365719,39082.56915281,500,94.83318399842092,89.48368136253335,1.0597818792704186,39112.05405790105,51.54998220315859,39215.15402230737,39008.95409349473,0.005272030165109276,39426.48353641393,38982.43670152558,2025-01-07 06:10:00+00:00,6,10,06:10,500.0,78.16513830561598,Other,Clustering,None,Other,1.5,-1.0
2025-01-07 06:11:00+00:00,39038.85253308893,39081.79956557857,39003.71405196103,39042.7568087698,500,93.69189234488849,89.54075374624134,1.0463603267224162,39108.90242018595,53.82956587021604,39216.56155192638,39001.24328844552,0.005505607423278795,39426.48353641393,38982.43670152558,2025-01-07 06:11:00+00:00,6,11,06:11,500.0,78.0855136175378,Other,Clustering,None,Other,1.5,-1.0
2025-01-07 06:12:00+00:00,39024.76849451298,39067.70003301079,38989.642690287495,39028.67136164915,500,92.57513880048901,89.57623617305103,1.033478774679084,39105.903436055654,56.61590230590993,39219.13524066748,38992.67163144383,0.005791033816517007,39416.369137634334,38982.43670152558,2025-01-07 06:12:00+00:00,6,12,06:12,500.0,78.05734272329573,Other,Clustering,None,Other,1.5,-1.0
2025-01-07 06:13:00+00:00,39050.7413258859,39093.70143735552,39015.59214377439,39054.64679056496,500,91.54186414196353,89.60775534784084,1.0215841674262995,39101.395042454955,56.94341391823895,39215.28187029143,38987.50821461848,0.0058252053520249526,39416.369137634334,38982.43670152558,2025-01-07 06:13:00+00:00,6,13,06:13,500.0,78.10929358113208,Other,Clustering,None,Other,1.5,-1.0
2025-01-07 06:14:00+00:00,39109.05985207231,39152.0841203364,39073.858178038034,39112.97114918722,500,91.96296882978335,89.65855490832267,1.0257021086701317,39099.76917756207,56.07579671647493,39211.92077099502,38987.61758412912,0.00573668826143918,39416.369137634334,38982.43670152558,2025-01-07 06:14:00+00:00,6,14,06:14,500.0,78.22594229836977,Other,Clustering,None,Other,-1.0,-1.0
2025-01-07 06:15:00+00:00,39101.64598863332,39144.66210083203,39066.45098774346,39105.55654428775,500,90.98069341969652,89.67328109292512,1.01457973111764,39095.997867595885,52.765019960070916,39201.52790751603,38990.46782767574,0.005398508577657312,39416.369137634334,38982.43670152558,2025-01-07 06:15:00+00:00,6,15,06:15,500.0,78.2111130885678,Other,Clustering,None,Other,-1.0,-1.0
2025-01-07 06:16:00+00:00,39086.21690928569,39129.21604779975,39051.035795956,39090.12592187788,500,90.06637616427209,89.63607288705585,1.0048005592319784,39094.64919280022,52.54152500548343,39199.73224281119,38989.566142789256,0.005375827750377581,39390.94467288115,38982.43670152558,2025-01-07 06:16:00+00:00,6,16,06:16,500.0,78.18025184375438,Other,Clustering,None,Other,1.5,-1.0
2025-01-07 06:17:00+00:00,39089.40729671,39132.40994500121,39054.22331174446,39093.31662837284,500,89.21782309944867,89.59815382722155,0.9957551499497824,39096.57127675768,51.706419376078536,39199.98411550983,38993.15843800552,0.005290123168096498,39303.11942987217,38982.43670152558,2025-01-07 06:17:00+00:00,6,17,06:17,500.0,78.18663325674424,Other,Clustering,None,Other,1.5,-1.0
2025-01-07 06:18:00+00:00,39065.271654843375,39108.24775127334,39030.10939412794,39069.17857270064,500,88.4264326741594,89.56176799350152,0.9873234378376218,39094.45831826263,51.92990156073855,39198.31812138411,38990.59851514115,0.005313274954520169,39264.35538991992,38982.43670152558,2025-01-07 06:18:00+00:00,6,18,06:18,500.0,78.13835714539891,Other,Clustering,None,Other,1.5,-1.0
2025-01-07 06:19:00+00:00,39043.25211260621,39086.20398511733,39008.10967146076,39047.15682828904,500,87.68842417290296,89.51389105302741,0.9796068871696901,39091.02677080977,52.70801078462675,39196.44279237902,38985.61074924051,0.0053933616114668235,39250.993798630734,38982.43670152558,2025-01-07 06:19:00+00:00,6,19,06:19,500.0,78.09431365656928,Other,Clustering,None,Other,1.5,-1.0
2025-01-07 06:20:00+00:00,39059.72715939937,39102.69715627439,39024.56988922889,39063.63352275165,500,87.00548437808847,89.46838409688922,0.9724718430576149,39088.19750473648,52.57709706289556,39193.35169886227,38983.043310610694,0.0053803552396115084,39250.993798630734,38982.43670152558,2025-01-07 06:20:00+00:00,6,20,06:20,500.0,78.12726704550005,Other,Clustering,None,Other,1.5,-1.0
2025-01-07 06:21:00+00:00,39067.35593769613,39110.33432706653,39032.191800938526,39071.26306400253,500,86.37241593165372,89.42506081776169,0.9658636532288313,39087.91607423332,52.655804392859224,39193.22768301904,38982.6044654476,0.00538844836781365,39249.32604316943,38982.43670152558,2025-01-07 06:21:00+00:00,6,21,06:21,500.0,78.14252612800192,Other,Clustering,None,Other,1.5,-1.0
2025-01-07 06:22:00+00:00,39151.11244916799,39194.18297991514,39115.872924011215,39155.02795196318,500,88.98295164457899,89.43707850970347,0.994922387082722,39091.60642585728,54.70824344794541,39201.02291275317,38982.18993896139,0.005597952957160473,39249.32604316943,38982.43670152558,2025-01-07 06:22:00+00:00,6,22,06:22,500.0,78.31005590392306,Other,Clustering,None,Other,1.5,-1.0
2025-01-07 06:23:00+00:00,39168.6893240454,39211.779191288566,39133.43397811917,39172.60658470387,500,88.22311318206616,89.42205064101073,0.9865923734654916,39098.39414023307,55.9644604895765,39210.32306121222,38986.465219253914,0.00572549964981687,39249.32604316943,38982.43670152558,2025-01-07 06:23:00+00:00,6,23,06:23,500.0,78.34521316939936,Other,Clustering,None,Other,1.5,-1.0
2025-01-07 06:24:00+00:00,39214.19628827021,39257.3362181803,39178.89998198015,39218.118100080224,500,87.97357891737802,89.37278430941882,0.9843441669312148,39105.11992906695,61.86517595691806,39228.85028098078,38981.38957715311,0.006328089628072853,39249.32604316943,38982.43670152558,2025-01-07 06:24:00+00:00,6,24,06:24,500.0,78.43623620015569,Other,Clustering,Range Raid,Other,1.5,-1.0
2025-01-07 06:25:00+00:00,39172.600919210825,39215.69508963899,39137.34205249686,39176.51857106793,500,87.45946953637701,89.32833784521053,0.9790786624500736,39104.40819643647,60.9025423349773,39226.21328110642,38982.60311176651,0.006229736763082132,39257.3362181803,38982.43670152558,2025-01-07 06:25:00+00:00,6,25,06:25,500.0,78.35303714212932,Other,Clustering,None,Other,1.5,-1.0
2025-01-07 06:26:00+00:00,39193.57003254868,39236.68727130835,39158.2922917453,39197.48978152683,500,86.81200596685345,89.28620857471277,0.9722890842006248,39103.7768891507,59.804664378674204,39223.386217908046,38984.167560393355,0.006117533306125796,39257.3362181803,38982.43670152558,2025-01-07 06:26:00+00:00,6,26,06:26,500.0,78.39497956304695,Other,Clustering,None,Other,1.5,-1.0
2025-01-07 06:27:00+00:00,39165.63570771838,39208.72221564766,39130.383110321694,39169.55266298468,500,86.20679877821834,89.24619131492756,0.9659437283325183,39102.97355418308,58.745980741472906,39220.46551566603,38985.48159270013,0.006009361989831582,39257.3362181803,38982.43670152558,2025-01-07 06:27:00+00:00,6,27,06:27,500.0,78.33910532596201,Other,Clustering,None,Other,1.5,-1.0
2025-01-07 06:28:00+00:00,39181.518762225714,39224.62274326226,39146.25186865035,39185.43730595631,500,85.6470899091962,89.20813823188006,0.9600815755909223,39107.902773161586,61.3982541040245,39230.699281369634,38985.10626495354,0.006279882044317612,39257.3362181803,38982.43670152558,2025-01-07 06:28:00+00:00,6,28,06:28,500.0,78.37087461190822,Other,Clustering,None,Other,1.5,-1.0
2025-01-07 06:29:00+00:00,39208.89718605858,39252.03128637328,39173.60564943747,39212.818467905374,500,85.13127183966874,89.16642268839284,0.9547458479653758,39117.470788572595,62.124179528523086,39241.71914762964,38993.22242951555,0.006352576306817104,39257.3362181803,38982.43670152558,2025-01-07 06:29:00+00:00,6,29,06:29,500.0,78.42563693581178,Other,Clustering,None,Other,1.5,-1.0
2025-01-07 06:30:00+00:00,39211.24464767689,39254.3813304576,39175.95099812903,39215.16616429332,500,84.65263330316179,89.12693750605546,0.9497985196384687,39124.10063914676,65.20252814169254,39254.50569543015,38993.69558286337,0.006666226400251443,39257.3362181803,38982.43670152558,2025-01-07 06:30:00+00:00,6,30,06:30,500.0,78.43033232857124,Other,Clustering,None,Other,1.5,-1.0
2025-01-07 06:31:00+00:00,39306.145655045264,39349.38673937425,39270.76658604883,39310.07666271154,500,88.19320057300236,89.1409499961919,0.9893679681085962,39137.46663184385,74.40051330828841,39286.26765846043,38988.66560522727,0.007604019341175731,39257.3362181803,38982.43670152558,2025-01-07 06:31:00+00:00,6,31,06:31,500.0,78.62015332542069,Other,Clustering,None,Other,1.5,-1.0
2025-01-07 06:32:00+00:00,39362.70775513014,39406.01106399167,39327.27777515253,39366.6444195721,500,88.74614348065435,89.17418036433796,0.9951999908276725,39154.36528473999,85.88488299286539,39326.13505072572,38982.595518754264,0.00877397780485411,39349.38673937425,38982.43670152558,2025-01-07 06:32:00+00:00,6,32,06:32,500.0,78.73328883913928,Other,Clustering,None,Other,1.5,-1.0
2025-01-07 06:33:00+00:00,39409.46869906349,39452.82345010756,39373.99663002743,39413.41004006749,500,88.56277827028325,89.20627633455265,0.9927864037071105,39172.30344721512,100.22944811770111,39372.76234345052,38971.84455097972,0.010234725997439603,39406.01106399167,38982.43670152558,2025-01-07 06:33:00+00:00,6,33,06:33,500.0,78.82682008012489,Other,Clustering,None,Other,1.5,-1.0
2025-01-07 06:34:00+00:00,39439.99472294014,39483.38305596867,39404.49517773497,39443.93911685182,500,87.87171398195571,89.23112118398588,0.984765324205361,39188.85184559835,115.99943937663635,39420.85072435162,38956.85296684508,0.011840044697779478,39452.82345010756,38982.43670152558,2025-01-07 06:34:00+00:00,6,34,06:34,500.0,78.88787823369785,Other,Clustering,Upside Sweep,Other,1.5,-1.0
2025-01-07 06:35:00+00:00,39509.99811652532,39553.463460987936,39474.43556196499,39513.94951147647,500,89.41833042153861,89.25991393204433,1.0017747775290808,39209.271493957785,134.96055430238857,39479.192602562565,38939.350385353006,0.01376822870306964,39483.38305596867,38982.43670152558,2025-01-07 06:35:00+00:00,6,35,06:35,500.0,79.02789902294899,Other,Clustering,Upside False Breakout,Other,-1.0,-1.0
2025-01-07 06:36:00+00:00,39453.65876908953,39497.06213407202,39418.14692501295,39457.604529542485,500,89.87434871025158,89.30676280363087,1.0063554638954804,39227.64542434101,142.6800388053299,39513.00550195167,38942.28534673035,0.014548927141754656,39553.463460987936,38982.43670152558,2025-01-07 06:36:00+00:00,6,36,06:36,500.0,78.91520905906509,Other,Clustering,None,Other,1.5,-1.0
2025-01-07 06:37:00+00:00,39508.15358871936,39551.61690399848,39472.59269440008,39512.10479919928,500,90.16992197780482,89.36822644592583,1.0089706998086627,39248.584832882334,152.33239450785612,39553.249621898045,38943.92004386662,0.015524880212265073,39553.463460987936,38982.43670152558,2025-01-07 06:37:00+00:00,6,37,06:37,500.0,79.02420959839947,Other,Clustering,None,Other,-1.0,-1.0
2025-01-07 06:38:00+00:00,39469.405451536455,39512.82613960194,39433.87943402832,39473.352786815136,500,89.36826366321996,89.37846956903066,0.9998858124796732,39268.793543588064,154.07861921217713,39576.95078201242,38960.63630516371,0.015694764754221605,39553.463460987936,38982.43670152558,2025-01-07 06:38:00+00:00,6,38,06:38,500.0,78.94670557361678,Other,Clustering,None,Other,1.5,-1.0
2025-01-07 06:39:00+00:00,39447.532079281445,39490.92870423114,39412.02574977714,39451.47722700414,500,88.6207415768473,89.38819764005387,0.9914143468213001,39289.00956352382,149.93699421409704,39588.883551952014,38989.13557509562,0.015265031710374384,39553.463460987936,38982.43670152558,2025-01-07 06:39:00+00:00,6,39,06:39,500.0,78.90295445400261,Other,Clustering,None,Other,1.5,-1.0
2025-01-07 06:40:00+00:00,39470.07854187418,39513.49997041309,39434.55191852416,39474.02594446862,500,87.92983517056766,89.39745696557227,0.9835831818396152,39309.529184609666,145.4858551487118,39600.50089490709,39018.55747431224,0.014804131025377167,39553.463460987936,38989.642690287495,2025-01-07 06:40:00+00:00,6,40,06:40,500.0,78.94805188893224,Other,Clustering,None,Other,1.5,-1.0
2025-01-07 06:41:00+00:00,39519.179054501314,39562.65449900571,39483.60823627043,39523.13136763808,500,87.97974369674745,89.4177862936217,0.9839177119398579,39332.122599791444,141.57059743283827,39615.26379465712,39048.98140492577,0.014397453081628318,39553.463460987936,38989.642690287495,2025-01-07 06:41:00+00:00,6,41,06:41,500.0,79.04626273527538,Other,Clustering,Upside Sweep,Other,-1.0,-1.0
2025-01-07 06:42:00+00:00,39474.01167593302,39517.43743135208,39438.481512408325,39477.9594718802,500,87.74189452053379,89.39022361012927,0.9815602979495321,39348.269175787296,138.6958216149779,39625.660819017256,39070.87753255734,0.014099305968998018,39562.65449900571,38989.642690287495,2025-01-07 06:42:00+00:00,6,42,06:42,500.0,78.95591894375684,Other,Clustering,None,Other,1.5,-1.0
2025-01-07 06:43:00+00:00,39454.17919733655,39497.583134847366,39418.6668848277,39458.12500983753,500,87.1114913419006,89.36497933301406,0.9747833210735052,39362.54509704398,134.28739948524847,39631.119896014476,39093.97029807348,0.013646211052072801,39562.65449900571,39008.10967146076,2025-01-07 06:43:00+00:00,6,43,06:43,500.0,78.91625001966895,Other,Clustering,None,Other,1.5,-1.0
2025-01-07 06:44:00+00:00,39458.422015109885,39501.83062018701,39422.90588368314,39462.36825193508,500,86.526723139184,89.3418627128873,0.9684902520697363,39374.757604636725,131.53978896056302,39637.83718255785,39111.6780267156,0.01336285447457057,39562.65449900571,39008.10967146076,2025-01-07 06:44:00+00:00,6,44,06:44,500.0,78.92473650386819,Other,Clustering,None,Other,1.5,-1.0
2025-01-07 06:45:00+00:00,39451.46350450788,39494.86445445783,39415.953636367005,39455.409045412416,500,85.98272992144389,89.30685241169503,0.9627786401548754,39388.70212835395,123.98398690128019,39636.67010215651,39140.73415455139,0.012590817183796423,39562.65449900571,39008.10967146076,2025-01-07 06:45:00+00:00,6,45,06:45,500.0,78.91081809082243,Other,Clustering,None,Other,1.5,-1.0
2025-01-07 06:46:00+00:00,39485.56556435337,39529.00403032075,39450.02500128914,39489.51451580495,500,85.48246557216996,89.27467123067368,0.9575220428568684,39403.303365067855,117.29530989942049,39637.8939848667,39168.71274526901,0.011907154972535399,39562.65449900571,39008.10967146076,2025-01-07 06:46:00+00:00,6,46,06:46,500.0,78.97902903160866,Other,Clustering,None,Other,1.5,-1.0
2025-01-07 06:47:00+00:00,39621.86466871555,39665.45307869213,39586.20142418925,39625.82725144069,500,91.94361538038513,89.30304727902217,1.0295686225926048,39426.11709449065,113.75730607931098,39653.63170664927,39198.602482332026,0.011541314688096169,39562.65449900571,39008.10967146076,2025-01-07 06:47:00+00:00,6,47,06:47,500.0,79.25165450288478,Other,Clustering,None,Other,-1.0,1.5
2025-01-07 06:48:00+00:00,39638.87880772802,39682.48593512925,39603.200248945184,39642.84309203722,500,91.03947758064781,89.33039102113712,1.0191321961090072,39448.987383794694,108.68984453322088,39666.36707286114,39231.60769472825,0.011020799441647671,39665.45307869213,39008.10967146076,2025-01-07 06:48:00+00:00,6,48,06:48,500.0,79.2856861840628,Other,Clustering,Upside Sweep,Other,-1.0,1.5
2025-01-07 06:49:00+00:00,39610.14325472361,39653.71876985531,39574.49056052494,39614.10466519013,500,90.19581556277103,89.35272044404925,1.009435584216484,39469.051693658934,99.44387281403628,39667.93943928701,39270.16394803086,0.010078161855610447,39682.48593512925,39008.10967146076,2025-01-07 06:49:00+00:00,6,49,06:49,500.0,79.22820933037292,Other,Clustering,None,Other,-1.0,1.5
2025-01-07 06:50:00+00:00,39559.21724084313,39602.73673175714,39523.61038464075,39563.17355819895,500,90.21713449038577,89.38782480879642,1.009277658152699,39486.45206335421,81.51144544020629,39649.474954234625,39323.4291724738,0.008257155675513722,39682.48593512925,39024.56988922889,2025-01-07 06:50:00+00:00,6,50,06:50,500.0,79.12634711639112,Other,Clustering,None,Other,1.5,-1.0
2025-01-07 06:51:00+00:00,39546.74800838001,39590.253781766565,39511.15237560919,39550.70307868788,500,89.4231538951706,89.34185405588535,1.0009099860322397,39498.483384153034,71.21614853589791,39640.91568122483,39356.051087081236,0.0072120387857192,39682.48593512925,39032.191800938526,2025-01-07 06:51:00+00:00,6,51,06:51,500.0,79.10140615737328,Other,Clustering,None,Other,1.5,-1.0
2025-01-07 06:52:00+00:00,39509.97675643059,39553.44207739476,39474.41422109627,39513.92814924551,500,88.68063263826481,89.30017949271792,0.993062199225438,39505.8475706367,64.12793946030388,39634.10344955731,39377.591691716094,0.006493007329676264,39682.48593512925,39115.872924011215,2025-01-07 06:52:00+00:00,6,52,06:52,500.0,79.0278562984895,Other,Clustering,None,Other,1.5,-1.0
2025-01-07 06:53:00+00:00,39528.84924352906,39572.33532630521,39493.26972125765,39532.80252378144,500,87.9938449532144,89.24214498413549,0.9860122139473116,39511.817194822404,60.526029177515206,39632.869253177436,39390.76513646737,0.006127385017912769,39682.48593512925,39130.383110321694,2025-01-07 06:53:00+00:00,6,53,06:53,500.0,79.06560504755907,Other,Clustering,None,Other,1.5,-1.0
2025-01-07 06:54:00+00:00,39547.11664676003,39590.62282568935,39511.520682181486,39551.07175393542,500,87.35872342140378,89.1892214721349,0.9794762414054369,39517.17382667658,58.92199160427211,39635.017809885125,39399.32984346804,0.005964190846511915,39682.48593512925,39130.383110321694,2025-01-07 06:54:00+00:00,6,54,06:54,500.0,79.10214350786555,Other,Clustering,None,Other,1.5,-1.0
2025-01-07 06:55:00+00:00,39529.1992110278,39572.6856788067,39493.61937375415,39533.15252628043,500,86.76640782362882,89.14091671047406,0.9733623012363948,39518.13397741678,59.02305777865196,39636.180092974086,39400.08786185947,0.005974275790692233,39682.48593512925,39130.383110321694,2025-01-07 06:55:00+00:00,6,55,06:55,500.0,79.06630505255453,Other,Clustering,None,Other,1.5,-1.0
2025-01-07 06:56:00+00:00,39608.13689757149,39651.7102054896,39572.48600927484,39612.09810738223,500,89.03721292259635,89.11458282937384,0.9991317929757284,39525.858656308774,60.768211921138224,39647.39508015105,39404.3222324665,0.006149717069985958,39682.48593512925,39130.383110321694,2025-01-07 06:56:00+00:00,6,56,06:56,500.0,79.22419621476001,Other,Clustering,None,Other,1.5,-1.0
2025-01-07 06:57:00+00:00,39579.41370068184,39622.9554099235,39543.78866584774,39583.37203788562,500,88.33217943353708,89.06380541663678,0.9917853725239205,39529.42201824309,61.996351985736325,39653.41472221456,39405.42931427161,0.006273438752241376,39682.48593512925,39130.383110321694,2025-01-07 06:57:00+00:00,6,57,06:57,500.0,79.16674407576647,Other,Clustering,None,Other,1.5,-1.0
2025-01-07 06:58:00+00:00,39575.08272015002,39618.61966483665,39539.46158358823,39579.040624212445,500,87.67688670602904,88.99699287877147,0.9851668451928411,39534.70641011295,61.467645288071694,39657.64170068909,39411.77111953681,0.006219107297819413,39682.48593512925,39146.25186865035,2025-01-07 06:58:00+00:00,6,58,06:58,500.0,79.15808124842442,Other,Clustering,None,Other,1.5,-1.0
2025-01-07 06:59:00+00:00,39600.78172686681,39644.346943288,39565.13745888583,39604.74220108692,500,87.07207225575343,88.93611684223877,0.9790406344163651,39542.369658817086,60.083522747942816,39662.53670431297,39422.2026133212,0.00607788792288997,39682.48593512925,39173.60564943747,2025-01-07 06:59:00+00:00,6,59,06:59,500.0,79.20948440217035,Other,Clustering,None,Other,1.5,-1.0
2025-01-07 07:00:00+00:00,39636.51992230433,39680.1244546721,39600.8434867307,39640.4839707014,500,86.51556480472809,88.88082782052146,0.9733883777436279,39550.69256012873,61.627363023302166,39673.94728617533,39427.43783408213,0.006232746789918692,39682.48593512925,39175.95099812903,2025-01-07 07:00:00+00:00,7,0,07:00,500.0,79.28096794139856,Other,Clustering,None,Other,1.5,-1.0
2025-01-07 07:01:00+00:00,39687.5878446256,39731.24855732596,39651.86544332531,39691.55700032564,500,86.81906636328739,88.83944102035419,0.9772581340690347,39559.11384176311,68.75797258424726,39696.629786931604,39421.59789659461,0.0069524279900991266,39682.48593512925,39270.76658604883,2025-01-07 07:01:00+00:00,7,1,07:01,500.0,79.3831140006514,Other,Clustering,None,Other,1.5,-1.0
2025-01-07 07:02:00+00:00,39704.99452826104,39748.67439022831,39669.25645937871,39708.96542480352,500,86.29041382659561,88.80250504997346,0.9717114824411296,39570.66413940927,73.63737421998563,39717.93888784925,39423.3893909693,0.007443632885266601,39731.24855732596,39327.27777515253,2025-01-07 07:02:00+00:00,7,2,07:02,500.0,79.41793084960227,Other,Clustering,Upside Sweep,Other,1.5,-1.0
2025-01-07 07:03:00+00:00,39747.14041384037,39790.8666409183,39711.36440986752,39751.11552539291,500,85.97689970432282,88.76641657928892,0.9685746368675995,39585.31366518704,79.01774273326357,39743.349150653565,39427.27817972051,0.007984551382019762,39748.67439022831,39373.99663002743,2025-01-07 07:03:00+00:00,7,3,07:03,500.0,79.50223105077748,Other,Clustering,Upside False Breakout,Other,1.5,-1.0
2025-01-07 07:04:00+00:00,39721.11026455322,39764.807855603336,39685.35769005768,39725.08277283051,500,85.51070440727514,88.7253064958054,0.9637690506182446,39598.449391231814,79.33975989500318,39757.12891102182,39439.76987144181,0.00801443098047887,39790.8666409183,39404.49517773497,2025-01-07 07:04:00+00:00,7,4,07:04,500.0,79.45016554565518,Other,Clustering,None,Other,1.5,-1.0
2025-01-07 07:05:00+00:00,39757.99182234178,39801.72998716284,39722.20605112456,39761.9680191437,500,85.08307809520434,88.60758794511797,0.9602233856981115,39613.77733991838,79.86173361600478,39773.50080715039,39454.05387268637,0.008064036199398751,39790.8666409183,39412.02574977714,2025-01-07 07:05:00+00:00,7,5,07:05,500.0,79.52393603828386,Other,Clustering,Upside Sweep,Other,1.5,-1.0
2025-01-07 07:06:00+00:00,39794.37625482688,39838.15444652635,39758.55773434548,39798.35609043592,500,84.69119481560917,88.49967843415394,0.9569661304320063,39629.219418649926,84.30488004909488,39797.829178748114,39460.60965855174,0.008509365693881868,39801.72998716284,39412.02574977714,2025-01-07 07:06:00+00:00,7,6,07:06,500.0,79.59671218087169,Other,Clustering,Upside Sweep,Other,-1.0,-1.0
2025-01-07 07:07:00+00:00,39855.02474882591,39898.86966054078,39819.151639241005,39859.01064989089,500,85.82136447912737,88.42583666371134,0.9705462534158548,39640.878588572436,98.70549536583809,39838.28957930411,39443.46759784076,0.009959970503205918,39838.15444652635,39412.02574977714,2025-01-07 07:07:00+00:00,7,7,07:07,500.0,79.71802129977732,Other,Clustering,Upside False Breakout,Other,-1.0,1.5
2025-01-07 07:08:00+00:00,39788.98251985299,39832.75477785062,39753.16885421856,39792.96181603459,500,87.2513952786422,88.3191603849612,0.9879101533385862,39648.38452477231,104.40593568767346,39857.19639614766,39439.57265339696,0.010533184334150337,39898.86966054078,39412.02574977714,2025-01-07 07:08:00+00:00,7,8,07:08,500.0,79.58592363206117,Other,Clustering,None,Other,-1.0,1.5
2025-01-07 07:09:00+00:00,39753.300525584105,39797.03352946264,39717.51897695622,39757.27625320943,500,86.69876365205504,88.19045899236677,0.983085524700117,39655.54310417327,106.81237443040368,39869.16785303408,39441.91835531247,0.010774017054797292,39898.86966054078,39412.02574977714,2025-01-07 07:09:00+00:00,7,9,07:09,500.0,79.51455250642175,Other,Clustering,None,Other,-1.0,1.5
2025-01-07 07:10:00+00:00,39786.43442960941,39830.203884427465,39750.62305748556,39790.41347095651,500,86.19033960133015,88.04641158574859,0.978919390909977,39666.90509981115,108.54171335261725,39883.98852651638,39449.821673105915,0.01094531706766645,39898.86966054078,39415.953636367005,2025-01-07 07:10:00+00:00,7,10,07:10,500.0,79.58082694190671,Other,Clustering,None,Other,-1.0,1.5
2025-01-07 07:11:00+00:00,39681.48262393075,39725.1366202167,39645.76571787861,39685.45116904766,500,90.36586913537094,87.99097786558997,1.0269901679398168,39673.64250432914,105.07590283897198,39883.794310007084,39463.49069865119,0.010594026281051177,39898.86966054078,39415.953636367005,2025-01-07 07:11:00+00:00,7,11,07:11,500.0,79.37090233808703,Other,Clustering,None,Other,-1.0,-1.0
2025-01-07 07:12:00+00:00,39701.40797409899,39745.08389046213,39665.67313343824,39705.37851195018,500,89.58336112740764,87.94111490437194,1.0186743848406004,39683.21502246436,98.25953782068657,39879.734098105735,39486.69594682299,0.009904392853760676,39898.86966054078,39415.953636367005,2025-01-07 07:12:00+00:00,7,12,07:12,500.0,79.4107570238848,Other,Clustering,None,Other,-1.0,1.5
2025-01-07 07:13:00+00:00,39743.90344289303,39787.62610894682,39708.13035248539,39747.8782307161,500,89.05937797520996,87.89974013492605,1.0131927334313373,39693.96880781111,92.53401406981428,39879.036835950734,39508.90077967148,0.009324742962120172,39898.86966054078,39415.953636367005,2025-01-07 07:13:00+00:00,7,13,07:13,500.0,79.49575646143057,Other,Clustering,None,Other,-1.0,1.5
2025-01-07 07:14:00+00:00,39721.39985308162,39765.097762710975,39685.647017930336,39725.372390320656,500,88.37304703274062,87.83990810497535,1.0060694385873916,39702.683839630365,86.37004623113111,39875.42393209263,39529.9437471681,0.00870168340054825,39898.86966054078,39415.953636367005,2025-01-07 07:14:00+00:00,7,14,07:14,500.0,79.45074478063907,Other,Clustering,None,Other,-1.0,1.5
2025-01-07 07:15:00+00:00,39704.71282417978,39748.39237624157,39668.97500885648,39708.68369254903,500,87.73335562933696,87.78578580846936,0.9994027486494591,39711.460397943796,76.6023516698355,39864.66510128347,39558.25569460412,0.0077158936893495155,39898.86966054078,39415.953636367005,2025-01-07 07:15:00+00:00,7,15,07:15,500.0,79.41736738508916,Other,Clustering,None,Other,-1.0,1.5
2025-01-07 07:16:00+00:00,39662.48402900611,39706.11712474759,39626.784223399445,39666.45067407352,500,87.31664945221165,87.73995702993501,0.9951754298491514,39714.17802627836,73.80478722440566,39861.78760072717,39566.568451829546,0.007433595848371366,39898.86966054078,39450.02500128914,2025-01-07 07:16:00+00:00,7,16,07:16,500.0,79.3329013481416,Other,Clustering,None,Other,-1.0,1.5
2025-01-07 07:17:00+00:00,39642.19998810336,39685.810769168376,39606.51843995925,39646.16460456382,500,86.74348372056289,87.6987180402869,0.9891077732825558,39717.31765461226,69.135358970627,39855.58837255352,39579.04693667101,0.006962742003056527,39898.86966054078,39474.41422109627,2025-01-07 07:17:00+00:00,7,17,07:17,500.0,79.2923292091291,Other,Clustering,None,Other,-1.0,1.5
2025-01-07 07:18:00+00:00,39623.07452608456,39666.66426703734,39587.41019257773,39627.03722980754,500,86.20852591620924,87.6617529276544,0.9834223368468974,39719.71748489202,64.77860822964693,39849.274701351314,39590.16026843272,0.006523571901465557,39898.86966054078,39474.41422109627,2025-01-07 07:18:00+00:00,7,18,07:18,500.0,79.25407445961173,Other,Clustering,None,Other,-1.0,1.5
2025-01-07 07:19:00+00:00,39596.423453098585,39639.98387493917,39560.78310795628,39600.38349144773,500,85.70797170668638,87.62874538655079,0.9780805525470959,39719.499549410066,65.1917938761614,39849.88313716239,39589.11596165774,0.006565218053169549,39898.86966054078,39474.41422109627,2025-01-07 07:19:00+00:00,7,19,07:19,500.0,79.20076698288904,Other,Clustering,None,Other,-1.0,1.5
2025-01-07 07:20:00+00:00,39567.62048075164,39611.149216154,39532.00606087697,39571.57763851549,500,85.23905624742521,87.59930491770642,0.9730563082378507,39716.054232800765,71.13717501025039,39858.32858282127,39573.77988278026,0.00716457627872819,39898.86966054078,39474.41422109627,2025-01-07 07:20:00+00:00,7,20,07:20,500.0,79.14315527703002,Other,Clustering,None,Other,-1.0,-1.0
2025-01-07 07:21:00+00:00,39557.29449010461,39600.81186578129,39521.68936455096,39561.25061516613,500,84.80215946048953,87.57313397652032,0.9683581665950914,39709.53891354279,79.02848042038485,39867.59587438356,39551.48195270202,0.007960654551285307,39898.86966054078,39474.41422109627,2025-01-07 07:21:00+00:00,7,21,07:21,500.0,79.12250123032572,Other,Clustering,None,Other,-1.0,-1.0
2025-01-07 07:22:00+00:00,39546.49269733894,39589.99818985525,39510.89729437103,39550.447742113145,500,84.3949263193273,87.49666688776615,0.9645501859811697,39701.61302940827,86.66869549121998,39874.950420390705,39528.27563842583,0.00873200748060489,39898.86966054078,39474.41422109627,2025-01-07 07:22:00+00:00,7,22,07:22,500.0,79.1008954842182,Other,Clustering,None,Other,-1.0,-1.0
2025-01-07 07:23:00+00:00,39621.073743958885,39664.66128383122,39585.41121133606,39625.036247583645,500,86.52482741923792,87.46836212505234,0.9892128458463021,39695.30906551781,87.46021651258916,39870.22949854299,39520.38863249263,0.008813153853341821,39898.86966054078,39493.26972125765,2025-01-07 07:23:00+00:00,7,23,07:23,500.0,79.25007249516057,Other,Clustering,None,Other,-1.0,1.5
2025-01-07 07:24:00+00:00,39605.85483969776,39649.42563710116,39570.2060054586,39609.81582127988,500,86.00302772090338,87.4355196051111,0.9836165909383584,39689.54571794027,89.17599323908946,39867.89770441845,39511.193731462095,0.008987353382458074,39898.86966054078,39493.61937375415,2025-01-07 07:24:00+00:00,7,24,07:24,500.0,79.2196316425543,Other,Clustering,None,Other,-1.0,1.5
2025-01-07 07:25:00+00:00,39619.88374577513,39663.46997651856,39584.22228425778,39623.84613038817,500,85.52050375946561,87.40320350882924,0.9784596024655614,39682.6396235025,88.61874606207599,39859.87711562665,39505.40213137835,0.008932747105824024,39898.86966054078,39493.61937375415,2025-01-07 07:25:00+00:00,7,25,07:25,500.0,79.24769226077478,Other,Clustering,None,Other,-1.0,1.5
2025-01-07 07:26:00+00:00,39597.430273392696,39640.991802846365,39561.78902202151,39601.39041243394,500,85.06923783556472,87.37415737330775,0.9736201228482786,39672.7913396024,85.98767371361957,39844.76668702964,39500.815992175165,0.008669687290471358,39898.86966054078,39510.89729437103,2025-01-07 07:26:00+00:00,7,26,07:26,500.0,79.20278082485311,Other,Clustering,None,Other,-1.0,1.5
2025-01-07 07:27:00+00:00,39574.486419794666,39618.0227084853,39538.86581995687,39578.444264221085,500,84.64692717076981,87.34815951318362,0.9690751086517616,39658.76302031892,76.35498289785629,39811.47298611463,39506.0530545232,0.007701196616620398,39898.86966054078,39510.89729437103,2025-01-07 07:27:00+00:00,7,27,07:27,500.0,79.15688852843596,Other,Clustering,None,Other,-1.0,1.5
2025-01-07 07:28:00+00:00,39507.48935091732,39550.95193546178,39471.92905447185,39511.44049496682,500,86.20894735494568,87.35752380394612,0.9868520031362363,39644.686954265526,76.26252506178619,39797.2120043891,39492.161904141954,0.007694602320836874,39898.86966054078,39510.89729437103,2025-01-07 07:28:00+00:00,7,28,07:28,500.0,79.02288098992722,Other,Clustering,Downside Stop Hunt,Other,-1.0,1.5
2025-01-07 07:29:00+00:00,39445.85182240934,39489.24659889164,39410.34700528746,39449.79680208955,500,87.27212894954636,87.39320475577739,0.9986145855782566,39629.31298170953,83.06057471975252,39795.434131149035,39463.19183227003,0.008383751165011328,39898.86966054078,39471.92905447185,2025-01-07 07:29:00+00:00,7,29,07:29,500.0,78.8995936041756,Other,Clustering,None,Other,-1.0,1.5
2025-01-07 07:30:00+00:00,39398.663453471,39442.00631755623,39363.20111012855,39402.60371384239,500,87.22381202179278,87.43605773442125,0.9975725608161207,39609.922493853825,88.55745280487122,39787.03739946357,39432.80758824408,0.008942956434071512,39898.86966054078,39410.34700528746,2025-01-07 07:30:00+00:00,7,30,07:30,500.0,78.8052074276784,Other,Clustering,Downside False Breakout,Other,-1.0,-1.0
2025-01-07 07:31:00+00:00,39406.29558901211,39449.64684928605,39370.8263760607,39410.236612673376,500,86.62357353633264,87.4098972838101,0.9910041794818228,39596.16176603511,97.16744751169001,39790.49666105849,39401.82687101173,0.0098158450898175,39898.86966054078,39363.20111012855,2025-01-07 07:31:00+00:00,7,31,07:31,500.0,78.82047322535072,Other,Clustering,None,Other,-1.0,1.5
2025-01-07 07:32:00+00:00,39449.12092279757,39492.51929564992,39413.61316319109,39453.06622942051,500,86.3135099249194,87.3693533912145,0.9879151736242416,39583.546151908624,98.60973179204008,39780.7656154927,39386.326688324545,0.009964719321872546,39898.86966054078,39363.20111012855,2025-01-07 07:32:00+00:00,7,32,07:32,500.0,78.90613245883287,Other,Clustering,None,Other,-1.0,1.5
2025-01-07 07:33:00+00:00,39379.09529348248,39422.416630439,39343.65056324532,39383.03359684216,500,87.96366394279596,87.35936815242304,1.0069173553237993,39565.30392021493,100.34109646305453,39765.986113141036,39364.621727288824,0.010144352401831152,39898.86966054078,39363.20111012855,2025-01-07 07:33:00+00:00,7,33,07:33,500.0,78.76606719368283,Other,Clustering,Downside Stop Hunt,Other,-1.0,1.5
2025-01-07 07:34:00+00:00,39357.87265758095,39401.17064730325,39322.44702962632,39361.80883846479,500,87.3036606380912,87.34990059669198,0.9994706352464638,39547.125742622135,102.72031201570668,39752.56636665355,39341.68511859072,0.010389661456989179,39898.86966054078,39343.65056324532,2025-01-07 07:34:00+00:00,7,34,07:34,500.0,78.72361767692928,Other,Clustering,Downside Stop Hunt,Other,-1.0,-1.0
2025-01-07 07:35:00+00:00,39304.50454137085,39347.74382029424,39269.12694952443,39308.43538490934,500,87.6878198025394,87.321058753042,1.0042001443264066,39527.11332724015,108.4192563503445,39743.95183994084,39310.27481453946,0.010971634123924595,39898.86966054078,39322.44702962632,2025-01-07 07:35:00+00:00,7,35,07:35,500.0,78.61687076981616,Other,Clustering,Downside False Breakout,Other,1.5,-1.0
2025-01-07 07:36:00+00:00,39294.51157671456,39337.73986227749,39259.14297943578,39298.44142085664,500,87.03846716248015,87.27379406057914,0.9973035789192842,39508.712864579305,114.58032618570755,39737.87351695072,39279.55221220789,0.011600512178510557,39898.86966054078,39269.12694952443,2025-01-07 07:36:00+00:00,7,36,07:36,500.0,78.59688284170988,Other,Clustering,Downside Stop Hunt,Other,1.5,-1.0
2025-01-07 07:37:00+00:00,39337.19952909918,39380.47477610589,39301.79250882097,39341.13364246343,500,86.68095916867814,87.21564468042702,0.993869385318333,39493.46131647429,115.61778962916453,39724.69689573262,39262.225737215966,0.011710069036763218,39898.86966054078,39259.14297943578,2025-01-07 07:37:00+00:00,7,37,07:37,500.0,78.682267284923,Other,Clustering,None,Other,-1.0,-1.0
2025-01-07 07:38:00+00:00,39320.01755242128,39363.27389736344,39284.62599746861,39323.949947416026,500,86.10716922054611,87.16129310638244,0.9879060549899168,39478.30695235472,117.04260962209753,39712.39217159891,39244.22173311052,0.011858928982274098,39832.75477785062,39259.14297943578,2025-01-07 07:38:00+00:00,7,38,07:38,500.0,78.6478998948296,Other,Clustering,None,Other,1.5,-1.0
2025-01-07 07:39:00+00:00,39318.54241208745,39361.79713421296,39283.15218489386,39322.47465955341,500,85.57415351330017,87.11051663865668,0.9823630580480943,39464.411510759994,118.27706834211368,39700.96564744422,39227.857374075764,0.011988225726854347,39830.203884427465,39259.14297943578,2025-01-07 07:39:00+00:00,7,39,07:39,500.0,78.64494931910303,Other,Clustering,None,Other,1.5,-1.0
2025-01-07 07:40:00+00:00,39376.19528393233,39419.51343055931,39340.75316396479,39380.13329726205,500,86.39305476277161,87.08490363186007,0.9920554672482252,39454.839293697325,116.88625252534554,39688.61179874802,39221.06678864663,0.011850130895757377,39830.203884427465,39259.14297943578,2025-01-07 07:40:00+00:00,7,40,07:40,500.0,78.760266594516,Other,Clustering,None,Other,-1.0,-1.0
2025-01-07 07:41:00+00:00,39394.62375335832,39437.96217332901,39359.16504610957,39398.56360971929,500,85.85048850967657,87.0494160454089,0.9862270467718368,39446.70494342498,114.73212617186194,39676.1691957687,39217.24069108126,0.011634140426827656,39787.62610894682,39259.14297943578,2025-01-07 07:41:00+00:00,7,41,07:41,500.0,78.79712721944088,Other,Clustering,None,Other,-1.0,1.5
2025-01-07 07:42:00+00:00,39365.08524659959,39408.39117096328,39329.65312666565,39369.02214881447,500,85.34245678024455,87.00942541640407,0.9808415165577539,39437.63366376005,113.26077054537741,39664.1552048508,39211.11212266929,0.011487582800836737,39787.62610894682,39259.14297943578,2025-01-07 07:42:00+00:00,7,42,07:42,500.0,78.73804429762822,Other,Clustering,None,Other,-1.0,-1.0
2025-01-07 07:43:00+00:00,39371.73517284726,39415.04841286139,39336.29706738115,39375.67274012127,500,84.87166311595846,86.9720949459717,0.9758493591384907,39425.16548838693,104.96675173795022,39635.098991862826,39215.23198491103,0.010649720850898483,39787.62610894682,39259.14297943578,2025-01-07 07:43:00+00:00,7,43,07:43,500.0,78.75134548023925,Other,Clustering,None,Other,-1.0,-1.0
2025-01-07 07:44:00+00:00,39339.56000386042,39382.83784764905,39304.150858942456,39343.49435329576,500,84.42990065814652,86.93714790462109,0.9711602311910983,39411.84941498772,96.89126653710933,39605.63194806194,39218.0668819135,0.00983371934840121,39765.097762710975,39259.14297943578,2025-01-07 07:44:00+00:00,7,44,07:44,500.0,78.68698870659136,Other,Clustering,None,Other,-1.0,-1.0
2025-01-07 07:45:00+00:00,39356.49862245476,39399.79510058728,39321.07423125544,39360.43466592136,500,84.02211270626741,86.90447095103481,0.9668330269636941,39398.678841764384,83.54073138062137,39565.760304525626,39231.59737900314,0.00848157692963693,39748.39237624157,39259.14297943578,2025-01-07 07:45:00+00:00,7,45,07:45,500.0,78.72086933183891,Other,Normal,None,Other,-1.0,-1.0
2025-01-07 07:46:00+00:00,39377.179603304045,39420.49883279063,39341.73659736048,39381.117715075554,500,83.64640718654469,86.87386997794104,0.9628488659223324,39387.66520689646,68.59201711256186,39524.849241121585,39250.48117267134,0.006965837325188986,39706.11712474759,39259.14297943578,2025-01-07 07:46:00+00:00,7,46,07:46,500.0,78.7622354301493,Other,Normal,None,Other,-1.0,-1.0
2025-01-07 07:47:00+00:00,39323.77472969542,39367.035207945904,39288.379792945016,39327.70750044546,500,84.29580111111565,86.74640640678656,0.9717497773431778,39375.12836870768,53.03785293427055,39481.20407457622,39269.05266283914,0.005387954795994624,39685.810769168376,39259.14297943578,2025-01-07 07:47:00+00:00,7,47,07:47,500.0,78.65541500088875,Other,Normal,None,Other,1.5,-1.0
2025-01-07 07:48:00+00:00,39331.05617773315,39374.32466637752,39295.65468702412,39334.989676700825,500,83.89395669985018,86.6273143921066,0.9684469302616926,39366.30582779438,42.871065755430166,39452.04795930524,39280.56369628352,0.004356117736113344,39666.66426703734,39259.14297943578,2025-01-07 07:48:00+00:00,7,48,07:48,500.0,78.66997935339896,Other,Squeeze,None,Other,1.5,-1.0
2025-01-07 07:49:00+00:00,39326.82543544115,39370.08926980356,39291.42775278098,39330.75851129228,500,83.52021100861644,86.51605431620402,0.9653724001716699,39360.35391325452,38.733230999197616,39437.820375252915,39282.88745125612,0.00393626856959278,39664.66128383122,39259.14297943578,2025-01-07 07:49:00+00:00,7,49,07:49,500.0,78.66151702257775,Other,Squeeze,None,Other,1.5,-1.0
2025-01-07 07:50:00+00:00,39348.64518751492,39391.93302600504,39313.22786511392,39352.58044555948,500,83.17627885736674,86.39870672232037,0.962702822910182,39357.85274984037,37.45542281793021,39432.76359547623,39282.94190420451,0.0038066530769345812,39664.66128383122,39259.14297943578,2025-01-07 07:50:00+00:00,7,50,07:50,500.0,78.70516089112061,Other,Squeeze,None,Other,-1.0,-1.0
2025-01-07 07:51:00+00:00,39381.764984773225,39425.08925868386,39346.31785157361,39385.70355512873,500,82.86164516114431,86.28934824341992,0.9602766372437285,39356.62609696314,36.02394671035217,39428.673990383846,39284.578203542434,0.003661284036045214,39664.66128383122,39259.14297943578,2025-01-07 07:51:00+00:00,7,51,07:51,500.0,78.77140711025277,Other,Squeeze,None,Other,-1.0,-1.0
2025-01-07 07:52:00+00:00,39400.96628997889,39444.31168743761,39365.501873876296,39404.90678065695,500,82.57222861829906,86.18754150975383,0.958052952571508,39354.21812452497,30.4104627420425,39415.03905000905,39293.39719904088,0.0030909482328747525,39664.66128383122,39259.14297943578,2025-01-07 07:52:00+00:00,7,52,07:52,500.0,78.80981356131088,Other,Squeeze,None,Other,-1.0,1.5
2025-01-07 07:53:00+00:00,39389.41588188012,39432.74857261925,39353.96186218446,39393.355217401855,500,82.30183446233464,86.09267466823918,0.9559679122467426,39354.734205552944,31.00694526694331,39416.748096086834,39292.720315019054,0.003151533953195384,39664.66128383122,39259.14297943578,2025-01-07 07:53:00+00:00,7,53,07:53,500.0,78.78671043479699,Other,Squeeze,None,Other,-1.0,1.5
2025-01-07 07:54:00+00:00,39426.59063165781,39469.96421871133,39391.10315134128,39430.53368502631,500,82.05606538431402,86.00429703428769,0.95409262343718,39358.17044788103,35.337871344304034,39428.84619056964,39287.49470519242,0.003591414025822213,39663.46997651856,39259.14297943578,2025-01-07 07:54:00+00:00,7,54,07:54,500.0,78.86106737004593,Other,Squeeze,None,Other,-1.0,1.5
2025-01-07 07:55:00+00:00,39392.57768865059,39435.913857725005,39357.12082304424,39396.51734038463,500,81.82299176263177,85.9219067666044,0.9522948784748599,39362.57454565479,34.286351437963916,39431.14724853072,39294.00184277886,0.0034841574092870442,39663.46997651856,39259.14297943578,2025-01-07 07:55:00+00:00,7,55,07:55,500.0,78.7930346807625,Other,Squeeze,None,Other,-1.0,1.5
2025-01-07 07:56:00+00:00,39340.98666218535,39384.266075455074,39305.57623314648,39344.92115430078,500,82.47428572516866,85.81252464664726,0.9610984651107216,39364.898532326995,31.141519292010866,39427.181570911016,39302.615493742975,0.003164394722515187,39640.991802846365,39259.14297943578,2025-01-07 07:56:00+00:00,7,56,07:56,500.0,78.68984230859496,Other,Squeeze,None,Other,-1.0,1.5
2025-01-07 07:57:00+00:00,39215.87370731094,39259.0154825665,39180.57589119275,39219.795686879625,500,88.32221268108725,85.81235853410642,1.0292481664629143,39358.83163454781,44.827159909773854,39448.48595436736,39269.17731472826,0.004555740914872839,39618.0227084853,39259.14297943578,2025-01-07 07:57:00+00:00,7,57,07:57,500.0,78.4395913737535,Other,Squeeze,None,Other,-1.0,1.5
2025-01-07 07:58:00+00:00,39213.51529826217,39256.65447900833,39178.2196049244,39217.43704196637,500,87.61597420986152,85.81134332583697,1.0210302136533642,39353.50598927532,54.47764380132277,39462.46127687796,39244.55070167268,0.005537259507823036,39550.95193546178,39180.57589119275,2025-01-07 07:58:00+00:00,7,58,07:58,500.0,78.43487408392684,Other,Normal,Downside Stop Hunt,Other,-1.0,1.5
2025-01-07 07:59:00+00:00,39181.7046192094,39224.80880470908,39146.43755834603,39185.62318152755,500,86.9556365065179,85.80940273001639,1.0133579041460985,39346.66341537403,65.96400021776216,39478.591415809555,39214.73541493851,0.006705930769416934,39492.51929564992,39178.2196049244,2025-01-07 07:59:00+00:00,7,59,07:59,500.0,78.37124636305089,Other,Normal,Downside Stop Hunt,Other,-1.0,1.5
2025-01-07 08:00:00+00:00,39197.68439233875,39240.80615734682,39162.40294824124,39201.60455279403,500,86.3447488350227,85.80655579718797,1.0062721668855559,39337.73697815063,72.91016540173128,39483.55730895409,39191.91664734716,0.0074137630684987035,39492.51929564992,39146.43755834603,2025-01-07 08:00:00+00:00,8,0,08:00,500.0,78.40320910558512,London Open,Normal,None,Other,-1.0,1.5
2025-01-07 08:01:00+00:00,39120.884155906286,39163.92143220541,39085.67183893427,39124.796635569845,500,88.4581749082181,85.83387427293681,1.0305741836484796,39324.04862944316,85.50107562974499,39495.05078070265,39153.04647818367,0.008697077601081777,39492.51929564992,39146.43755834603,2025-01-07 08:01:00+00:00,8,1,08:01,500.0,78.24959327113902,London Open,Normal,None,Other,-1.0,1.5
2025-01-07 08:02:00+00:00,39095.96510741462,39138.97497001903,39060.77521982919,39099.87509492411,500,87.72543028547658,85.85779121391815,1.021752703454776,39310.591276748644,98.27656840354125,39507.144413555725,39114.038139941564,0.010000009179375406,39492.51929564992,39085.67183893427,2025-01-07 08:02:00+00:00,8,2,08:02,500.0,78.19975018983678,London Open,Normal,Downside Stop Hunt,Other,-1.0,1.5
2025-01-07 08:03:00+00:00,39114.74623254002,39157.776756448206,39079.53944025151,39118.65809834986,500,87.04770785056377,85.8756380163555,1.0136484556188687,39297.74054466007,105.8318715892829,39509.40428783863,39086.076801481504,0.010772311091932515,39469.96421871133,39060.77521982919,2025-01-07 08:03:00+00:00,8,3,08:03,500.0,78.23731619669707,London Open,Normal,None,Other,-1.0,1.5
2025-01-07 08:04:00+00:00,39074.875934518,39117.86259671218,39039.70502908639,39078.78381289929,500,86.46951938005674,85.89161826590187,1.0067282597047573,39284.505017640244,115.8838737490543,39516.272765138354,39052.737270142134,0.011799448530357581,39469.96421871133,39060.77521982919,2025-01-07 08:04:00+00:00,8,4,08:04,500.0,78.1575676257853,London Open,Normal,Downside Stop Hunt,Other,-1.0,-1.0
2025-01-07 08:05:00+00:00,39091.26177465176,39134.26646307272,39056.07612048916,39095.17129178094,500,85.87814960887859,85.90486945779644,0.9996889600195368,39271.24184893323,121.76683652814958,39514.775521989526,39027.70817587693,0.012402646903457415,39469.96421871133,39039.70502908639,2025-01-07 08:05:00+00:00,8,5,08:05,500.0,78.1903425835626,London Open,Normal,None,Other,-1.0,1.5
2025-01-07 08:06:00+00:00,39069.88381883683,39112.86498915458,39034.71740675867,39073.79119795663,500,85.32596623652381,85.91544898147835,0.9931388038828545,39255.87552307728,126.47189437886985,39508.81931183502,39002.93173431954,0.01288692637152058,39469.96421871133,39039.70502908639,2025-01-07 08:06:00+00:00,8,6,08:06,500.0,78.14758239591174,London Open,Normal,Downside Stop Hunt,Other,-1.0,-1.0
2025-01-07 08:07:00+00:00,39068.99271098599,39111.97290098707,39033.8271009851,39072.90000098609,500,84.81309721976999,85.89864452715572,0.9873624628961106,39243.13514810431,131.58577888902323,39506.30670588236,38979.96359032626,0.01341236151417742,39469.96421871133,39034.71740675867,2025-01-07 08:07:00+00:00,8,7,08:07,500.0,78.1458000019702,London Open,Normal,Downside Stop Hunt,Other,-1.0,-1.0
2025-01-07 08:08:00+00:00,39092.64278002025,39135.64898769904,39057.45588282852,39096.55243526378,500,84.34024062339466,85.8501252829016,0.9824125514723313,39231.21328603246,133.61140596711243,39498.43609796668,38963.99047409823,0.013622969546514893,39469.96421871133,39033.8271009851,2025-01-07 08:08:00+00:00,8,8,08:08,500.0,78.19310487051553,London Open,Normal,None,Other,-1.0,1.5
2025-01-07 08:09:00+00:00,39130.29918494295,39173.346818809776,39095.078393597374,39134.212606203575,500,83.90653952260945,85.80358821407751,0.9778908000125243,39221.38599077802,133.1316154591717,39487.64922169637,38955.122759859674,0.013577451392510804,39469.96421871133,39033.8271009851,2025-01-07 08:09:00+00:00,8,9,08:09,500.0,78.26842521240178,London Open,Normal,None,Other,-1.0,1.5
2025-01-07 08:10:00+00:00,39134.309949195056,39177.36199534378,39099.08554780064,39138.223771572215,500,83.50439009550445,85.7588223889804,0.9737119490371449,39210.66815707866,130.61857774982727,39471.90531257832,38949.431001579,0.01332479999846655,39469.96421871133,39033.8271009851,2025-01-07 08:10:00+00:00,8,10,08:10,500.0,78.27644754313951,London Open,Normal,None,Other,-1.0,1.5
2025-01-07 08:11:00+00:00,39102.85820656965,39145.87565234144,39067.66211457453,39106.76888345799,500,83.12647207203348,85.63816577125812,0.9706708606308379,39196.72142349512,125.74629536236259,39448.21401421984,38945.22883277039,0.012832327888218472,39469.96421871133,39033.8271009851,2025-01-07 08:11:00+00:00,8,11,08:11,500.0,78.21353776691103,London Open,Normal,None,Other,-1.0,1.5
2025-01-07 08:12:00+00:00,39085.34253060775,39128.34070720907,39050.162204297565,39089.25145575332,500,82.77304570342433,85.52466051419172,0.9678266502991755,39180.93865724994,117.79938834010257,39416.53743393015,38945.339880569736,0.01202619359077615,39469.96421871133,39033.8271009851,2025-01-07 08:12:00+00:00,8,12,08:12,500.0,78.17850291150535,London Open,Normal,None,Other,-1.0,1.5
2025-01-07 08:13:00+00:00,39110.63718394958,39153.66318745227,39075.43409017465,39114.54863881346,500,82.44847795872434,85.41447884725031,0.9652751977351501,39166.99832832052,107.37475104581277,39381.74783041215,38952.2488262289,0.010965839163444176,39469.96421871133,39033.8271009851,2025-01-07 08:13:00+00:00,8,13,08:13,500.0,78.22909727762453,London Open,Normal,None,Other,-1.0,1.5
2025-01-07 08:14:00+00:00,39071.106403135695,39114.088918430665,39035.93889062162,39075.01390452615,500,82.17428297537549,85.31116611296088,0.9632300989365,39149.22233929551,89.36852747306364,39327.95939424164,38970.485284349386,0.009131065409016906,39469.96421871133,39033.8271009851,2025-01-07 08:14:00+00:00,8,14,08:14,500.0,78.15002780904615,London Open,Normal,None,Other,-1.0,1.5
2025-01-07 08:15:00+00:00,39064.54040703332,39107.51569901025,39029.378804506734,39068.447251758495,500,81.88589808452822,85.21370848721406,0.9609474759194976,39132.8188348642,69.4854162668916,39271.789667397985,38993.848002330415,0.007102520936210876,39469.96421871133,39033.8271009851,2025-01-07 08:15:00+00:00,8,15,08:15,500.0,78.13689450351376,London Open,Normal,Downside Stop Hunt,Other,-1.0,1.5
2025-01-07 08:16:00+00:00,39049.85942683087,39092.8185681145,39014.711038507885,39053.7648033112,500,81.61601462181993,85.11869790670754,0.958849425907259,39118.261017314726,50.658704951718256,39219.57842721816,39016.94360741129,0.005180056948778534,39469.96421871133,39029.378804506734,2025-01-07 08:16:00+00:00,8,16,08:16,500.0,78.10752960661193,London Open,Squeeze,Downside Stop Hunt,Other,-1.0,1.5
2025-01-07 08:17:00+00:00,39046.213832498666,39089.16896322749,39011.06872553872,39050.11884438311,500,81.36488769803066,85.02905463966535,0.9569068836862572,39109.777175189905,46.82236219259172,39203.421899575085,39016.132450804726,0.004788814007592216,39469.96421871133,39014.711038507885,2025-01-07 08:17:00+00:00,8,17,08:17,500.0,78.10023768877,London Open,Squeeze,Downside Stop Hunt,Other,-1.0,1.5
2025-01-07 08:18:00+00:00,39007.21512179288,39050.12734964964,38972.10511718281,39011.11623341622,500,81.12612661008816,84.94434798456332,0.9550503186489933,39099.461134762394,44.52631341481267,39188.51376159202,39010.40850793277,0.004555184355236493,39469.96421871133,39011.06872553872,2025-01-07 08:18:00+00:00,8,18,08:18,500.0,78.0222324668357,London Open,Squeeze,Downside Stop Hunt,Other,-1.0,1.5
2025-01-07 08:19:00+00:00,38935.43213263471,38978.265391306464,38900.38673917599,38939.32606524123,500,83.24065286938398,84.90322600394163,0.9804180216370052,39087.14627894807,52.74341458184521,39192.63310811176,38981.65944978438,0.005397520116248683,39469.96421871133,38972.10511718281,2025-01-07 08:19:00+00:00,8,19,08:19,500.0,77.87865213047189,London Open,Normal,Downside False Breakout,Other,1.5,-1.0
2025-01-07 08:20:00+00:00,38956.10231052522,38998.95830866662,38921.03831204591,38959.99831035626,500,82.86060599447862,84.8635851663925,0.9763976602215588,39075.06596682619,52.81682272841286,39180.69961228301,38969.432321369364,0.005406703371735991,39469.96421871133,38900.38673917599,2025-01-07 08:20:00+00:00,8,20,08:20,500.0,77.91999662070884,London Open,Normal,None,Other,1.5,-1.0
2025-01-07 08:21:00+00:00,38994.069163272376,39036.96692912855,38958.97099120823,38997.96896016839,500,82.51312970346736,84.82543467044214,0.9727404289060423,39068.724583056115,54.12911686491042,39176.98281678594,38960.46634932629,0.005541938462806828,39469.96421871133,38900.38673917599,2025-01-07 08:21:00+00:00,8,21,08:21,500.0,77.99593792032101,London Open,Normal,None,Other,-1.0,-1.0
2025-01-07 08:22:00+00:00,38924.63679840688,38967.45818102339,38889.60112172065,38928.52965137202,500,84.359894613773,84.82485080868288,0.9945186323291205,39060.15731087851,61.93611563876761,39184.029542156044,38936.28507960097,0.00634263862747097,39469.96421871133,38900.38673917599,2025-01-07 08:22:00+00:00,8,22,08:22,500.0,77.8570593027398,London Open,Normal,Downside Stop Hunt,Other,1.5,-1.0
2025-01-07 08:23:00+00:00,38939.389156445024,38982.22676827829,38904.34020130871,38943.2834847935,500,83.89751406775925,84.78106225282492,0.9895784723429053,39051.38858020069,65.52817888150277,39182.4449379637,38920.33222243768,0.006711994760127714,39469.96421871133,38889.60112172065,2025-01-07 08:23:00+00:00,8,23,08:23,500.0,77.8865669695806,London Open,Normal,None,Other,1.5,-1.0
2025-01-07 08:24:00+00:00,38981.98030710293,39024.864773887406,38946.89301609743,38985.87889499242,500,83.73206942676967,84.7432129479227,0.9880681474541871,39046.74333430535,66.76524317020025,39180.27382064575,38913.21284796495,0.006839519762104495,39469.96421871133,38889.60112172065,2025-01-07 08:24:00+00:00,8,24,08:24,500.0,77.97175778997916,London Open,Normal,None,Other,-1.0,-1.0
2025-01-07 08:25:00+00:00,39005.6070767332,39048.517535563486,38970.498519508415,39009.50802753595,500,83.32399418593398,84.70660445503049,0.9836776568014775,39042.4601710931,66.24064878546653,39174.94146866404,38909.97887352217,0.006786524055624151,39435.913857725005,38889.60112172065,2025-01-07 08:25:00+00:00,8,25,08:25,500.0,78.0190160550701,London Open,Normal,None,Other,-1.0,-1.0
2025-01-07 08:26:00+00:00,38989.74788448277,39032.6408964569,38954.65360195849,38993.647249207694,500,82.94280135111077,84.67116384695626,0.979587353978392,39038.45297365566,66.66829237331895,39171.7895584023,38905.11638890902,0.006831038352704231,39384.266075455074,38889.60112172065,2025-01-07 08:26:00+00:00,8,26,08:26,500.0,77.98729449840903,London Open,Normal,None,Other,-1.0,-1.0
2025-01-07 08:27:00+00:00,38953.36807922501,38996.22106941116,38918.30654179996,38957.263805605566,500,82.58363894111737,84.63677570979539,0.9757417889391503,39032.671163886625,68.51241139354525,39169.695986673716,38895.646341099535,0.007021032314789015,39259.0154825665,38889.60112172065,2025-01-07 08:27:00+00:00,8,27,08:27,500.0,77.91452761120308,London Open,Normal,None,Other,1.5,-1.0
2025-01-07 08:28:00+00:00,38956.912143050686,38999.76903209694,38921.8474156492,38960.80822387307,500,82.25063733444757,84.57080387612042,0.972565395676368,39025.88395331709,68.57466178997598,39163.03327689704,38888.73462973714,0.007028633803350022,39256.65447900833,38889.60112172065,2025-01-07 08:28:00+00:00,8,28,08:28,500.0,77.92161644774023,London Open,Normal,None,Other,1.5,-1.0
2025-01-07 08:29:00+00:00,38966.95594745571,39009.82388579174,38931.88217972622,38970.85303275898,500,81.94285652952402,84.48198266912006,0.9699447614819753,39017.71597464486,64.60657788822255,39146.929130421304,38888.502818868415,0.006623307005484976,39240.80615734682,38889.60112172065,2025-01-07 08:29:00+00:00,8,29,08:29,500.0,77.94170606551779,London Open,Normal,None,Other,-1.0,-1.0
2025-01-07 08:30:00+00:00,38971.07916221153,39013.95163653739,38936.00168321764,38974.97665987752,500,81.65764915739747,84.38921328804678,0.9676313592197426,39009.55361906013,58.614811831515915,39126.78324272316,38892.32399539709,0.00601030326098153,39240.80615734682,38889.60112172065,2025-01-07 08:30:00+00:00,8,30,08:30,500.0,77.94995331975224,London Open,Normal,None,Other,-1.0,-1.0
2025-01-07 08:31:00+00:00,38964.44939606538,39007.31457691913,38929.37788445776,38968.34623068845,500,81.39186653625276,84.3020181713788,0.9654794547242042,39002.63248642165,54.5640265334738,39111.7605394886,38893.504433354705,0.005595932690181269,39177.36199534378,38889.60112172065,2025-01-07 08:31:00+00:00,8,31,08:31,500.0,77.93669246137142,London Open,Normal,None,Other,1.5,-1.0
2025-01-07 08:32:00+00:00,38922.67652012016,38965.495746214896,38887.64260786082,38926.56917703786,500,81.34270627135089,84.21917144381932,0.9658454824102936,38994.498372485876,53.07736748090447,39100.65310744769,38888.34363752406,0.005444600617645792,39177.36199534378,38889.60112172065,2025-01-07 08:32:00+00:00,8,32,08:32,500.0,77.85313835407578,London Open,Normal,Downside Stop Hunt,Other,1.5,-1.0
2025-01-07 08:33:00+00:00,38939.52155057773,38982.35930805911,38904.47247627478,38943.415892166944,500,81.09585809370654,84.10470801300116,0.9642249525575964,38985.94173515355,46.03200507706826,39078.00574530769,38893.87772499942,0.004722933757997274,39177.36199534378,38887.64260786082,2025-01-07 08:33:00+00:00,8,33,08:33,500.0,77.88683178432984,London Open,Squeeze,None,Other,1.5,-1.0
2025-01-07 08:34:00+00:00,38958.25029706572,39001.10865822861,38923.184365205176,38962.14651171689,500,80.86931773154409,83.9974689645587,0.9627589822458282,38980.29836551309,41.20256329571477,39062.70349210452,38897.89323892166,0.0042280398071215045,39177.36199534378,38887.64260786082,2025-01-07 08:34:00+00:00,8,34,08:34,500.0,77.92429302343226,London Open,Squeeze,None,Other,1.5,-1.0
2025-01-07 08:35:00+00:00,38966.46442402705,39009.33182163323,38931.39109871289,38970.361460173066,500,80.66013238788685,83.88034084098118,0.9616094972813816,38975.39407593382,35.61700365402693,39046.62808324188,38904.160068625766,0.0036553322421461194,39177.36199534378,38887.64260786082,2025-01-07 08:35:00+00:00,8,35,08:35,500.0,77.94072292034252,London Open,Squeeze,None,Other,1.5,-1.0
2025-01-07 08:36:00+00:00,38971.17940382879,39014.051988431456,38936.10183460842,38975.07691151994,500,80.46656249039776,83.77080909644647,0.9605561096796321,38971.459681344255,30.47983673843694,39032.419354821126,38910.500007867384,0.0031284264934039754,39177.36199534378,38887.64260786082,2025-01-07 08:36:00+00:00,8,36,08:36,500.0,77.95015382303973,London Open,Squeeze,None,Other,1.5,-1.0
2025-01-07 08:37:00+00:00,39037.06708337014,39080.01215166867,39001.9302093077,39040.97118048819,500,82.21432518027892,83.6963651966398,0.9822926597483783,38971.002298149506,29.28246205851879,39029.567222266545,38912.437374032466,0.003005564171482465,39177.36199534378,38887.64260786082,2025-01-07 08:37:00+00:00,8,37,08:37,500.0,78.08194236097188,London Open,Squeeze,None,Other,1.5,-1.0
2025-01-07 08:38:00+00:00,39013.09090352444,39056.0095953875,38977.97561018193,39016.99260278472,500,81.91572946779968,83.62650786742736,0.9795426301629171,38971.29611661793,29.73217540500942,39030.76046742795,38911.83176580791,0.003051699929716392,39177.36199534378,38887.64260786082,2025-01-07 08:38:00+00:00,8,38,08:38,500.0,78.03398520556948,London Open,Squeeze,None,Other,1.5,-1.0
2025-01-07 08:39:00+00:00,39063.50632549329,39106.48047986677,39028.34565373317,39067.41306679997,500,82.45659715453188,83.57454859478123,0.9866233026795054,38977.70046669587,35.68289636047554,39049.06625941682,38906.33467397492,0.003661878041365089,39177.36199534378,38887.64260786082,2025-01-07 08:39:00+00:00,8,39,08:39,500.0,78.1348261335952,London Open,Squeeze,None,Other,1.5,-1.0
2025-01-07 08:40:00+00:00,39035.23362735773,39078.17667865295,39000.09840357073,39039.13754111184,500,82.14385986365234,83.50372867979591,0.9837148731243112,38981.65742823365,37.933535810220796,39057.524499854095,38905.79035661321,0.0038924497635903126,39177.36199534378,38887.64260786082,2025-01-07 08:40:00+00:00,8,40,08:40,500.0,78.07827508221817,London Open,Squeeze,None,Other,1.5,-1.0
2025-01-07 08:41:00+00:00,39078.93657054736,39121.92769988789,39043.76201017783,39082.84485503286,500,82.19002407168074,83.44272093916264,0.9849873439722174,38985.90122297687,44.100807388448096,39074.102837753766,38897.699608199975,0.004524795477854062,39153.66318745227,38887.64260786082,2025-01-07 08:41:00+00:00,8,41,08:41,500.0,78.165689710062,London Open,Squeeze,None,Other,1.5,-1.0
2025-01-07 08:42:00+00:00,39127.55627198667,39170.60088834749,39092.33794950964,39131.469418928566,500,82.58759616046298,83.39680659549961,0.9902968654547942,38996.0482113547,52.71178736412871,39101.471786082955,38890.62463662644,0.005406885033933335,39153.66318745227,38887.64260786082,2025-01-07 08:42:00+00:00,8,42,08:42,500.0,78.26293883785547,London Open,Normal,Range Raid,Other,1.5,-1.0
2025-01-07 08:43:00+00:00,39116.4827373603,39159.51517161482,39081.27438206114,39120.39477683798,500,82.27710997426381,83.35356404313804,0.9870856863622877,39004.903775956926,57.99348852068048,39120.89075299829,38888.91679891556,0.005947302303709823,39170.60088834749,38887.64260786082,2025-01-07 08:43:00+00:00,8,43,08:43,500.0,78.2407895536744,London Open,Normal,None,Other,1.5,-1.0
2025-01-07 08:44:00+00:00,39181.899574156974,39225.003974128536,39146.6323378166,39185.81815597257,500,83.87225906828469,83.34427001664034,1.006335037208184,39014.90073900593,70.438824111411,39155.77838722875,38874.02309078311,0.007221735570480392,39170.60088834749,38887.64260786082,2025-01-07 08:44:00+00:00,8,44,08:44,500.0,78.37163631193835,London Open,Normal,Range Raid,Other,1.5,-1.0
2025-01-07 08:45:00+00:00,39200.67360652248,39243.798659995,39165.38947186315,39204.59406592908,500,83.48203971568242,83.33526880013059,1.0017612100814584,39024.65504092559,82.18159600769815,39189.01823294098,38860.291848910194,0.008423556433389276,39225.003974128536,38887.64260786082,2025-01-07 08:45:00+00:00,8,45,08:45,500.0,78.40918813185272,London Open,Normal,Range Raid,Other,-1.0,-1.0
2025-01-07 08:46:00+00:00,39166.69068098685,39209.77834950278,39131.43713401927,39170.60774176103,500,83.11483798481345,83.32640931343508,0.9974609330899428,39033.503065553254,87.98846714581097,39209.47999984487,38857.526131261635,0.009016712335353626,39243.798659995,38887.64260786082,2025-01-07 08:46:00+00:00,8,46,08:46,500.0,78.34121548351686,London Open,Normal,None,Other,1.5,-1.0
2025-01-07 08:47:00+00:00,39152.43046892768,39195.502449641564,39117.18975743449,39156.34610353803,500,82.77182757211772,83.30100975445177,0.993647349727285,39043.45718044987,90.14425159566377,39223.745683641195,38863.168677258545,0.009235273523964476,39243.798659995,38887.64260786082,2025-01-07 08:47:00+00:00,8,47,08:47,500.0,78.31269220707327,London Open,Normal,None,Other,1.5,-1.0
2025-01-07 08:48:00+00:00,39197.19796509176,39240.31919497635,39161.91695882256,39201.11807689945,500,82.85763213398917,83.2837376783541,0.9948836885057852,39055.47267310119,94.46035169150994,39244.39337648421,38866.55196971817,0.009674480448069605,39243.798659995,38887.64260786082,2025-01-07 08:48:00+00:00,8,48,08:48,500.0,78.40223615378636,London Open,Normal,None,Other,1.5,-1.0
2025-01-07 08:49:00+00:00,39233.7885549647,39276.95003852352,39198.47461387113,39237.712326197325,500,82.54461731387534,83.26747778344175,0.991318813913802,39068.81563777312,100.53083221635043,39269.87730220582,38867.75397334042,0.010292693092969442,39243.798659995,38887.64260786082,2025-01-07 08:49:00+00:00,8,49,08:49,500.0,78.4754246523953,London Open,Normal,Range Raid,Other,-1.0,-1.0
2025-01-07 08:50:00+00:00,39192.6914989092,39235.80777118522,39157.41454886518,39196.6111600252,500,82.3841287437519,83.25427528154816,0.9895483260787076,39079.897362780495,101.849312182381,39283.59598714526,38876.19873841573,0.010424726681025733,39276.95003852352,38887.64260786082,2025-01-07 08:50:00+00:00,8,50,08:50,500.0,78.39322232003906,London Open,Normal,None,Other,1.5,-1.0
2025-01-07 08:51:00+00:00,39187.62588433945,39230.73658388218,39152.3534938045,39191.54503884334,500,82.09834026760399,83.24155353332249,0.9862663151131501,39091.057303188245,101.20927473349111,39293.475852655225,38888.638753721265,0.01035625861419056,39276.95003852352,38887.64260786082,2025-01-07 08:51:00+00:00,8,51,08:51,500.0,78.38309007768112,London Open,Normal,None,Other,1.5,-1.0
2025-01-07 08:52:00+00:00,39195.99423649217,39239.11414214288,39160.71431368705,39199.91422791497,500,81.83416085247697,83.22925240389212,0.9832379660861893,39104.72455573209,96.15794001317109,39297.040435758434,38912.40867570575,0.009835940910528706,39276.95003852352,38887.64260786082,2025-01-07 08:52:00+00:00,8,52,08:52,500.0,78.39982845582563,London Open,Normal,None,Other,1.5,-1.0
2025-01-07 08:53:00+00:00,39176.49498174839,39219.59343607374,39141.23261002764,39180.41302305069,500,81.5860655091641,83.21732292133927,0.9803976220946555,39116.574412276284,89.61335552054379,39295.801123317375,38937.347701235194,0.009163722219236154,39276.95003852352,38887.64260786082,2025-01-07 08:53:00+00:00,8,53,08:53,500.0,78.36082604609692,London Open,Normal,None,Other,1.5,-1.0
2025-01-07 08:54:00+00:00,39269.3669834886,39312.567607232806,39234.02101860697,39273.29431291989,500,85.19810255723192,83.26969020755456,1.0231586348510566,39132.13180233644,88.39296808842619,39308.917738513286,38955.34586615959,0.00903533377991405,39276.95003852352,38887.64260786082,2025-01-07 08:54:00+00:00,8,54,08:54,500.0,78.54658862583892,London Open,Normal,Upside Sweep,Other,1.5,-1.0
2025-01-07 08:55:00+00:00,39278.93667029446,39322.14782174693,39243.58209183335,39282.86495679014,500,84.7243616541138,83.31804637241261,1.016878879701707,39147.756977167286,85.87657539198527,39319.51012795126,38976.00382638331,0.008774610043898456,39312.567607232806,38887.64260786082,2025-01-07 08:55:00+00:00,8,55,08:55,500.0,78.56572991357825,London Open,Normal,Upside Sweep,Other,1.5,-1.0
2025-01-07 08:56:00+00:00,39276.901595250536,39320.11050789658,39241.548848540144,39280.82967821836,500,84.28416863285094,83.34821108754065,1.0112294857093844,39163.044615502215,80.56923756549219,39324.183090633196,39001.90614037123,0.008229108676969249,39322.14782174693,38887.64260786082,2025-01-07 08:56:00+00:00,8,56,08:56,500.0,78.56165935643367,London Open,Normal,None,Other,1.5,-1.0
2025-01-07 08:57:00+00:00,39324.09563438068,39367.35646566162,39288.700408787176,39328.0284372244,500,84.44435569073738,83.28358013770148,1.0139376279347823,39177.397478339015,83.20370793148075,39343.804894201974,39010.990062476056,0.008495072494540505,39322.14782174693,38887.64260786082,2025-01-07 08:57:00+00:00,8,57,08:57,500.0,78.65605687444622,London Open,Normal,Upside False Breakout,Other,-1.0,-1.0
2025-01-07 08:58:00+00:00,39310.12966396376,39353.37513114083,39274.74700900069,39314.06107007076,500,84.02891043712306,83.22379574148917,1.0096740924691148,39192.25090170333,79.49479054362835,39351.240482790585,39033.261320616075,0.008113317170070734,39367.35646566162,38887.64260786082,2025-01-07 08:58:00+00:00,8,58,08:58,500.0,78.62812214013684,London Open,Normal,None,Other,-1.0,-1.0
2025-01-07 08:59:00+00:00,39350.14522827895,39393.43471697892,39314.72655570624,39354.08063634258,500,83.69639161362541,83.16947499327429,1.0063354568535359,39206.584280180454,81.61671525345636,39369.81771068737,39043.35084967354,0.008326837621987554,39367.35646566162,38887.64260786082,2025-01-07 08:59:00+00:00,8,59,08:59,500.0,78.70816127267608,London Open,Normal,Upside Sweep,Other,-1.0,1.5
2025-01-07 09:00:00+00:00,39284.96725650695,39328.18504226767,39249.60724997544,39288.89614612156,500,85.18046266744807,83.15007022381472,1.024418409246897,39219.07221043094,73.33497075518022,39365.7421519413,39072.40226892058,0.007479521224948733,39393.43471697892,38887.64260786082,2025-01-07 09:00:00+00:00,9,0,09:00,500.0,78.57779229223524,London Open,Normal,None,Other,-1.0,-1.0
2025-01-07 09:01:00+00:00,39267.54218746397,39310.74080373181,39232.19786506302,39271.46933439741,500,84.70635381040108,83.08753987218444,1.0194832334752828,39228.503434399165,66.72447168372011,39361.9523777666,39095.054491031726,0.006803672415931044,39393.43471697892,38887.64260786082,2025-01-07 09:01:00+00:00,9,1,09:01,500.0,78.54293866879016,London Open,Normal,None,Other,1.5,-1.0
2025-01-07 09:02:00+00:00,39309.15130940302,39352.39570028245,39273.769535047126,39313.08261766479,500,84.43635467287578,83.03272194530776,1.0169045732174429,39237.58409433598,65.16368769800876,39367.911469732,39107.25671893996,0.006642986738565771,39393.43471697892,38887.64260786082,2025-01-07 09:02:00+00:00,9,2,09:02,500.0,78.62616523532779,London Open,Normal,None,Other,-1.0,-1.0
2025-01-07 09:03:00+00:00,39371.31664452519,39414.629424112114,39335.87891577224,39375.25416994218,500,85.6585297996221,83.00956897779206,1.0319115115817399,39250.327063991186,65.95527422455157,39382.23761244029,39118.416515542085,0.006721500599678705,39393.43471697892,38904.47247627478,2025-01-07 09:03:00+00:00,9,3,09:03,500.0,78.75050833987189,London Open,Normal,Upside Sweep,Other,-1.0,1.5
2025-01-07 09:04:00+00:00,39341.27615366248,39384.55588540468,39305.86546405523,39345.21067472996,500,85.1608077674674,82.98775711758225,1.0261851955681396,39258.296689929055,67.36509614110524,39393.02688221126,39123.56649764685,0.00686378185718742,39414.629424112114,38923.184365205176,2025-01-07 09:04:00+00:00,9,4,09:04,500.0,78.6904213494563,London Open,Normal,None,Other,-1.0,1.5
2025-01-07 09:05:00+00:00,39306.67807000915,39349.91974005316,39271.29852179132,39310.60913092224,500,84.69369423135117,82.96801619462344,1.0207993166026736,39263.59744317872,67.0874242438361,39397.77229166639,39129.422594691045,0.006834567244218917,39414.629424112114,38931.39109871289,2025-01-07 09:05:00+00:00,9,5,09:05,500.0,78.62121826184011,London Open,Normal,None,Other,-1.0,1.5
2025-01-07 09:06:00+00:00,39329.38212550741,39372.64877251017,39293.98214159607,39333.31545705312,500,84.26318970869039,82.95030325249289,1.0158273858529632,39271.73282894331,65.0520254143928,39401.8368797721,39141.62877811453,0.006625837031204154,39414.629424112114,38936.10183460842,2025-01-07 09:06:00+00:00,9,6,09:06,500.0,78.6666309141001,London Open,Normal,None,Other,-1.0,1.5
2025-01-07 09:07:00+00:00,39305.27926988688,39348.51940109687,39269.900980715065,39309.21019090597,500,83.85999189962713,82.93441816382386,1.0111603090284536,39279.37603331172,59.52692402748729,39398.42988136669,39160.322185256744,0.006061901184683122,39414.629424112114,38977.97561018193,2025-01-07 09:07:00+00:00,9,7,09:07,500.0,78.61842038180475,London Open,Normal,None,Other,-1.0,1.5
2025-01-07 09:08:00+00:00,39295.11710652863,39338.346058240975,39259.74796421852,39299.04701122975,500,83.48414205125766,82.92014985428823,1.0068016302184755,39284.27248002823,56.712003194696685,39397.696486417626,39170.848473638835,0.005774524980553454,39414.629424112114,38977.97561018193,2025-01-07 09:08:00+00:00,9,8,09:08,500.0,78.59809402245446,London Open,Normal,None,Other,-1.0,1.5
2025-01-07 09:09:00+00:00,39329.963937700966,39373.23122476114,39294.56343010628,39333.89732743371,500,83.14011723722918,82.9073761495319,1.0028072422323135,39289.081730090045,56.63408618994517,39402.349902469934,39175.81355771016,0.005765885451740697,39414.629424112114,39000.09840357073,2025-01-07 09:09:00+00:00,9,9,09:09,500.0,78.66779465485888,London Open,Normal,None,Other,-1.0,1.5
2025-01-07 09:10:00+00:00,39308.96332689429,39352.20751097228,39273.58172173957,39312.89461635593,500,82.81766523690654,82.89593073522194,0.9990558583802456,39294.89590290659,52.45606169687032,39399.80802630033,39189.98377951285,0.005339732857568411,39414.629424112114,39000.09840357073,2025-01-07 09:10:00+00:00,9,10,09:10,500.0,78.62578923271212,London Open,Normal,None,Other,-1.0,1.5
2025-01-07 09:11:00+00:00,39232.172671419954,39275.3323773291,39196.86018476701,39236.096281048056,500,85.19029140490774,82.93032772410317,1.0272513535497307,39297.12346501682,48.6436470321298,39394.41075908108,39199.836170952556,0.004951369743430211,39414.629424112114,39043.76201017783,2025-01-07 09:11:00+00:00,9,11,09:11,500.0,78.47219256209064,London Open,Squeeze,None,Other,-1.0,1.5
2025-01-07 09:12:00+00:00,39181.55330787652,39224.65732691709,39146.28638320697,39185.47185506203,500,85.52026329320614,82.97611468393286,1.0306612164110633,39296.40134637418,50.24356500092358,39396.88847637603,39195.91421637233,0.005114317166913873,39414.629424112114,39081.27438206114,2025-01-07 09:12:00+00:00,9,12,09:12,500.0,78.37094371012063,London Open,Squeeze,None,Other,-1.0,1.5
2025-01-07 09:13:00+00:00,39182.33520652381,39225.440085738905,39147.0675780751,39186.253831907,500,85.00970931967767,83.01880187328207,1.0239814042297848,39296.69338681699,49.54603319377544,39395.78545320454,39197.601320429436,0.005043277581252885,39414.629424112114,39081.27438206114,2025-01-07 09:13:00+00:00,9,13,09:13,500.0,78.37250766380748,London Open,Squeeze,None,Other,-1.0,1.5
2025-01-07 09:14:00+00:00,39109.7810170177,39152.80607864258,39074.57869387007,39113.69238625633,500,86.91438279948152,83.09780353701719,1.0459287622537963,39288.713290483814,64.19935624239474,39417.112002968606,39160.31457799902,0.006536162766923264,39414.629424112114,39117.18975743449,2025-01-07 09:14:00+00:00,9,14,09:14,500.0,78.22738477250823,London Open,Normal,None,Other,-1.0,-1.0
2025-01-07 09:15:00+00:00,39098.55184834399,39141.56455664799,39063.35963245889,39102.46209455344,500,86.29227861302569,83.17124321249214,1.0375254147946267,39279.693147371974,76.54982376143435,39432.79279489484,39126.59349984911,0.0077953586321796815,39414.629424112114,39074.57869387007,2025-01-07 09:15:00+00:00,9,15,09:15,500.0,78.20492418909998,London Open,Normal,Range Raid,Other,-1.0,-1.0
2025-01-07 09:16:00+00:00,39044.55120169298,39087.504503345,39009.40759125041,39048.45604729771,500,86.77529466231161,83.257231213167,1.0422553500504619,39268.07446582594,92.36855934995586,39452.81158452586,39083.33734712603,0.009409023549687295,39414.629424112114,39063.35963245889,2025-01-07 09:16:00+00:00,9,16,09:16,500.0,78.09691209458833,London Open,Normal,Range Raid,Other,1.5,-1.0
2025-01-07 09:17:00+00:00,39109.0255044332,39152.049734911125,39073.8238613149,39112.93679811301,500,87.97660844453326,83.36742655894206,1.0552875634506054,39257.31988387038,97.40503093232003,39452.129945735025,39062.50982200574,0.00992477644632504,39414.629424112114,39009.40759125041,2025-01-07 09:17:00+00:00,9,17,09:17,500.0,78.22587359622412,London Open,Normal,None,Other,-1.0,-1.0
2025-01-07 09:18:00+00:00,39194.18579596023,39237.3037121274,39158.90750091436,39198.10560652088,500,90.57591598523733,83.52492304852787,1.0844178321794185,39251.52211069288,97.3008210929498,39446.12375287878,39056.92046850698,0.009915622718380588,39414.629424112114,39009.40759125041,2025-01-07 09:18:00+00:00,9,18,09:18,500.0,78.39621121303935,London Open,Normal,None,Other,-1.0,1.5
2025-01-07 09:19:00+00:00,39153.12408812143,39196.19683189274,39117.88275230854,39157.03979210064,500,89.83641157288761,83.63485236025294,1.0741504174111742,39241.67006848079,96.3406643525985,39434.35139718599,39048.98873977559,0.009820241002431864,39414.629424112114,39009.40759125041,2025-01-07 09:19:00+00:00,9,19,09:19,500.0,78.31407958419732,London Open,Normal,None,Other,-1.0,1.5
2025-01-07 09:20:00+00:00,39163.56991701836,39206.65415235061,39128.31917901924,39167.486665684926,500,89.0148802699218,83.73742359817699,1.0630238720630965,39235.59959445895,97.03087145585998,39429.66133737067,39041.53785154723,0.009892125769329421,39414.629424112114,39009.40759125041,2025-01-07 09:20:00+00:00,9,20,09:20,500.0,78.3349733313662,London Open,Normal,None,Other,-1.0,1.5
2025-01-07 09:21:00+00:00,39126.36639599392,39169.40970336024,39091.14914451237,39130.27942393631,500,88.2467144540609,83.8329833440202,1.0526490998409104,39228.5400989359,99.39124731905248,39427.322593574005,39029.75760429779,0.01013458538792271,39414.629424112114,39009.40759125041,2025-01-07 09:21:00+00:00,9,21,09:21,500.0,78.2605588478691,London Open,Normal,None,Other,-1.0,-1.0
2025-01-07 09:22:00+00:00,39114.65701656729,39157.68744232808,39079.45030458118,39118.56887345464,500,87.53174468926389,83.88584751194506,1.0434626016837902,39218.8144117254,100.19671019803258,39419.207832121465,39018.42099132933,0.010219249276243021,39414.629424112114,39009.40759125041,2025-01-07 09:22:00+00:00,9,22,09:22,500.0,78.23713774690259,London Open,Normal,None,Other,-1.0,-1.0
2025-01-07 09:23:00+00:00,39185.654603856485,39228.76313477381,39150.3839876514,39189.57356121261,500,89.15049587711442,83.97339720876765,1.0616516520759056,39209.53038128892,93.3036917305948,39396.13776475011,39022.92299782773,0.009518470721099955,39414.629424112114,39009.40759125041,2025-01-07 09:23:00+00:00,9,23,09:23,500.0,78.37914712241036,London Open,Normal,None,Other,-1.0,1.5
2025-01-07 09:24:00+00:00,39167.7630499086,39210.85189814832,39132.50853771246,39171.68021793039,500,88.3785576313104,84.05083867884332,1.0514893012430633,39200.853858448936,87.93653536464855,39376.726929178236,39024.980787719636,0.00897292040445665,39414.629424112114,39009.40759125041,2025-01-07 09:24:00+00:00,9,24,09:24,500.0,78.3433604358579,London Open,Normal,None,Other,-1.0,1.5
2025-01-07 09:25:00+00:00,39156.95277208427,39200.02972782913,39121.7079901112,39160.86885897016,500,87.66021335178336,84.12310899827415,1.0420467621278926,39193.366844851334,84.40358051842995,39362.17400588819,39024.55968381448,0.008614067870468365,39414.629424112114,39009.40759125041,2025-01-07 09:25:00+00:00,9,25,09:25,500.0,78.32173771793168,London Open,Normal,None,Other,-1.0,1.5
2025-01-07 09:26:00+00:00,39120.45478797295,39163.49159192012,39085.24285747073,39124.36722469542,500,86.98796485875546,84.19052839006822,1.0332274487662825,39182.91943323345,78.9229100940474,39340.765253421545,39025.07361304536,0.008056868782177281,39414.629424112114,39009.40759125041,2025-01-07 09:26:00+00:00,9,26,09:26,500.0,78.24873444939294,London Open,Normal,None,Other,-1.0,1.5
2025-01-07 09:27:00+00:00,39165.71159992935,39208.79819134841,39130.45893422284,39169.62856278563,500,86.80532212977207,84.2608897765458,1.0301970743481814,39175.940351827434,73.12600129226222,39322.192354411956,39029.68834924291,0.007466419504985805,39414.629424112114,39009.40759125041,2025-01-07 09:27:00+00:00,9,27,09:27,500.0,78.33925712556811,London Open,Normal,None,Other,-1.0,1.5
2025-01-07 09:28:00+00:00,39038.502129863264,39081.44877687081,39003.36396412981,39042.40637050032,500,92.48098473877549,84.43139556661792,1.0953388146451553,39163.10831979096,72.90357109554645,39308.915461982055,39017.30117759987,0.007446147583613039,39414.629424112114,39009.40759125041,2025-01-07 09:28:00+00:00,9,28,09:28,500.0,78.08481274100632,London Open,Normal,Downside Stop Hunt,Other,-1.0,-1.0
2025-01-07 09:29:00+00:00,39021.610026397095,39064.53809023251,38986.487065077206,39025.51257765486,500,91.45027333995624,84.58985251345847,1.0811021726915324,39147.689082302015,67.27489886118623,39282.238880024386,39013.13928457964,0.00687395863594916,39414.629424112114,39003.36396412981,2025-01-07 09:29:00+00:00,9,29,09:29,500.0,78.05102515530598,London Open,Normal,Downside Stop Hunt,Other,-1.0,-1.0
2025-01-07 09:30:00+00:00,39020.20971835232,39063.13624169483,38985.08801743571,39024.11212956527,500,90.49298411989682,84.73710809616679,1.0679262740144233,39133.24995796248,60.611340284587975,39254.47263853165,39012.0272773933,0.00619538017922838,39414.629424112114,38986.487065077206,2025-01-07 09:30:00+00:00,9,30,09:30,500.0,78.04822425912425,London Open,Normal,Downside Stop Hunt,Other,-1.0,-1.0
2025-01-07 09:31:00+00:00,38994.812812970486,39037.71139692314,38959.71397155467,38998.71268423891,500,89.60044420908065,84.87391772404725,1.0556887982996246,39121.380778122024,62.620965086075444,39246.62270829418,38996.13884794987,0.00640273567451343,39414.629424112114,38985.08801743571,2025-01-07 09:31:00+00:00,9,31,09:31,500.0,77.99742536847043,London Open,Normal,Downside Stop Hunt,Other,1.5,-1.0
2025-01-07 09:32:00+00:00,39028.89143897634,39071.82751316662,38993.76192372973,39032.79471844818,500,88.77652601106705,84.99781471970918,1.0444565698991042,39113.74692129133,63.69360395921295,39241.13412920976,38986.3597133729,0.0065136796111490355,39414.629424112114,38959.71397155467,2025-01-07 09:32:00+00:00,9,32,09:32,500.0,78.06558943689015,London Open,Normal,None,Other,-1.0,-1.0
2025-01-07 09:33:00+00:00,39076.22419876729,39119.21234420048,39041.0520797765,39080.132211988486,500,88.6080331354408,85.12301763707143,1.0409409299048586,39108.44084029541,61.725297724661615,39231.89143574473,38984.990244846085,0.0063132455703590286,39414.629424112114,38959.71397155467,2025-01-07 09:33:00+00:00,9,33,09:33,500.0,78.16026442398288,London Open,Normal,None,Other,-1.0,1.5
2025-01-07 09:34:00+00:00,39021.47617683973,39064.40409342591,38986.35333599649,39025.3787147112,500,88.97737905376597,85.2581519924418,1.0436231254655144,39104.025156718155,64.42948325894999,39232.88412323606,38975.16619020025,0.006590573016535828,39384.55588540468,38959.71397155467,2025-01-07 09:34:00+00:00,9,34,09:34,500.0,78.05075742941699,London Open,Normal,None,Other,-1.0,-1.0
2025-01-07 09:35:00+00:00,39103.64372005649,39146.66202997954,39068.44692102853,39107.55447550404,500,91.2849459262354,85.43523221808094,1.068469571115843,39104.27977576568,64.43304327907656,39233.145862323836,38975.413689207526,0.0065908942600199985,39373.23122476114,38959.71397155467,2025-01-07 09:35:00+00:00,9,35,09:35,500.0,78.215108951008,London Open,Normal,None,Other,-1.0,1.5
2025-01-07 09:36:00+00:00,39048.419182978585,39091.37673983554,39013.27209100471,39052.32441542013,500,91.49904868145664,85.61910698793191,1.0686755783887527,39104.473194171806,64.26222875753764,39232.99765168688,38975.948736656734,0.006573389027740557,39373.23122476114,38959.71397155467,2025-01-07 09:36:00+00:00,9,36,09:36,500.0,78.10464883083478,London Open,Normal,None,Other,-1.0,-1.0
2025-01-07 09:37:00+00:00,39099.16159889845,39142.17497799514,39063.96883418297,39103.071906089055,500,91.3812996738534,85.77188989615817,1.0653991626450858,39103.979949570596,64.23169903794593,39232.44334764649,38975.5165514947,0.006570349015193071,39373.23122476114,38959.71397155467,2025-01-07 09:37:00+00:00,9,37,09:37,500.0,78.20614381217456,London Open,Normal,None,Other,-1.0,1.5
2025-01-07 09:38:00+00:00,39105.411227330034,39148.431481705535,39070.21283738645,39109.32215954599,500,90.44111000565584,85.9139795717891,1.0526937578311562,39099.54077722186,60.33384620200402,39220.20846962587,38978.87308481785,0.006172332974013069,39373.23122476114,38959.71397155467,2025-01-07 09:38:00+00:00,9,38,09:38,500.0,78.21864431908762,London Open,Normal,None,Other,-1.0,1.5
2025-01-07 09:39:00+00:00,39086.10960791141,39129.10862838216,39050.92859116261,39090.01860977239,500,89.56531909236259,86.03245827075293,1.0410642784435078,39096.189718105445,58.814261593912946,39213.81824129327,38978.56119491762,0.006017390647833617,39373.23122476114,38959.71397155467,2025-01-07 09:39:00+00:00,9,39,09:39,500.0,78.18003721955029,London Open,Normal,None,Other,-1.0,1.5
2025-01-07 09:40:00+00:00,39070.50302490832,39113.48487642087,39035.33605548896,39074.41046595491,500,88.74985493804485,86.14255818865948,1.0302672314847576,39091.535908118945,56.5132271951552,39204.562362509256,38978.509453728635,0.005782656105197231,39352.20751097228,38959.71397155467,2025-01-07 09:40:00+00:00,9,40,09:40,500.0,78.14882093191409,London Open,Normal,None,Other,-1.0,1.5
2025-01-07 09:41:00+00:00,39069.5843791497,39112.565220050856,39034.41823659421,39073.49172832254,500,87.99250697508772,86.23926623704959,1.0203299588985244,39088.69652333826,55.88731256085082,39200.47114845996,38976.921898216555,0.005719025450488843,39275.3323773291,38959.71397155467,2025-01-07 09:41:00+00:00,9,41,09:41,500.0,78.1469834566451,London Open,Normal,None,Other,-1.0,1.5
2025-01-07 09:42:00+00:00,39078.11880623544,39121.10903594526,39042.94498192739,39082.027008936326,500,87.29047462100078,86.31764754472523,1.0112703149813191,39086.86943011234,55.454961397316914,39197.779352906975,38975.959507317704,0.005675047626566423,39237.3037121274,38959.71397155467,2025-01-07 09:42:00+00:00,9,42,09:42,500.0,78.16405401787051,London Open,Normal,None,Other,-1.0,1.5
2025-01-07 09:43:00+00:00,39042.56786723559,39085.51898700152,39007.42604197255,39046.47251448703,500,86.63350822156998,86.39025418218034,1.0028157578848729,39079.714377776065,50.518198334496624,39180.750774445056,38978.677981107074,0.005170784806270164,39237.3037121274,38959.71397155467,2025-01-07 09:43:00+00:00,9,43,09:43,500.0,78.09294502896955,London Open,Squeeze,None,Other,-1.0,1.5
2025-01-07 09:44:00+00:00,39033.825655141576,39076.76715751246,38998.6916986563,39037.72942808439,500,86.02221898118366,86.42608684739531,0.9953270143200539,39073.01683828376,46.39507598456209,39165.80699025288,38980.226686314636,0.004749577047155796,39237.3037121274,38959.71397155467,2025-01-07 09:44:00+00:00,9,44,09:44,500.0,78.07545885616128,London Open,Squeeze,None,Other,-1.0,1.5
2025-01-07 09:45:00+00:00,39004.144974865405,39047.05382522279,38969.0377336639,39008.04577944335,500,85.45035273673433,86.45889206441284,0.988335042196387,39065.37568430742,43.669256139072814,39152.71419658557,38978.037172029275,0.004471402655074494,39237.3037121274,38959.71397155467,2025-01-07 09:45:00+00:00,9,45,09:45,500.0,78.0160915588931,London Open,Squeeze,None,Other,-1.0,1.5
2025-01-07 09:46:00+00:00,38957.17135686197,39000.028531071934,38922.10639614472,38961.06746360833,500,85.48528349115557,86.49839948951855,0.9882874596022353,39057.21069625307,47.1838158987739,39151.578328050615,38962.84306445552,0.004832277068193245,39237.3037121274,38959.71397155467,2025-01-07 09:46:00+00:00,9,46,09:46,500.0,77.92213492721203,London Open,Squeeze,Downside Stop Hunt,Other,-1.0,1.5
2025-01-07 09:47:00+00:00,38925.733468326056,38968.55605740012,38890.69680453819,38929.626430969154,500,84.94056701763972,86.53454514694391,0.9815798635493205,39045.210589662245,47.605757082839624,39140.42210382792,38949.99907549657,0.004876988123653991,39237.3037121274,38922.10639614472,2025-01-07 09:47:00+00:00,9,47,09:47,500.0,77.85925286193378,London Open,Squeeze,Downside Stop Hunt,Other,-1.0,-1.0
2025-01-07 09:48:00+00:00,38881.38440282072,38924.15820304384,38846.387657183615,38885.27293011373,500,84.81901035820395,86.56723478401415,0.9798050101730519,39037.35391764292,59.55868376898692,39156.471285180894,38918.23655010494,0.006102737792591055,39237.3037121274,38890.69680453819,2025-01-07 09:48:00+00:00,9,48,09:48,500.0,77.77054586022132,London Open,Normal,Downside False Breakout,Other,1.5,-1.0
2025-01-07 09:49:00+00:00,38865.44028199663,38908.19654193281,38830.45788750338,38869.3272147181,500,84.31327064900617,86.59671233959968,0.9736313119874723,39029.54464949608,70.43868614727337,39170.422021790626,38888.66727720153,0.007219011831149656,39228.76313477381,38846.387657183615,2025-01-07 09:49:00+00:00,9,49,09:49,500.0,77.73865442943497,London Open,Normal,Downside Stop Hunt,Other,1.5,-1.0
2025-01-07 09:50:00+00:00,38882.64106918909,38925.41625188346,38847.64319243914,38886.52972216131,500,83.8461127058138,86.62107873896737,0.9679643099168052,39022.66552912588,77.37396299564915,39177.41345511718,38867.91760313458,0.007931181732103887,39228.76313477381,38830.45788750338,2025-01-07 09:50:00+00:00,9,50,09:50,500.0,77.77305944431282,London Open,Normal,None,Other,1.5,-1.0
2025-01-07 09:51:00+00:00,38887.72376514788,38930.50453936696,38852.721313514085,38891.612926440524,500,83.41304935917513,86.64299055716022,0.9627212636912131,39017.31054123596,82.64553378254249,39182.601608801044,38852.01947367087,0.008472704308534824,39228.76313477381,38830.45788750338,2025-01-07 09:51:00+00:00,9,51,09:51,500.0,77.78322585287242,London Open,Normal,None,Other,1.5,-1.0
2025-01-07 09:52:00+00:00,38964.96702996577,39007.83278027376,38929.89505244105,38968.863916357404,500,85.7563925358939,86.70836108521718,0.989021029374691,39014.11400113142,83.249264000297,39180.61252913201,38847.61547313083,0.008535297148912036,39228.76313477381,38830.45788750338,2025-01-07 09:52:00+00:00,9,52,09:52,500.0,77.93772783271561,London Open,Normal,None,Other,-1.0,-1.0
2025-01-07 09:53:00+00:00,38879.32071573855,38922.09224567885,38844.32582760557,38883.20903664221,500,88.52651369417526,86.82403522163402,1.0196083776594276,39004.267842364105,86.6077448490802,39177.483332062264,38831.052352665945,0.00888187366563117,39228.76313477381,38830.45788750338,2025-01-07 09:53:00+00:00,9,53,09:53,500.0,77.76641807327542,London Open,Normal,None,Other,1.5,-1.0
2025-01-07 09:54:00+00:00,38897.9616342172,38940.753671218525,38862.94996757973,38901.85181939913,500,87.76059869021972,86.86674349051715,1.0102899586629508,38998.0914975985,89.38313629494617,39176.85777018839,38819.32522500861,0.009167949800871674,39210.85189814832,38830.45788750338,2025-01-07 09:54:00+00:00,9,54,09:54,500.0,77.80370363879774,London Open,Normal,None,Other,1.5,-1.0
2025-01-07 09:55:00+00:00,38898.600353269285,38941.393092931845,38863.58811172719,38902.49060232952,500,87.04948315553631,86.90549551554088,1.0016568300904478,38987.838303939774,87.91514571172982,39163.66859536323,38812.008012516315,0.009019750725994534,39208.79819134841,38830.45788750338,2025-01-07 09:55:00+00:00,9,55,09:55,500.0,77.804981204652,London Open,Normal,None,Other,1.5,-1.0
2025-01-07 09:56:00+00:00,38930.731036791614,38973.55912374077,38895.6898747423,38934.62449924154,500,86.39375214431766,86.94065524073199,0.9937094665907452,38981.95330813085,87.30857888396093,39156.57046589877,38807.33615036293,0.008958871629015989,39208.79819134841,38830.45788750338,2025-01-07 09:56:00+00:00,9,56,09:56,500.0,77.86924899847509,London Open,Normal,None,Other,-1.0,-1.0
2025-01-07 09:57:00+00:00,38959.02313363591,39001.88234500404,38923.956506152885,38962.91942557846,500,85.78890119480633,86.96306433246647,0.9864981397944853,38974.94568410532,82.57163047032715,39140.08894504597,38809.80242316466,0.008474329241105426,39208.79819134841,38830.45788750338,2025-01-07 09:57:00+00:00,9,57,09:57,500.0,77.92583885115891,London Open,Normal,None,Other,-1.0,-1.0
2025-01-07 09:58:00+00:00,38952.98527437814,38995.83784343686,38917.92408151191,38956.88096247439,500,85.2263912469591,86.98302234596373,0.9798048969600314,38967.32362425174,76.31333955944923,39119.950303370635,38814.69694513284,0.00783357258972276,39148.431481705535,38830.45788750338,2025-01-07 09:58:00+00:00,9,58,09:58,500.0,77.91376192494499,London Open,Normal,None,Other,-1.0,-1.0
2025-01-07 09:59:00+00:00,38960.10073699192,39002.96113384229,38925.033139568885,38963.99713670559,500,84.70507717741964,86.99983377202696,0.9736234370214951,38961.0225505984,70.64131993589538,39102.305190470186,38819.73991072661,0.007252511901519281,39148.431481705535,38830.45788750338,2025-01-07 09:59:00+00:00,9,59,09:59,500.0,77.92799427340651,London Open,Normal,None,Other,-1.0,-1.0
2025-01-07 10:00:00+00:00,38931.51182091404,38974.34076681163,38896.46995608873,38935.40536145018,500,84.2169152878108,86.98377464903301,0.9681910865286534,38954.07229537316,65.55312254817707,39085.17854046951,38822.96605027681,0.006731324217002251,39148.431481705535,38830.45788750338,2025-01-07 10:00:00+00:00,10,0,10:00,500.0,77.87081072289584,Other,Normal,None,Other,-1.0,-1.0
2025-01-07 10:01:00+00:00,38955.80019870291,38998.65586448806,38920.736472151424,38959.696168319744,500,83.76709221986954,86.96812028919082,0.963193086631319,38948.38251737302,59.28085745335628,39066.94423227973,38829.82080246631,0.006088145758239197,39148.431481705535,38830.45788750338,2025-01-07 10:01:00+00:00,10,1,10:01,500.0,77.91939233663288,Other,Normal,None,Other,-1.0,-1.0
2025-01-07 10:02:00+00:00,38883.06462467678,38925.84027332879,38848.06636668877,38886.95332000878,500,85.75728574923413,86.99013580713013,0.9858277028026555,38938.628832926646,51.69759747332833,39042.0240278733,38835.23363797999,0.005310674671688795,39148.431481705535,38830.45788750338,2025-01-07 10:02:00+00:00,10,2,10:02,500.0,77.77390664001723,Other,Squeeze,None,Other,1.5,-1.0
2025-01-07 10:03:00+00:00,38913.67088726846,38956.48020617635,38878.64508088928,38917.562643532816,500,85.19141714479389,86.98235059621632,0.9794103810813738,38932.18333937893,45.16800628729879,39022.519351953524,38841.84732680433,0.004640685665487662,39148.431481705535,38830.45788750338,2025-01-07 10:03:00+00:00,10,3,10:03,500.0,77.8351252870707,Other,Squeeze,None,Other,1.5,-1.0
2025-01-07 10:04:00+00:00,38913.15826357152,38955.96701853695,38878.13291859981,38917.04996856838,500,84.66589448710403,86.97410204154359,0.9734609786101955,38926.14936640313,37.78310157023988,39001.71556954361,38850.58316326265,0.003882541909254434,39148.431481705535,38830.45788750338,2025-01-07 10:04:00+00:00,10,4,10:04,500.0,77.83409993713576,Other,Squeeze,None,Other,1.5,-1.0
2025-01-07 10:05:00+00:00,38894.598700375376,38937.387037779525,38859.59006068107,38898.4885492303,500,84.17525753077206,86.96546142986728,0.9679159536071069,38920.67150489248,32.912684744180595,38986.49687438084,38854.84613540412,0.0033825402770908558,39148.431481705535,38830.45788750338,2025-01-07 10:05:00+00:00,10,5,10:05,500.0,77.79697709845641,Other,Squeeze,None,Other,1.5,-1.0
2025-01-07 10:06:00+00:00,38885.94432386416,38928.72314050207,38850.94347388768,38889.83330719487,500,83.71842960817344,86.95638209485865,0.9627634866046634,38917.109797071804,32.156768321702394,38981.42333371521,38852.7962604284,0.0033051548266950803,39148.431481705535,38830.45788750338,2025-01-07 10:06:00+00:00,10,6,10:06,500.0,77.77966661439132,Other,Squeeze,None,Other,1.5,-1.0
2025-01-07 10:07:00+00:00,38880.14312016225,38922.91555483789,38845.147491791264,38884.03152331458,500,83.29340342520587,86.9469389536183,0.9579797107019328,38914.830051689074,32.831835095856114,38980.49372188078,38849.166381497365,0.0033747376054059663,39148.431481705535,38830.45788750338,2025-01-07 10:07:00+00:00,10,7,10:07,500.0,77.7680630466275,Other,Squeeze,None,Other,1.5,-1.0
2025-01-07 10:08:00+00:00,38931.004515874505,38973.83290368074,38895.9631076694,38934.89800567507,500,83.75825892098828,86.95150756811381,0.9632755229157576,38917.31130546714,32.35219463359694,38982.015694734335,38852.60691619995,0.0033252240248212565,39148.431481705535,38830.45788750338,2025-01-07 10:08:00+00:00,10,8,10:08,500.0,77.86979601134226,Other,Squeeze,None,Other,1.5,-1.0
2025-01-07 10:09:00+00:00,39057.48198588069,39100.449512817846,39022.32673656847,39061.38812469316,500,89.60063379397288,87.05918284405955,1.0291922215082765,38926.9143509659,43.82856114620203,39014.5714732583,38839.257228673494,0.004503676890599885,39129.10862838216,38830.45788750338,2025-01-07 10:09:00+00:00,10,9,10:09,500.0,78.12277624937269,Other,Squeeze,None,Other,-1.0,-1.0
2025-01-07 10:10:00+00:00,39105.54719438015,39148.56759833436,39070.34868205398,39109.45814019417,500,89.42769378306035,87.16934998649545,1.0259075443021517,38938.060771867546,58.805824735893665,39055.67242133933,38820.44912239576,0.006040960804948959,39121.10903594526,38830.45788750338,2025-01-07 10:10:00+00:00,10,10,10:10,500.0,78.21891628038429,Other,Normal,Upside Sweep,Other,-1.0,1.5
2025-01-07 10:11:00+00:00,39083.83690435165,39126.83342459846,39048.65793324063,39087.74567891954,500,88.62396503840075,87.22657788038698,1.0160201992554379,38947.86740949149,66.50252929857187,39080.87246808863,38814.86235089435,0.006829901991744346,39148.56759833436,38830.45788750338,2025-01-07 10:11:00+00:00,10,11,10:11,500.0,78.1754913578261,Other,Normal,None,Other,-1.0,-1.0
2025-01-07 10:12:00+00:00,39108.85003344586,39151.87407088639,39073.64854826724,39112.76130957682,500,87.8812191513113,87.26592714468875,1.0070507702920797,38955.062279152466,75.99964115393182,39107.06156146033,38803.0629968446,0.007803826943909671,39148.56759833436,38830.45788750338,2025-01-07 10:12:00+00:00,10,12,10:12,500.0,78.22552261914825,Other,Normal,Upside Sweep,Other,-1.0,1.5
2025-01-07 10:13:00+00:00,39135.58338412356,39178.63683119079,39100.357836523086,39139.49733385694,500,87.19534597391103,87.3023544222593,0.9987742776348196,38967.876694013205,84.39012789453254,39136.65694980227,38799.09643822414,0.00866253284028681,39151.87407088639,38830.45788750338,2025-01-07 10:13:00+00:00,10,13,10:13,500.0,78.2789946677076,Other,Normal,Upside Sweep,Other,-1.0,1.5
2025-01-07 10:14:00+00:00,39099.78441876238,39142.79848302944,39064.59109345296,39103.6947882412,500,86.55334908838003,87.29633719374094,0.9914888971376662,38977.9688424553,88.06768374481449,39154.10420994493,38801.83347496567,0.009037688351671213,39178.63683119079,38830.45788750338,2025-01-07 10:14:00+00:00,10,14,10:14,500.0,78.207389576477,Other,Normal,None,Other,-1.0,1.5
2025-01-07 10:15:00+00:00,39050.90900892618,39093.86930486559,39015.759675884845,39054.81449037522,500,86.65204646466388,87.30233332460158,0.9925513232559335,38985.58503685759,87.7828007406498,39161.15063833889,38810.01943537629,0.009006693182380968,39178.63683119079,38830.45788750338,2025-01-07 10:15:00+00:00,10,15,10:15,500.0,78.10962898074649,Other,Normal,None,Other,-1.0,-1.0
2025-01-07 10:16:00+00:00,39048.82839564813,39091.78640268405,39013.68093534602,39052.73366901503,500,86.04157652704701,87.29010468901383,0.9856967961441344,38991.49049534626,88.14612736479634,39167.78275007585,38815.19824061667,0.009042601474833607,39178.63683119079,38830.45788750338,2025-01-07 10:16:00+00:00,10,16,10:16,500.0,78.10546733802767,Other,Normal,None,Other,-1.0,-1.0
2025-01-07 10:17:00+00:00,39080.77197797899,39123.76512646961,39045.59576557757,39084.6804460236,500,85.47927541026077,87.24848247177596,0.9797222024797106,38997.57854636852,90.24872916245921,39178.07600469344,38817.0810880436,0.009256854658824887,39178.63683119079,38830.45788750338,2025-01-07 10:17:00+00:00,10,17,10:17,500.0,78.16936089203955,Other,Normal,None,Other,-1.0,1.5
2025-01-07 10:18:00+00:00,39018.22218408305,39061.146520919225,38983.10227212618,39022.124396522704,500,86.62919673077202,87.18270381753489,0.9936511823730393,39000.84071807093,89.87863142036741,39180.59798091167,38821.0834552302,0.009218122457419028,39178.63683119079,38830.45788750338,2025-01-07 10:18:00+00:00,10,18,10:18,500.0,78.04424879304133,Other,Normal,None,Other,-1.0,-1.0
2025-01-07 10:19:00+00:00,38990.49407022899,39033.38790308952,38955.399116070366,38994.393509579946,500,86.01202460851349,87.11896403479531,0.9872939326294133,39002.36053671465,89.47893588327506,39181.3184084812,38823.4026649481,0.00917677131865334,39178.63683119079,38830.45788750338,2025-01-07 10:19:00+00:00,10,19,10:19,500.0,77.98878701915237,Other,Normal,None,Other,1.5,-1.0
2025-01-07 10:20:00+00:00,39013.21856782419,39056.137400132015,38978.10315957232,39017.12027985217,500,85.44218289074085,87.05941907847563,0.9814237654598064,39006.44628263476,88.11598442052006,39182.6782514758,38830.21431379372,0.009036043302386103,39178.63683119079,38844.32582760557,2025-01-07 10:20:00+00:00,10,20,10:20,500.0,78.03424055969663,Other,Normal,None,Other,1.5,-1.0
2025-01-07 10:21:00+00:00,39015.2365246414,39058.15757692373,38980.119300046754,39019.13843848524,500,84.91333246118634,87.00386271192771,0.9759719834777546,39009.418396143024,87.45614117495913,39184.330678492945,38834.506113793104,0.008967694958877635,39178.63683119079,38844.32582760557,2025-01-07 10:21:00+00:00,10,21,10:21,500.0,78.03827687697776,Other,Normal,None,Other,1.5,-1.0
2025-01-07 10:22:00+00:00,39070.92262966924,39113.90494279318,39035.75528256783,39074.83011268051,500,85.61713045024015,86.97195247461065,0.9844223110345143,39018.81223577661,83.61536917450552,39186.04297412562,38851.5814974276,0.00857180056319995,39178.63683119079,38844.32582760557,2025-01-07 10:22:00+00:00,10,22,10:22,500.0,78.14966022535373,Other,Normal,None,Other,-1.0,1.5
2025-01-07 10:23:00+00:00,39016.208256720194,39059.13037801472,38981.09015747922,39020.11026774697,500,86.19733221817205,86.92273308029493,0.9916546473354353,39023.93961698732,80.15231338468352,39184.244243756686,38863.63499021796,0.008215706991284035,39178.63683119079,38844.32582760557,2025-01-07 10:23:00+00:00,10,23,10:23,500.0,78.04022053549852,Other,Normal,None,Other,1.5,-1.0
2025-01-07 10:24:00+00:00,39108.47991323111,39151.503543498686,39073.278761194,39112.39115234635,500,89.42561389913959,86.9401840180921,1.0285878148190977,39033.70667617622,78.32249180945531,39190.35165979513,38877.061692557305,0.008026139301524219,39178.63683119079,38845.147491791264,2025-01-07 10:24:00+00:00,10,24,10:24,500.0,78.2247823046855,Other,Clustering,None,Other,-1.0,1.5
2025-01-07 10:25:00+00:00,39048.76808267488,39091.726023359886,39013.62067665987,39052.67335000988,500,90.09310402680654,86.98073219600914,1.0357823135333437,39041.41591621521,71.61335767913894,39184.642631573486,38898.18920085693,0.007337168081488198,39178.63683119079,38845.147491791264,2025-01-07 10:25:00+00:00,10,25,10:25,500.0,78.10534670001653,Other,Clustering,None,Other,-1.0,1.5
2025-01-07 10:26:00+00:00,38970.00177469407,39012.87306377514,38934.92526544593,38973.899164610535,500,92.06845977945973,87.06540711135423,1.0574631513720107,39045.619209085984,64.34645450265452,39174.31211809129,38916.926300080675,0.0065919256301798885,39178.63683119079,38845.147491791264,2025-01-07 10:26:00+00:00,10,26,10:26,500.0,77.94779832921631,Other,Clustering,None,Other,-1.0,1.5
2025-01-07 10:27:00+00:00,38968.09569020657,39010.964882385015,38933.02089660603,38971.99288949552,500,91.05956877942575,87.13631122218179,1.0450243704629676,39050.017277395025,55.056073129611235,39160.129423654245,38939.905131135805,0.005639544048189751,39178.63683119079,38845.147491791264,2025-01-07 10:27:00+00:00,10,27,10:27,500.0,77.94398577898392,Other,Clustering,None,Other,-1.0,1.5
2025-01-07 10:28:00+00:00,38924.30229364325,38967.12330826772,38889.266918041416,38928.19511315457,500,90.46431182761727,87.10270000699582,1.0385936580651514,39049.682132769005,55.80897830103372,39161.30008937107,38938.06417616694,0.00571671524610952,39178.63683119079,38845.147491791264,2025-01-07 10:28:00+00:00,10,28,10:28,500.0,77.85639022630494,Other,Clustering,None,Other,-1.0,1.5
2025-01-07 10:29:00+00:00,38923.18301557619,38966.00279887165,38888.14864742536,38927.0757231485,500,89.56358608609352,87.07125521943142,1.0286240374091438,39042.96651269177,62.057490108945636,39167.08149290966,38918.85153247388,0.00635786628444564,39178.63683119079,38845.147491791264,2025-01-07 10:29:00+00:00,10,29,10:29,500.0,77.85415144628496,Other,Clustering,None,Other,-1.0,1.5
2025-01-07 10:30:00+00:00,38920.70264163771,38963.51969624897,38885.67050604668,38924.59510114783,500,88.726843522965,87.0418195428159,1.0193587862592903,39033.72336073945,65.3144003129627,39164.35216136538,38903.094560113524,0.0066931252967435476,39178.63683119079,38845.147491791264,2025-01-07 10:30:00+00:00,10,30,10:30,500.0,77.84919020229427,Other,Clustering,None,Other,-1.0,1.5
2025-01-07 10:31:00+00:00,38913.47285034497,38956.28195139045,38878.44722221685,38917.364586803655,500,87.94883535515315,87.01429272858378,1.0107401048409874,39025.20430613366,68.9099009231085,39163.02410797987,38887.384504287445,0.007063117505552797,39178.63683119079,38845.147491791264,2025-01-07 10:31:00+00:00,10,31,10:31,500.0,77.83472917359904,Other,Clustering,None,Other,-1.0,1.5
2025-01-07 10:32:00+00:00,38881.09432423404,38923.86780533881,38846.09783969378,38884.98282251629,500,87.22177323300134,86.98838018228268,1.0026830370933404,39013.81538178063,72.41132439678537,39158.6380305742,38868.99273298706,0.007424172559200654,39178.63683119079,38845.147491791264,2025-01-07 10:32:00+00:00,10,32,10:32,500.0,77.7699656450277,Other,Clustering,None,Other,-1.0,-1.0
2025-01-07 10:33:00+00:00,38898.30908968552,38941.10150892609,38863.29711030686,38902.19930961648,500,86.54910361773182,86.95406469032086,0.9953428160715514,39001.95048056861,70.13943818503704,39142.22935693868,38861.671604198535,0.0071934287717206795,39178.63683119079,38845.147491791264,2025-01-07 10:33:00+00:00,10,33,10:33,500.0,77.80439861922787,Other,Clustering,None,Other,-1.0,1.5
2025-01-07 10:34:00+00:00,38886.35603250371,38929.13530206641,38851.3548119524,38890.24505700941,500,85.9227740817518,86.90315460745396,0.9887187003724941,38991.27799400702,70.08244509900136,39131.44288420502,38851.11310380902,0.007189550966733846,39178.63683119079,38845.147491791264,2025-01-07 10:34:00+00:00,10,34,10:34,500.0,77.78049011401163,Other,Normal,None,Other,-1.0,1.5
2025-01-07 10:35:00+00:00,38929.68652451378,38972.51346238453,38894.64630261953,38933.57988250203,500,85.66174774556394,86.8094346377761,0.9867792377982757,38985.21626361336,69.53860241971896,39124.29346845279,38846.13905877392,0.0071348689666878955,39178.63683119079,38845.147491791264,2025-01-07 10:35:00+00:00,10,35,10:35,500.0,77.86715976500273,Other,Normal,None,Other,-1.0,1.5
2025-01-07 10:36:00+00:00,38923.05455109855,38965.87419306895,38888.02029857731,38926.94724582313,500,85.1040439417125,86.70285122544705,0.9815599226422522,38978.92694245376,68.79500230180668,39116.516947057375,38841.33693785015,0.007059712280265757,39178.63683119079,38845.147491791264,2025-01-07 10:36:00+00:00,10,36,10:36,500.0,77.85389449164359,Other,Normal,None,Other,-1.0,1.5
2025-01-07 10:37:00+00:00,38885.91448803463,38928.69327184985,38850.91366491309,38889.80346838147,500,84.58086986993028,86.58951072871498,0.9768027230794989,38969.183093571664,66.80002867362671,39102.78315091892,38835.58303622441,0.006856703001777537,39178.63683119079,38845.147491791264,2025-01-07 10:37:00+00:00,10,37,10:37,500.0,77.77960693676141,Other,Normal,None,Other,-1.0,1.5
2025-01-07 10:38:00+00:00,38820.72987472642,38863.43694829597,38785.78772362406,38824.61233596002,500,85.96907521903593,86.51497681560464,0.9936900913961726,38959.30749054353,72.8841923804594,39105.07587530445,38813.539105782605,0.007483109641838693,39178.63683119079,38846.09783969378,2025-01-07 10:38:00+00:00,10,38,10:38,500.0,77.64922467190627,Other,Clustering,None,Other,-1.0,1.5
2025-01-07 10:39:00+00:00,38814.43717834451,38857.13732925578,38779.50069123529,38818.319010245534,500,85.37390113342518,86.44511984962237,0.9876081065297768,38950.5037655768,78.81577983175544,39108.13532524031,38792.87220591329,0.008093942025100076,39178.63683119079,38785.78772362406,2025-01-07 10:39:00+00:00,10,39,10:39,500.0,77.6366380204854,Other,Clustering,Downside Stop Hunt,Other,-1.0,1.5
2025-01-07 10:40:00+00:00,38765.59262071378,38808.23903723821,38730.70009810288,38769.46956767055,500,85.53425906265555,86.39152658503254,0.9900769490219251,38938.12122996772,86.84398986401247,39111.80920969575,38764.433250239694,0.008921230621386667,39178.63683119079,38779.50069123529,2025-01-07 10:40:00+00:00,10,40,10:40,500.0,77.53893913532374,Other,Normal,None,Other,-1.0,1.5
2025-01-07 10:41:00+00:00,38713.68299158255,38756.27230180431,38678.8371923102,38717.55474705726,500,85.89841022677659,86.3566249725607,0.9946939248039198,38923.04204539632,97.55803727319855,39118.158119942724,38727.92597084992,0.010025736134335777,39178.63683119079,38730.70009810288,2025-01-07 10:41:00+00:00,10,41,10:41,500.0,77.43510949410847,Other,Clustering,Downside False Breakout,Other,-1.0,1.5
2025-01-07 10:42:00+00:00,38734.495535896414,38777.10774220652,38699.63100346086,38738.369372833695,500,85.29686226383966,86.32339809994134,0.9881082550189555,38906.21900840398,99.00503156914526,39104.22907154227,38708.208945265695,0.010178838663069109,39178.63683119079,38678.8371923102,2025-01-07 10:42:00+00:00,10,42,10:42,500.0,77.47673874565953,Other,Normal,None,Other,-1.0,1.5
2025-01-07 10:43:00+00:00,38666.08620817657,38708.623156700414,38631.28325029343,38669.95320349692,500,86.85323799786984,86.32706026287967,1.0060951656802384,38888.71115519148,108.32644192335606,39105.36403903819,38672.058271344766,0.011142199235254968,39178.63683119079,38678.8371923102,2025-01-07 10:43:00+00:00,10,43,10:43,500.0,77.33990640698175,Other,Normal,Downside False Breakout,Other,-1.0,-1.0
2025-01-07 10:44:00+00:00,38721.11598216256,38763.71346949166,38686.26349252965,38724.98848101065,500,87.3465971405032,86.34913323220167,1.011551521954705,38869.3410216247,100.5841030135254,39070.50922765175,38668.172815597645,0.010350996478954223,39151.503543498686,38631.28325029343,2025-01-07 10:44:00+00:00,10,44,10:44,500.0,77.4499769620088,Other,Clustering,None,Other,-1.0,1.5
2025-01-07 10:45:00+00:00,38727.68814765311,38770.29286508727,38692.829742479706,38731.56130378349,500,86.64063467386478,86.36897126448717,1.0031453820208844,38853.285419313375,95.2677485902031,39043.82091649378,38662.74992213297,0.009807947777085137,39151.503543498686,38631.28325029343,2025-01-07 10:45:00+00:00,10,45,10:45,500.0,77.46312260756531,Other,Clustering,None,Other,-1.0,1.5
2025-01-07 10:46:00+00:00,38726.3775229703,38768.98079857312,38691.52029747708,38730.25054802511,500,85.98491084687706,86.37729838708252,0.9954572839445955,38841.102988484105,94.6085024797281,39030.31999344356,38651.88598352465,0.009743132424203165,39151.503543498686,38631.28325029343,2025-01-07 10:46:00+00:00,10,46,10:46,500.0,77.46050109603675,Other,Normal,None,Other,-1.0,1.5
2025-01-07 10:47:00+00:00,38686.71237750009,38729.27201707929,38651.89085420801,38690.58143564365,500,85.4402524876075,86.38562647824867,0.9890563508168895,38827.03241579152,95.04280405567759,39017.11802390287,38636.946807680164,0.00979140543504643,39151.503543498686,38631.28325029343,2025-01-07 10:47:00+00:00,10,47,10:47,500.0,77.38116287127923,Other,Clustering,None,Other,-1.0,1.5
2025-01-07 10:48:00+00:00,38716.681898087445,38759.27450743627,38681.83339952931,38720.55395348279,500,84.86888501756135,86.3864577225713,0.982432747620193,38816.65035780792,94.75108289646356,39006.152523600846,38627.148192014996,0.009763962837911722,39151.503543498686,38631.28325029343,2025-01-07 10:48:00+00:00,10,48,10:48,500.0,77.4411079069614,Other,Clustering,None,Other,-1.0,1.5
2025-01-07 10:49:00+00:00,38716.9565964909,38759.54950803819,38682.10785067947,38720.828679358834,500,84.33836875621519,86.38687602435809,0.976286823156271,38806.33800561844,93.31292207227906,38992.963849763,38619.71216147388,0.00961831771488156,39151.503543498686,38631.28325029343,2025-01-07 10:49:00+00:00,10,49,10:49,500.0,77.44165735871502,Other,Clustering,None,Other,-1.0,1.5
2025-01-07 10:50:00+00:00,38690.78903901453,38733.35316336987,38655.96384636015,38694.658504865016,500,83.84200791717994,86.3868076112142,0.9705418018745735,38794.8411758043,92.13341453901539,38979.10800488233,38610.57434672627,0.009499553213428371,39151.503543498686,38631.28325029343,2025-01-07 10:50:00+00:00,10,50,10:50,500.0,77.38931700972171,Other,Clustering,None,Other,-1.0,1.5
2025-01-07 10:51:00+00:00,38698.90817385557,38741.48123015244,38664.07567324904,38702.77845170074,500,83.38226141619586,86.38629447883122,0.9652255825908647,38784.11186904916,89.57324373628352,38963.25835652172,38604.96538157659,0.009238137930162501,39151.503543498686,38631.28325029343,2025-01-07 10:51:00+00:00,10,51,10:51,500.0,77.40555690340261,Other,Normal,None,Other,-1.0,1.5
2025-01-07 10:52:00+00:00,38634.227316801975,38676.72921704048,38599.453034788654,38638.091125914565,500,84.80677252304507,86.37046747861706,0.9818954904237479,38771.76728421907,91.92195962225355,38955.61120346358,38587.923364974566,0.00948339124687442,39151.503543498686,38631.28325029343,2025-01-07 10:52:00+00:00,10,52,10:52,500.0,77.2761822518296,Other,Normal,Downside Stop Hunt,Other,-1.0,1.5
2025-01-07 10:53:00+00:00,38571.485061094914,38613.9179379498,38536.7672527591,38575.34259535445,500,85.9865654253609,86.32813500747015,0.9960433573355928,38755.42444850597,96.45606202297301,38948.33657255191,38562.512324460025,0.00995536118058846,39151.503543498686,38599.453034788654,2025-01-07 10:53:00+00:00,10,53,10:53,500.0,77.15068519070337,Other,Clustering,None,Other,-1.0,1.5
2025-01-07 10:54:00+00:00,38528.687296227945,38571.073090833255,38494.00800973269,38532.540550282974,500,85.65428115367487,86.29302971519442,0.9925979124428971,38737.539223169646,103.07755792860205,38943.69433902685,38531.38410731244,0.010643686717916174,39151.503543498686,38536.7672527591,2025-01-07 10:54:00+00:00,10,54,10:54,500.0,77.06508110056166,Other,Normal,Downside False Breakout,Other,-1.0,-1.0
2025-01-07 10:55:00+00:00,38542.54190030087,38584.94293649482,38507.85014341492,38546.39653995487,500,85.04274629126245,86.25958410078985,0.9858933030780024,38718.180056042285,100.65122537489057,38919.48250679207,38516.8776052925,0.010398342611063309,39091.726023359886,38494.00800973269,2025-01-07 10:55:00+00:00,10,55,10:55,500.0,77.09279307990073,Other,Normal,None,Other,-1.0,1.5
2025-01-07 10:56:00+00:00,38542.80174259103,38585.20306464008,38508.10975182362,38546.65640823185,500,84.47492961449095,86.22760372529272,0.9796738627181903,38699.16551416273,94.89281498823256,38888.951144139195,38509.37988418626,0.009808254387656614,39012.87306377514,38494.00800973269,2025-01-07 10:56:00+00:00,10,56,10:56,500.0,77.09331281646155,Other,Normal,None,Other,-1.0,1.5
2025-01-07 10:57:00+00:00,38583.63938976726,38626.0856377208,38548.91064144164,38587.49813958122,500,84.11452246266627,86.1996974130904,0.9758099504638461,38684.050247722706,86.6467807758984,38857.343809274505,38510.756686170906,0.008959432140226918,39010.964882385015,38494.00800973269,2025-01-07 10:57:00+00:00,10,57,10:57,500.0,77.17499627915822,Other,Normal,None,Other,-1.0,1.5
2025-01-07 10:58:00+00:00,38548.54463981778,38590.95227968556,38513.84747992595,38552.39987980576,500,83.61382798387659,86.17282135870569,0.9703039388233913,38670.439624914994,84.76430648276138,38839.968237880516,38500.91101194947,0.008767865822569847,38972.51346238453,38494.00800973269,2025-01-07 10:58:00+00:00,10,58,10:58,500.0,77.10479975961061,Other,Normal,None,Other,-1.0,1.5
2025-01-07 10:59:00+00:00,38571.08932409976,38613.52176560042,38536.37187196286,38574.94681878164,500,83.15211838771093,86.14693871221056,0.9652359054277673,38658.2710153418,79.73767109955823,38817.74635754092,38498.79567314268,0.008250516022086459,38972.51346238453,38494.00800973269,2025-01-07 10:59:00+00:00,10,59,10:59,500.0,77.1498936375574,Other,Normal,None,Other,-1.0,1.5
2025-01-07 11:00:00+00:00,38567.08313181148,38609.51116605989,38532.36928560823,38570.94022583406,500,82.72281567799338,86.1220370520469,0.9605301791456785,38648.34454824998,77.49182688069745,38803.32820201138,38493.360894488585,0.00802019623727523,38972.51346238453,38494.00800973269,2025-01-07 11:00:00+00:00,11,0,11:00,500.0,77.1418804516652,Other,Normal,None,Other,-1.0,1.5
2025-01-07 11:01:00+00:00,38531.11508273725,38573.5035481748,38496.433611015615,38534.96857959521,500,82.31903864093555,86.09790282573135,0.9561096837347535,38639.215239876874,79.63464422465492,38798.48452832618,38479.945951427566,0.008243919420233836,38972.51346238453,38494.00800973269,2025-01-07 11:01:00+00:00,11,1,11:01,500.0,77.06993715918361,Other,Normal,None,Other,-1.0,1.5
2025-01-07 11:02:00+00:00,38546.34973908045,38588.75496431595,38511.65455479684,38550.2047595564,500,81.94627941794795,86.03438605354326,0.9524828754743355,38629.80700921301,78.4094791849359,38786.62596758288,38472.98805084314,0.008119065069751397,38972.51346238453,38494.00800973269,2025-01-07 11:02:00+00:00,11,2,11:02,500.0,77.10040951910923,Other,Normal,None,Other,-1.0,1.5
2025-01-07 11:03:00+00:00,38544.19074686813,38586.59359697469,38509.49750587185,38548.04555142328,500,81.5998373954406,85.97452639105404,0.9491164513577519,38623.711626609336,79.84953856695796,38783.410703743255,38464.01254947542,0.008269483713931627,38972.51346238453,38494.00800973269,2025-01-07 11:03:00+00:00,11,3,11:03,500.0,77.0960911028451,Other,Normal,None,Other,-1.0,1.5
2025-01-07 11:04:00+00:00,38520.33468418912,38562.7112900023,38485.66291579651,38524.18710289941,500,81.27473288189422,85.9180070309672,0.9459569150923226,38613.67155770377,79.0652952303994,38771.80214816457,38455.54096724297,0.008190393924312186,38972.51346238453,38494.00800973269,2025-01-07 11:04:00+00:00,11,4,11:04,500.0,77.04837420579133,Other,Normal,Downside Stop Hunt,Other,-1.0,1.5
2025-01-07 11:05:00+00:00,38522.33775850775,38564.71656792304,38487.66418716795,38526.1903775455,500,80.97313630140788,85.86463834381114,0.9430324038305832,38603.40301139186,76.23412727683753,38755.87126594554,38450.934756838185,0.007899213160491815,38972.51346238453,38485.66291579651,2025-01-07 11:05:00+00:00,11,5,11:05,500.0,77.05238075508532,Other,Normal,None,Other,-1.0,1.5
2025-01-07 11:06:00+00:00,38517.7334437915,38560.10718795408,38483.06401674938,38521.58560235173,500,80.69242450878636,85.81420492548801,0.9403154708343582,38592.969764108195,72.12851796258931,38737.22680003337,38448.71272818302,0.0074758193944088275,38965.87419306895,38485.66291579651,2025-01-07 11:06:00+00:00,11,6,11:06,500.0,77.0431712047066,Other,Normal,Downside Stop Hunt,Other,-1.0,1.5
2025-01-07 11:07:00+00:00,38512.19930267384,38554.56695867237,38477.53485685685,38516.05090776461,500,80.43097288783845,85.76649774986522,0.937790104504586,38584.24323771425,70.23021007985432,38724.70365787396,38443.78281755454,0.007280714010345913,38928.69327184985,38483.06401674938,2025-01-07 11:07:00+00:00,11,7,11:07,500.0,77.03210181551549,Other,Normal,Downside Stop Hunt,Other,-1.0,1.5
2025-01-07 11:08:00+00:00,38496.69767568038,38539.04827818387,38462.04718272297,38500.54773045342,500,80.1859816430573,85.70695979523303,0.9355830825715182,38573.24292656278,64.77392081741706,38702.790768197614,38443.695084927946,0.006716979533272447,38863.43694829597,38477.53485685685,2025-01-07 11:08:00+00:00,11,8,11:08,500.0,77.00109546090243,Other,Normal,Downside Stop Hunt,Other,-1.0,1.5
2025-01-07 11:09:00+00:00,38446.87869674177,38489.1744928878,38412.27304534956,38450.72376911868,500,80.76374617597185,85.55967833493304,0.9439463512218107,38559.73768105077,60.39305987005573,38680.523800790885,38438.951561310656,0.006264882854712558,38857.13732925578,38462.04718272297,2025-01-07 11:09:00+00:00,11,9,11:09,500.0,76.90144753824279,Other,Normal,None,Other,-1.0,1.5
2025-01-07 11:10:00+00:00,38450.13780053205,38492.43718205078,38415.529215653085,38453.983198851936,500,80.4883333346664,85.41068899412646,0.942368388343073,38547.70391575012,55.90558939628949,38659.5150945427,38435.89273695754,0.005801184892202943,38808.23903723821,38412.27304534956,2025-01-07 11:10:00+00:00,11,10,11:10,500.0,76.90796639769542,Other,Normal,None,Other,-1.0,1.5
2025-01-07 11:11:00+00:00,38419.669901392284,38461.93576487016,38385.08874036493,38423.51225261755,500,80.22823984684953,85.27076024093394,0.9408646014197988,38533.74060579595,49.661613144993545,38633.063832085936,38434.41737950597,0.005155130269135838,38777.10774220652,38412.27304534956,2025-01-07 11:11:00+00:00,11,11,11:11,500.0,76.84702450523037,Other,Squeeze,Downside Stop Hunt,Other,-1.0,1.5
2025-01-07 11:12:00+00:00,38380.87300191952,38423.096184539885,38346.32676159376,38384.711473066825,500,80.01090064520234,85.13958826583212,0.9397614232686159,38521.07162315356,53.7879997927042,38628.64762273897,38413.49562356815,0.005585306693324165,38777.10774220652,38385.08874036493,2025-01-07 11:12:00+00:00,11,12,11:12,500.0,76.76942294612672,Other,Squeeze,Downside False Breakout,Other,-1.0,1.5
2025-01-07 11:13:00+00:00,38372.01956178436,38414.2330046466,38337.48129035161,38375.857147499104,500,79.7781016201875,85.0159675266034,0.9383896218698345,38511.0973507608,61.18221827719255,38633.46178731519,38388.73291420641,0.006354762391727612,38770.29286508727,38346.32676159376,2025-01-07 11:13:00+00:00,11,13,11:13,500.0,76.7517142949946,Other,Normal,Downside Stop Hunt,Other,-1.0,1.5
2025-01-07 11:14:00+00:00,38400.5799864313,38442.82484890262,38366.01600804568,38404.42042847415,500,79.56601156567022,84.89951190122491,0.9371786690392299,38504.69134467036,65.38204706721037,38635.45543880478,38373.92725053594,0.006792112315037235,38770.29286508727,38337.48129035161,2025-01-07 11:14:00+00:00,11,14,11:14,500.0,76.80884085694561,Other,Normal,None,Other,-1.0,1.5
2025-01-07 11:15:00+00:00,38408.09239332,38450.34552026534,38373.52165309199,38411.93358667866,500,79.37014410907585,84.77814686196508,0.9362099437996152,38497.96819700654,67.73869824517634,38633.445593496894,38362.49080051619,0.007038158263161788,38770.29286508727,38337.48129035161,2025-01-07 11:15:00+00:00,11,15,11:15,500.0,76.82386717334884,Other,Normal,None,Other,-1.0,1.5
2025-01-07 11:16:00+00:00,38388.08152993701,38430.31264273121,38353.5288012872,38391.92072200921,500,79.18540820442844,84.66387738992147,0.9352915392681367,38490.231412695415,70.65872835813335,38631.54886941168,38348.91395597915,0.0073430297262204935,38768.98079857312,38337.48129035161,2025-01-07 11:16:00+00:00,11,16,11:16,500.0,76.78384144401207,Other,Normal,None,Other,-1.0,1.5
2025-01-07 11:17:00+00:00,38366.53857879211,38408.7459919701,38332.0052407374,38370.37561635375,500,79.01078984930479,84.55606929723885,0.9344189069569824,38479.37528653404,71.60121589075193,38622.577718315544,38336.17285475254,0.007443074671309192,38759.54950803819,38337.48129035161,2025-01-07 11:17:00+00:00,11,17,11:17,500.0,76.74075123269722,Other,Normal,Downside Stop Hunt,Other,-1.0,1.5
2025-01-07 11:18:00+00:00,38391.32420081081,38433.55888089971,38356.76855346535,38395.163717182535,500,78.85218539109464,84.42645244157757,0.9339748752994178,38471.513478402885,71.79311830091984,38615.099715004726,38327.927241801044,0.007464548369403106,38759.54950803819,38332.0052407374,2025-01-07 11:18:00+00:00,11,18,11:18,500.0,76.79032743436255,Other,Normal,None,Other,-1.0,1.5
2025-01-07 11:19:00+00:00,38299.80351539675,38341.93751266341,38265.33024490584,38303.63387878463,500,82.4937058829233,84.36781379615105,0.9777864587346549,38457.947831403035,76.68642690845071,38611.32068521994,38304.57497758613,0.007976133021412247,38759.54950803819,38332.0052407374,2025-01-07 11:19:00+00:00,11,19,11:19,500.0,76.60726775757212,Other,Normal,Downside False Breakout,Other,-1.0,1.5
2025-01-07 11:20:00+00:00,38330.73792184632,38372.9059503632,38296.23680760523,38334.57137898421,500,82.07766565971247,84.31173850896725,0.9735022324439773,38446.129389060545,76.5699919206874,38599.26937290192,38292.98940521917,0.007966470813831915,38741.48123015244,38265.33024490584,2025-01-07 11:20:00+00:00,11,20,11:20,500.0,76.66914275797171,Other,Normal,None,Other,-1.0,1.5
2025-01-07 11:21:00+00:00,38259.35537146381,38301.4448713224,38224.91850794313,38263.181689632765,500,84.0473231869529,84.29730502106337,0.997034521636866,38432.54004456242,83.75413983965896,38600.04832424174,38265.0317648831,0.008717002804659589,38741.48123015244,38265.33024490584,2025-01-07 11:21:00+00:00,11,21,11:21,500.0,76.52636337926378,Other,Normal,Downside False Breakout,Other,-1.0,-1.0
2025-01-07 11:22:00+00:00,38205.62313755484,38247.65352604499,38171.23463788107,38209.44408196303,500,84.61158951300601,84.2805460054428,1.0039278756872532,38415.50201068275,92.7365522296223,38600.975115142,38230.0289062235,0.009656159349820339,38676.72921704048,38224.91850794313,2025-01-07 11:22:00+00:00,11,22,11:22,500.0,76.4188881639202,Other,Normal,Downside False Breakout,Other,1.5,-1.0
2025-01-07 11:23:00+00:00,38186.36220396794,38228.37140331224,38151.99104086806,38190.18122209015,500,84.02364472237551,84.24431788051285,0.9973805573635205,38397.60879421609,100.05251724626076,38597.71382870861,38197.503759723564,0.010422786250307677,38626.0856377208,38171.23463788107,2025-01-07 11:23:00+00:00,11,23,11:23,500.0,76.3803624441789,Other,Normal,Downside Stop Hunt,Other,1.5,-1.0
2025-01-07 11:24:00+00:00,38269.70402889193,38311.80491341216,38235.2578506481,38273.53138203013,500,86.70936233663531,84.19904702113779,1.0298140585233384,38385.07600817263,99.05642714195537,38583.18886245655,38186.96315388872,0.010322389578790135,38626.0856377208,38151.99104086806,2025-01-07 11:24:00+00:00,11,24,11:24,500.0,76.54706276406068,Other,Normal,None,Other,1.5,-1.0
2025-01-07 11:25:00+00:00,38334.33558330448,38376.507569644746,38299.83123084426,38338.16940024451,500,87.87127842791956,84.16201659448966,1.0440728725798232,38375.67495930758,93.73835636692822,38563.15167204144,38188.198246573724,0.009770601451708725,38626.0856377208,38151.99104086806,2025-01-07 11:25:00+00:00,11,25,11:25,500.0,76.67633880048379,Other,Normal,None,Other,-1.0,1.5
2025-01-07 11:26:00+00:00,38361.81150728269,38404.01372016199,38327.28242401781,38365.6480720899,500,87.07556540765235,84.07880168829288,1.0356423219549373,38367.878082794494,87.22189086632962,38542.321864527155,38193.43430106183,0.009093220185709896,38626.0856377208,38151.99104086806,2025-01-07 11:26:00+00:00,11,26,11:26,500.0,76.73129614417849,Other,Normal,None,Other,-1.0,1.5
2025-01-07 11:27:00+00:00,38375.87531424146,38418.09299885558,38341.33357228444,38379.71328557001,500,86.33869834790131,84.00012051443414,1.0278401723610067,38361.06120168475,80.06608957063887,38521.19338082603,38200.929022543474,0.008348683489196316,38626.0856377208,38151.99104086806,2025-01-07 11:27:00+00:00,11,27,11:27,500.0,76.75942657113774,Other,Normal,None,Other,-1.0,1.5
2025-01-07 11:28:00+00:00,38304.858356112025,38346.99791425956,38270.38053580949,38308.689225034526,500,87.98113059165983,83.9587341605015,1.047909207676581,38351.46827641381,73.71597099281253,38498.90021839944,38204.03633442819,0.007688464020361712,38613.52176560042,38151.99104086806,2025-01-07 11:28:00+00:00,11,28,11:28,500.0,76.61737845007156,Other,Normal,None,Other,-1.0,1.5
2025-01-07 11:29:00+00:00,38311.24653654671,38353.393122395486,38276.76296630679,38315.07804435114,500,87.17034669859079,83.91884683737648,1.0387457643157954,38344.685990175436,70.26245955588394,38485.210909287205,38204.16107106367,0.0073295642138143475,38613.52176560042,38151.99104086806,2025-01-07 11:29:00+00:00,11,29,11:29,500.0,76.63015608869318,Other,Normal,None,Other,-1.0,1.5
2025-01-07 11:30:00+00:00,38290.59385669645,38332.717722325375,38256.12887572733,38294.42329902636,500,86.4145252628376,83.88030819970768,1.0302123003303265,38336.70799518416,66.13659765949868,38468.98119050315,38204.434799865165,0.006900602698364722,38609.51116605989,38151.99104086806,2025-01-07 11:30:00+00:00,11,30,11:30,500.0,76.58884659804608,Lunch Session,Normal,None,Other,-1.0,1.5
2025-01-07 11:31:00+00:00,38259.71846365668,38301.808362956624,38225.281273320354,38263.54481813849,500,85.70827986093997,83.84296560813746,1.022247713201374,38328.70962346021,64.74457254706157,38458.19876855433,38199.220478366085,0.006756770387848577,38588.75496431595,38151.99104086806,2025-01-07 11:31:00+00:00,11,31,11:31,500.0,76.52708963627083,Lunch Session,Normal,None,Other,-1.0,1.5
2025-01-07 11:32:00+00:00,38266.02430307768,38308.12113949471,38231.5814369183,38269.8512882065,500,85.05338148347357,83.80682574564533,1.0148741552580878,38322.96661421719,64.60967304878261,38452.18596031476,38193.74726811962,0.00674370266782167,38588.75496431595,38151.99104086806,2025-01-07 11:32:00+00:00,11,32,11:32,500.0,76.53970257641049,Lunch Session,Normal,None,Other,-1.0,1.5
2025-01-07 11:33:00+00:00,38248.38352373234,38290.46095335141,38213.9565358622,38252.2087446068,500,84.44274119816903,83.7717197053193,1.0080101195870177,38316.78419407258,65.19549887677863,38447.175191826136,38186.39319631902,0.0068059468191868505,38586.59359697469,38151.99104086806,2025-01-07 11:33:00+00:00,11,33,11:33,500.0,76.50441748921003,Lunch Session,Normal,None,Other,-1.0,1.5
2025-01-07 11:34:00+00:00,38282.03010054078,38324.14454509583,38247.572827723016,38285.85868640943,500,83.88052521064351,83.73768222413415,1.0017058387898417,38310.85610696934,62.125527218838734,38435.10716140702,38186.60505253166,0.006486467130400412,38564.71656792304,38151.99104086806,2025-01-07 11:34:00+00:00,11,34,11:34,500.0,76.57171737281169,Lunch Session,Normal,None,Other,-1.0,1.5
2025-01-07 11:35:00+00:00,38208.37159639684,38250.40500849408,38173.98062286273,38212.192815678405,500,85.88034937750503,83.7413255846665,1.0255432282436927,38300.86906841933,61.067266999168446,38423.003602417666,38178.73453442099,0.00637763773872396,38564.71656792304,38151.99104086806,2025-01-07 11:35:00+00:00,11,35,11:35,500.0,76.42438563135511,Lunch Session,Normal,None,Other,-1.0,1.5
2025-01-07 11:36:00+00:00,38211.619882480525,38253.65686804981,38177.225985196565,38215.44142662319,500,85.20538748291501,83.74301464368654,1.0174626247389187,38292.04510365002,59.958425136732515,38411.96195392349,38172.128253376555,0.006263277396068759,38560.10718795408,38151.99104086806,2025-01-07 11:36:00+00:00,11,36,11:36,500.0,76.43088285324484,Lunch Session,Normal,None,Other,-1.0,1.5
2025-01-07 11:37:00+00:00,38178.42469674601,38220.42516395915,38144.06067811708,38182.24292103812,500,84.57389450856923,83.74289838766386,1.009923183182155,38282.638468884245,61.753498382171614,38406.14546564859,38159.1314721199,0.006452376414166351,38554.56695867237,38151.99104086806,2025-01-07 11:37:00+00:00,11,37,11:37,500.0,76.36448584207392,Lunch Session,Normal,Downside Stop Hunt,Other,-1.0,1.5
2025-01-07 11:38:00+00:00,38163.17027865466,38205.153964329744,38128.81999037504,38166.9869773524,500,83.9853287547215,83.70983594659195,1.0032910446546008,38271.22963189273,60.94281247087571,38393.115256834484,38149.34400695098,0.006369569314291371,38539.04827818387,38144.06067811708,2025-01-07 11:38:00+00:00,11,38,11:38,500.0,76.33397395470092,Lunch Session,Normal,Downside Stop Hunt,Other,-1.0,1.5
2025-01-07 11:39:00+00:00,38175.17930935552,38217.1762062855,38140.81821186735,38178.99720907643,500,83.44051915925192,83.67761291368905,0.9971665808072026,38264.99779840732,63.76212828925114,38392.52205498582,38137.47354182882,0.006665321516564099,38492.43718205078,38128.81999037504,2025-01-07 11:39:00+00:00,11,39,11:39,500.0,76.35799441814743,Lunch Session,Normal,None,Other,-1.0,1.5
2025-01-07 11:40:00+00:00,38132.93102839339,38174.881447566535,38098.607958160814,38136.74470286368,500,83.2225714275635,83.63908478643752,0.9950201109931135,38255.1064646013,67.62830876761122,38390.36308213652,38119.84984706607,0.007071297404982166,38492.43718205078,38128.81999037504,2025-01-07 11:40:00+00:00,11,40,11:40,500.0,76.2734894057212,Lunch Session,Normal,Downside Stop Hunt,Other,-1.0,1.5
2025-01-07 11:41:00+00:00,38139.57558937595,38181.53331829715,38105.24653844042,38143.38992836879,500,82.72715774393264,83.58623057839013,0.9897223163610444,38249.1168765381,72.03655749313037,38393.18999152436,38105.04376155184,0.007533408703333293,38461.93576487016,38098.607958160814,2025-01-07 11:41:00+00:00,11,41,11:41,500.0,76.2867798567313,Lunch Session,Normal,None,Other,-1.0,1.5
2025-01-07 11:42:00+00:00,38131.859276782496,38173.80851691097,38097.53717122284,38135.6728440669,500,82.26602831137545,83.53571667918237,0.9848006527233957,38245.42831464329,75.95689733092647,38397.342109305144,38093.51451998144,0.007944154444398572,38450.34552026534,38098.607958160814,2025-01-07 11:42:00+00:00,11,42,11:42,500.0,76.27134568813199,Lunch Session,Normal,Downside Stop Hunt,Other,-1.0,1.5
2025-01-07 11:43:00+00:00,38107.05925815018,38148.981215529886,38072.75947483952,38110.8703451847,500,81.83429348130332,83.45206760390627,0.9806143314473466,38241.462770798025,80.90236153607714,38403.26749387018,38079.65804772587,0.00846226641705318,38450.34552026534,38097.53717122284,2025-01-07 11:43:00+00:00,11,43,11:43,500.0,76.22174069036555,Lunch Session,Normal,Downside Stop Hunt,Other,-1.0,1.5
2025-01-07 11:44:00+00:00,38089.51223628101,38131.41489000629,38055.22824686943,38093.32156843786,500,81.43088988527126,83.35347248298575,0.976934583042033,38232.45228011841,86.95198042744214,38406.35624097329,38058.54831926352,0.009097191024041006,38450.34552026534,38072.75947483952,2025-01-07 11:44:00+00:00,11,44,11:44,500.0,76.1866431368544,Lunch Session,Normal,Downside Stop Hunt,Other,-1.0,1.5
2025-01-07 11:45:00+00:00,38084.00672317863,38125.90332023383,38049.72768922437,38087.8155047291,500,81.05551425128505,83.26038714260942,0.9735183444733708,38219.934585342635,88.92993243121155,38397.79445020506,38042.07472048021,0.009307177879400877,38450.34552026534,38055.22824686943,2025-01-07 11:45:00+00:00,11,45,11:45,500.0,76.17563100946427,Lunch Session,Normal,Downside Stop Hunt,Other,-1.0,1.5
2025-01-07 11:46:00+00:00,38055.156205707644,38097.02106401976,38020.90313981592,38058.96210191784,500,80.70282924789623,83.17235244929307,0.9703083641537924,38204.60028683403,88.92309828016958,38382.44648339437,38026.75409027369,0.009310197998413863,38433.55888089971,38049.72768922437,2025-01-07 11:46:00+00:00,11,46,11:46,500.0,76.11792420384154,Lunch Session,Normal,Downside Stop Hunt,Other,-1.0,-1.0
2025-01-07 11:47:00+00:00,38055.80674419672,38097.67231817272,38021.5530927618,38059.61270546726,500,80.37542897382644,83.08793872406338,0.9673537484273713,38188.5952578289,84.4401526159872,38357.47556306087,38019.71495259693,0.008844541365912083,38433.55888089971,38020.90313981592,2025-01-07 11:47:00+00:00,11,47,11:47,500.0,76.11922541091917,Lunch Session,Normal,None,Other,-1.0,-1.0
2025-01-07 11:48:00+00:00,38045.60243484903,38087.456782962174,38011.35796821101,38049.40737558659,500,80.06995652935078,83.0079565825932,0.9646058019712954,38175.631165356506,84.93403007589853,38345.499225508305,38005.76310520471,0.008899292819339176,38433.55888089971,38020.90313981592,2025-01-07 11:48:00+00:00,11,48,11:48,500.0,76.09881475116708,Lunch Session,Normal,Downside Stop Hunt,Other,-1.0,-1.0
2025-01-07 11:49:00+00:00,38022.73315463119,38064.56234402023,37988.50927240381,38026.535808212015,500,79.78303617842724,82.93203437296341,0.9620291698094074,38161.20405354955,84.50573390471186,38330.21552135897,37992.19258574012,0.00885776389928685,38418.09299885558,38011.35796821101,2025-01-07 11:49:00+00:00,11,49,11:49,500.0,76.05307161642122,Lunch Session,Normal,Downside Stop Hunt,Other,-1.0,-1.0
2025-01-07 11:50:00+00:00,38083.61221444095,38125.50837749313,38049.33353558007,38087.4209565366,500,81.15371711433379,82.88722952624931,0.9790858927023668,38150.853936425054,79.8805824974006,38310.615101419855,37991.09277143025,0.00837523402548361,38418.09299885558,37988.50927240381,2025-01-07 11:50:00+00:00,11,50,11:50,500.0,76.17484191306721,Lunch Session,Normal,None,Other,-1.0,1.5
2025-01-07 11:51:00+00:00,38099.810330548615,38141.72431331049,38065.517071925264,38103.62069261788,500,80.80039741939775,82.84419845963599,0.9753295815731257,38142.85773014902,75.91206822627406,38294.68186660157,37991.03359369648,0.007960816021005172,38418.09299885558,37988.50927240381,2025-01-07 11:51:00+00:00,11,51,11:51,500.0,76.20724138522928,Lunch Session,Normal,None,Other,-1.0,1.5
2025-01-07 11:52:00+00:00,38085.612711155365,38127.51107497402,38051.33223166738,38089.4216533207,500,80.4702864113436,82.77192369110766,0.9721930193581892,38133.83624840474,70.55811632485495,38274.952481054446,37992.72001575503,0.007401103404885486,38418.09299885558,37988.50927240381,2025-01-07 11:52:00+00:00,11,52,11:52,500.0,76.17884330663946,Lunch Session,Normal,None,Other,-1.0,1.5
2025-01-07 11:53:00+00:00,38091.54921378166,38133.45410840628,38057.26339090697,38095.35874965663,500,80.16460291762692,82.67489098264541,0.9696366328980653,38125.99374865722,65.22385816876874,38256.44146499476,37995.54603231969,0.00684298052386521,38418.09299885558,37988.50927240381,2025-01-07 11:53:00+00:00,11,53,11:53,500.0,76.19071749931027,Lunch Session,Normal,None,Other,-1.0,1.5
2025-01-07 11:54:00+00:00,38052.83664469558,38094.6989512354,38018.585666617546,38056.64230892647,500,79.92235149773119,82.57935882171302,0.9678248007505332,38114.532929783076,54.99028540949022,38224.51350060206,38004.552358964094,0.005771056988765647,38418.09299885558,37988.50927240381,2025-01-07 11:54:00+00:00,11,54,11:54,500.0,76.1132846178516,Lunch Session,Squeeze,None,Other,-1.0,1.5
2025-01-07 11:55:00+00:00,38036.600239323074,38078.4446840308,38002.363875471296,38040.40427975105,500,79.6479555735722,82.48944564308484,0.965553289304341,38105.94350298671,52.28300352165043,38210.50951003001,38001.37749594341,0.005488173100088951,38418.09299885558,37988.50927240381,2025-01-07 11:55:00+00:00,11,55,11:55,500.0,76.08080855950539,Lunch Session,Squeeze,None,Other,-1.0,1.5
2025-01-07 11:56:00+00:00,38024.807775680536,38066.63924738096,37990.58202610747,38028.61063674421,500,79.39147455213786,82.40472139204563,0.9634335655893786,38096.601963492765,48.222088412253,38193.046140317274,38000.15778666826,0.005063138015140004,38418.09299885558,37988.50927240381,2025-01-07 11:56:00+00:00,11,56,11:56,500.0,76.05722127349145,Lunch Session,Squeeze,None,Other,-1.0,1.5
2025-01-07 11:57:00+00:00,37977.80799551016,38019.587762281895,37943.624549969645,37981.606156125774,500,79.79108971088277,82.3326641795159,0.9691304235814409,38086.57012524714,50.29331489371672,38187.15675503457,37985.98349545971,0.00528199989952643,38418.09299885558,37988.50927240381,2025-01-07 11:57:00+00:00,11,57,11:57,500.0,75.9632123122501,Lunch Session,Squeeze,Downside False Breakout,Other,-1.0,-1.0
2025-01-07 11:58:00+00:00,37992.90162981088,38034.69800124081,37958.704598640936,37996.70129994088,500,79.5198263458107,82.26443081888148,0.9666368022515894,38078.055841376576,50.37679499210355,38178.80943136078,37977.30225139237,0.00529195032456057,38353.393122395486,37943.624549969645,2025-01-07 11:58:00+00:00,11,58,11:58,500.0,75.99340259987366,Lunch Session,Squeeze,None,Other,-1.0,-1.0
2025-01-07 11:59:00+00:00,37974.07653051853,38015.85219226828,37939.89644363238,37977.87431795033,500,79.26524936653117,82.19964966852848,0.964301547344419,38067.99969682026,49.227327164815485,38166.45435114989,37969.54504249063,0.0051725677794336395,38353.393122395486,37943.624549969645,2025-01-07 11:59:00+00:00,11,59,11:59,500.0,75.95574863589718,Lunch Session,Squeeze,Downside Stop Hunt,Other,-1.0,-1.0
2025-01-07 12:00:00+00:00,37960.960018639424,38002.721250783135,37926.79173779456,37964.75649428885,500,79.02698248239125,82.13805244860178,0.9621238893123586,38059.40028639152,51.553523987305596,38162.507334366135,37956.29323841691,0.005418217165732853,38332.717722325375,37939.89644363238,2025-01-07 12:00:00+00:00,12,0,12:00,500.0,75.92951298857224,Lunch Session,Squeeze,Downside Stop Hunt,Other,1.5,-1.0
2025-01-07 12:01:00+00:00,37939.75640039851,37981.49430622952,37905.60720471858,37943.55075547405,500,78.80270527014471,82.07944689242193,0.9600784149219244,38049.40832774679,53.73797049127561,38156.884268729336,37941.93238676424,0.005649283166601804,38324.14454509583,37926.79173779456,2025-01-07 12:01:00+00:00,12,1,12:01,500.0,75.88710151093983,Lunch Session,Squeeze,Downside Stop Hunt,Other,1.5,-1.0
2025-01-07 12:02:00+00:00,38052.57036870818,38094.43238231511,38018.3196303025,38056.37600630881,500,83.9511996680677,82.11286222992392,1.0223879351933471,38045.44348585888,49.82083812739303,38145.08516211367,37945.80180960409,0.005238034683013991,38324.14454509583,37905.60720471858,2025-01-07 12:02:00+00:00,12,2,12:02,500.0,76.11275201261014,Lunch Session,Squeeze,None,Other,-1.0,1.5
2025-01-07 12:03:00+00:00,38027.744786439165,38069.57948917452,37993.516393292055,38031.547941233286,500,83.38776368338159,82.1426610013896,1.015157807974725,38041.47736566131,47.43860984327768,38136.354585347864,37946.60014597476,0.004988093326375183,38324.14454509583,37905.60720471858,2025-01-07 12:03:00+00:00,12,3,12:03,500.0,76.06309588246222,Lunch Session,Squeeze,None,Other,-1.0,1.5
2025-01-07 12:04:00+00:00,37949.538473027445,37991.287140214496,37915.38047260168,37953.33380640809,500,85.72917117968318,82.21690163968609,1.0427195560760674,38034.47797755982,49.6618297635492,38133.80163708692,37935.15431803272,0.00522282228170459,38324.14454509583,37905.60720471858,2025-01-07 12:04:00+00:00,12,4,12:04,500.0,75.90666761281318,Lunch Session,Squeeze,None,Other,-1.0,-1.0
2025-01-07 12:05:00+00:00,37889.24922912459,37930.93157151086,37855.14549444491,37893.03853297789,500,86.61910980707596,82.31100119811389,1.052339402342986,38024.739128972265,57.18067883874865,38139.10048664976,37910.37777129477,0.0060151028144916074,38253.65686804981,37905.60720471858,2025-01-07 12:05:00+00:00,12,5,12:05,500.0,75.78607706595358,Lunch Session,Normal,Downside False Breakout,Other,1.5,-1.0
2025-01-07 12:06:00+00:00,37918.40874273555,37960.12316379466,37884.278761869005,37922.20096283184,500,85.84948781554601,82.39695225322656,1.0419012532370002,38017.901072017965,60.92733108806407,38139.75573419409,37896.04640984184,0.006410383463584465,38253.65686804981,37855.14549444491,2025-01-07 12:06:00+00:00,12,6,12:06,500.0,75.84440192565671,Lunch Session,Normal,None,Other,1.5,-1.0
2025-01-07 12:07:00+00:00,37969.49847348576,38011.26909886914,37935.32250726301,37973.29580306608,500,86.07939125995688,82.49109255942852,1.0434992262703184,38013.5852268979,60.874285067909014,38135.333797033716,37891.83665676208,0.006405529465801019,38220.42516395915,37855.14549444491,2025-01-07 12:07:00+00:00,12,7,12:07,500.0,75.94659160613082,Lunch Session,Normal,None,Other,1.5,-1.0
2025-01-07 12:08:00+00:00,37943.99923717012,37985.74181058834,37909.8462225552,37947.794016571774,500,85.35197674375578,82.57719247777351,1.0336023081279875,38008.504558947156,61.957917106382006,38132.42039315992,37884.58872473439,0.006520426712426041,38217.1762062855,37855.14549444491,2025-01-07 12:08:00+00:00,12,8,12:08,500.0,75.8955880331414,Lunch Session,Normal,None,Other,1.5,-1.0
2025-01-07 12:09:00+00:00,37992.938675912585,38034.7350880973,37958.74161139781,37996.73834974756,500,85.46548351388245,82.65555476673867,1.0339956431854296,38007.01468602393,61.8596925364601,38130.73407109686,37883.29530095101,0.006510344792663662,38217.1762062855,37855.14549444491,2025-01-07 12:09:00+00:00,12,9,12:09,500.0,75.99347669949202,Lunch Session,Normal,None,Other,1.5,-1.0
2025-01-07 12:10:00+00:00,38021.50452224354,38063.33236000178,37987.28174589589,38025.30705294884,500,84.79299284188328,82.72729909185895,1.0249699164931108,38003.908990844546,59.10843966475181,38122.12587017405,37885.69211151504,0.006221301043426102,38181.53331829715,37855.14549444491,2025-01-07 12:10:00+00:00,12,10,12:10,500.0,76.05061410589406,Lunch Session,Normal,None,Other,1.5,-1.0
2025-01-07 12:11:00+00:00,38014.68102999057,38056.50136115667,37980.46439540012,38018.4828782784,500,84.16756233578776,82.7929544666746,1.0166029570748856,37999.65210012758,54.43001179947419,38108.512123726534,37890.79207652863,0.005729527381572273,38181.53331829715,37855.14549444491,2025-01-07 12:11:00+00:00,12,11,12:11,500.0,76.03696575654612,Lunch Session,Normal,None,Other,1.5,-1.0
2025-01-07 12:12:00+00:00,38005.16158650226,38046.971445233285,37970.95352026779,38008.96248275054,500,83.58544538076703,82.85253021226734,1.0088460203523293,37995.62914159907,50.25949721353962,38096.14813602615,37895.11014717199,0.005291081984850216,38173.80851691097,37855.14549444491,2025-01-07 12:12:00+00:00,12,12,12:12,500.0,76.01792496549751,Lunch Session,Squeeze,None,Other,1.5,-1.0
2025-01-07 12:13:00+00:00,38012.41633263473,38054.23417238461,37978.20173647575,38016.217954430176,500,83.04594470420244,82.9069942636676,1.0016759797140027,37991.67210183774,44.814862055515896,38081.30182594877,37902.04237772671,0.004718387959907353,38148.981215529886,37855.14549444491,2025-01-07 12:13:00+00:00,12,13,12:13,500.0,76.03243590886268,Lunch Session,Squeeze,None,Other,1.5,-1.0
2025-01-07 12:14:00+00:00,38046.165646120615,38088.020613828114,38011.92067254175,38049.97064318493,500,82.54980160292801,82.95672409762189,0.9950947617674124,37991.33851855067,44.32798327177637,38079.99448509423,37902.682552007114,0.004667167307109571,38141.72431331049,37855.14549444491,2025-01-07 12:14:00+00:00,12,14,12:14,500.0,76.09994128636026,Lunch Session,Squeeze,None,Other,1.5,-1.0
2025-01-07 12:15:00+00:00,38061.66479877607,38103.53681725657,38027.40587456476,38065.47134591066,500,82.09131168070522,83.00207689048239,0.9890271997533401,37992.59187185865,46.106992960783735,38084.805857780215,37900.37788593708,0.004854314032198005,38141.72431331049,37855.14549444491,2025-01-07 12:15:00+00:00,12,15,12:15,500.0,76.13094269180874,Lunch Session,Squeeze,None,Other,1.5,-1.0
2025-01-07 12:16:00+00:00,38036.29342456953,38078.13753174726,38002.05733687864,38040.09743431296,500,81.66194619412772,83.04335252364402,0.9833652389079188,37993.16621173709,46.64765516311805,38086.46152206332,37899.87090141085,0.0049111626973280306,38141.72431331049,37855.14549444491,2025-01-07 12:16:00+00:00,12,16,12:16,500.0,76.08019486862031,Lunch Session,Squeeze,None,Other,1.5,-1.0
2025-01-07 12:17:00+00:00,38030.04810992282,38071.8853465674,37995.817643577255,38033.851495072326,500,81.262357393843,83.08087864938634,0.9781114344828037,37995.77847868441,47.42265144664207,38090.6237815777,37900.93317579113,0.004992412667449017,38141.72431331049,37855.14549444491,2025-01-07 12:17:00+00:00,12,17,12:17,500.0,76.0677029901417,Lunch Session,Squeeze,None,Other,1.5,-1.0
2025-01-07 12:18:00+00:00,38105.85140202058,38147.77203062566,38071.552705889146,38109.662368257406,500,83.59508440523521,83.15992696628867,1.005232778031695,38001.42653210023,53.83206249252346,38109.090657085275,37893.76240711519,0.005666320178485853,38141.72431331049,37855.14549444491,2025-01-07 12:18:00+00:00,12,18,12:18,500.0,76.21932473651395,Lunch Session,Normal,Range Raid,Other,1.5,-1.0
2025-01-07 12:19:00+00:00,38115.80647630928,38157.738056591246,38081.49881971494,38119.6184381531,500,83.0696667245972,83.16952631364991,0.9987993247830206,38008.513738110385,59.59069963473596,38127.69513737986,37889.33233884091,0.006271300166624116,38147.77203062566,37855.14549444491,2025-01-07 12:19:00+00:00,12,19,12:19,500.0,76.23923687630304,Lunch Session,Normal,Range Raid,Other,1.5,-1.0
2025-01-07 12:20:00+00:00,38149.33741425265,38191.305882255125,38114.99957679608,38153.1527295256,500,82.58656949134351,83.1780080441771,0.9928894840506463,38017.933549872214,66.76788644816003,38151.469322768535,37884.39777697589,0.00702488328152542,38157.738056591246,37855.14549444491,2025-01-07 12:20:00+00:00,12,20,12:20,500.0,76.30630545904569,Lunch Session,Normal,Range Raid,Other,1.5,-1.0
2025-01-07 12:21:00+00:00,38170.32093090191,38212.31248308112,38135.96420639165,38174.138344736384,500,82.14097714835283,83.14623561020042,0.9879097537673219,38029.462929335336,72.87684946620094,38175.216628267735,37883.709230402936,0.0076653040934726285,38191.305882255125,37855.14549444491,2025-01-07 12:21:00+00:00,12,21,12:21,500.0,76.348276689474,Lunch Session,Normal,Range Raid,Other,1.5,-1.0
2025-01-07 12:22:00+00:00,38181.1383194516,38223.14177194824,38146.77185831797,38184.956815133104,500,81.72875832563297,83.0981884237442,0.9835203375177317,38035.89196977655,80.63467066853929,38197.16131111363,37874.62262843947,0.008479850635038347,38212.31248308112,37855.14549444491,2025-01-07 12:22:00+00:00,12,22,12:22,500.0,76.36991363027482,Lunch Session,Normal,Range Raid,Other,1.5,-1.0
2025-01-07 12:23:00+00:00,38185.670647557294,38227.67908611346,38151.300106920426,38189.48959651694,500,81.3466312447329,83.05357153245018,0.9794477196317759,38043.789052540735,87.61853150393837,38219.026115548615,37868.551989532854,0.009212387481481803,38223.14177194824,37855.14549444491,2025-01-07 12:23:00+00:00,12,23,12:23,500.0,76.37897919303214,Lunch Session,Normal,Range Raid,Other,1.5,-1.0
2025-01-07 12:24:00+00:00,38220.33569211439,38262.3822660331,38185.93394981725,38224.15810792518,500,80.99675159981273,82.95836135350312,0.9763542851897524,38057.330267616584,93.6248641817338,38244.57999598005,37870.08053925312,0.009840402731707044,38227.67908611346,37855.14549444491,2025-01-07 12:24:00+00:00,12,24,12:24,500.0,76.44831621585035,Lunch Session,Normal,Range Raid,Other,1.5,-1.0
2025-01-07 12:25:00+00:00,38248.19479137301,38290.27201336571,38213.76797337897,38252.01999337234,500,80.6758436274506,82.83843744016197,0.9738938362487402,38075.279340636305,94.8726624333745,38265.02466550306,37885.534015769554,0.009966851361441943,38262.3822660331,37855.14549444491,2025-01-07 12:25:00+00:00,12,25,12:25,500.0,76.50403998674301,Lunch Session,Normal,Upside Sweep,Other,1.5,-1.0
2025-01-07 12:26:00+00:00,38258.67215724768,38300.76090549547,38224.235908681294,38262.49840708838,500,80.37935456935932,82.72683392619042,0.9716237253933162,38092.29421284913,96.47565578676202,38285.24552442265,37899.3429012756,0.010130726728895156,38290.27201336571,37855.14549444491,2025-01-07 12:26:00+00:00,12,26,12:26,500.0,76.52499681417248,Lunch Session,Normal,Upside Sweep,Other,1.5,-1.0
2025-01-07 12:27:00+00:00,38232.52125247253,38274.58123184818,38198.10854207427,38236.344886961226,500,80.10030708397002,82.62286073845823,0.9694690593869253,38105.44666704389,97.32574852268588,38300.098164089264,37910.79516999852,0.010216465837348091,38300.76090549547,37855.14549444491,2025-01-07 12:27:00+00:00,12,27,12:27,500.0,76.47268977390922,Lunch Session,Normal,None,Other,1.5,-1.0
2025-01-07 12:28:00+00:00,38247.64745436621,38289.724074228,38213.22112902475,38251.47260162637,500,79.84335266391837,82.48723110632922,0.9679480277498612,38120.63059629662,95.09881464843708,38310.8282255935,37930.432966999746,0.009978724188017665,38300.76090549547,37855.14549444491,2025-01-07 12:28:00+00:00,12,28,12:28,500.0,76.50294520324678,Lunch Session,Normal,None,Other,1.5,-1.0
2025-01-07 12:29:00+00:00,38245.46709705951,38287.54131828839,38211.042734235874,38249.29202626213,500,79.60444062024698,82.36113267169016,0.9665292115100945,38133.25828012235,94.54801432213314,38322.35430876661,37944.16225147808,0.009917643399637523,38300.76090549547,37855.14549444491,2025-01-07 12:29:00+00:00,12,29,12:29,500.0,76.49858405251871,Lunch Session,Normal,None,Other,1.5,-1.0
2025-01-07 12:30:00+00:00,38234.061861339695,38276.12353555458,38199.647764254776,38237.88564990468,500,79.38096424021529,82.24390665464645,0.965189610624249,38143.88720997014,93.7188261989239,38331.32486236799,37956.44955757229,0.009827926103391843,38300.76090549547,37855.14549444491,2025-01-07 12:30:00+00:00,12,30,12:30,500.0,76.47577129980345,Pre-News,Normal,None,Other,1.5,-1.0
2025-01-07 12:31:00+00:00,38337.00301913589,38379.17793994902,38302.49626574333,38340.83710284618,500,83.80320179765258,82.21215535359165,1.0193529343345626,38160.004921198524,98.60835634759266,38357.22163389371,37962.78820850334,0.010336304363819694,38300.76090549547,37855.14549444491,2025-01-07 12:31:00+00:00,12,31,12:31,500.0,76.6816742056908,Pre-News,Normal,Upside False Breakout,Other,-1.0,-1.0
2025-01-07 12:32:00+00:00,38278.428567618976,38320.5390500916,38243.97453650501,38282.25679329831,500,84.73601355076066,82.20686588804644,1.030765649990337,38173.66963672592,95.46169358509005,38364.5930238961,37982.74624955574,0.010002883609937115,38379.17793994902,37855.14549444491,2025-01-07 12:32:00+00:00,12,32,12:32,500.0,76.56451358658524,Pre-News,Normal,None,Other,1.5,-1.0
2025-01-07 12:33:00+00:00,38315.5196766199,38357.670963392855,38281.0322601693,38319.35161178108,500,84.15763424167476,82.20211410543818,1.0237891708445392,38188.82631959346,93.18444324302511,38375.195206079516,38002.45743310741,0.009760388283545255,38379.17793994902,37855.14549444491,2025-01-07 12:33:00+00:00,12,33,12:33,500.0,76.63870322355797,Pre-News,Normal,None,Other,-1.0,-1.0
2025-01-07 12:34:00+00:00,38282.86307092565,38324.97843183975,38248.40504835956,38286.69174009965,500,83.61590204442614,82.19770371933458,1.017253502968088,38200.6623744392,89.58335329426149,38379.82908102772,38021.49566785068,0.009380293191376878,38379.17793994902,37855.14549444491,2025-01-07 12:34:00+00:00,12,34,12:34,500.0,76.57338348019402,Pre-News,Normal,None,Other,1.5,-1.0
2025-01-07 12:35:00+00:00,38288.268820135134,38330.39012796806,38253.80593190819,38292.098029938126,500,83.11363733124357,82.1515918518969,1.011710612754541,38211.99370864058,85.8377443563832,38383.669197353345,38040.31821992781,0.008985424315818858,38379.17793994902,37855.14549444491,2025-01-07 12:35:00+00:00,12,35,12:35,500.0,76.58419605987001,Pre-News,Normal,None,Other,1.5,-1.0
2025-01-07 12:36:00+00:00,38387.125873248,38429.35593471471,38352.574004775226,38390.96496974497,500,86.98108500591067,82.18118681061348,1.0584062895849697,38229.53708541217,84.70420065707927,38398.945486726334,38060.12868409801,0.008862696973582013,38379.17793994902,37884.278761869005,2025-01-07 12:36:00+00:00,12,36,12:36,500.0,76.78192993948323,Pre-News,Normal,Upside False Breakout,Other,-1.0,1.5
2025-01-07 12:37:00+00:00,38350.58456793094,38392.77442994186,38316.065589922,38354.420009931935,500,86.24735322119297,82.20907778915719,1.0491220135371522,38245.56551115516,75.56311983475013,38396.69175082466,38094.43927148566,0.007902941826048965,38429.35593471471,37909.8462225552,2025-01-07 12:37:00+00:00,12,37,12:37,500.0,76.70884001986269,Pre-News,Normal,None,Other,-1.0,1.5
2025-01-07 12:38:00+00:00,38323.21690398696,38365.3766585568,38288.72255933891,38327.049608947855,500,85.56212079238578,82.23535765645161,1.040454169967037,38256.434873189675,70.44708720841828,38397.32904760651,38115.54069877284,0.007365776496626595,38429.35593471471,37909.8462225552,2025-01-07 12:38:00+00:00,12,38,12:38,500.0,76.65409921789251,Pre-News,Normal,None,Other,-1.0,1.5
2025-01-07 12:39:00+00:00,38322.928954490126,38365.08839228384,38288.43486902254,38326.76163065319,500,84.9257923973084,82.26011221041924,1.0324055014667428,38266.79203281468,64.22606071979293,38395.244154254266,38138.33991137509,0.00671350351654435,38429.35593471471,37958.74161139781,2025-01-07 12:39:00+00:00,12,39,12:39,500.0,76.65352326130233,Pre-News,Normal,None,Other,-1.0,1.5
2025-01-07 12:40:00+00:00,38290.85777564404,38332.981931612834,38256.3925571241,38294.68724436847,500,84.33033397526754,82.27857491954764,1.024936735446939,38273.868758556826,58.59647971600078,38391.06171798883,38156.67579912482,0.00612391499648449,38429.35593471471,37970.95352026779,2025-01-07 12:40:00+00:00,12,40,12:40,500.0,76.58937448873621,Pre-News,Normal,None,Other,-1.0,1.5
2025-01-07 12:41:00+00:00,38325.10726842815,38367.26910260684,38290.61122228196,38328.9401624444,500,83.78230157166877,82.2961606500099,1.0180584478051067,38281.60884944223,54.832724196833425,38391.274297835895,38171.943401048564,0.005729406453368706,38429.35593471471,37970.95352026779,2025-01-07 12:41:00+00:00,12,41,12:41,500.0,76.6578803248849,Pre-News,Normal,None,Other,-1.0,1.5
2025-01-07 12:42:00+00:00,38305.009892818925,38347.14961767351,38270.53193611972,38308.84077689661,500,83.27054299896322,82.31290256146968,1.011634147353489,38287.8030475304,50.135881442189884,38388.07481041478,38187.531284646015,0.005237791406307898,38429.35593471471,37970.95352026779,2025-01-07 12:42:00+00:00,12,42,12:42,500.0,76.61768155379104,Pre-News,Squeeze,None,Other,-1.0,1.5
2025-01-07 12:43:00+00:00,38330.45323503118,38372.62095036124,38295.95237703385,38334.286663697545,500,82.7989737367081,82.32898056572644,1.0057087208872513,38295.04290088943,45.42513096483608,38385.8931628191,38204.19263895976,0.004744753108897051,38429.35593471471,37978.20173647575,2025-01-07 12:43:00+00:00,12,43,12:43,500.0,76.66857332739164,Pre-News,Squeeze,None,Other,-1.0,1.5
2025-01-07 12:44:00+00:00,38279.92145552192,38322.03358033547,38245.46608067447,38283.74983050497,500,83.22908868573415,82.35895054573415,1.0105651921768577,38298.02248701842,42.38341832876099,38382.78932367594,38213.255650360894,0.004426695226170296,38429.35593471471,37995.817643577255,2025-01-07 12:44:00+00:00,12,44,12:44,500.0,76.56749966099596,Pre-News,Squeeze,None,Other,-1.0,1.5
2025-01-07 12:45:00+00:00,38211.200645098506,38253.23716946055,38176.80712516593,38215.02214731324,500,84.92291844668452,82.42340728232415,1.0303252588891263,38296.17259471547,45.210102372589816,38386.592799460646,38205.752389970294,0.004722153605379013,38429.35593471471,37995.817643577255,2025-01-07 12:45:00+00:00,12,45,12:45,500.0,76.43004429462599,Pre-News,Squeeze,None,Other,-1.0,1.5
2025-01-07 12:46:00+00:00,38202.8338822606,38244.86120226309,38168.44789316766,38206.65454771537,500,84.31508920730954,82.48361161498103,1.02220413917952,38293.38040174682,48.96761377049924,38391.31562928782,38195.44517420582,0.0051149951513045746,38429.35593471471,37995.817643577255,2025-01-07 12:46:00+00:00,12,46,12:46,500.0,76.41330909543467,Pre-News,Squeeze,None,Other,-1.0,1.5
2025-01-07 12:47:00+00:00,38143.34083844951,38185.302709558906,38109.0083984509,38147.15555400491,500,85.26730778282128,82.56514292846427,1.0327276712486069,38288.920935099,57.715106142522174,38404.35114738404,38173.49072281396,0.00602943146299162,38429.35593471471,37995.817643577255,2025-01-07 12:47:00+00:00,12,47,12:47,500.0,76.29431110800942,Pre-News,Normal,None,Other,-1.0,-1.0
2025-01-07 12:48:00+00:00,38201.67868708768,38243.70473624839,38167.293737774366,38205.499237011376,500,86.07315595858299,82.66519625228482,1.0412260523267551,38286.622266868246,60.1492707148618,38406.92080829797,38166.323725438524,0.006284103130916487,38429.35593471471,38071.552705889146,2025-01-07 12:48:00+00:00,12,48,12:48,500.0,76.41099847402802,Pre-News,Normal,None,Other,-1.0,1.5
2025-01-07 12:49:00+00:00,38143.66373930326,38185.62596563912,38109.33100866482,38147.47848715197,500,86.79423255772393,82.7820495252731,1.048466824093621,38281.531589912745,67.35214032304373,38416.235870558834,38146.82730926666,0.007037559630011429,38429.35593471471,38081.49881971494,2025-01-07 12:49:00+00:00,12,49,12:49,500.0,76.29495697429957,Pre-News,Normal,None,Other,-1.0,1.5
2025-01-07 12:50:00+00:00,38104.48413948423,38146.4032639501,38070.18667401215,38108.29496898113,500,86.11548831358833,82.86474571192733,1.0392295007211143,38275.05205586656,77.27469008922922,38429.60143604502,38120.5026756881,0.00807572410106092,38429.35593471471,38109.0083984509,2025-01-07 12:50:00+00:00,12,50,12:50,500.0,76.21658993795427,Pre-News,Normal,Range Raid,Other,-1.0,1.5
2025-01-07 12:51:00+00:00,38120.62937617169,38162.56626217407,38086.31737853336,38124.44182035372,500,85.41073083695443,82.94158460221995,1.0297697017313603,38264.232291741944,82.54842328829014,38429.32913831853,38099.13544516536,0.008629304009959936,38429.35593471471,38070.18667401215,2025-01-07 12:51:00+00:00,12,51,12:51,500.0,76.24888364071376,Pre-News,Normal,None,Other,-1.0,1.5
2025-01-07 12:52:00+00:00,38098.66435017822,38140.57707223561,38064.37212304034,38102.47459763798,500,84.75317500540562,83.01296607878764,1.020963097800485,38255.243181958926,89.94009369164336,38435.12336934221,38075.36299457564,0.00940421089614803,38429.35593471471,38070.18667401215,2025-01-07 12:52:00+00:00,12,52,12:52,500.0,76.20494919527118,Pre-News,Normal,Range Raid,Other,-1.0,1.5
2025-01-07 12:53:00+00:00,38041.2401031139,38083.08965218223,38006.99956296708,38045.04460757466,500,85.5190221243693,83.10220639890002,1.0290824495545676,38241.52783174861,100.00171627030319,38441.53126428922,38041.524399208,0.010460012655381578,38429.35593471471,38064.37212304034,2025-01-07 12:53:00+00:00,12,53,12:53,500.0,76.0900892151476,Pre-News,Normal,Range Raid,Other,-1.0,-1.0
2025-01-07 12:54:00+00:00,38119.30326793763,38161.238695075066,38084.99246391608,38123.11557949558,500,87.71009822265773,83.2320021776488,1.0538025750654294,38233.3490237184,102.76451024022448,38438.87804419885,38027.820003237954,0.010751295700146279,38429.35593471471,38006.99956296708,2025-01-07 12:54:00+00:00,12,54,12:54,500.0,76.2462311589843,Pre-News,Normal,None,Other,-1.0,1.5
2025-01-07 12:55:00+00:00,38081.52161414277,38123.41547730464,38047.24481701033,38085.33014715749,500,86.88585265634708,83.35263379569504,1.0423888088445086,38223.01062957937,106.86214458294744,38436.734918745264,38009.28634041347,0.011183017017529424,38429.35593471471,38006.99956296708,2025-01-07 12:55:00+00:00,12,55,12:55,500.0,76.17066029430862,Pre-News,Normal,None,Other,-1.0,1.5
2025-01-07 12:56:00+00:00,38074.429293941306,38116.31535477072,38040.15888053542,38078.23711765307,500,86.11946848341518,83.464767027883,1.0318062525070648,38207.37423697477,103.82972266214199,38415.03368229906,37999.714791650484,0.01087012386856602,38429.35593471471,38006.99956296708,2025-01-07 12:56:00+00:00,12,56,12:56,500.0,76.15647423530027,Pre-News,Normal,None,Other,-1.0,-1.0
2025-01-07 12:57:00+00:00,38066.84590772063,38108.72362599095,38032.58232004492,38070.65297301793,500,85.40674258788728,83.55836124249974,1.0221208424615131,38193.185885129074,102.05150221059762,38397.28888955027,37989.08288070788,0.010687927686109289,38429.35593471471,38006.99956296708,2025-01-07 12:57:00+00:00,12,57,12:57,500.0,76.14130594602466,Pre-News,Normal,None,Other,-1.0,-1.0
2025-01-07 12:58:00+00:00,38094.27568298756,38136.18357702824,38059.98740604517,38098.08549153671,500,84.74884461611477,83.6455115470048,1.013190583077371,38181.73767925852,99.04253018383511,38379.822739626194,37983.65261889085,0.01037590599106124,38429.35593471471,38006.99956296708,2025-01-07 12:58:00+00:00,12,58,12:58,500.0,76.19617098307208,Pre-News,Normal,None,Other,-1.0,1.5
2025-01-07 12:59:00+00:00,38112.27385825044,38154.20155226391,38077.96938133032,38116.08546679712,500,84.14051078164911,83.72676590392345,1.004941608257035,38171.203871065714,93.87507856643822,38358.95402819859,37983.45371393284,0.009837266739977929,38429.35593471471,38006.99956296708,2025-01-07 12:59:00+00:00,12,59,12:59,500.0,76.23217093359563,Pre-News,Normal,None,Other,-1.0,1.5
2025-01-07 13:00:00+00:00,38081.15642351926,38123.04988493127,38046.87995509125,38084.96492001126,500,83.57118357153274,83.80250258874246,0.9972397122989882,38160.71775484785,91.025709980418,38342.76917480869,37978.66633488701,0.009541299570431143,38429.35593471471,38006.99956296708,2025-01-07 13:00:00+00:00,13,0,13:00,500.0,76.1699298400199,Pre-News,Normal,None,Other,-1.0,1.5
2025-01-07 13:01:00+00:00,38069.13125688641,38111.01148929222,38034.86561219074,38072.938550741485,500,83.04080453795758,83.87313757653935,0.9900762858928198,38147.91767426271,83.84116771348161,38315.600009689675,37980.235338835744,0.008791165843376863,38429.35593471471,38006.99956296708,2025-01-07 13:01:00+00:00,13,1,13:01,500.0,76.14587710148044,Pre-News,Normal,None,Other,-1.0,-1.0
2025-01-07 13:02:00+00:00,38060.87410390458,38102.745252533736,38026.61589138982,38064.68057196178,500,82.5471300098119,83.84973641556842,0.98446499104898,38135.70966401596,76.64303677031283,38288.99573755659,37982.42359047533,0.008038978421595542,38429.35593471471,38006.99956296708,2025-01-07 13:02:00+00:00,13,2,13:02,500.0,76.12936114391778,Pre-News,Normal,None,Other,-1.0,-1.0
2025-01-07 13:03:00+00:00,38089.77173049243,38131.67466968989,38055.48750751269,38093.58108860129,500,82.09284659319681,83.82815446406534,0.979299223727842,38123.674385261154,61.15294888616084,38245.980283033474,38001.368487488835,0.006416270191396014,38429.35593471471,38006.99956296708,2025-01-07 13:03:00+00:00,13,3,13:03,500.0,76.18716217720066,Pre-News,Normal,None,Other,-1.0,1.5
2025-01-07 13:04:00+00:00,38045.67705600912,38087.53148621375,38011.43252220534,38049.482004209545,500,82.09682657910803,83.76761538738907,0.9800544780873328,38111.960993946384,50.361989899592515,38212.68497374557,38011.2370141472,0.00528568864851561,38429.35593471471,38006.99956296708,2025-01-07 13:04:00+00:00,13,4,13:04,500.0,76.09896400841535,Pre-News,Squeeze,None,Other,-1.0,-1.0
2025-01-07 13:05:00+00:00,38122.91619356526,38164.85559531835,38088.602137585454,38126.72886645191,500,84.47373833122944,83.73185919612497,1.008860177502649,38107.546329903314,44.36509655779938,38196.27652301891,38018.81613678772,0.00465683055778214,38429.35593471471,38006.99956296708,2025-01-07 13:05:00+00:00,13,5,13:05,500.0,76.25345773289882,Pre-News,Squeeze,None,Other,-1.0,1.5
2025-01-07 13:06:00+00:00,38094.36583413442,38136.27382735128,38060.07747604789,38098.17565169959,500,83.8824964006696,83.69907600587703,1.0021914267581602,38102.12238510252,37.74844805954035,38177.6192812216,38026.62548898344,0.0039628709055116,38429.35593471471,38006.99956296708,2025-01-07 13:06:00+00:00,13,6,13:06,500.0,76.19635130339157,Pre-News,Squeeze,None,Other,-1.0,1.5
2025-01-07 13:07:00+00:00,38094.41347510168,38136.321520728845,38060.12507413398,38098.22329743142,500,83.33349284311193,83.65331103226296,0.9961768615586812,38099.67577227385,36.231317932789494,38172.13840813943,38027.21313640827,0.003803845276726135,38392.77442994186,38006.99956296708,2025-01-07 13:07:00+00:00,13,7,13:07,500.0,76.19644659486221,Pre-News,Squeeze,None,Other,-1.0,1.5
2025-01-07 13:08:00+00:00,38050.63048170918,38092.490361227006,38016.38148937641,38054.43592530171,500,83.22694392967615,83.61789381869495,0.9953245666547584,38092.12260668837,27.76640476850143,38147.655416225374,38036.58979715136,0.0029157109521250613,38372.62095036124,38006.99956296708,2025-01-07 13:08:00+00:00,13,8,13:08,500.0,76.10887185059983,Pre-News,Squeeze,None,Other,-1.0,1.5
2025-01-07 13:09:00+00:00,38001.6467753304,38043.45276738246,37967.44187274234,38005.447320062405,500,83.49602311751144,83.58506947875544,0.9989346618744316,38085.02104833389,30.854651300112792,38146.730350934115,38023.31174573366,0.003240607509283516,38372.62095036124,38006.99956296708,2025-01-07 13:09:00+00:00,13,9,13:09,500.0,76.0108946401233,Pre-News,Squeeze,None,Other,-1.0,1.5
2025-01-07 13:10:00+00:00,37968.81126628415,38010.581135664,37934.635918609725,37972.60852713687,500,82.95667982728004,83.5544642618454,0.9928455715700361,38078.236726241674,39.244536760091066,38156.72579976186,37999.74765272149,0.004122516180802745,38372.62095036124,37967.44187274234,2025-01-07 13:10:00+00:00,13,10,13:10,500.0,75.94521705427178,Pre-News,Squeeze,Downside Stop Hunt,Other,-1.0,1.5
2025-01-07 13:11:00+00:00,37932.35885101397,37974.088618726855,37898.216313794335,37936.1524662606,500,82.4506530490829,83.52584910706697,0.9871273854803219,38068.822258537024,48.95912463422291,38166.74050780547,37970.904009268575,0.005144275207856748,38372.62095036124,37934.635918609725,2025-01-07 13:11:00+00:00,13,11,13:11,500.0,75.87230493251991,Pre-News,Squeeze,Downside Stop Hunt,Other,-1.0,1.5
2025-01-07 13:12:00+00:00,37917.02752761207,37958.7404291826,37882.89878996345,37920.81960957302,500,81.97858063265915,83.49906802793184,0.9817903668725492,38059.739509133775,58.33898184568367,38176.417472825146,37943.061545442404,0.006131306477458664,38372.62095036124,37898.216313794335,2025-01-07 13:12:00+00:00,13,12,13:12,500.0,75.84163921915024,Pre-News,Normal,Downside Stop Hunt,Other,-1.0,1.5
2025-01-07 13:13:00+00:00,37880.3050482155,37921.97755101881,37846.20936410369,37884.093457561255,500,81.53498108140636,83.47388530088523,0.9767723257101307,38051.691951633096,70.33963879099916,38192.371229215096,37911.0126740511,0.007394114183454165,38372.62095036124,37882.89878996345,2025-01-07 13:13:00+00:00,13,13,13:13,500.0,75.76818691512017,Pre-News,Normal,Downside Stop Hunt,Other,-1.0,1.5
2025-01-07 13:14:00+00:00,37907.04101986729,37948.74293518067,37872.92127097452,37910.8321030776,500,81.12688701888823,83.45017005781791,0.9721596368549038,38041.0777778122,74.86569712695722,38190.80917206611,37891.34638355829,0.007872090014297306,38322.03358033547,37846.20936410369,2025-01-07 13:14:00+00:00,13,14,13:14,500.0,75.82166420615249,Pre-News,Normal,None,Other,-1.0,1.5
2025-01-07 13:15:00+00:00,37877.75080952862,37919.42050238838,37843.65742446153,37881.53896342496,500,80.74375779802791,83.42771082643996,0.967828998280971,38030.88821862558,82.04953519702457,38194.98728901963,37866.78914823153,0.008629778481675354,38253.23716946055,37846.20936410369,2025-01-07 13:15:00+00:00,13,15,13:15,500.0,75.76307792684383,Pre-News,Normal,Downside Stop Hunt,Other,-1.0,1.5
2025-01-07 13:16:00+00:00,37844.28865586916,37885.921536678696,37810.22538975227,37848.073463215485,500,80.3832141643422,83.40639862594352,0.9637535667358145,38019.3800359037,90.73992606411235,38200.859888031926,37837.90018377547,0.009546702337431451,38244.86120226309,37843.65742446153,2025-01-07 13:16:00+00:00,13,16,13:16,500.0,75.6961469264279,Pre-News,Normal,Downside Stop Hunt,Other,-1.0,1.5
2025-01-07 13:17:00+00:00,37829.79824649422,37871.415186259335,37795.74802305003,37833.58160465468,500,80.04635338183961,83.38613189241013,0.9599480341062023,38007.526467485535,98.8148057172278,38205.156078919994,37809.89685605108,0.01039949872052451,38243.70473624839,37810.22538975227,2025-01-07 13:17:00+00:00,13,17,13:17,500.0,75.66716320930573,Pre-News,Normal,Downside Stop Hunt,Other,-1.0,-1.0
2025-01-07 13:18:00+00:00,37867.754467755214,37909.41316353932,37833.67008029549,37871.54162191741,500,79.7452966320395,83.32196876285688,0.9570740804145307,37996.19927400457,100.8510589913261,38197.90139198722,37794.49715602191,0.010616962845578686,38243.70473624839,37795.74802305003,2025-01-07 13:18:00+00:00,13,18,13:18,500.0,75.7430832438331,Pre-News,Normal,None,Other,-1.0,1.5
2025-01-07 13:19:00+00:00,37876.27098102771,37917.93904591332,37842.17892793947,37880.0589869264,500,79.46064101359728,83.2618183343402,0.954346693396976,37984.39795001103,99.88894570158648,38184.1758414142,37784.620058607856,0.010518944734419057,38185.62596563912,37795.74802305003,2025-01-07 13:19:00+00:00,13,19,13:19,500.0,75.76011797384854,Pre-News,Normal,None,Other,-1.0,1.5
2025-01-07 13:20:00+00:00,37872.87402842735,37914.53835629141,37838.78503290222,37876.66169459681,500,79.19583261185379,83.20530605301538,0.95181228660337,37973.982788740315,99.7106607782601,38173.40411029683,37774.5614671838,0.010503050083840471,38164.85559531835,37795.74802305003,2025-01-07 13:20:00+00:00,13,20,13:20,500.0,75.75332338918815,Pre-News,Normal,None,Other,-1.0,1.5
2025-01-07 13:21:00+00:00,37819.017562287285,37860.622642113776,37784.97704242924,37822.79984227151,500,80.08789115154823,83.17108795306864,0.9629294641034374,37961.47585331681,102.29927030144759,38166.074393919705,37756.87731271392,0.01077927219655322,38164.85559531835,37795.74802305003,2025-01-07 13:21:00+00:00,13,21,13:21,500.0,75.64559968453977,Pre-News,Normal,Downside Stop Hunt,Other,-1.0,1.5
2025-01-07 13:22:00+00:00,37776.2038934308,37817.761873511576,37742.20190972834,37779.98189161996,500,80.12432267952114,83.14434735896678,0.9636773301448022,37947.24091929973,106.88750865732784,38161.015936614385,37733.46590198507,0.011266959712263632,38164.85559531835,37784.97704242924,2025-01-07 13:22:00+00:00,13,22,13:22,500.0,75.5599637832347,Pre-News,Normal,Downside False Breakout,Other,-1.0,1.5
2025-01-07 13:23:00+00:00,37728.318556454185,37769.823857396375,37694.35967386512,37732.09176563075,500,80.5170294706154,83.13052066273147,0.9685615924057632,37929.16645315119,111.31128407230598,38151.7890212958,37706.543885006584,0.01173885898175929,38164.85559531835,37742.20190972834,2025-01-07 13:23:00+00:00,13,23,13:23,500.0,75.46418353125773,Pre-News,Normal,Downside False Breakout,Other,-1.0,-1.0
2025-01-07 13:24:00+00:00,37778.03386556091,37819.593858812346,37744.03023471882,37781.81204676558,500,81.0159625928283,83.13084084594841,0.9745596431889912,37915.782955279,112.17208730189557,38140.12712988279,37691.438780675206,0.01183381468706071,38164.85559531835,37694.35967386512,2025-01-07 13:24:00+00:00,13,24,13:24,500.0,75.56362409352732,Pre-News,Normal,None,Other,-1.0,1.5
2025-01-07 13:25:00+00:00,37798.460798058855,37840.04326318323,37764.43878113891,37802.24102216107,500,80.62942826793487,83.13006725662315,0.9699189586726932,37899.55856306445,103.16005482147925,38105.87867270741,37693.23845342149,0.010887731544400321,38164.85559531835,37694.35967386512,2025-01-07 13:25:00+00:00,13,25,13:25,500.0,75.60448204432032,Pre-News,Normal,None,Other,-1.0,1.5
2025-01-07 13:26:00+00:00,37766.28455655571,37807.83162427469,37732.29150114927,37770.06156271198,500,80.26590647204057,83.12817645500117,0.9655679926467532,37883.15285861508,95.73420544114212,38074.621269497366,37691.6844477328,0.010108367252159252,38164.85559531835,37694.35967386512,2025-01-07 13:26:00+00:00,13,26,13:26,500.0,75.54012312541454,Pre-News,Normal,None,Other,-1.0,1.5
2025-01-07 13:27:00+00:00,37745.353801549485,37786.87784313534,37711.379585706505,37749.12871442093,500,79.92536011181174,83.12526067213187,0.9615050763817585,37865.698129464545,85.7626927593964,38037.223514983336,37694.17274394575,0.009059671100336671,38164.85559531835,37694.35967386512,2025-01-07 13:27:00+00:00,13,27,13:27,500.0,75.49825742883695,Pre-News,Normal,None,Other,-1.0,-1.0
2025-01-07 13:28:00+00:00,37714.592926619946,37756.08312785935,37680.64639833316,37718.36476309625,500,79.60474364140973,83.12128385509006,0.9576938655108972,37848.89457135428,79.53401254617552,38007.96259644663,37689.826546261924,0.008405425146167622,38164.85559531835,37694.35967386512,2025-01-07 13:28:00+00:00,13,28,13:28,500.0,75.43672952618363,Pre-News,Normal,Downside Stop Hunt,Other,1.5,-1.0
2025-01-07 13:29:00+00:00,37681.5746392134,37723.02851670428,37647.65783035722,37685.34317353075,500,79.30231097752798,83.11624836104473,0.9541132154214954,37832.889364027695,78.57429848067859,37990.03796098905,37675.74076706634,0.008307512304929954,38164.85559531835,37680.64639833316,2025-01-07 13:29:00+00:00,13,29,13:29,500.0,75.3706863470652,Pre-News,Normal,Downside Stop Hunt,Other,1.5,-1.0
2025-01-07 13:30:00+00:00,37699.30049054042,37740.77386841781,37665.367726822566,37703.07079762019,500,79.02401316450782,83.1102991764496,0.9508329767497735,37819.41247755186,76.43482724911942,37972.282132050095,37666.54282305362,0.008084189810668009,38164.85559531835,37647.65783035722,2025-01-07 13:30:00+00:00,13,30,13:30,500.0,75.40614159524557,Post-News,Normal,None,Other,1.5,-1.0
2025-01-07 13:31:00+00:00,37688.83902094159,37730.300890051534,37654.915673488,37692.60828176977,500,78.76409912158103,83.02631413184842,0.9486642872824769,37807.23526832731,76.2574462730843,37959.75016087348,37654.720375781144,0.008068026739523958,38164.85559531835,37647.65783035722,2025-01-07 13:31:00+00:00,13,31,13:31,500.0,75.3852165635326,Post-News,Normal,None,Other,1.5,-1.0
2025-01-07 13:32:00+00:00,37767.73516921145,37809.28383276394,37733.74080812305,37771.5123204435,500,81.47205996962326,82.97191490549613,0.9819233419214057,37799.76990387084,71.72640166842699,37943.22270720769,37656.31710053398,0.007590141617352281,38164.85559531835,37647.65783035722,2025-01-07 13:32:00+00:00,13,32,13:32,500.0,75.54302464088687,Post-News,Normal,None,Other,1.5,-1.0
2025-01-07 13:33:00+00:00,37815.36611504182,37856.96717787464,37781.32888181495,37819.1480298448,500,81.75654550258882,82.9318967598447,0.9858275126558425,37796.52263248502,69.13107757995172,37934.78478764492,37658.26047732512,0.007316130984021694,38164.85559531835,37647.65783035722,2025-01-07 13:33:00+00:00,13,33,13:33,500.0,75.63829605968931,Post-News,Normal,None,Other,1.5,-1.0
2025-01-07 13:34:00+00:00,37865.29568049411,37906.95167134173,37831.21350616423,37869.082588752986,500,82.18848093075619,82.9081064079502,0.9913202036764284,37794.43515676879,66.0598424672201,37926.55484170323,37662.31547183435,0.006991488793861733,38164.85559531835,37647.65783035722,2025-01-07 13:34:00+00:00,13,34,13:34,500.0,75.73816517749947,Post-News,Normal,None,Other,1.5,-1.0
2025-01-07 13:35:00+00:00,37891.10425524224,37932.78863836131,37856.99885087208,37894.8937446167,500,81.73143139921858,82.88506964241644,0.986081471027594,37795.10289582838,67.04675908743748,37929.19641400325,37661.00937765351,0.007095814425718755,38164.85559531835,37647.65783035722,2025-01-07 13:35:00+00:00,13,35,13:35,500.0,75.78978748922964,Post-News,Normal,None,Other,1.5,-1.0
2025-01-07 13:36:00+00:00,37875.47137312692,37917.13855835587,37841.380039757765,37879.25929905682,500,81.30479477056782,82.79046480516074,0.9820550586581523,37796.662187620444,68.68612115827817,37934.034429937,37659.28994530389,0.007269014477238486,38136.321520728845,37647.65783035722,2025-01-07 13:36:00+00:00,13,36,13:36,500.0,75.75851859810791,Post-News,Normal,None,Other,1.5,-1.0
2025-01-07 13:37:00+00:00,37898.49873657669,37940.1912544387,37864.38667650776,37902.28896547324,500,80.91192213916581,82.70154095379363,0.9783605142783531,37800.09755566137,72.2553291895432,37944.608214040454,37655.58689728229,0.007646046847698696,38136.321520728845,37647.65783035722,2025-01-07 13:37:00+00:00,13,37,13:37,500.0,75.80457793093956,Post-News,Normal,None,Other,1.5,-1.0
2025-01-07 13:38:00+00:00,37885.65966140323,37927.33805487012,37851.5591576576,37889.44860626386,500,80.54527750154824,82.61792689894632,0.9749128370174038,37800.992904878694,73.29074830881135,37947.57440149632,37654.41140826107,0.00775543102724731,38092.490361227006,37647.65783035722,2025-01-07 13:38:00+00:00,13,38,13:38,500.0,75.77889721251995,Post-News,Normal,None,Other,1.5,-1.0
2025-01-07 13:39:00+00:00,37947.85359527757,37989.600408913735,37913.69711139344,37951.64876015359,500,81.94574358357153,82.56825941871737,0.9924605915211442,37804.57239354005,78.8898728015777,37962.35213914321,37646.7926479369,0.008347124996452328,38043.45276738246,37647.65783035722,2025-01-07 13:39:00+00:00,13,39,13:39,500.0,75.90329752029356,Post-News,Normal,None,Other,1.5,-1.0
2025-01-07 13:40:00+00:00,37963.57786554869,38005.341977612,37929.40722840599,37967.374603009,500,81.51638684231725,82.52136029983487,0.9878216566733009,37809.10803896066,85.57695185153669,37980.26194266373,37637.95413525758,0.009053580609556173,38010.581135664,37647.65783035722,2025-01-07 13:40:00+00:00,13,40,13:40,500.0,75.93474920601147,Post-News,Normal,None,Other,1.5,-1.0
2025-01-07 13:41:00+00:00,37973.919047430085,38015.6945359311,37939.73910229288,37977.71681911199,500,81.1191758991675,82.47697487195984,0.9835372359994988,37816.85388780268,93.52353232048722,38003.900952443655,37629.80682316171,0.009892259424642594,38005.341977612,37647.65783035722,2025-01-07 13:41:00+00:00,13,41,13:41,500.0,75.95543363822071,Post-News,Normal,Range Raid,Other,1.5,-1.0
2025-01-07 13:42:00+00:00,37979.12459037746,38020.90580554839,37944.93995978306,37982.92288266573,500,80.75108088960752,82.43498383680392,0.9795729571497216,37827.00093735497,100.09113886755432,38027.18321509008,37626.81865961986,0.010584094576603214,38015.6945359311,37647.65783035722,2025-01-07 13:42:00+00:00,13,42,13:42,500.0,75.96584576532769,Post-News,Normal,Range Raid,Other,-1.0,-1.0
2025-01-07 13:43:00+00:00,38045.65638428653,38087.51079174999,38011.41186908916,38049.46133041957,500,82.45371147494018,82.42922946577444,1.0002970064056695,37842.86941559441,109.01259924493101,38060.894614084275,37624.844217104546,0.011522656809952134,38020.90580554839,37647.65783035722,2025-01-07 13:43:00+00:00,13,43,13:43,500.0,76.09892266082898,Post-News,Normal,Range Raid,Other,-1.0,1.5
2025-01-07 13:44:00+00:00,37991.52741052418,38033.32227016171,37957.33161627528,37995.3269432185,500,83.14485452275049,82.42782556305806,1.0086988702515742,37853.54516041706,113.09685043293142,38079.73886128292,37627.351459551195,0.011950991639345418,38087.51079174999,37647.65783035722,2025-01-07 13:44:00+00:00,13,44,13:44,500.0,75.99065388643066,Post-News,Normal,None,Other,-1.0,-1.0
2025-01-07 13:45:00+00:00,38061.8116209083,38103.6838009093,38027.55256454385,38065.618182726575,500,84.94571189189689,82.4282054538116,1.0305418081617217,37866.71401844534,121.80690710106211,38110.32783264746,37623.100204243216,0.012866910716544113,38087.51079174999,37647.65783035722,2025-01-07 13:45:00+00:00,13,45,13:45,500.0,76.1312363654506,Post-News,Normal,Range Raid,Other,-1.0,1.5
2025-01-07 13:46:00+00:00,38055.10747837013,38096.9722830768,38020.854456337394,38058.9133697071,500,84.31514866671898,82.42820644480177,1.022891948075818,37881.15660879509,126.76722447875548,38134.69105775261,37627.62215983758,0.013385781832155037,38103.6838009093,37647.65783035722,2025-01-07 13:46:00+00:00,13,46,13:46,500.0,76.11782673940615,Post-News,Normal,None,Other,-1.0,1.5
2025-01-07 13:47:00+00:00,38002.01395090095,38043.82034688653,37967.80871782183,38005.81453235418,500,84.8001131823301,82.4204198681269,1.028872618193534,37893.99089969176,125.68601383389722,38145.36292735955,37642.618872023966,0.013267118173601346,38103.6838009093,37647.65783035722,2025-01-07 13:47:00+00:00,13,47,13:47,500.0,76.01162906470563,Post-News,Normal,None,Other,-1.0,1.5
2025-01-07 13:48:00+00:00,37973.81895092056,38015.59432930441,37939.63909587923,37977.61671259182,500,84.16833605681927,82.38867286976418,1.021600823572778,37906.95349716653,119.85312622615388,38146.65974961883,37667.24724471422,0.01264708610625878,38103.6838009093,37647.65783035722,2025-01-07 13:48:00+00:00,13,48,13:48,500.0,75.95523342517845,Post-News,Normal,None,Other,-1.0,1.5
2025-01-07 13:49:00+00:00,37911.562322524085,37953.26921176778,37877.43850405196,37915.35385790988,500,85.3118983770364,82.36396730008605,1.0357915138571436,37918.45403138549,107.90952600007603,38134.27308338564,37702.63497938534,0.011383325481651552,38103.6838009093,37647.65783035722,2025-01-07 13:49:00+00:00,13,49,13:49,500.0,75.83070771581697,Post-News,Normal,None,Other,-1.0,-1.0
2025-01-07 13:50:00+00:00,37936.73093733184,37978.46551482065,37902.58446484099,37940.524989830825,500,84.63826634865238,82.33934693400379,1.0279200588813415,37930.326740996024,95.28981151126501,38120.906364018556,37739.74711797349,0.010048931258825585,38103.6838009093,37647.65783035722,2025-01-07 13:50:00+00:00,13,50,13:50,500.0,75.88104997966002,Post-News,Normal,None,Other,-1.0,1.5
2025-01-07 13:51:00+00:00,37897.74091436829,37939.43259854251,37863.62953640756,37901.53106747504,500,84.08520828255304,82.31725489143042,1.021477312301709,37940.772880281285,77.68340058970765,38096.1396814607,37785.40607910187,0.008189965010447223,38103.6838009093,37647.65783035722,2025-01-07 13:51:00+00:00,13,51,13:51,500.0,75.80306213494623,Post-News,Normal,None,Other,-1.0,-1.0
2025-01-07 13:52:00+00:00,37904.51262021632,37946.211754011936,37870.395147110816,37908.303450561376,500,83.494593898165,82.29627853964308,1.0145609908465627,37947.61243678718,67.32835482375854,38082.2691464347,37812.95572713966,0.00709697928278514,38103.6838009093,37647.65783035722,2025-01-07 13:52:00+00:00,13,52,13:52,500.0,75.8166069011204,Post-News,Normal,None,Other,-1.0,-1.0
2025-01-07 13:53:00+00:00,37947.90843145504,37989.65530541702,37913.7518982134,37951.703601815214,500,83.34154110941363,82.25998718939383,1.013147995240136,37954.240215385704,60.159491835142944,38074.55919905599,37833.921231715416,0.006340213003210819,38103.6838009093,37647.65783035722,2025-01-07 13:53:00+00:00,13,53,13:53,500.0,75.90340720362292,Post-News,Normal,None,Other,-1.0,1.5
2025-01-07 13:54:00+00:00,37922.79458748188,37964.5138334527,37888.66065896029,37926.587246206494,500,82.80665777962774,82.17826318200999,1.0076467252200985,37957.11544825837,57.175468952416715,38071.46638616321,37842.76451035354,0.006025270179485179,38103.6838009093,37647.65783035722,2025-01-07 13:54:00+00:00,13,54,13:54,500.0,75.8531744924112,Post-News,Normal,None,Other,-1.0,-1.0
2025-01-07 13:55:00+00:00,37913.00783720156,37954.71631667043,37878.88271763612,37916.79951715328,500,82.30858215496175,82.10197534032024,1.002516465819307,37958.21073688521,56.12087120057495,38070.45247928636,37845.96899448406,0.0059139638155853375,38103.6838009093,37647.65783035722,2025-01-07 13:55:00+00:00,13,55,13:55,500.0,75.83359903430392,Post-News,Normal,None,Other,-1.0,-1.0
2025-01-07 13:56:00+00:00,37864.00411550325,37905.6586854873,37829.92310369812,37867.79089459271,500,82.63485581926165,82.04389846258434,1.0072029409590624,37957.637316661996,57.021387322700825,38071.6800913074,37843.594542016595,0.006008950119523909,38103.6838009093,37647.65783035722,2025-01-07 13:56:00+00:00,13,56,13:56,500.0,75.73558178918029,Post-News,Normal,None,Other,1.5,-1.0
2025-01-07 13:57:00+00:00,37849.68071022477,37891.31952288728,37815.61259077362,37853.46605683045,500,82.1400041260043,81.98945282155296,1.001836227700885,37955.196171229865,60.45718850953577,38076.11054824894,37834.281794210794,0.006371426798775165,38103.6838009093,37647.65783035722,2025-01-07 13:57:00+00:00,13,57,13:57,500.0,75.7069321136587,Post-News,Normal,None,Other,1.5,-1.0
2025-01-07 13:58:00+00:00,37947.61165283186,37989.35820030472,37913.4553867177,37951.40679351121,500,85.97944265088015,82.00996278879906,1.0484024102328118,37958.294080592226,58.465481243321044,38075.22504307887,37841.36311810558,0.006161023055376431,38103.6838009093,37647.65783035722,2025-01-07 13:58:00+00:00,13,58,13:58,500.0,75.90281358701759,Post-News,Normal,None,Other,-1.0,1.5
2025-01-07 13:59:00+00:00,37977.52361731878,38019.303071243216,37943.34042774423,37981.32174949373,500,85.2639569971733,82.02868689239111,1.0394407155270735,37959.777730059235,58.664131594827715,38077.10599324889,37842.44946686958,0.006181714973359781,38103.6838009093,37647.65783035722,2025-01-07 13:59:00+00:00,13,59,13:59,500.0,75.96264349898411,Post-News,Normal,None,Other,-1.0,1.5
2025-01-07 14:00:00+00:00,37967.8508188495,38009.61963163151,37933.67633566422,37971.64798364787,500,84.59819549503892,82.0458037577829,1.0311093513666005,37959.99139909118,58.701028293812534,38077.39345567881,37842.589342503554,0.0061855681342666445,38103.6838009093,37654.915673488,2025-01-07 14:00:00+00:00,14,0,14:00,500.0,75.94329596729222,Post-News,Normal,None,Other,-1.0,1.5
2025-01-07 14:01:00+00:00,37945.01288859597,37986.756577142274,37910.85896160353,37948.80776937291,500,83.97672549816062,82.06140244045294,1.023340120942943,37958.54594660422,58.597422313162056,38075.74079123055,37841.351101977896,0.006174885876354865,38103.6838009093,37654.915673488,2025-01-07 14:01:00+00:00,14,1,14:01,500.0,75.89761553874268,Post-News,Normal,None,Other,-1.0,1.5
2025-01-07 14:02:00+00:00,37943.77463418152,37985.51696051175,37909.62182172951,37947.56939112063,500,83.39946930416615,82.07560809535885,1.016129776428451,37956.77827202697,58.35610121149421,38073.49047444996,37840.06606960398,0.006149742298281607,38103.6838009093,37733.74080812305,2025-01-07 14:02:00+00:00,14,2,14:02,500.0,75.89513878223806,Post-News,Normal,None,Other,-1.0,1.5
2025-01-07 14:03:00+00:00,37949.08906049613,37990.83723327994,37914.931464582085,37952.88434893102,500,82.86420497514399,82.0884640683913,1.0094500599512544,37951.949422952544,54.12554318674064,38060.20050932602,37843.698336579066,0.005704639051189859,38103.6838009093,37781.32888181495,2025-01-07 14:03:00+00:00,14,3,14:03,500.0,75.90576869785582,Post-News,Squeeze,None,Other,-1.0,1.5
2025-01-07 14:04:00+00:00,37933.5684124776,37975.29951084116,37899.42478654377,37937.36214869247,500,82.36495635530451,82.09293289799459,1.0033136038353987,37949.05118322624,53.22499290036739,38055.501169026975,37842.60119742551,0.0056101526906045356,38103.6838009093,37815.61259077362,2025-01-07 14:04:00+00:00,14,4,14:04,500.0,75.87472429739137,Post-News,Squeeze,None,Other,-1.0,1.5
2025-01-07 14:05:00+00:00,37954.06031785008,37995.81395956388,37919.89824735696,37957.85610346042,500,81.90429605899102,82.05010886012393,0.9982228810764714,37943.66307926293,45.7304030372807,38035.12388533749,37852.20227318837,0.004820873824622637,38103.6838009093,37815.61259077362,2025-01-07 14:05:00+00:00,14,5,14:05,500.0,75.91571220691549,Post-News,Squeeze,None,Other,-1.0,1.5
2025-01-07 14:06:00+00:00,37918.26954091969,37959.98380884149,37884.139685347305,37922.0617470944,500,81.47142659007635,82.00992436328072,0.9934337486909636,37936.8204981323,36.97915148788969,38010.77880110808,37862.86219515652,0.003899024852618784,38103.6838009093,37815.61259077362,2025-01-07 14:06:00+00:00,14,6,14:06,500.0,75.84412349418562,Post-News,Squeeze,None,Other,-1.0,1.5
2025-01-07 14:07:00+00:00,37882.32536862948,37924.000094007504,37848.227866047455,37886.11398002748,500,81.06434097364586,81.97210516545627,0.9889259377933732,37930.83547051596,34.85024983621386,38000.535970188386,37861.13497084353,0.0036751365377441824,38103.6838009093,37815.61259077362,2025-01-07 14:07:00+00:00,14,7,14:07,500.0,75.77222796004935,Post-News,Squeeze,None,Other,-1.0,1.5
2025-01-07 14:08:00+00:00,37896.73079490242,37938.4213678341,37862.62032614013,37900.52084698712,500,80.68839102509723,81.92979595037995,0.984847943158133,37926.98067723573,33.64642901531356,37994.27353526636,37859.68781920511,0.003548548122155965,38103.6838009093,37815.61259077362,2025-01-07 14:08:00+00:00,14,8,14:08,500.0,75.80104169396509,Post-News,Squeeze,None,Other,-1.0,1.5
2025-01-07 14:09:00+00:00,37852.84748770512,37894.48978417124,37818.7765178692,37856.63315102022,500,80.76381517458475,81.8842591513312,0.9863167354952099,37924.04464189125,37.09926015030824,37998.243162191866,37849.84612159063,0.003913006695422907,38103.6838009093,37815.61259077362,2025-01-07 14:09:00+00:00,14,9,14:09,500.0,75.71326630203839,Post-News,Squeeze,None,Other,-1.0,1.5
2025-01-07 14:10:00+00:00,37880.831734215375,37922.504816431225,37846.73557603876,37884.620196235,500,80.40705983300488,81.84176548475992,0.9824697617010449,37921.249402211455,37.88984360516907,37997.02908942179,37845.46971500112,0.003996687261359914,38103.6838009093,37815.61259077362,2025-01-07 14:10:00+00:00,14,10,14:10,500.0,75.7692403924666,Post-News,Squeeze,None,Other,-1.0,1.5
2025-01-07 14:11:00+00:00,37880.6695814045,37922.342485234425,37846.573569180015,37884.45802720722,500,80.07576384881958,81.80218399808886,0.9788951826847359,37920.39575019806,38.54415296963675,37997.484056137335,37843.30744425879,0.004065796488364447,38103.6838009093,37815.61259077362,2025-01-07 14:11:00+00:00,14,11,14:11,500.0,75.76891605441051,Post-News,Squeeze,None,Other,-1.0,1.5
2025-01-07 14:12:00+00:00,37811.86851895191,37853.46573404426,37777.83443387634,37815.6500839603,500,81.97203738325233,81.80207494393208,1.002077727728016,37915.76308186801,45.08680598390224,38005.936693835814,37825.58946990021,0.004756523653399722,38103.6838009093,37815.61259077362,2025-01-07 14:12:00+00:00,14,12,14:12,500.0,75.63130016791547,Post-News,Squeeze,Downside Stop Hunt,Other,-1.0,-1.0
2025-01-07 14:13:00+00:00,37816.38727416402,37857.98946038422,37782.34912180204,37820.16929109313,500,81.51977318317545,81.80182147896157,0.9965520536011699,37909.1863663319,48.9924642532846,38007.171294838474,37811.20143782533,0.005169455633244342,38103.6838009093,37777.83443387634,2025-01-07 14:13:00+00:00,14,13,14:13,500.0,75.6403385821759,Post-News,Squeeze,None,Other,-1.0,-1.0
2025-01-07 14:14:00+00:00,37753.092309641725,37794.62486443781,37719.11112844493,37756.86799644137,500,82.91537243067732,81.83162956915807,1.0132435693536246,37900.70040384364,59.41062881924844,38019.52166148214,37781.879146205145,0.006270135188659867,38103.6838009093,37777.83443387634,2025-01-07 14:14:00+00:00,14,14,14:14,500.0,75.51373599287763,Post-News,Normal,Downside False Breakout,Other,1.5,-1.0
2025-01-07 14:15:00+00:00,37779.65574127856,37821.21751877172,37745.65065060234,37783.43408468703,500,82.39047926915599,81.8590749270102,1.006491697378936,37894.03213222033,64.75286002528888,38023.53785227091,37764.526412169755,0.006835151223744321,38103.6838009093,37719.11112844493,2025-01-07 14:15:00+00:00,14,15,14:15,500.0,75.56686816937872,Post-News,Normal,None,Other,1.5,-1.0
2025-01-07 14:16:00+00:00,37770.6382724413,37812.19012972671,37736.64129829869,37774.4157140127,500,81.90179013764649,81.88438452656528,1.0002125632522225,37889.363373191336,69.90567459943324,38029.174722390206,37749.552023992466,0.007379978798893908,38096.9722830768,37719.11112844493,2025-01-07 14:16:00+00:00,14,16,14:16,500.0,75.54883142802282,Post-News,Normal,None,Other,1.5,-1.0
2025-01-07 14:17:00+00:00,37840.99806361756,37882.62732441362,37806.93775932988,37844.78254187175,500,83.78106301359448,81.9466296870945,1.022385708033443,37888.9291974434,70.16684121302633,38029.26287986946,37748.59551501735,0.007407635179910241,38043.82034688653,37719.11112844493,2025-01-07 14:17:00+00:00,14,17,14:17,500.0,75.68956508373958,Post-News,Normal,None,Other,-1.0,1.5
2025-01-07 14:18:00+00:00,37881.93815139996,37923.612450796434,37847.84099734829,37885.72672407237,500,83.42740915010106,82.0079982290622,1.0173082010497831,37885.64519397145,68.60851518414378,38022.86222433974,37748.42816360317,0.007243747845166516,38019.303071243216,37719.11112844493,2025-01-07 14:18:00+00:00,14,18,14:18,500.0,75.77145344814198,Post-News,Normal,None,Other,-1.0,1.5
2025-01-07 14:19:00+00:00,37842.156785514,37883.7873210316,37808.09543827231,37845.94137965196,500,83.01340033938385,82.06721088449198,1.0115294457395854,37878.87617547937,65.26925452054996,38009.41468452047,37748.33766643827,0.00689241721092049,38019.303071243216,37719.11112844493,2025-01-07 14:19:00+00:00,14,19,14:19,500.0,75.69188275929628,Post-News,Normal,None,Other,-1.0,1.5
2025-01-07 14:20:00+00:00,37766.142500419206,37807.6894118608,37732.14957287607,37769.91949236844,500,85.21185794199124,82.1674779733276,1.037050911671548,37868.78975091539,65.76339860348182,38000.316548122355,37737.26295370843,0.006946448411585896,38019.303071243216,37719.11112844493,2025-01-07 14:20:00+00:00,14,20,14:20,500.0,75.53983898473234,Post-News,Normal,None,Other,-1.0,-1.0
2025-01-07 14:21:00+00:00,37738.013381000485,37779.52934731621,37704.0457721967,37741.787559756456,500,84.51698059752802,82.24129613076062,1.0276708244377515,37858.438740434576,68.73115904265761,37995.90105851989,37720.97642234926,0.007261911619112796,38019.303071243216,37719.11112844493,2025-01-07 14:21:00+00:00,14,21,14:21,500.0,75.48357511950599,Post-News,Normal,Downside Stop Hunt,Other,1.5,-1.0
2025-01-07 14:22:00+00:00,37692.33056007922,37733.79627026632,37658.40406992613,37696.10017009623,500,84.43601697129922,82.31315770229024,1.025790035618448,37845.86527938335,74.340317146462,37994.54591367628,37697.18464509043,0.007857166599064174,38019.303071243216,37704.0457721967,2025-01-07 14:22:00+00:00,14,22,14:22,500.0,75.39220034018945,Post-News,Normal,Downside False Breakout,Other,1.5,-1.0
2025-01-07 14:23:00+00:00,37761.5873560914,37803.12925637312,37727.59852858816,37765.36389248064,500,86.0498076359842,82.40537067171307,1.0442257213888382,37836.48925656084,71.91821681325933,37980.32569018736,37692.65282293432,0.007603053901285569,38019.303071243216,37658.40406992613,2025-01-07 14:23:00+00:00,14,23,14:23,500.0,75.53072778495698,Post-News,Normal,None,Other,1.5,-1.0
2025-01-07 14:24:00+00:00,37761.57547405937,37803.11736126955,37727.58665725104,37765.35200926029,500,85.2984430918787,82.47674534669723,1.0342120404160016,37827.88874958923,69.46341765939256,37966.815584908014,37688.96191427044,0.0073452069312377796,38019.303071243216,37658.40406992613,2025-01-07 14:24:00+00:00,14,24,14:24,500.0,75.5307040185071,Post-News,Normal,None,Other,1.5,-1.0
2025-01-07 14:25:00+00:00,37797.21726436122,37838.798361461726,37763.19636673354,37800.99736409763,500,84.60583963732945,82.54301886952047,1.024990856841204,37820.04581262109,62.52559972616933,37945.09701207343,37694.99461316875,0.006612958644836385,38019.303071243216,37658.40406992613,2025-01-07 14:25:00+00:00,14,25,14:25,500.0,75.60199472818931,Post-News,Normal,None,Other,-1.0,-1.0
2025-01-07 14:26:00+00:00,37786.82329060269,37828.39295318861,37752.811748486936,37790.60235083778,500,83.96122285621118,82.60460747592332,1.0164229989311828,37813.47284280825,57.981462424761936,37929.43576765778,37697.50991795873,0.0061334183893443014,38019.303071243216,37658.40406992613,2025-01-07 14:26:00+00:00,14,26,14:26,500.0,75.58120470167341,Post-News,Normal,None,Other,-1.0,-1.0
2025-01-07 14:27:00+00:00,37780.41263905983,37821.97524922381,37746.40686710748,37784.19105816564,500,83.36173423193416,82.66188037792537,1.0084664642373136,37808.37669671516,55.694856470773125,37919.76640965671,37696.98698377361,0.005892329831300414,38019.303071243216,37658.40406992613,2025-01-07 14:27:00+00:00,14,27,14:27,500.0,75.56838211633294,Post-News,Normal,None,Other,-1.0,-1.0
2025-01-07 14:28:00+00:00,37779.55779048402,37821.11946022052,37745.55278797233,37783.33612409643,500,82.80494409023822,82.7152170520725,1.0010847706306474,37802.51746057063,51.49670229222654,37905.51086515508,37699.52405598617,0.005449023583780227,38019.303071243216,37658.40406992613,2025-01-07 14:28:00+00:00,14,28,14:28,500.0,75.56667224819103,Post-News,Squeeze,None,Other,-1.0,-1.0
2025-01-07 14:29:00+00:00,37821.76371009579,37863.37181098698,37787.72071845754,37825.54626472226,500,82.60714000454628,82.77029753585614,0.9980287912914753,37800.963116255734,50.23093759162963,37901.424991438995,37700.501241072474,0.005315307701250517,38019.303071243216,37658.40406992613,2025-01-07 14:29:00+00:00,14,29,14:29,500.0,75.6510925294424,Post-News,Squeeze,None,Other,-1.0,1.5
2025-01-07 14:30:00+00:00,37833.93008200656,37875.55156724528,37799.8761395385,37837.71385339189,500,82.11201769756306,82.82176427807373,0.9914304339360884,37798.61779911358,47.1179338607458,37892.85366683507,37704.38193139208,0.004986207073619725,38009.61963163151,37658.40406992613,2025-01-07 14:30:00+00:00,14,30,14:30,500.0,75.67542770678119,Post-News,Squeeze,None,Other,-1.0,1.5
2025-01-07 14:31:00+00:00,37794.3260695314,37835.903985999525,37760.30777423929,37798.10588011941,500,81.77587923006563,82.87196061321514,0.9867737968905406,37794.30019175919,42.57549132601422,37879.45117441122,37709.14920910716,0.004506022454179136,37995.81395956388,37658.40406992613,2025-01-07 14:31:00+00:00,14,31,14:31,500.0,75.59621176023211,Post-News,Squeeze,None,Other,-1.0,-1.0
2025-01-07 14:32:00+00:00,37856.07623147135,37897.7220799108,37822.00235547542,37859.86221769312,500,83.05018784158916,82.89826274441455,1.0018326692519843,37796.51079844582,44.83044224189344,37886.17168292961,37706.84991396203,0.004744400082955645,37995.81395956388,37658.40406992613,2025-01-07 14:32:00+00:00,14,32,14:32,500.0,75.71972443538107,Post-News,Squeeze,None,Other,-1.0,1.5
2025-01-07 14:33:00+00:00,37845.37146019125,37887.005532204654,37811.307219453,37849.15637582883,500,82.52505390659356,82.91107121781464,0.9953442006531675,37797.96015268261,46.08654471411638,37890.13324211084,37705.78706325438,0.004877146229897185,37995.81395956388,37658.40406992613,2025-01-07 14:33:00+00:00,14,33,14:33,500.0,75.69831275165052,Post-News,Squeeze,None,Other,-1.0,1.5
2025-01-07 14:34:00+00:00,37828.51434098189,37870.1298683097,37794.46527316822,37832.29757073896,500,82.03502113765657,82.90851355459631,0.9894643821304969,37801.73163139749,45.630918886620215,37892.99346917073,37710.469793624245,0.0048284474723609095,37995.81395956388,37658.40406992613,2025-01-07 14:34:00+00:00,14,34,14:34,500.0,75.66459514147573,Post-News,Squeeze,None,Other,-1.0,1.5
2025-01-07 14:35:00+00:00,37722.0068639771,37763.50522136321,37688.05366247937,37725.77944192129,500,86.47851307493792,82.98763158252498,1.0420650815771446,37798.8488992592,48.57396226337226,37895.99682378595,37701.700974732456,0.005140258360018541,37995.81395956388,37658.40406992613,2025-01-07 14:35:00+00:00,14,35,14:35,500.0,75.45155888384033,Post-News,Squeeze,None,Other,-1.0,-1.0
2025-01-07 14:36:00+00:00,37746.32274350801,37787.84785103662,37712.34765553006,37750.09775328334,500,85.6943475343395,83.06079079525449,1.0317063769062438,37797.63300122273,49.51304555435228,37896.659092331436,37698.60691011403,0.005239803831393309,37959.98380884149,37658.40406992613,2025-01-07 14:36:00+00:00,14,36,14:36,500.0,75.50019550655998,Post-News,Squeeze,None,Other,-1.0,1.5
2025-01-07 14:37:00+00:00,37750.51329503109,37792.04301262737,37716.53443517957,37754.28872390348,500,84.96679252815807,83.12837196840437,1.0221154404473656,37793.10831032432,49.11076769041226,37891.32984570515,37694.886774943494,0.0051978543058336215,37938.4213678341,37658.40406992613,2025-01-07 14:37:00+00:00,14,37,14:37,500.0,75.50857744779933,Post-News,Squeeze,None,Other,-1.0,1.5
2025-01-07 14:38:00+00:00,37754.66327308245,37796.19755611114,37720.68067787716,37758.43911699415,500,84.29179865000266,83.19081398754527,1.0132344499312416,37786.74392997041,44.50851971364285,37875.7609693977,37697.72689054313,0.004711548557465564,37938.4213678341,37658.40406992613,2025-01-07 14:38:00+00:00,14,38,14:38,500.0,75.51687823398242,Post-News,Squeeze,None,Other,-1.0,1.5
2025-01-07 14:39:00+00:00,37739.83522250203,37781.35319304383,37705.86597387691,37743.60958346038,500,83.66290011549677,83.21943326307736,1.0053288857545748,37781.62734016083,43.20806588283695,37868.0434719265,37695.21120839515,0.004574505538771131,37923.612450796434,37658.40406992613,2025-01-07 14:39:00+00:00,14,39,14:39,500.0,75.48721916692011,Post-News,Squeeze,None,Other,-1.0,1.5
2025-01-07 14:40:00+00:00,37718.51002161033,37760.00453208514,37684.55996758548,37722.28224983531,500,83.07587614293696,83.24542475142103,0.9979632681436805,37779.24547803418,45.15651313481114,37869.5585043038,37688.93245176456,0.004781092111653296,37923.612450796434,37658.40406992613,2025-01-07 14:40:00+00:00,14,40,14:40,500.0,75.44456449965946,Post-News,Squeeze,None,Other,-1.0,-1.0
2025-01-07 14:41:00+00:00,37704.94962185063,37746.42921439391,37671.01177340611,37708.720493900015,500,82.52884506042689,83.26891923744202,0.9911122399114511,37777.59212474135,47.16103939225917,37871.91420352587,37683.27004595683,0.004993546358014,37923.612450796434,37658.40406992613,2025-01-07 14:41:00+00:00,14,41,14:41,500.0,75.417440987796,Post-News,Squeeze,None,Other,-1.0,-1.0
2025-01-07 14:42:00+00:00,37722.79435004015,37764.29357374757,37688.840439734086,37726.56700674083,500,82.02343712850251,83.29012517475694,0.9847918580552413,37779.11546657358,44.824406934126735,37868.764280441836,37689.46665270533,0.004745945624247044,37923.612450796434,37658.40406992613,2025-01-07 14:42:00+00:00,14,42,14:42,500.0,75.4531340134854,Post-News,Squeeze,None,Other,-1.0,-1.0
2025-01-07 14:43:00+00:00,37747.28883534405,37788.81500567996,37713.31287779649,37751.06394173823,500,81.55762932528579,83.2751904722627,0.9793748757915001,37778.40046903647,45.168036852416286,37868.7365427413,37688.06439533163,0.004782419191033535,37923.612450796434,37658.40406992613,2025-01-07 14:43:00+00:00,14,43,14:43,500.0,75.50212788346835,Post-News,Squeeze,None,Other,-1.0,1.5
2025-01-07 14:44:00+00:00,37738.94641413921,37780.46340689404,37704.977965521626,37742.72068620783,500,81.12390161436659,83.24150792378963,0.9745606925890653,37777.26890288384,45.791320293342054,37868.851543470526,37685.68626229716,0.004848558048074862,37923.612450796434,37658.40406992613,2025-01-07 14:44:00+00:00,14,44,14:44,500.0,75.48544137241697,Post-News,Squeeze,None,Other,-1.0,1.5
2025-01-07 14:45:00+00:00,37775.15306203333,37816.70988608396,37741.15202417371,37778.93095512884,500,80.72632734978701,83.17118484808779,0.9706045128157509,37776.1655824354,45.45410148582976,37867.07378540706,37685.25737946374,0.00481299261425984,37923.612450796434,37658.40406992613,2025-01-07 14:45:00+00:00,14,45,14:45,500.0,75.55786191025254,Post-News,Squeeze,None,Other,-1.0,1.5
2025-01-07 14:46:00+00:00,37772.547641642464,37814.101599444046,37738.54894889571,37776.32527416988,500,80.35677900682622,83.10521202042291,0.9669282714431765,37775.45172860201,45.32737349400671,37866.10647559003,37684.796981613996,0.004799664482602439,37923.612450796434,37658.40406992613,2025-01-07 14:46:00+00:00,14,46,14:46,500.0,75.5526505483358,Post-News,Squeeze,None,Other,-1.0,1.5
2025-01-07 14:47:00+00:00,37753.88406311481,37795.41748892681,37719.90216926862,37757.65982909772,500,80.01096048192355,83.02539280874949,0.9636926460104833,37774.12516714861,45.44622355360485,37865.01761425582,37683.2327200414,0.004812418379248497,37923.612450796434,37658.40406992613,2025-01-07 14:47:00+00:00,14,47,14:47,500.0,75.51531965818867,Post-News,Squeeze,None,Other,-1.0,1.5
2025-01-07 14:48:00+00:00,37761.75338058248,37803.29546350941,37727.76440364226,37765.52993357584,500,79.69096758086825,82.95077000081696,0.9607019631051453,37773.23485762258,45.430692593882604,37864.096242810345,37682.37347243481,0.004810887154899389,37923.612450796434,37658.40406992613,2025-01-07 14:48:00+00:00,14,48,14:48,500.0,75.53105986714945,Post-News,Squeeze,None,Other,-1.0,1.5
2025-01-07 14:49:00+00:00,37710.832547099344,37752.31861150759,37676.88940349259,37714.60400750009,500,80.33022204532398,82.86774206195508,0.9693786755438086,37767.68774476147,45.480298113359424,37858.648340988184,37676.72714853475,0.004816847504217814,37897.7220799108,37658.40406992613,2025-01-07 14:49:00+00:00,14,49,14:49,500.0,75.42920801499713,Post-News,Squeeze,None,Other,-1.0,1.5
2025-01-07 14:50:00+00:00,37719.98676751266,37761.48290257042,37686.035384283576,37723.759143427,500,79.98145749114661,82.79012858099665,0.9660748070091205,37761.99000926323,43.33314954619766,37848.656308355625,37675.32371017084,0.004590134104221438,37897.7220799108,37658.40406992613,2025-01-07 14:50:00+00:00,14,50,14:50,500.0,75.44751828684093,Post-News,Squeeze,None,Other,-1.0,1.5
2025-01-07 14:51:00+00:00,37662.237131543865,37703.669735648975,37628.33772818514,37666.00373191706,500,81.08431161619737,82.74011363655741,0.9799879170140703,37755.38490185312,47.41415265918871,37850.213207171495,37660.55659653474,0.005023299620167423,37897.7220799108,37658.40406992613,2025-01-07 14:51:00+00:00,14,51,14:51,500.0,75.33200746383227,Post-News,Squeeze,Downside Stop Hunt,Other,-1.0,1.5
2025-01-07 14:52:00+00:00,37623.926755499786,37665.31721397668,37590.06183492778,37627.68952445223,500,80.71699628570323,82.69382034301636,0.9760946579912114,37743.77626719107,48.88726423621019,37841.55079566349,37646.001738718645,0.005180961638828561,37897.7220799108,37628.33772818514,2025-01-07 14:52:00+00:00,14,52,14:52,500.0,75.2553790489037,Post-News,Squeeze,None,Other,-1.0,-1.0
2025-01-07 14:53:00+00:00,37548.427749626775,37589.73515089149,37514.63078495565,37552.18296792357,500,83.02712080076617,82.68858000453889,1.0040941662828011,37728.9275967958,59.20645957963119,37847.34051595507,37610.51467763654,0.006277036041136882,37897.7220799108,37590.06183492778,2025-01-07 14:53:00+00:00,14,53,14:53,500.0,75.10436593584018,Post-News,Normal,Downside False Breakout,Other,1.5,-1.0
2025-01-07 14:54:00+00:00,37542.22837948379,37583.528960759344,37508.436994803786,37545.98297778157,500,82.46032402610847,82.68280777531359,0.9973091897192253,37714.611867147934,66.99853575361013,37848.608938655154,37580.614795640715,0.007105843855916245,37897.7220799108,37514.63078495565,2025-01-07 14:54:00+00:00,14,54,14:54,500.0,75.09196595555841,Post-News,Normal,Downside Stop Hunt,Other,1.5,-1.0
2025-01-07 14:55:00+00:00,37603.08230505864,37644.44983234693,37569.23614636822,37606.84298935757,500,83.60364763605516,82.70439219999847,1.010873127921454,37708.665044519745,71.10755174045404,37850.88014800065,37566.44994103884,0.0075428341636069145,37897.7220799108,37508.436994803786,2025-01-07 14:55:00+00:00,14,55,14:55,500.0,75.21368597871333,Post-News,Normal,None,Other,1.5,-1.0
2025-01-07 14:56:00+00:00,37599.05610811876,37640.41920614749,37565.213573367975,37602.81638975773,500,83.00378943201653,82.71054109354439,1.0035454772099783,37701.30097634347,74.15207444068307,37849.605125224836,37552.9968274621,0.0078673226143801,37897.7220799108,37508.436994803786,2025-01-07 14:56:00+00:00,14,56,14:56,500.0,75.20563277951442,Post-News,Normal,None,Other,1.5,-1.0
2025-01-07 14:57:00+00:00,37623.63833388811,37665.02847506951,37589.77367292152,37627.40107399551,500,82.45029034030027,82.71571253044932,0.9967911514991623,37694.956593848074,74.80520074936193,37844.566995346795,37545.34619234935,0.00793795324455358,37897.7220799108,37508.436994803786,2025-01-07 14:57:00+00:00,14,57,14:57,500.0,75.25480214798881,Post-News,Normal,None,Other,1.5,-1.0
2025-01-07 14:58:00+00:00,37712.62224016952,37754.11027343703,37678.67748567792,37716.39387955747,500,85.61164099038717,82.70958250277445,1.0350873308726394,37692.85433197623,73.50677716622663,37839.86788630868,37545.84077764378,0.007800606079743526,37897.7220799108,37508.436994803786,2025-01-07 14:58:00+00:00,14,58,14:58,500.0,75.43278775910585,Post-News,Normal,None,Other,-1.0,1.5
2025-01-07 14:59:00+00:00,37728.24060517055,37769.74582035775,37694.28179274465,37732.0138065512,500,84.8868114634378,82.70329674387885,1.0264017857271277,37692.27454313078,73.13013825100298,37838.53481963278,37546.01426662877,0.0077607561907489485,37897.7220799108,37508.436994803786,2025-01-07 14:59:00+00:00,14,59,14:59,500.0,75.46402761309582,Post-News,Normal,None,Other,-1.0,1.5
2025-01-07 15:00:00+00:00,37699.758539797534,37741.23242157949,37665.82536379412,37703.5288926868,500,84.20968620071821,82.6968215889735,1.0182941083185042,37691.33687527335,72.84480214583657,37837.02647956502,37545.64727098168,0.007730667913095293,37897.7220799108,37508.436994803786,2025-01-07 15:00:00+00:00,15,0,15:00,500.0,75.40705778536358,Other,Normal,None,Other,-1.0,1.5
2025-01-07 15:01:00+00:00,37676.483540286834,37717.93181700882,37642.57131387794,37680.25156544338,500,83.57760169573002,82.69016952559966,1.0107320153679893,37689.913428850516,72.7653433618375,37835.44411557419,37544.38274212684,0.007722526983162175,37897.7220799108,37508.436994803786,2025-01-07 15:01:00+00:00,15,1,15:01,500.0,75.36050313088344,Other,Normal,None,Other,-1.0,-1.0
2025-01-07 15:02:00+00:00,37676.8851062335,37718.333824722205,37642.97251837911,37680.65317155066,500,82.99072345625622,82.68335709480115,1.0037173909267212,37687.617737091015,72.27067989483376,37832.159096880685,37543.076377301346,0.007670495959600878,37897.7220799108,37508.436994803786,2025-01-07 15:02:00+00:00,15,2,15:02,500.0,75.36130634309666,Other,Normal,None,Other,-1.0,-1.0
2025-01-07 15:03:00+00:00,37653.42368400643,37694.84659234967,37619.53221354378,37657.18940294673,500,82.44241312408704,82.67632723061686,0.9971707245064558,37682.92401015144,70.96990224171682,37824.86381463487,37540.984205668006,0.00753337529992064,37887.005532204654,37508.436994803786,2025-01-07 15:03:00+00:00,15,3,15:03,500.0,75.31437880588783,Other,Normal,None,Other,-1.0,-1.0
2025-01-07 15:04:00+00:00,37632.79198648585,37674.19219769209,37598.919086408,37636.55564205005,500,81.93032013551596,82.66908329362039,0.9910636101348732,37677.615757943546,70.22844142800888,37818.07264079956,37537.15887508753,0.007455720327866159,37870.1298683097,37508.436994803786,2025-01-07 15:04:00+00:00,15,4,15:04,500.0,75.27311128409201,Other,Normal,None,Other,1.5,-1.0
2025-01-07 15:05:00+00:00,37670.26481422272,37711.706249661904,37636.35818522702,37674.03221744447,500,81.46015901404209,82.66168100953793,0.9854645830955555,37672.370821059325,66.05680611420478,37804.48443328773,37540.25720883092,0.007013819908279025,37816.70988608396,37508.436994803786,2025-01-07 15:05:00+00:00,15,5,15:05,500.0,75.34806443488196,Other,Normal,None,Other,-1.0,-1.0
2025-01-07 15:06:00+00:00,37709.31732446626,37750.80172196292,37675.37554469626,37713.08863332959,500,81.12511226435709,82.65590910410927,0.9814798862374852,37669.20898901731,62.22116720703864,37793.65132343138,37544.766654603234,0.006607111630634775,37816.70988608396,37508.436994803786,2025-01-07 15:06:00+00:00,15,6,15:06,500.0,75.42617726665776,Other,Normal,None,Other,-1.0,1.5
2025-01-07 15:07:00+00:00,37647.64171837384,37689.0582659188,37613.75545220068,37651.40685905975,500,82.42568861182515,82.67859823141225,0.9969410509491317,37663.89634051541,58.70841388705441,37781.313168289525,37546.4795127413,0.0062349804020571005,37816.70988608396,37508.436994803786,2025-01-07 15:07:00+00:00,15,7,15:07,500.0,75.30281371811725,Other,Normal,None,Other,-1.0,-1.0
2025-01-07 15:08:00+00:00,37617.22833315701,37658.61142263242,37583.36944176802,37620.99043220023,500,81.912566629866,82.6990011581584,0.9904903987076172,37656.669365446636,54.26728476456577,37765.20393497577,37548.134795917504,0.00576442746307897,37816.70988608396,37508.436994803786,2025-01-07 15:08:00+00:00,15,8,15:08,500.0,75.24198086439719,Other,Normal,None,Other,1.5,-1.0
2025-01-07 15:09:00+00:00,37600.153822714834,37641.51812835038,37566.31029992211,37603.914214136246,500,81.43365675832335,82.71016518455403,0.9845664867990245,37651.13487577844,53.68911358868989,37758.513102955825,37543.75664860106,0.005703850762090027,37816.70988608396,37508.436994803786,2025-01-07 15:09:00+00:00,15,9,15:09,500.0,75.20782842826884,Other,Normal,None,Other,1.5,-1.0
2025-01-07 15:10:00+00:00,37623.06263682684,37664.45214467813,37589.19849403942,37626.82531935877,500,80.99222774977964,82.71991798316695,0.9791139755029873,37646.28818457503,51.100911213562696,37748.490007002154,37544.08636214791,0.005429582960532021,37816.70988608396,37508.436994803786,2025-01-07 15:10:00+00:00,15,10,15:10,500.0,75.2536506387114,Other,Normal,None,Other,1.5,-1.0
2025-01-07 15:11:00+00:00,37666.46989303247,37707.90715364086,37632.566679807416,37670.23691672414,500,80.99862821637294,82.73529905595952,0.9790093121146277,37646.499843815385,51.19554996190928,37748.89094373921,37544.108743891564,0.005439607950200576,37816.70988608396,37508.436994803786,2025-01-07 15:11:00+00:00,15,11,15:11,500.0,75.34047383344296,Other,Normal,None,Other,1.5,-1.0
2025-01-07 15:12:00+00:00,37768.75879099272,37810.308580641766,37734.763508552576,37772.536044597175,500,85.21813076646232,82.78940061234634,1.0293362451733197,37653.74216982263,58.165359764967334,37770.07288935257,37537.4114502927,0.006178972544363329,37816.70988608396,37508.436994803786,2025-01-07 15:12:00+00:00,15,12,15:12,500.0,75.54507208918949,Other,Clustering,None,Other,-1.0,1.5
2025-01-07 15:13:00+00:00,37751.55249670005,37793.0833575325,37717.5727014735,37755.328029503005,500,84.52473971592926,82.83948338789223,1.0203436363810465,37663.8994229016,57.226692359400666,37778.3528076204,37549.4460381828,0.006077617372204743,37816.70988608396,37508.436994803786,2025-01-07 15:13:00+00:00,15,13,15:13,500.0,75.5106560589993,Other,Clustering,None,Other,-1.0,1.5
2025-01-07 15:14:00+00:00,37736.23871467178,37777.75272865932,37702.27270322744,37740.012715943376,500,83.87868869563975,82.85553865897495,1.0123486015929,37673.60090980969,52.430184372259504,37778.46127855421,37568.74054106517,0.005566782373447976,37816.70988608396,37508.436994803786,2025-01-07 15:14:00+00:00,15,14,15:14,500.0,75.48002543187613,Other,Normal,None,Other,-1.0,1.5
2025-01-07 15:15:00+00:00,37758.83325720256,37800.37212767252,37724.84690863622,37762.60951815437,500,83.28201229140139,82.87039754267903,1.0049669696408825,37681.38923624954,53.54895068731481,37788.48713762417,37574.291334874906,0.0056843924040679734,37816.70988608396,37508.436994803786,2025-01-07 15:15:00+00:00,15,15,15:15,500.0,75.52521903630259,Other,Normal,None,Other,-1.0,1.5
2025-01-07 15:16:00+00:00,37733.45966742994,37774.97062415978,37699.49615737825,37737.23339076902,500,82.72433046926787,82.88410654820606,0.9980722953339037,37688.1100863001,51.5669177684587,37791.24392183701,37584.97625076318,0.005473017102781452,37814.101599444046,37508.436994803786,2025-01-07 15:16:00+00:00,15,16,15:16,500.0,75.4744667815321,Other,Normal,None,Other,-1.0,1.5
2025-01-07 15:17:00+00:00,37728.51834688075,37770.02386761439,37694.55928446232,37732.29157603836,500,82.20577708946843,82.85785178280396,0.9921302003454685,37693.35461140224,50.38802705748705,37794.130665517216,37592.57855728726,0.005347152311271954,37810.308580641766,37508.436994803786,2025-01-07 15:17:00+00:00,15,17,15:17,500.0,75.46458315207565,Other,Normal,None,Other,-1.0,1.5
2025-01-07 15:18:00+00:00,37713.23995353698,37754.72866635714,37679.29464304774,37717.011654702445,500,81.72208039089243,82.82942963681715,0.9866309685967883,37693.38550015949,50.40308098480072,37794.191662129095,37592.57933818989,0.005348745443370974,37810.308580641766,37508.436994803786,2025-01-07 15:18:00+00:00,15,18,15:18,500.0,75.43402330940444,Other,Normal,None,Other,-1.0,1.5
2025-01-07 15:19:00+00:00,37614.874526641455,37656.25502667076,37581.0177538902,37618.63639028048,500,85.59863899241766,82.87251694770106,1.0328953692384775,37687.71662934595,52.17455637693566,37792.065742099825,37583.36751659208,0.005537566193257789,37810.308580641766,37508.436994803786,2025-01-07 15:19:00+00:00,15,19,15:19,500.0,75.23727278056322,Other,Clustering,None,Other,-1.0,1.5
2025-01-07 15:20:00+00:00,37619.88641174378,37661.27242539806,37586.02512784483,37623.64877662145,500,84.85925746104758,82.86664027301866,1.0240460718748086,37683.722623542686,53.928374897745506,37791.57937333818,37575.86587374719,0.005724315024445636,37810.308580641766,37508.436994803786,2025-01-07 15:20:00+00:00,15,20,15:20,500.0,75.24729755323642,Other,Clustering,None,Other,-1.0,1.5
2025-01-07 15:21:00+00:00,37613.40277081234,37654.78165174832,37579.54732277381,37617.16448726106,500,84.17176256915214,82.86088663921238,1.015820201582533,37680.56826963357,55.94925381770952,37792.46677726899,37568.66976199815,0.0059393216596258175,37810.308580641766,37508.436994803786,2025-01-07 15:21:00+00:00,15,21,15:21,500.0,75.2343289745113,Other,Clustering,None,Other,-1.0,-1.0
2025-01-07 15:22:00+00:00,37661.62511573431,37703.05704655469,37627.7262632449,37665.3916548998,500,84.29467662090045,82.85853096670574,1.0173325020060007,37679.805193801025,56.052014276371025,37791.90922235377,37567.70116524828,0.005950350750283845,37810.308580641766,37508.436994803786,2025-01-07 15:22:00+00:00,15,22,15:22,500.0,75.33078330979333,Other,Clustering,None,Other,-1.0,1.5
2025-01-07 15:23:00+00:00,37662.20851417436,37703.64108679721,37628.30913657384,37665.975111685526,500,83.65448187821983,82.81860887074299,1.010092816323218,37680.24447923796,55.8996636492018,37792.04380653636,37568.44515193956,0.005934108381913727,37810.308580641766,37508.436994803786,2025-01-07 15:23:00+00:00,15,23,15:23,500.0,75.33195022337168,Other,Clustering,None,Other,-1.0,1.5
2025-01-07 15:24:00+00:00,37615.357739839405,37656.73877145638,37581.50053215278,37619.11965180458,500,83.71306028211464,82.7921858239136,1.0111227218974457,37679.3726797257,56.74643734327205,37792.86555441224,37565.879805039156,0.0060241382281615505,37810.308580641766,37508.436994803786,2025-01-07 15:24:00+00:00,15,24,15:24,500.0,75.23823930360231,Other,Normal,None,Other,-1.0,1.5
2025-01-07 15:25:00+00:00,37606.02656955171,37647.39733585484,37572.17776075823,37609.787548306536,500,83.106382768864,82.76719487610585,1.0040980957886259,37676.1604462688,58.84422163356773,37793.84888953593,37558.47200300166,0.006247369258073694,37810.308580641766,37565.213573367975,2025-01-07 15:25:00+00:00,15,25,15:25,500.0,75.2195750966057,Other,Normal,None,Other,-1.0,1.5
2025-01-07 15:26:00+00:00,37527.84669047759,37569.13145031309,37494.068250612174,37531.59985046263,500,85.4358766921139,82.79177244003755,1.0319367996861204,37667.08600712545,66.36318411767519,37799.8123753608,37534.3596388901,0.00704733932485479,37810.308580641766,37565.213573367975,2025-01-07 15:26:00+00:00,15,26,15:26,500.0,75.06319970091863,Other,Normal,None,Other,-1.0,1.5
2025-01-07 15:27:00+00:00,37482.80588063945,37524.04109062914,37449.06798155696,37486.554536093056,500,85.22844756451099,82.82288432891383,1.029044668693787,37658.84339097711,77.68503677915787,37814.21346453543,37503.47331741879,0.008251452225723151,37810.308580641766,37494.068250612174,2025-01-07 15:27:00+00:00,15,27,15:27,500.0,74.97310907218343,Other,Normal,Downside False Breakout,Other,-1.0,-1.0
2025-01-07 15:28:00+00:00,37507.00906634853,37548.27090250512,37473.24938222039,37510.76014236276,500,84.49938133024108,82.85112494958055,1.0198941943354853,37653.331876485245,84.15293097449359,37821.637738434234,37485.026014536255,0.008939759302102954,37810.308580641766,37449.06798155696,2025-01-07 15:28:00+00:00,15,28,15:28,500.0,75.0215202847321,Other,Normal,None,Other,-1.0,-1.0
2025-01-07 15:29:00+00:00,37498.10819262579,37539.3602368421,37464.35652008517,37501.85837846364,500,83.82111957500418,82.87135794242151,1.0114606741842285,37648.22908470161,90.18517371774513,37828.5994321371,37467.85873726612,0.009581876854270694,37810.308580641766,37449.06798155696,2025-01-07 15:29:00+00:00,15,29,15:29,500.0,75.0037167569244,Other,Normal,None,Other,-1.0,-1.0
2025-01-07 15:30:00+00:00,37533.09179619523,37574.38232622404,37499.30863526256,37536.8454807433,500,83.19630324546665,82.88942936821991,1.0037022076226816,37643.730092770835,93.49284045303105,37830.7157736769,37456.74441186477,0.00993449270012563,37810.308580641766,37449.06798155696,2025-01-07 15:30:00+00:00,15,30,15:30,500.0,75.07369096147886,Other,Normal,None,Other,-1.0,1.5
2025-01-07 15:31:00+00:00,37459.7153979761,37500.92520589466,37425.99828240636,37463.46174415051,500,85.17136718057176,82.94602083406168,1.0268288499452194,37633.39133414215,101.49762255503182,37836.38657925221,37430.39608903209,0.010788038915105599,37810.308580641766,37449.06798155696,2025-01-07 15:31:00+00:00,15,31,15:31,500.0,74.92692348829587,Other,Clustering,Downside Stop Hunt,Other,1.5,-1.0
2025-01-07 15:32:00+00:00,37451.0084722426,37492.208701585,37417.29919368972,37454.75394763736,500,84.43837723162193,82.96915732389556,1.0177080249470394,37617.502229294165,103.42410709879069,37824.35044349175,37410.65401509658,0.01099744544104809,37810.308580641766,37425.99828240636,2025-01-07 15:32:00+00:00,15,32,15:32,500.0,74.90950789527415,Other,Clustering,Downside Stop Hunt,Other,1.5,-1.0
2025-01-07 15:33:00+00:00,37433.57861694405,37474.75967152814,37399.88502682978,37437.32234917896,500,83.75525347924585,82.98966065010644,1.0092251591721435,37601.60194527796,105.54291469742475,37812.687774672806,37390.51611588311,0.01122749130220799,37810.308580641766,37417.29919368972,2025-01-07 15:33:00+00:00,15,33,15:33,500.0,74.87464469835686,Other,Normal,Downside Stop Hunt,Other,1.5,-1.0
2025-01-07 15:34:00+00:00,37469.75125162532,37510.97210008695,37436.02510288398,37473.498601485466,500,83.12609231665466,83.00784516975641,1.0014245297737392,37588.27623955507,103.96058630890788,37796.197412172885,37380.35506693725,0.011063086335362071,37810.308580641766,37399.88502682978,2025-01-07 15:34:00+00:00,15,34,15:34,500.0,74.94699720296921,Other,Clustering,None,Other,1.5,-1.0
2025-01-07 15:35:00+00:00,37495.34293824363,37536.5919403759,37461.59375468085,37499.09284752838,500,82.54552755796894,82.94229541114025,0.9952163386459881,37575.10040602377,97.18073239006311,37769.4618708039,37380.73894124364,0.010345226635720232,37810.308580641766,37399.88502682978,2025-01-07 15:35:00+00:00,15,35,15:35,500.0,74.99818569505442,Other,Clustering,None,Other,1.5,-1.0
2025-01-07 15:36:00+00:00,37519.8073339034,37561.08324956226,37486.03613018252,37523.55968987239,500,82.00992697380988,82.88088840179809,0.9894914081547259,37564.41672097893,89.890084449904,37744.19688987874,37384.63655207912,0.009571833378123744,37810.308580641766,37399.88502682978,2025-01-07 15:36:00+00:00,15,36,15:36,500.0,75.04711937974207,Other,Normal,None,Other,1.5,-1.0
2025-01-07 15:37:00+00:00,37578.06111569499,37619.40111692237,37544.23747832713,37581.81929762475,500,82.99789126496475,82.84807338074486,1.0018083448184891,37556.893107058255,80.95258708195834,37718.798281222174,37394.987932894335,0.00862186196831558,37810.308580641766,37399.88502682978,2025-01-07 15:37:00+00:00,15,37,15:37,500.0,75.16363859523699,Other,Clustering,None,Other,-1.0,-1.0
2025-01-07 15:38:00+00:00,37564.607305379264,37605.932505935234,37530.79577765165,37568.36414179344,500,82.43637962343766,82.81714973030212,0.9954022795024405,37549.4607314128,71.78254330139683,37693.025818015594,37405.89564481001,0.007646718957148227,37810.308580641766,37399.88502682978,2025-01-07 15:38:00+00:00,15,38,15:38,500.0,75.1367282835854,Other,Normal,None,Other,-1.0,-1.0
2025-01-07 15:39:00+00:00,37615.168735733656,37656.54955942533,37581.31169816774,37618.93062879654,500,82.84702519546987,82.80355181496834,1.000525018305962,37549.47544333861,71.79749572946753,37693.07043479755,37405.880451879675,0.007648308785331412,37810.308580641766,37399.88502682978,2025-01-07 15:39:00+00:00,15,39,15:39,500.0,75.23786125759216,Other,Normal,None,Other,-1.0,1.5
2025-01-07 15:40:00+00:00,37576.28700618831,37617.62505570006,37542.464965678686,37580.04501068938,500,82.39121361849712,82.79214077289434,0.9951574249602145,37547.295255042,70.06781606903488,37687.43088718007,37407.159622903935,0.007464486120035414,37810.308580641766,37399.88502682978,2025-01-07 15:40:00+00:00,15,40,15:40,500.0,75.16009002137434,Other,Normal,None,Other,-1.0,-1.0
2025-01-07 15:41:00+00:00,37536.06893467697,37577.36273988563,37502.2830940517,37539.82291696867,500,82.06054954843842,82.78433584769454,0.9912569655618457,37543.428176527384,68.11581407915426,37679.659804685696,37407.19654836907,0.007257282287475567,37810.308580641766,37399.88502682978,2025-01-07 15:41:00+00:00,15,41,15:41,500.0,75.07964583393186,Other,Normal,None,Other,1.5,-1.0
2025-01-07 15:42:00+00:00,37564.71036425194,37606.03567818401,37530.89874376207,37568.46721097304,500,81.56600561083154,82.77671198906667,0.9853738285908838,37538.58195433104,62.17025190784817,37662.92245814674,37414.24145051534,0.0066246777231473925,37810.308580641766,37399.88502682978,2025-01-07 15:42:00+00:00,15,42,15:42,500.0,75.13693442194199,Other,Normal,None,Other,-1.0,-1.0
2025-01-07 15:43:00+00:00,37508.60280491782,37549.866394362165,37474.84168628153,37512.35404032185,500,82.42739983087998,82.79120816415993,0.995605712957364,37530.90090076286,54.63591429089539,37640.17272934465,37421.62907218107,0.005823032539012084,37800.37212767252,37399.88502682978,2025-01-07 15:43:00+00:00,15,43,15:43,500.0,75.02470808063663,Other,Clustering,None,Other,1.5,-1.0
2025-01-07 15:44:00+00:00,37530.46789989664,37571.75554335088,37496.68710070682,37534.22132202885,500,81.90176003182168,82.80417247111751,0.9891018482237643,37526.65598427407,50.56765677352986,37627.791297821124,37425.52067072701,0.005390051998741273,37800.37212767252,37399.88502682978,2025-01-07 15:44:00+00:00,15,44,15:44,500.0,75.06844264406391,Other,Clustering,None,Other,1.5,-1.0
2025-01-07 15:45:00+00:00,37534.64576866208,37575.93800823156,37500.86120901432,37538.39960862294,500,81.41426283078016,82.81563806246739,0.9830783742723787,37523.086587289894,46.767574347995755,37616.621735985886,37429.5514385939,0.0049854719962016455,37800.37212767252,37399.88502682978,2025-01-07 15:45:00+00:00,15,45,15:45,500.0,75.07679921724048,Other,Squeeze,None,Other,1.5,-1.0
2025-01-07 15:46:00+00:00,37575.27470090391,37616.61163676849,37541.45357156016,37579.03260416433,500,81.18553178183515,82.82945060871754,0.980152967153577,37525.45822497498,48.39633633675195,37622.25089764848,37428.66555230148,0.005158773656710852,37774.97062415978,37399.88502682978,2025-01-07 15:46:00+00:00,15,46,15:46,500.0,75.15806520832848,Other,Squeeze,None,Other,-1.0,-1.0
2025-01-07 15:47:00+00:00,37573.41687626791,37614.75176832101,37539.59741913356,37577.174593727286,500,80.75473302509316,82.84184681777036,0.9748060446157328,37529.98922785669,48.802711363192074,37627.59465058307,37432.38380513031,0.005201462869269009,37770.02386761439,37399.88502682978,2025-01-07 15:47:00+00:00,15,47,15:47,500.0,75.15434918744722,Other,Squeeze,None,Other,-1.0,-1.0
2025-01-07 15:48:00+00:00,37575.89864281944,37617.236265088766,37542.07695187181,37579.65660848029,500,80.35506018165495,82.85291502778347,0.9698519376742399,37533.43405116256,49.795446266368344,37633.0249436953,37433.843158629825,0.005306782875075283,37754.72866635714,37399.88502682978,2025-01-07 15:48:00+00:00,15,48,15:48,500.0,75.15931321695825,Other,Clustering,None,Other,-1.0,-1.0
2025-01-07 15:49:00+00:00,37595.41555834932,37636.774651372805,37561.57630042102,37599.17547589691,500,79.98672380809306,82.84719005716298,0.9654729840915999,37538.299906034226,51.28020232302499,37640.86031068028,37435.739501388176,0.00546430738220853,37703.64108679721,37399.88502682978,2025-01-07 15:49:00+00:00,15,49,15:49,500.0,75.1983509517886,Other,Normal,None,Other,-1.0,1.5
2025-01-07 15:50:00+00:00,37570.886932469846,37612.21904130644,37537.06975251262,37574.644396909534,500,79.64119273564461,82.84151897790458,0.9613680883481438,37540.189851842544,51.91637639228348,37644.02260462711,37436.357099057976,0.005531818203070291,37703.64108679721,37399.88502682978,2025-01-07 15:50:00+00:00,15,50,15:50,500.0,75.14928879381478,Other,Normal,None,Other,-1.0,-1.0
2025-01-07 15:51:00+00:00,37544.738947261736,37586.04229043804,37510.94530284476,37548.4937966414,500,79.31660665404705,82.81205722853541,0.9577905598354838,37544.44145446709,48.6832528797189,37641.80796022653,37447.07494870765,0.005186733481041358,37703.64108679721,37399.88502682978,2025-01-07 15:51:00+00:00,15,51,15:51,500.0,75.09698759327875,Other,Squeeze,None,Other,1.5,-1.0
2025-01-07 15:52:00+00:00,37562.93113017775,37604.2544867566,37529.12111115869,37566.687798957646,500,79.01780443575183,82.78373736436956,0.9545087833852908,37550.038147033105,44.042870691567124,37638.12388841624,37461.95240564997,0.0046916459066283275,37703.64108679721,37399.88502682978,2025-01-07 15:52:00+00:00,15,52,15:52,500.0,75.13337559791398,Other,Squeeze,None,Other,-1.0,-1.0
2025-01-07 15:53:00+00:00,37562.20663051876,37603.52919006827,37528.39726361459,37565.96322684144,500,78.74024172274667,82.7122893797359,0.951977539410699,37556.470190916225,35.22637172034353,37626.92293435691,37486.01744747554,0.003751829875520355,37703.64108679721,37399.88502682978,2025-01-07 15:53:00+00:00,15,53,15:53,500.0,75.13192645367963,Other,Squeeze,None,Other,-1.0,-1.0
2025-01-07 15:54:00+00:00,37547.285607421145,37588.59175220378,37513.4896707808,37551.04071149229,500,78.48037312990604,82.6459568647992,0.9495972471864818,37560.34729641657,29.398893355409008,37619.14508312739,37501.54950970575,0.003130843612643049,37656.73877145638,37399.88502682978,2025-01-07 15:54:00+00:00,15,54,15:54,500.0,75.10208142297779,Other,Squeeze,None,Other,-1.0,-1.0
2025-01-07 15:55:00+00:00,37544.55286149355,37585.85599995504,37510.75938457051,37548.30769226277,500,78.23867614809342,82.55654067333316,0.9476980928461497,37562.80803865328,25.84706355345799,37614.5021657602,37511.11391154637,0.0027524101528150166,37656.54955942533,37399.88502682978,2025-01-07 15:55:00+00:00,15,55,15:55,500.0,75.09661538452929,Other,Squeeze,None,Other,1.5,-1.0
2025-01-07 15:56:00+00:00,37604.843687928944,37646.21315293216,37570.9959438354,37608.60454838378,500,79.64344647104316,82.50053495731694,0.9653688489686528,37567.06028157886,26.045101788083954,37619.15048515503,37514.97007800269,0.002773184975653306,37656.54955942533,37399.88502682978,2025-01-07 15:56:00+00:00,15,56,15:56,500.0,75.21720909676515,Other,Squeeze,None,Other,-1.0,1.5
2025-01-07 15:57:00+00:00,37588.56362346766,37629.915178608986,37554.73053289748,37592.32285575324,500,79.32496070250455,82.44844613002034,0.9621158969740912,37567.585459485286,26.460946474782098,37620.50735243485,37514.663566535724,0.002817423174914205,37656.54955942533,37399.88502682978,2025-01-07 15:57:00+00:00,15,57,15:57,500.0,75.18464571150253,Other,Squeeze,None,Other,-1.0,1.5
2025-01-07 15:58:00+00:00,37571.20098108803,37612.53343541265,37537.38351845879,37574.95847693573,500,79.02674329188748,82.33869783504535,0.9597764522607228,37567.9151762424,26.512194667709597,37620.93956557782,37514.89078690698,0.002822855039289064,37656.54955942533,37399.88502682978,2025-01-07 15:58:00+00:00,15,58,15:58,500.0,75.14991695386561,Other,Squeeze,None,Other,-1.0,-1.0
2025-01-07 15:59:00+00:00,37507.48005962413,37548.742413925145,37473.71995155967,37511.231182742406,500,80.61329915504257,82.26747262990543,0.9798927398401499,37562.53020393969,26.542491297899037,37615.61518653549,37509.44522134389,0.0028264859852402398,37656.54955942533,37399.88502682978,2025-01-07 15:59:00+00:00,15,59,15:59,500.0,75.02246236547217,Other,Squeeze,None,Other,1.5,-1.0
2025-01-07 16:00:00+00:00,37506.26660207089,37547.5276214351,37472.507586227446,37510.01760383128,500,80.21378030165789,82.20087419825443,0.9758263654008836,37559.028833596785,28.64591995454509,37616.32067350588,37501.73699368769,0.0030507625829688293,37656.54955942533,37399.88502682978,2025-01-07 16:00:00+00:00,16,0,16:00,500.0,75.0200352076572,Other,Squeeze,None,Other,1.5,-1.0
2025-01-07 16:01:00+00:00,37531.287254839095,37572.5757996739,37497.50571815607,37535.04075891498,500,79.84637324567004,82.1386870574201,0.9720921542105051,37558.7897256941,28.834010357319276,37616.45774640874,37501.12170497946,0.003070813577104749,37656.54955942533,37399.88502682978,2025-01-07 16:01:00+00:00,16,1,16:01,500.0,75.07008151782793,Other,Squeeze,None,Other,1.5,-1.0
2025-01-07 16:02:00+00:00,37563.05960034678,37604.38309825695,37529.249465693,37566.81628197498,500,79.50974891126144,82.08067081500351,0.9686781080342713,37558.70717924419,28.807198039189387,37616.321575322574,37501.09278316581,0.0030679648159040013,37656.54955942533,37399.88502682978,2025-01-07 16:02:00+00:00,16,2,16:02,500.0,75.1336325639495,Other,Squeeze,None,Other,1.5,-1.0
2025-01-07 16:03:00+00:00,37567.5004776524,37608.82886101615,37533.68634580933,37571.25760341274,500,79.19780364665839,82.02659399037971,0.9655137412623388,37561.65235739874,26.756855186656484,37615.16606777206,37508.13864702543,0.0028493799934109225,37656.54955942533,37399.88502682978,2025-01-07 16:03:00+00:00,16,3,16:03,500.0,75.14251520681864,Other,Squeeze,None,Other,1.5,-1.0
2025-01-07 16:04:00+00:00,37603.80195864305,37645.170277629455,37569.95515219963,37607.562714914544,500,78.9133266311701,81.97631076530728,0.9626357406726158,37565.319427043025,27.804778006989267,37620.928983057005,37509.709871029045,0.0029606859125466257,37656.54955942533,37436.02510288398,2025-01-07 16:04:00+00:00,16,4,16:04,500.0,75.21512542982236,Other,Squeeze,None,Other,1.5,-1.0
2025-01-07 16:05:00+00:00,37631.68537262151,37673.08436643077,37597.81346859575,37635.44891751326,500,78.65315314573081,81.92952733416875,0.9600098487682655,37570.171892487546,31.12922836411402,37632.43034921577,37507.91343575932,0.0033142492350786276,37656.54955942533,37461.59375468085,2025-01-07 16:05:00+00:00,16,5,16:05,500.0,75.27089783502015,Other,Squeeze,Upside Sweep,Other,1.5,-1.0
2025-01-07 16:06:00+00:00,37673.96761833996,37715.413127271015,37640.05765648726,37677.73539187914,500,78.7468000465895,81.88988879720596,0.9616181094298458,37575.10703187328,39.34719309667174,37653.80141806663,37496.412645679935,0.004188644685780613,37673.08436643077,37472.507586227446,2025-01-07 16:06:00+00:00,16,6,16:06,500.0,75.35547078375384,Other,Squeeze,None,Other,1.5,-1.0
2025-01-07 16:07:00+00:00,37711.44557351274,37752.93231231748,37677.50187812704,37715.217095222266,500,78.50991677115044,81.82462593319472,0.9594900786378107,37582.00915694803,50.3093581939227,37682.62787333587,37481.390440560186,0.0053546214609039924,37715.413127271015,37472.507586227446,2025-01-07 16:07:00+00:00,16,7,16:07,500.0,75.43043419044261,Other,Normal,Upside Sweep,Other,1.5,-1.0
2025-01-07 16:08:00+00:00,37771.07593018951,37812.62826894659,37737.07856211553,37774.85341553106,500,79.86000655351985,81.79041659858895,0.9763980900776779,37591.768997300576,66.24034500679464,37724.249687314164,37459.28830728699,0.0070483881736505384,37752.93231231748,37472.507586227446,2025-01-07 16:08:00+00:00,16,8,16:08,500.0,75.54970683105785,Other,Normal,Upside False Breakout,Other,-1.0,-1.0
2025-01-07 16:09:00+00:00,37765.04462906121,37806.590332723536,37731.05268970112,37768.82151121233,500,79.55126630129796,81.75904342430519,0.9729965392140227,37600.25129906634,77.19477440661962,37754.64084787958,37445.8617502531,0.008212155157435022,37812.62826894659,37472.507586227446,2025-01-07 16:09:00+00:00,16,9,16:09,500.0,75.53764302241325,Other,Normal,None,Other,-1.0,-1.0
2025-01-07 16:10:00+00:00,37715.33861335141,37756.82963492825,37681.39141387944,37719.11052440385,500,80.11403994641142,81.74440696091573,0.9800553080618246,37607.47460544105,81.32129572457782,37770.117196890205,37444.832013991894,0.008649482218921685,37812.62826894659,37472.507586227446,2025-01-07 16:10:00+00:00,16,10,16:10,500.0,75.43822104880383,Other,Normal,None,Other,1.5,-1.0
2025-01-07 16:11:00+00:00,37740.75670526071,37782.27568953492,37706.78662721817,37744.53115837655,500,79.78368440143575,81.72415789733344,0.9762558153448895,37617.27647352782,85.54289172358067,37788.36225697498,37446.19069008066,0.009096128135036994,37812.62826894659,37472.507586227446,2025-01-07 16:11:00+00:00,16,11,16:11,500.0,75.4890623167521,Other,Normal,None,Other,1.5,-1.0
2025-01-07 16:12:00+00:00,37770.60457745227,37812.15639766948,37736.60763363818,37774.38201565384,500,79.48119008928322,81.62854221938046,0.9736936116741355,37627.66118436262,91.47914146884516,37810.61946730031,37444.702901424935,0.009724669414942154,37812.62826894659,37472.507586227446,2025-01-07 16:12:00+00:00,16,12,16:12,500.0,75.54876403130038,Other,Normal,None,Other,1.5,-1.0
2025-01-07 16:13:00+00:00,37830.32912852302,37871.94665231677,37796.27842723722,37834.112539777,500,80.77286484454369,81.56601097152404,0.99027602162306,37641.0686500094,101.10457187912498,37843.27779376765,37438.85950625115,0.010744070293987199,37812.62826894659,37472.507586227446,2025-01-07 16:13:00+00:00,16,13,16:13,500.0,75.6682250795493,Other,Normal,None,Other,1.5,-1.0
2025-01-07 16:14:00+00:00,37879.21062100512,37920.8819198181,37845.11592197632,37882.99892089721,500,81.20118735858341,81.52138594923976,0.9960722136047132,37657.66656047965,112.18780500874743,37882.042170497145,37433.29095046216,0.011916596566446218,37871.94665231677,37472.507586227446,2025-01-07 16:14:00+00:00,16,14,16:14,500.0,75.76599784177961,Other,Normal,None,Other,1.5,-1.0
2025-01-07 16:15:00+00:00,37953.354843890695,37995.10770950553,37919.19340838764,37957.15055894659,500,83.40887316213593,81.52350029708533,1.023126740856072,37678.10870381384,127.42586019019387,37932.96042419423,37423.25698343346,0.013527840390491219,37920.8819198181,37472.507586227446,2025-01-07 16:15:00+00:00,16,15,16:15,500.0,75.91430111788941,Other,Normal,None,Other,-1.0,-1.0
2025-01-07 16:16:00+00:00,37977.26744543895,38019.04661754614,37943.08448644215,37981.06555199415,500,82.87696301512538,81.52604417284961,1.0165703960738188,37696.731753994354,142.99895313118964,37982.72966025674,37410.73384773197,0.015173618133730018,37995.10770950553,37472.507586227446,2025-01-07 16:16:00+00:00,16,16,16:16,500.0,75.96213110398821,Other,Normal,Upside Sweep,Other,-1.0,1.5
2025-01-07 16:17:00+00:00,37986.33790217528,38028.12705278272,37952.14677895099,37990.13691586686,500,82.3843423591686,81.52902026067795,1.0104910140678236,37716.622457000034,154.8849965544767,38026.392450108986,37406.85246389108,0.01642617885321595,38019.04661754614,37472.507586227446,2025-01-07 16:17:00+00:00,16,17,16:17,500.0,75.9802738317303,Other,Normal,Upside Sweep,Other,-1.0,1.5
2025-01-07 16:18:00+00:00,37934.14322034526,37975.87495106071,37899.99907703262,37937.93701404666,500,82.93816353595955,81.54928831309574,1.0170311139630237,37734.77138385559,158.63258774333167,38052.03655934225,37417.506208368926,0.01681553452434052,38028.12705278272,37472.507586227446,2025-01-07 16:18:00+00:00,16,18,16:18,500.0,75.87587402809004,Other,Normal,None,Other,-1.0,-1.0
2025-01-07 16:19:00+00:00,37946.21185923775,37987.95686678367,37912.05685306382,37950.00685992374,500,82.43543854909478,81.49656830570703,1.0115203653712865,37756.71016771465,156.41569848003383,38069.54156467471,37443.878770754585,0.016570903321315465,38028.12705278272,37472.507586227446,2025-01-07 16:19:00+00:00,16,19,16:19,500.0,75.90001371985272,Other,Normal,None,Other,-1.0,-1.0
2025-01-07 16:20:00+00:00,37925.631494886686,37967.35386176774,37891.49501289309,37929.42443733042,500,81.96568214377757,81.44834205041919,1.0063517572038254,37777.68050938961,149.56593989258795,38076.81238917479,37478.54862960443,0.015836434410568388,38028.12705278272,37472.507586227446,2025-01-07 16:20:00+00:00,16,20,16:20,500.0,75.85884887465363,Other,Normal,None,Other,1.5,-1.0
2025-01-07 16:21:00+00:00,37934.03333253979,37975.76494236656,37899.88928813606,37937.82711525131,500,81.53068014997191,81.40432401009953,1.001552204276725,37797.81982720642,142.10642445552077,38082.03267611746,37513.60697829538,0.015038584246939398,38028.12705278272,37472.507586227446,2025-01-07 16:21:00+00:00,16,21,16:21,500.0,75.87565423049818,Other,Normal,None,Other,-1.0,-1.0
2025-01-07 16:22:00+00:00,37936.48065684114,37978.21495899388,37902.33440962526,37940.27468430957,500,81.12709937987506,81.35153105608244,0.9972412114032291,37816.49274732316,134.48687493152303,38085.46649718621,37547.51899746011,0.014225208649582589,38028.12705278272,37472.507586227446,2025-01-07 16:22:00+00:00,16,22,16:22,500.0,75.8805493686159,Other,Normal,None,Other,-1.0,-1.0
2025-01-07 16:23:00+00:00,37954.76033643062,37996.51474824187,37920.597635857775,37958.55619204982,500,80.75495745160494,81.30320564897218,0.9932567456228686,37835.85767675501,124.85558135804109,38085.568839471096,37586.14651403893,0.013199709378836064,38028.12705278272,37472.507586227446,2025-01-07 16:23:00+00:00,16,23,16:23,500.0,75.91711238409334,Other,Normal,None,Other,-1.0,-1.0
2025-01-07 16:24:00+00:00,37951.44586500975,37993.19663053781,37917.28614775952,37955.241389148665,500,80.40892354636793,81.24813670337639,0.9896709858089141,37853.24161046672,115.22957996654117,38083.7007703998,37622.78245053364,0.0121764557077911,38028.12705278272,37472.507586227446,2025-01-07 16:24:00+00:00,16,24,16:24,500.0,75.91048277828668,Other,Normal,None,Other,-1.0,-1.0
2025-01-07 16:25:00+00:00,37987.32769947832,38029.117938971685,37953.13568534737,37991.12681215953,500,80.0927328376499,81.19790920452283,0.9863891031468657,37871.025505199024,107.0003933566094,38085.02629191224,37657.02471848581,0.011301557528926002,38028.12705278272,37472.507586227446,2025-01-07 16:25:00+00:00,16,25,16:25,500.0,75.98225362431549,Other,Normal,Upside Sweep,Other,-1.0,1.5
2025-01-07 16:26:00+00:00,37884.40190741236,37926.07891721149,37850.30253575852,37888.19072648501,500,84.43070023503252,81.18115626357148,1.0400283036239435,37881.54827192932,96.85898700586515,38075.26624594105,37687.83029791759,0.010227563700466562,38029.117938971685,37472.507586227446,2025-01-07 16:26:00+00:00,16,26,16:26,500.0,75.77638145296805,Other,Normal,None,Other,1.5,-1.0
2025-01-07 16:27:00+00:00,37891.97930208241,37933.66464784927,37857.873110091336,37895.7688789703,500,83.81361720095404,81.1575757575122,1.032726968722892,37890.575861116726,88.60254894198874,38067.7809590007,37713.37076323275,0.009353518327802656,38029.117938971685,37472.507586227446,2025-01-07 16:27:00+00:00,16,27,16:27,500.0,75.79153775793384,Other,Normal,None,Other,1.5,-1.0
2025-01-07 16:28:00+00:00,37937.95080405416,37979.68672353056,37903.80323357346,37941.744978552015,500,83.82106201233299,81.14627043554705,1.0329625941208287,37898.92043926777,84.91226939355056,38068.74497805487,37729.09590048067,0.008961972363262408,38029.117938971685,37472.507586227446,2025-01-07 16:28:00+00:00,16,28,16:28,500.0,75.88348995710112,Other,Normal,None,Other,1.5,-1.0
2025-01-07 16:29:00+00:00,38009.34308132092,38051.15754015625,37975.131251364735,38013.14439576049,500,85.64902626889753,81.17673554711196,1.055093256604166,37911.13658349517,82.75788209801112,38076.6523476912,37745.62081929915,0.008731775362708761,38029.117938971685,37472.507586227446,2025-01-07 16:29:00+00:00,16,29,16:29,500.0,76.02628879151598,Other,Clustering,Upside Sweep,Other,1.5,-1.0
2025-01-07 16:30:00+00:00,38037.555009170304,38079.40050422989,38003.317785939726,38041.35914508481,500,84.96571855613078,81.2062258022897,1.0462956222469224,37927.24901452923,74.34633514410157,38075.94168481744,37778.55634424103,0.007840941494662228,38051.15754015625,37472.507586227446,2025-01-07 16:30:00+00:00,16,30,16:30,500.0,76.08271829016303,Lunch Session,Clustering,Upside Sweep,Other,1.5,-1.0
2025-01-07 16:31:00+00:00,38102.07888013653,38143.99535855252,38067.78357961436,38105.88946908344,500,86.2278967641008,81.22383462868183,1.0616082971001708,37945.31693006457,71.45767206727135,38088.23227419911,37802.40158593003,0.00753269998497796,38079.40050422989,37497.50571815607,2025-01-07 16:31:00+00:00,16,31,16:31,500.0,76.21177893815911,Lunch Session,Clustering,None,Other,-1.0,1.5
2025-01-07 16:32:00+00:00,38108.89732357572,38150.8213030296,38074.59588584073,38112.70859443517,500,85.51343393729867,81.24175224044312,1.0525798813916898,37962.23325900364,68.86132505901656,38099.95590912167,37824.510608885605,0.007255771765501691,38143.99535855252,37529.249465693,2025-01-07 16:32:00+00:00,16,32,16:32,500.0,76.22541718887078,Lunch Session,Normal,Upside Sweep,Other,-1.0,1.5
2025-01-07 16:33:00+00:00,38109.38750531354,38151.31202402125,38075.08562637086,38113.19882519606,500,84.85007420251942,81.25999925249766,1.0441801007020242,37976.18757327459,69.80310105987309,38115.79377539433,37836.58137115485,0.007352302115654692,38150.8213030296,37533.68634580933,2025-01-07 16:33:00+00:00,16,33,16:33,500.0,76.22639765038912,Lunch Session,Normal,Upside Sweep,Other,-1.0,1.5
2025-01-07 16:34:00+00:00,38129.94985041445,38171.896989963854,38095.629463510384,38133.76322673712,500,84.23703507758732,81.27851496517988,1.0363997806022278,37988.72578856659,74.54380916507088,38137.813406896734,37839.638170236445,0.007849045485753828,38151.31202402125,37569.95515219963,2025-01-07 16:34:00+00:00,16,34,16:34,500.0,76.26752645347005,Lunch Session,Normal,Upside Sweep,Other,-1.0,1.5
2025-01-07 16:35:00+00:00,38130.20935294956,38172.1567779803,38095.88873246985,38134.02275522508,500,83.66782153707746,81.29721986483169,1.029159689300412,37997.56939838051,80.82757310787822,38159.22454459627,37835.91425216475,0.008508709834616341,38171.896989963854,37597.81346859575,2025-01-07 16:35:00+00:00,16,35,16:35,500.0,76.26804551044916,Lunch Session,Normal,Upside Sweep,Other,-1.0,1.5
2025-01-07 16:36:00+00:00,38100.77057109369,38142.6856102258,38066.47644816741,38104.58102919661,500,83.13506014574307,81.31597208436392,1.0223706120058662,38003.74517224064,84.15059916120342,38172.04637056305,37835.443973918234,0.008857084877273595,38172.1567779803,37640.05765648726,2025-01-07 16:36:00+00:00,16,36,16:36,500.0,76.20916205839603,Lunch Session,Normal,None,Other,-1.0,1.5
2025-01-07 16:37:00+00:00,38081.52539059797,38123.41925791435,38047.24859006637,38085.333923990365,500,82.63760355304588,81.30996728916527,1.0163280875413354,38008.505022646816,86.01210431871664,38180.52923128425,37836.48081400938,0.009051879758750655,38172.1567779803,37677.50187812704,2025-01-07 16:37:00+00:00,16,37,16:37,500.0,76.17066784798226,Lunch Session,Normal,None,Other,-1.0,1.5
2025-01-07 16:38:00+00:00,38039.57684782147,38081.42456712599,38005.33780475412,38043.38118594006,500,82.4489261018459,81.31017639713875,1.014005008415493,38013.777231241475,84.6802465489638,38183.1377243394,37844.41673814355,0.008910479591001495,38172.1567779803,37681.39141387944,2025-01-07 16:38:00+00:00,16,38,16:38,500.0,76.08676237187319,Lunch Session,Normal,None,Other,-1.0,-1.0
2025-01-07 16:39:00+00:00,38060.06199856786,38101.93225379181,38025.804517021,38063.86838540641,500,81.99741257820047,81.2960161868509,1.0086276846547741,38019.470307515614,83.99197332407165,38187.45425416376,37851.48636086747,0.008836732615653294,38172.1567779803,37681.39141387944,2025-01-07 16:39:00+00:00,16,39,16:39,500.0,76.12773677080986,Lunch Session,Normal,None,Other,-1.0,1.5
2025-01-07 16:40:00+00:00,38060.876180986284,38102.74733190046,38026.61796660196,38064.68264925121,500,81.57826634393592,81.28246706560822,1.0036391523166852,38026.23321811165,81.77618299124654,38189.78558409414,37862.68085212916,0.008602080834269504,38172.1567779803,37681.39141387944,2025-01-07 16:40:00+00:00,16,40,16:40,500.0,76.12936529849685,Lunch Session,Normal,None,Other,-1.0,1.5
2025-01-07 16:41:00+00:00,38047.54631923749,38089.40280583731,38013.300102928544,38051.35145438293,500,81.18715466999504,81.26791048430086,0.9990063013331515,38031.90943506823,79.21670344174815,38190.34284195172,37873.476028184734,0.008331604131209194,38172.1567779803,37706.78662721817,2025-01-07 16:41:00+00:00,16,41,16:41,500.0,76.1027029087636,Lunch Session,Normal,None,Other,-1.0,-1.0
2025-01-07 16:42:00+00:00,38026.37176252677,38068.20495478477,37992.14460522476,38030.17478000477,500,80.82095430499598,81.2554929625369,0.9946521934493552,38036.404439852995,76.23799857256151,38188.880436998115,37883.928442707875,0.008017371746387374,38172.1567779803,37736.60763363818,2025-01-07 16:42:00+00:00,16,42,16:42,500.0,76.06034956000804,Lunch Session,Normal,None,Other,-1.0,-1.0
2025-01-07 16:43:00+00:00,38045.96253136783,38087.81727562675,38011.71774061052,38049.76750811864,500,80.48371007008441,81.22309813319033,0.9908968251630409,38040.96500565643,74.03223437307469,38189.029474402574,37892.90053691028,0.007784474906150785,38172.1567779803,37796.27842723722,2025-01-07 16:43:00+00:00,16,43,16:43,500.0,76.09953501623386,Lunch Session,Normal,None,Other,-1.0,-1.0
2025-01-07 16:44:00+00:00,38076.04778207969,38117.935623424106,38041.7759118888,38079.85576765645,500,80.17485303188603,81.19431634985806,0.9874441541747915,38047.19572458182,71.64318698071827,38190.48209854325,37903.909350620386,0.007532033372375856,38172.1567779803,37845.11592197632,2025-01-07 16:44:00+00:00,16,44,16:44,500.0,76.159711535307,Lunch Session,Normal,None,Other,-1.0,1.5
2025-01-07 16:45:00+00:00,38033.40693190447,38075.24786362273,37999.1734423168,38037.21065296976,500,80.21110105386921,81.1742636535762,0.9881346308995492,38049.499916622335,70.47656246097844,38190.45304154429,37908.54679170038,0.0074089344265142985,38172.1567779803,37850.30253575852,2025-01-07 16:45:00+00:00,16,45,16:45,500.0,76.07442130592972,Lunch Session,Normal,None,Other,-1.0,-1.0
2025-01-07 16:46:00+00:00,37984.84326206306,38026.63076840196,37950.65348414941,37988.64212627569,500,80.66439160861829,81.16557798402259,0.9938251363711972,38054.522486611866,61.36622717110999,38177.25494095409,37931.790032269644,0.006450347886267708,38172.1567779803,37850.30253575852,2025-01-07 16:46:00+00:00,16,46,16:46,500.0,75.97728425255627,Lunch Session,Normal,None,Other,1.5,-1.0
2025-01-07 16:47:00+00:00,38021.49769549344,38063.3255257415,37987.27492529047,38025.30022551599,500,80.3348350973621,81.15857968522708,0.9898501847733183,38060.99905393915,49.397835571872974,38159.794725082895,37962.20338279541,0.005191438669475427,38172.1567779803,37850.30253575852,2025-01-07 16:47:00+00:00,16,47,16:47,500.0,76.05060045103164,Lunch Session,Normal,None,Other,-1.0,-1.0
2025-01-07 16:48:00+00:00,37969.62869731414,38011.39946595804,37935.45261387821,37973.42603991813,500,81.01431913596329,81.16956733446554,0.9980873595412608,38062.583107007464,45.74534248961123,38154.07379198669,37971.09242202824,0.004807381817571934,38172.1567779803,37850.30253575852,2025-01-07 16:48:00+00:00,16,48,16:48,500.0,75.94685207983275,Lunch Session,Squeeze,None,Other,1.5,-1.0
2025-01-07 16:49:00+00:00,37990.80216681487,38032.59622860455,37956.6070253506,37994.60162697757,500,80.65538228724807,81.18071164245147,0.9935288895037391,38061.65596856832,46.971544899088535,38155.5990583665,37967.71287877014,0.004936363771232616,38172.1567779803,37850.30253575852,2025-01-07 16:49:00+00:00,16,49,16:49,500.0,75.98920325395011,Lunch Session,Squeeze,None,Other,1.5,-1.0
2025-01-07 16:50:00+00:00,38052.66005726965,38094.52216954387,38018.40923813619,38056.46570384003,500,82.03146516432285,81.22054951626278,1.009984119202465,38062.41129650608,46.74891609916557,38155.90912870441,37968.91346430775,0.004912869627201552,38172.1567779803,37850.30253575852,2025-01-07 16:50:00+00:00,16,50,16:50,500.0,76.1129314076752,Lunch Session,Squeeze,None,Other,1.5,-1.0
2025-01-07 16:51:00+00:00,38114.70730644066,38156.637677514846,38080.40063919814,38118.519158356496,500,83.327215772215,81.28739300156558,1.0250939622409854,38063.04278096973,47.44721565270365,38157.93721227514,37968.14834966432,0.004986171591770537,38172.1567779803,37850.30253575852,2025-01-07 16:51:00+00:00,16,51,16:51,500.0,76.23703831670719,Lunch Session,Squeeze,None,Other,1.5,-1.0
2025-01-07 16:52:00+00:00,38143.2229130263,38185.184654404766,38108.8905791712,38147.03761678798,500,82.82484859088275,81.35084373748442,1.018119109595899,38064.75923208737,49.89623048669589,38164.551693060755,37964.96677111398,0.005243299208327438,38172.1567779803,37850.30253575852,2025-01-07 16:52:00+00:00,16,52,16:52,500.0,76.29407523356349,Lunch Session,Normal,Upside Sweep,Other,1.5,-1.0
2025-01-07 16:53:00+00:00,38170.65048101871,38212.6423957393,38136.29345988368,38174.46792781149,500,82.3622833955067,81.4112110986971,1.011682325861196,38067.82268721814,54.67846256887657,38177.179612355896,37958.465762080385,0.005745373253221232,38185.184654404766,37850.30253575852,2025-01-07 16:53:00+00:00,16,53,16:53,500.0,76.34893585561804,Lunch Session,Normal,Upside Sweep,Other,1.5,-1.0
2025-01-07 16:54:00+00:00,38257.08667820751,38299.17368225394,38222.651856714976,38260.91276948446,500,85.38681704171665,81.52631849722727,1.0473527888373948,38074.18016435551,68.41522834309413,38211.0106210417,37937.34970766932,0.007187572055158277,38212.6423957393,37850.30253575852,2025-01-07 16:54:00+00:00,16,54,16:54,500.0,76.52182553896273,Lunch Session,Normal,Upside False Breakout,Other,-1.0,1.5
2025-01-07 16:55:00+00:00,38168.26533981504,38210.25463061792,38133.910465521774,38172.08254806985,500,88.3593518217857,81.69499642512213,1.0815760534706897,38076.083153997744,70.65987455815363,38217.40290311405,37934.763404881436,0.007423019250417336,38299.17368225394,37850.30253575852,2025-01-07 16:55:00+00:00,16,55,16:55,500.0,76.34416509614675,Lunch Session,Normal,None,Other,1.5,-1.0
2025-01-07 16:56:00+00:00,38150.92807394449,38192.89829184761,38116.588804751016,38154.74354829932,500,87.49864719855773,81.82591643724737,1.0693268222136052,38078.59127995288,72.5886225692748,38223.76852509143,37933.414034814334,0.007625137393933937,38299.17368225394,37850.30253575852,2025-01-07 16:56:00+00:00,16,56,16:56,500.0,76.30948709659424,Lunch Session,Normal,None,Other,1.5,-1.0
2025-01-07 16:57:00+00:00,38183.69439752912,38225.70066199284,38149.32563569516,38187.513148844,500,86.70410284849524,81.94890213968056,1.0580264113936453,38083.70024119556,76.57453712357352,38236.84931544271,37930.55116694841,0.008042762298684806,38299.17368225394,37857.873110091336,2025-01-07 16:57:00+00:00,16,57,16:57,500.0,76.37502629768278,Lunch Session,Normal,None,Other,1.5,-1.0
2025-01-07 16:58:00+00:00,38171.19941527561,38213.19193388426,38136.841900050335,38175.0169169673,500,85.96452649031194,82.06453185965431,1.0475235103677598,38090.28202774692,78.55813996860977,38247.39830768414,37933.165747809704,0.008249677953172737,38299.17368225394,37903.80323357346,2025-01-07 16:58:00+00:00,16,58,16:58,500.0,76.35003383392905,Lunch Session,Normal,None,Other,1.5,-1.0
2025-01-07 16:59:00+00:00,38218.93477541382,38260.97980817005,38184.53429406782,38222.75705111893,500,85.96440968405733,82.15371703513787,1.046384908515942,38098.22646103255,83.61752418392034,38265.46150940039,37930.99141266471,0.008779151362276083,38299.17368225394,37935.45261387821,2025-01-07 16:59:00+00:00,16,59,16:59,500.0,76.44551410223357,Lunch Session,Normal,None,Other,-1.0,-1.0
2025-01-07 17:00:00+00:00,38217.81291096316,38259.85670954506,38183.41343939613,38221.6350744706,500,85.28432828869144,82.23822616825511,1.0370399783940398,38106.07408229352,87.57514428524841,38281.224370864016,37930.92379372302,0.009192775314100567,38299.17368225394,37935.45261387821,2025-01-07 17:00:00+00:00,17,0,17:00,500.0,76.44327014893497,Lunch Session,Normal,None,Other,-1.0,-1.0
2025-01-07 17:01:00+00:00,38223.23043524014,38265.28019369475,38188.82608741365,38227.0531405542,500,84.65359814529234,82.3183465832488,1.0283685430887741,38114.85916660209,90.55865340995247,38295.97647342199,37933.74185978218,0.009503763664886311,38299.17368225394,37935.45261387821,2025-01-07 17:01:00+00:00,17,1,17:01,500.0,76.45410628110403,Lunch Session,Normal,None,Other,-1.0,-1.0
2025-01-07 17:02:00+00:00,38213.11505326002,38255.153683681645,38178.71981018778,38216.93674693471,500,84.06647495590464,82.3942920173262,1.0202948881243716,38124.19726494858,90.99476847299954,38306.18680189458,37942.207728002584,0.009547193121535989,38299.17368225394,37935.45261387821,2025-01-07 17:02:00+00:00,17,2,17:02,500.0,76.43387349386467,Lunch Session,Normal,None,Other,-1.0,-1.0
2025-01-07 17:03:00+00:00,38193.53543083914,38235.55252152213,38159.15781118942,38197.355166355774,500,83.51849176853347,82.46630348602412,1.0127590086863498,38131.57664786044,90.62475956932387,38312.82616699909,37950.327128721794,0.009506531597812532,38299.17368225394,37935.45261387821,2025-01-07 17:03:00+00:00,17,3,17:03,500.0,76.3947103327082,Lunch Session,Normal,None,Other,1.5,-1.0
2025-01-07 17:04:00+00:00,38173.02681061657,38215.021339561135,38138.667650571006,38176.84449506607,500,83.00672014150463,82.53452671119636,1.0057211623925653,38136.42608423092,90.30587839241004,38317.03784101574,37955.8143274461,0.009471876383272368,38299.17368225394,37935.45261387821,2025-01-07 17:04:00+00:00,17,4,17:04,500.0,76.35368899012974,Lunch Session,Normal,None,Other,1.5,-1.0
2025-01-07 17:05:00+00:00,38183.7612882199,38225.76762627075,38149.3924661783,38187.58004622453,500,82.53303728085747,82.5991914467818,0.9991990942675637,38143.944553893656,87.8366786107992,38319.61791111525,37968.27119667206,0.009211074485145972,38299.17368225394,37935.45261387821,2025-01-07 17:05:00+00:00,17,5,17:05,500.0,76.37516009244428,Lunch Session,Normal,None,Other,1.5,-1.0
2025-01-07 17:06:00+00:00,38154.57847957372,38196.55271332462,38120.23592468662,38158.39431900562,500,82.08901952065361,82.65489510468286,0.9931537559473934,38152.43216353015,79.88133350857554,38312.194830547305,37992.669496513,0.0083749663105289,38299.17368225394,37935.45261387821,2025-01-07 17:06:00+00:00,17,6,17:06,500.0,76.31678863800335,Lunch Session,Normal,None,Other,1.5,-1.0
2025-01-07 17:07:00+00:00,38191.34686079228,38233.36154380744,38156.97121105259,38195.16637743002,500,81.68197046595364,82.70776266626291,0.9875973890812586,38160.925471125855,74.50202375037416,38309.9295186266,38011.92142362511,0.007809247058931565,38299.17368225394,37935.45261387821,2025-01-07 17:07:00+00:00,17,7,17:07,500.0,76.39033275485417,Lunch Session,Normal,None,Other,1.5,-1.0
2025-01-07 17:08:00+00:00,38216.68475357075,38258.72731105542,38182.286297446924,38220.50680425118,500,81.30761640470688,82.73188949711604,0.982784472818564,38173.2795093425,61.04438965715717,38295.36828865681,38051.19073002819,0.0063965570096974275,38299.17368225394,37935.45261387821,2025-01-07 17:08:00+00:00,17,8,17:08,500.0,76.4410136084989,Lunch Session,Normal,None,Other,-1.0,-1.0
2025-01-07 17:09:00+00:00,38259.10649929573,38301.19572536756,38224.669859782414,38262.93279257499,500,81.26342388411209,82.76042545682961,0.9819116254604273,38186.696067622375,47.74591605023055,38282.187899722834,38091.20423552192,0.0050013141713731125,38299.17368225394,37935.45261387821,2025-01-07 17:09:00+00:00,17,9,17:09,500.0,76.52586558514304,Lunch Session,Normal,Upside Sweep,Other,-1.0,1.5
2025-01-07 17:10:00+00:00,38216.32139430705,38258.36355205656,38181.92326523927,38220.14340864791,500,81.24528841636995,82.77927959799558,0.9814688991124926,38194.87995286277,37.08669424345816,38269.05334134969,38120.706564375854,0.0038839440562953164,38301.19572536756,37935.45261387821,2025-01-07 17:10:00+00:00,17,10,17:10,500.0,76.44028681729105,Lunch Session,Squeeze,None,Other,-1.0,-1.0
2025-01-07 17:11:00+00:00,38151.810325920094,38193.78151439745,38117.47026262044,38155.62588850895,500,82.77584967430603,82.82914901921008,0.9993565146384434,38196.735289370394,33.85269954855884,38264.44068846751,38129.029890273276,0.003545088269151605,38301.19572536756,37935.45261387821,2025-01-07 17:11:00+00:00,17,11,17:11,500.0,76.31125177701324,Lunch Session,Squeeze,None,Other,1.5,-1.0
2025-01-07 17:12:00+00:00,38152.032150513296,38194.0035830221,38117.69188755153,38155.84773528682,500,82.31412437403912,82.87636459062267,0.9932159160291261,38197.17579529534,33.22344810616952,38263.62269150768,38130.728899083006,0.003479152310549602,38301.19572536756,37935.45261387821,2025-01-07 17:12:00+00:00,17,12,17:12,500.0,76.31169547056925,Lunch Session,Squeeze,None,Other,1.5,-1.0
2025-01-07 17:13:00+00:00,38263.17036613334,38305.26406290576,38228.73006877408,38266.99706583992,500,87.10713889153173,82.98193582473914,1.0497120611346689,38201.80225219676,36.20368771763883,38274.20962763204,38129.39487676148,0.0037907832178842127,38301.19572536756,37935.45261387821,2025-01-07 17:13:00+00:00,17,13,17:13,500.0,76.5339941316779,Lunch Session,Squeeze,Upside Sweep,Other,1.5,-1.0
2025-01-07 17:14:00+00:00,38312.033333074025,38354.18078448554,38277.54905464641,38315.86491956598,500,87.11260887396698,83.0804595166622,1.0485330651847937,38204.54985970083,42.468988671112626,38289.48783704306,38119.61188235861,0.0044464849162806595,38305.26406290576,37935.45261387821,2025-01-07 17:14:00+00:00,17,14,17:14,500.0,76.63172983912955,Lunch Session,Squeeze,Upside False Breakout,Other,-1.0,-1.0
2025-01-07 17:15:00+00:00,38291.18016518469,38333.30467581745,38256.71465648516,38295.00966615131,500,86.36099533527619,83.12966155288122,1.0388710085188957,38210.696215604905,46.2498827405043,38303.19598108591,38118.1964501239,0.004841563993446981,38354.18078448554,37935.45261387821,2025-01-07 17:15:00+00:00,17,15,17:15,500.0,76.59001933229592,Lunch Session,Squeeze,None,Other,-1.0,-1.0
2025-01-07 17:16:00+00:00,38307.82176283439,38349.96458105533,38273.34127519908,38311.6529281272,500,85.66544608677381,83.17613627074203,1.0299281732434524,38218.5416845963,49.45625955138863,38317.454203699075,38119.62916549352,0.005176153497381814,38354.18078448554,37935.45261387821,2025-01-07 17:16:00+00:00,17,16,17:16,500.0,76.62330585624295,Lunch Session,Normal,None,Other,-1.0,-1.0
2025-01-07 17:17:00+00:00,38336.08753356909,38378.26144724738,38301.58160419594,38339.921525721664,500,85.02361729853561,83.22012418639814,1.021671358097207,38226.16210344018,55.76331122701066,38337.68872589421,38114.63548098616,0.00583509388947983,38354.18078448554,37935.45261387821,2025-01-07 17:17:00+00:00,17,17,17:17,500.0,76.6798430514391,Lunch Session,Normal,Upside Sweep,Other,-1.0,1.5
2025-01-07 17:18:00+00:00,38284.0475962893,38326.16426031162,38249.58850754377,38287.876383927694,500,85.40286021848983,83.2612024644403,1.0257221573873403,38231.8050767882,56.02506490454188,38343.85520659728,38119.75494697912,0.005861618596560145,38378.26144724738,37935.45261387821,2025-01-07 17:18:00+00:00,17,18,17:18,500.0,76.57575276785064,Lunch Session,Normal,None,Other,-1.0,-1.0
2025-01-07 17:19:00+00:00,38336.90170979223,38379.076519153925,38302.39504758719,38340.73578337056,500,85.81695129047131,83.31756101012992,1.029998361090257,38237.704013400784,61.01140232449101,38359.72681804976,38115.681208751805,0.006382329054391713,38378.26144724738,37956.6070253506,2025-01-07 17:19:00+00:00,17,19,17:19,500.0,76.68147156673513,Lunch Session,Normal,Upside Sweep,Other,-1.0,1.5
2025-01-07 17:20:00+00:00,38330.86703152998,38373.03520208172,38296.36580107856,38334.70050158014,500,85.16355484137796,83.37085888842326,1.0215026686405366,38243.35728475626,64.57812544703579,38372.51353565033,38114.20103386219,0.006754441035727328,38379.076519153925,38018.40923813619,2025-01-07 17:20:00+00:00,17,20,17:20,500.0,76.66940100316424,Lunch Session,Normal,None,Other,-1.0,1.5
2025-01-07 17:21:00+00:00,38327.77458955543,38369.93935808079,38293.27614258013,38331.60775033046,500,84.55638774561234,83.4212873483506,1.0136068434489842,38248.58501524507,67.36080684345252,38383.306628931976,38113.86340155817,0.007044527981006654,38379.076519153925,38080.40063919814,2025-01-07 17:21:00+00:00,17,21,17:21,500.0,76.66321550065913,Lunch Session,Normal,None,Other,-1.0,1.5
2025-01-07 17:22:00+00:00,38329.06950224075,38371.23569531252,38294.569889727485,38332.902792520006,500,83.99277473414251,83.46904860425505,1.0062744950211493,38254.38331752434,69.45182206109017,38393.286961646525,38115.47967340216,0.00726210342847438,38379.076519153925,38108.8905791712,2025-01-07 17:22:00+00:00,17,22,17:22,500.0,76.66580558503483,Lunch Session,Normal,None,Other,-1.0,1.5
2025-01-07 17:23:00+00:00,38373.34750693186,38415.56241067986,38338.80804022895,38377.18522545441,500,83.89754926455025,83.52142513447082,1.0045033250986064,38263.37482047927,73.21874660087337,38409.81231368102,38116.93732727753,0.007654185961838855,38379.076519153925,38116.588804751016,2025-01-07 17:23:00+00:00,17,23,17:23,500.0,76.75437045090803,Lunch Session,Normal,Upside Sweep,Other,-1.0,1.5
2025-01-07 17:24:00+00:00,38344.76302466506,38386.94648233795,38310.24928656905,38348.59788445351,500,83.38323830057537,83.57099704704095,0.9977533025439449,38271.962489948644,72.6053587629954,38417.17320747463,38126.751772422656,0.007588360150808815,38415.56241067986,38116.588804751016,2025-01-07 17:24:00+00:00,17,24,17:24,500.0,76.69719576890202,Lunch Session,Normal,None,Other,-1.0,1.5
2025-01-07 17:25:00+00:00,38279.74829159953,38321.86022591371,38245.29307261519,38283.57664926445,500,84.80620783898593,83.64955496372987,1.0138273643626385,38276.762320100635,69.85434048185499,38416.47100106435,38137.053639136924,0.007299921544845224,38415.56241067986,38116.588804751016,2025-01-07 17:25:00+00:00,17,25,17:25,500.0,76.56715329852159,Lunch Session,Normal,None,Other,-1.0,-1.0
2025-01-07 17:26:00+00:00,38292.49585847126,38334.621816511375,38258.02916552934,38296.32549102036,500,84.21952520634656,83.64603537991844,1.0068561507287623,38283.658878701375,64.12710748007184,38411.91309366152,38155.40466374123,0.006700206757483974,38415.56241067986,38116.588804751016,2025-01-07 17:26:00+00:00,17,26,17:26,500.0,76.59265098203468,Lunch Session,Normal,None,Other,-1.0,1.5
2025-01-07 17:27:00+00:00,38214.70114536434,38256.741520661766,38180.30447466644,38218.522997664106,500,86.49106028831632,83.69065943137448,1.0334613310011989,38284.826709713074,62.62583794722538,38410.07838560752,38159.575033818626,0.006543149684032421,38415.56241067986,38117.47026262044,2025-01-07 17:27:00+00:00,17,27,17:27,500.0,76.43704599532794,Lunch Session,Normal,None,Other,1.5,-1.0
2025-01-07 17:28:00+00:00,38203.57832749857,38245.60646647272,38169.19166833791,38207.39906740531,500,85.77132727735136,83.72316385245811,1.0244635215709554,38284.17132287079,63.398204735375735,38410.96773234154,38157.37491340004,0.006623959986042686,38415.56241067986,38117.47026262044,2025-01-07 17:28:00+00:00,17,28,17:28,500.0,76.41479813480692,Lunch Session,Normal,None,Other,1.5,-1.0
2025-01-07 17:29:00+00:00,38249.33058256656,38291.40905405452,38214.902742258215,38253.15589815637,500,85.64551723248405,83.72310536851789,1.0229615451493876,38283.68247814986,63.60793434766989,38410.8983468452,38156.46660945452,0.006645957779424606,38415.56241067986,38117.47026262044,2025-01-07 17:29:00+00:00,17,29,17:29,500.0,76.50631179630727,Lunch Session,Normal,None,Other,1.5,-1.0
2025-01-07 17:30:00+00:00,38271.86966819319,38313.972935154896,38237.42154067907,38275.69723791698,500,84.99593703558003,83.72360900984204,1.0151967651751421,38286.46016961331,61.876641387539706,38410.21345238839,38162.706886838234,0.006464597783489808,38415.56241067986,38117.47026262044,2025-01-07 17:30:00+00:00,17,30,17:30,500.0,76.55139447582769,Lunch Session,Normal,None,Other,1.5,-1.0
2025-01-07 17:31:00+00:00,38312.166501974985,38354.31409988694,38277.68210368338,38315.99810178516,500,84.54028881660719,83.69548221071715,1.010093813711033,38294.47878027712,53.907608204343234,38402.2939966858,38186.66356386843,0.005630849137668078,38415.56241067986,38117.47026262044,2025-01-07 17:31:00+00:00,17,31,17:31,500.0,76.63199620356318,Lunch Session,Normal,None,Other,1.5,-1.0
2025-01-07 17:32:00+00:00,38336.32424156553,38378.49841564866,38301.81809913388,38340.15825739128,500,83.97886222361949,83.66990601548916,1.0036925607167901,38303.69430638234,43.76017402923321,38391.21465444081,38216.173958323874,0.00456981237153852,38415.56241067986,38117.47026262044,2025-01-07 17:32:00+00:00,17,32,17:32,500.0,76.6803165147794,Lunch Session,Squeeze,None,Other,1.5,-1.0
2025-01-07 17:33:00+00:00,38429.22334740511,38471.499720724576,38394.63358741644,38433.06665407051,500,87.3619051600248,83.71176986478093,1.0436036091596188,38311.99778579387,51.50148963938453,38415.00076507264,38208.994806515104,0.005377061246175045,38415.56241067986,38117.47026262044,2025-01-07 17:33:00+00:00,17,33,17:33,500.0,76.8661333081327,Lunch Session,Clustering,Upside False Breakout,Other,1.5,-1.0
2025-01-07 17:34:00+00:00,38407.00847098548,38449.26040549701,38372.43870638513,38410.84955594107,500,86.6090332994427,83.75130316847851,1.034121619877549,38316.74701761263,56.05508519430457,38428.85718800124,38204.63684722402,0.005851758257927083,38471.499720724576,38117.47026262044,2025-01-07 17:34:00+00:00,17,34,17:34,500.0,76.8216991118752,Lunch Session,Clustering,None,Other,1.5,-1.0
2025-01-07 17:35:00+00:00,38422.68678695268,38464.955969336566,38388.10291045678,38426.52943989667,500,85.91217798375304,83.78870910925644,1.0253431386766885,38323.32300629989,60.877821644902376,38445.0786495897,38201.56736301009,0.006354127655881526,38471.499720724576,38117.47026262044,2025-01-07 17:35:00+00:00,17,35,17:35,500.0,76.85305887978757,Lunch Session,Clustering,None,Other,1.5,-1.0
2025-01-07 17:36:00+00:00,38406.2407688699,38448.49185882465,38371.67169527056,38410.081777047606,500,85.26274838163425,83.82417057985462,1.0171618495217818,38328.24444874592,63.79348088225914,38455.83141051044,38200.65748698141,0.006657594867676723,38471.499720724576,38117.47026262044,2025-01-07 17:36:00+00:00,17,36,17:36,500.0,76.82016355408996,Lunch Session,Normal,None,Other,1.5,-1.0
2025-01-07 17:37:00+00:00,38443.389926250544,38485.68188436523,38408.7874150658,38447.23464971552,500,84.66501416147655,83.85796075666181,1.009624052356301,38333.61010494561,69.11815373136824,38471.84641240835,38195.37379748288,0.007212277011441769,38471.499720724576,38117.47026262044,2025-01-07 17:37:00+00:00,17,37,17:37,500.0,76.89446929942642,Lunch Session,Normal,Upside Sweep,Other,1.5,-1.0
2025-01-07 17:38:00+00:00,38441.40726430834,38483.69704127677,38406.8065376978,38445.25178948729,500,84.10969197701195,83.88564018791456,1.002670919463635,38341.47887522359,72.51243301915804,38486.503741261906,38196.454009185276,0.007564907264546363,38485.68188436523,38117.47026262044,2025-01-07 17:38:00+00:00,17,38,17:38,500.0,76.89050357897213,Lunch Session,Normal,None,Other,1.5,-1.0
2025-01-07 17:39:00+00:00,38507.92397638672,38550.28692905601,38473.26337874821,38511.77515390211,500,85.60436680499144,83.94575609169442,1.0197581246571334,38350.03084375017,81.89870281648062,38513.828249383136,38186.23343811721,0.008542230711642618,38485.68188436523,38117.47026262044,2025-01-07 17:39:00+00:00,17,39,17:39,500.0,77.02355030780018,Lunch Session,Normal,None,Other,1.5,-1.0
2025-01-07 17:40:00+00:00,38487.8736568868,38530.21455199888,38453.23110634054,38491.72282916971,500,84.98858672308734,84.00259476468028,1.011737636928587,38357.88196012965,87.67444316764885,38533.23084646495,38182.53307379435,0.009142782519512454,38550.28692905601,38117.47026262044,2025-01-07 17:40:00+00:00,17,40,17:40,500.0,76.98344565833395,Lunch Session,Normal,None,Other,1.5,-1.0
2025-01-07 17:41:00+00:00,38542.45450841634,38584.8554484696,38507.76283019094,38546.30913933028,500,85.57030333571606,84.07564724244229,1.0177775151580308,38368.61702957963,96.9424639858632,38562.50195755136,38174.73210160791,0.01010643296432878,38550.28692905601,38117.47026262044,2025-01-07 17:41:00+00:00,17,41,17:41,500.0,77.09261827865703,Lunch Session,Normal,Upside Sweep,Other,-1.0,-1.0
2025-01-07 17:42:00+00:00,38565.70799817908,38608.13451962922,38530.99538971987,38569.56495467455,500,84.96807666240383,84.1447659483991,1.0097844554527564,38380.45013768737,106.3418267145407,38593.133791116445,38167.76648425829,0.011082916050545998,38584.8554484696,38117.69188755153,2025-01-07 17:42:00+00:00,17,42,17:42,500.0,77.13912990934477,Lunch Session,Normal,Upside Sweep,Other,-1.0,1.5
2025-01-07 17:43:00+00:00,38564.84178087548,38607.26734939128,38530.1299520898,38568.69865074055,500,84.4087424223377,84.21018315426997,1.002357900916852,38390.025808951665,114.35311688438199,38618.73204272043,38161.3195751829,0.011914877833473015,38608.13451962922,38169.19166833791,2025-01-07 17:43:00+00:00,17,43,17:43,500.0,77.1373973014779,Lunch Session,Normal,None,Other,-1.0,-1.0
2025-01-07 17:44:00+00:00,38586.15251816287,38628.60153083411,38551.42150779549,38590.0115193148,500,83.89240532350082,84.27214235913023,0.9954939197580722,38402.096490694734,122.22069248281865,38646.53787566037,38157.6551057291,0.012730627090886293,38608.13451962922,38169.19166833791,2025-01-07 17:44:00+00:00,17,44,17:44,500.0,77.18002303862158,Lunch Session,Normal,Upside Sweep,Other,-1.0,1.5
2025-01-07 17:45:00+00:00,38596.62098699001,38639.08151612861,38561.88055405843,38600.48103509352,500,83.41444509112071,84.32553142641774,0.9891956051757345,38417.94170998619,126.51359629540163,38670.96890257699,38164.91451739539,0.01317234507256442,38628.60153083411,38169.19166833791,2025-01-07 17:45:00+00:00,17,45,17:45,500.0,77.20096207017923,Lunch Session,Normal,Upside Sweep,Other,-1.0,1.5
2025-01-07 17:46:00+00:00,38610.74818588172,38653.224256493246,38575.99503719956,38614.6096468464,500,82.97264324844691,84.36400228708156,0.983507669137128,38433.855917777495,130.37004890635768,38694.596015590214,38173.115819964776,0.013568250782358484,38639.08151612861,38169.19166833791,2025-01-07 17:46:00+00:00,17,46,17:46,500.0,77.22921929368749,Lunch Session,Normal,Upside Sweep,Other,-1.0,1.5
2025-01-07 17:47:00+00:00,38603.147594646216,38645.61530377123,38568.40128718029,38607.00829547576,500,82.56131277291048,84.4011102483407,0.9782017384603494,38453.28018266808,125.44616825601722,38704.172519180116,38202.387846156045,0.013049203361596146,38653.224256493246,38169.19166833791,2025-01-07 17:47:00+00:00,17,47,17:47,500.0,77.21401659093681,Lunch Session,Normal,None,Other,-1.0,1.5
2025-01-07 17:48:00+00:00,38576.45933112621,38618.89768022536,38541.73704549964,38580.3173628625,500,82.17555005525391,84.42046409699554,0.9734079400563076,38471.92609744093,114.18489185405342,38700.29588114904,38243.55631373283,0.01187202237442934,38653.224256493246,38169.19166833791,2025-01-07 17:48:00+00:00,17,48,17:48,500.0,77.16063472571841,Lunch Session,Normal,None,Other,-1.0,1.5
2025-01-07 17:49:00+00:00,38563.92127627743,38606.34583213692,38529.21027602875,38567.77805408284,500,81.81555048760472,84.43980023366815,0.9689216490469967,38487.65720523726,103.64500228480958,38694.94720980688,38280.367200667635,0.010771765268238523,38653.224256493246,38169.19166833791,2025-01-07 17:49:00+00:00,17,49,17:49,500.0,77.13555610816547,Lunch Session,Normal,None,Other,-1.0,1.5
2025-01-07 17:50:00+00:00,38499.452193165,38541.80582594076,38464.799220893925,38503.30252341734,500,83.32721353769826,84.46139603989107,0.9865715870756252,38499.037469512274,90.85297069813984,38680.74341090855,38317.331528115996,0.00943950567804052,38653.224256493246,38169.19166833791,2025-01-07 17:50:00+00:00,17,50,17:50,500.0,77.00660504683765,Lunch Session,Normal,None,Other,-1.0,1.5
2025-01-07 17:51:00+00:00,38532.26571299142,38574.655444248834,38497.58320559899,38536.11932492392,500,82.88042961713735,84.45394960397311,0.9813683078859614,38510.04353066921,80.22336240241945,38670.49025547405,38349.59680586437,0.00833272103040131,38653.224256493246,38169.19166833791,2025-01-07 17:51:00+00:00,17,51,17:51,500.0,77.07223864984553,Lunch Session,Normal,None,Other,-1.0,1.5
2025-01-07 17:52:00+00:00,38485.086276447975,38527.42410513493,38450.446234795,38488.93516996497,500,83.07990536797892,84.45820055025804,0.9836807417953578,38517.48237629789,69.87123418229181,38657.22484466247,38377.73990793331,0.007256054121053992,38653.224256493246,38169.19166833791,2025-01-07 17:52:00+00:00,17,52,17:52,500.0,76.9778703399279,Lunch Session,Normal,None,Other,-1.0,-1.0
2025-01-07 17:53:00+00:00,38477.09579124125,38519.42482951544,38442.46294174418,38480.943885629815,500,82.64290411107018,84.4628775621841,0.97845238637798,38519.876237875855,67.61042960380473,38655.09709708346,38384.65537866825,0.007020835600434549,38653.224256493246,38169.19166833791,2025-01-07 17:53:00+00:00,17,53,17:53,500.0,76.96188777125644,Lunch Session,Normal,None,Other,-1.0,-1.0
2025-01-07 17:54:00+00:00,38502.42378590395,38544.78068775863,38467.76813893194,38506.27441334529,500,82.24073587647182,84.41044287609671,0.9742957515006795,38524.647480746076,62.70026052128861,38650.04800178865,38399.2469597035,0.0065101450236629815,38653.224256493246,38169.19166833791,2025-01-07 17:54:00+00:00,17,54,17:54,500.0,77.01254882669309,Lunch Session,Normal,None,Other,-1.0,1.5
2025-01-07 17:55:00+00:00,38535.14151146534,38577.53440641744,38500.45641559544,38538.99541100644,500,81.87196837258092,84.30231981860994,0.9711710015660504,38530.27077930156,58.32820665899685,38646.92719261955,38413.614365983565,0.006055312405469025,38653.224256493246,38169.19166833791,2025-01-07 17:55:00+00:00,17,55,17:55,500.0,77.07799082199926,Lunch Session,Normal,None,Other,-1.0,1.5
2025-01-07 17:56:00+00:00,38467.20036323095,38509.51851544572,38432.576420509766,38471.04746797775,500,83.62532709573064,84.23776448356284,0.9927296576353032,38533.31906384807,53.07272950090732,38639.46452284988,38427.173604846255,0.005509281919158462,38653.224256493246,38169.19166833791,2025-01-07 17:56:00+00:00,17,56,17:56,500.0,76.94209493595554,Lunch Session,Normal,None,Other,-1.0,-1.0
2025-01-07 17:57:00+00:00,38464.05202576637,38506.36671446358,38429.43091683229,38467.89881564793,500,83.14750356255628,84.17848782879719,0.9877524021536508,38534.352272144686,51.486078776177685,38637.324429697044,38431.38011459233,0.005344434328369057,38653.224256493246,38169.19166833791,2025-01-07 17:57:00+00:00,17,57,17:57,500.0,76.93579763128946,Lunch Session,Normal,None,Other,-1.0,-1.0
2025-01-07 17:58:00+00:00,38482.12455472981,38524.459125197056,38447.48717889297,38485.973152045015,500,82.70639232980864,84.12418559278879,0.9831464250977344,38536.38834027258,48.495383193492394,38633.37910665956,38439.397573885595,0.005033723738226978,38653.224256493246,38169.19166833791,2025-01-07 17:58:00+00:00,17,58,17:58,500.0,76.97194630408922,Lunch Session,Normal,None,Other,-1.0,-1.0
2025-01-07 17:59:00+00:00,38484.511140373455,38526.84833634746,38449.871616394725,38488.359976371095,500,82.29713001716046,84.06306426500717,0.9789927447531577,38535.21758139602,49.39515366138236,38634.007888718785,38436.427274073256,0.005127273882084333,38653.224256493246,38214.902742258215,2025-01-07 17:59:00+00:00,17,59,17:59,500.0,76.97671995273413,Lunch Session,Normal,None,Other,-1.0,-1.0
2025-01-07 18:00:00+00:00,38536.65735013775,38579.05191267916,38501.97088987661,38540.51140127788,500,82.8967590379395,84.02327144416131,0.9865928523507866,38537.657010001436,48.32726032434595,38634.31153065013,38441.002489352744,0.0050161077838026084,38653.224256493246,38237.42154067907,2025-01-07 18:00:00+00:00,18,0,18:00,500.0,77.08102280255116,Pre-News,Normal,None,Other,-1.0,1.5
2025-01-07 18:01:00+00:00,38505.38572078091,38547.7458810898,38470.727407800914,38509.23664444536,500,82.47688148443585,83.98699283314704,0.9820196997443252,38535.80338525719,48.687563018680024,38633.17851129455,38438.42825921983,0.0050537483318494544,38653.224256493246,38277.68210368338,2025-01-07 18:01:00+00:00,18,1,18:01,500.0,77.01847328888834,Pre-News,Normal,None,Other,-1.0,1.5
2025-01-07 18:02:00+00:00,38426.95164788809,38469.225522088185,38392.36393263347,38430.79472736083,500,84.93372650782553,84.00144702567906,1.0110983740775499,38528.86487389151,53.29323691936365,38635.45134773023,38422.27840005278,0.005532811526505738,38653.224256493246,38301.81809913388,2025-01-07 18:02:00+00:00,18,2,18:02,500.0,76.86158945471834,Pre-News,Clustering,None,Other,-1.0,1.5
2025-01-07 18:03:00+00:00,38458.48720902214,38500.795775808736,38423.87110892401,38462.33344236638,500,84.36165082046129,84.01549967654452,1.0041200867131592,38523.54661347279,54.40454540348841,38632.35570427977,38414.73752266581,0.005648965392450407,38653.224256493246,38371.67169527056,2025-01-07 18:03:00+00:00,18,3,18:03,500.0,76.92466688472632,Pre-News,Clustering,None,Other,-1.0,1.5
2025-01-07 18:04:00+00:00,38438.22161555843,38480.50788796278,38403.623756318506,38442.06582214065,500,83.82754230787675,84.02918004598405,0.9976003843189122,38516.14932861408,54.947044282645784,38626.043417179375,38406.25524004879,0.005706390201558925,38653.224256493246,38371.67169527056,2025-01-07 18:04:00+00:00,18,4,18:04,500.0,76.88413164427766,Pre-News,Clustering,None,Other,-1.0,1.5
2025-01-07 18:05:00+00:00,38371.0695507296,38413.28194847517,38336.53213439231,38374.90704143374,500,85.37798126790949,84.07659577910158,1.0154785701864892,38504.870628931094,59.673559988379274,38624.21774890785,38385.523508954335,0.006199066145522185,38653.224256493246,38371.67169527056,2025-01-07 18:05:00+00:00,18,5,18:05,500.0,76.74981408285385,Pre-News,Clustering,Range Raid,Other,-1.0,-1.0
2025-01-07 18:06:00+00:00,38365.371394595895,38407.57752374286,38330.839107112006,38369.20831542744,500,84.76086950811987,84.12112661222604,1.007605020541901,38492.600562360145,61.13327203789864,38614.867106435944,38370.334018284346,0.006352729734522384,38653.224256493246,38336.53213439231,2025-01-07 18:06:00+00:00,18,6,18:06,500.0,76.73841663085477,Pre-News,Normal,Downside Stop Hunt,Other,1.5,-1.0
2025-01-07 18:07:00+00:00,38412.99539613881,38455.25391692664,38378.42024276695,38416.8370798468,500,84.8526360789114,84.17397103910865,1.008062647293751,38483.0920015787,57.0553670958395,38597.20273577038,38368.98126738702,0.0059304348095001475,38653.224256493246,38330.839107112006,2025-01-07 18:07:00+00:00,18,7,18:07,500.0,76.83367415968678,Pre-News,Normal,None,Other,-1.0,1.5
2025-01-07 18:08:00+00:00,38364.88436303676,38407.08995639543,38330.35251392512,38368.72123516027,500,84.96920249625208,84.23499747396774,1.0087161517694738,38472.51219519359,57.69257849100065,38587.89735217559,38357.12703821158,0.005998316740876554,38653.224256493246,38330.839107112006,2025-01-07 18:08:00+00:00,18,8,18:08,500.0,76.73744247030845,Pre-News,Normal,Downside Stop Hunt,Other,1.5,-1.0
2025-01-07 18:09:00+00:00,38454.99388348333,38497.29860722753,38420.38092769262,38458.83976746008,500,88.08407175132399,84.34867493842127,1.044285186644956,38467.06528086245,53.191912989166156,38573.44910684078,38360.68145488412,0.005531164137507321,38653.224256493246,38330.35251392512,2025-01-07 18:09:00+00:00,18,9,18:09,500.0,76.91767953491217,Pre-News,Clustering,None,Other,-1.0,1.5
2025-01-07 18:10:00+00:00,38423.17087648766,38465.440591423285,38388.5865642676,38427.01357784544,500,87.28192570877835,84.44928555996141,1.0335424998569784,38463.25083358386,53.191913486755034,38569.63466055737,38356.867006610344,0.00553171272151678,38653.224256493246,38330.35251392512,2025-01-07 18:10:00+00:00,18,10,18:10,500.0,76.85402715568489,Pre-News,Clustering,None,Other,-1.0,1.5
2025-01-07 18:11:00+00:00,38426.89852192071,38469.1723376764,38392.31085448424,38430.74159608032,500,86.53760838616266,84.51198153849236,1.0239685167806376,38457.98194714168,50.75743334380221,38559.49681382928,38356.46708045407,0.0052792612377389565,38653.224256493246,38330.35251392512,2025-01-07 18:11:00+00:00,18,11,18:11,500.0,76.86148319215863,Pre-News,Normal,None,Other,-1.0,1.5
2025-01-07 18:12:00+00:00,38380.46339196836,38422.68612397272,38345.91752032842,38384.30182215057,500,86.41521319800115,84.58033301889172,1.021693934199805,38452.75027975095,52.75228889780696,38558.25485754656,38347.24570195534,0.005487491897356916,38653.224256493246,38330.35251392512,2025-01-07 18:12:00+00:00,18,12,18:12,500.0,76.76860364430468,Pre-News,Clustering,None,Other,-1.0,-1.0
2025-01-07 18:13:00+00:00,38382.444272183646,38424.66918337416,38347.89661757322,38386.28290047369,500,85.72645266963941,84.5573215818602,1.0138264914960367,38448.01723049315,54.3130660276798,38556.64336254851,38339.39109843779,0.005650545327430248,38653.224256493246,38330.35251392512,2025-01-07 18:13:00+00:00,18,13,18:13,500.0,76.77256580093672,Pre-News,Clustering,None,Other,-1.0,-1.0
2025-01-07 18:14:00+00:00,38377.6948221843,38419.914508457325,38343.151442506365,38381.532975481845,500,85.08621076116228,84.5235482799801,1.006656872464918,38441.78015859997,54.43320831400962,38550.64657522799,38332.91374197195,0.005663963332544392,38653.224256493246,38330.35251392512,2025-01-07 18:14:00+00:00,18,14,18:14,500.0,76.76306595095957,Pre-News,Clustering,None,Other,-1.0,-1.0
2025-01-07 18:15:00+00:00,38320.9572385133,38363.11450720253,38286.46492776756,38324.78971748505,500,85.79919911495651,84.51418500964145,1.0152047151039612,38431.06987392391,55.36399325553571,38541.79786043498,38320.34188741284,0.0057624201914919515,38653.224256493246,38330.35251392512,2025-01-07 18:15:00+00:00,18,15,18:15,500.0,76.64957943496847,Pre-News,Clustering,Downside False Breakout,Other,1.5,-1.0
2025-01-07 18:16:00+00:00,38429.78307521696,38472.0600642986,38395.19281142288,38433.62643786074,500,90.18999537914186,84.58959416451424,1.066206739374298,38429.19882241806,54.568438223490865,38538.33569886504,38320.06194597108,0.005679893403518715,38653.224256493246,38286.46492776756,2025-01-07 18:16:00+00:00,18,16,18:16,500.0,76.86725287572335,Pre-News,Clustering,None,Other,1.5,-1.0
2025-01-07 18:17:00+00:00,38411.13619847044,38453.3926739363,38376.56271854383,38414.97769624007,500,89.23570680866555,84.65979565634976,1.0540505811151528,38426.55276644767,53.871725453147974,38534.29621735396,38318.80931554137,0.005607760423431568,38645.61530377123,38286.46492776756,2025-01-07 18:17:00+00:00,18,17,18:17,500.0,76.8299553924735,Pre-News,Clustering,None,Other,1.5,-1.0
2025-01-07 18:18:00+00:00,38392.53194809392,38434.7679568377,38357.9752136672,38396.37158525245,500,88.34692369165342,84.70886338090249,1.042947811663958,38422.07268810803,52.375060707375155,38526.82280952278,38317.322566693285,0.00545260128286467,38618.89768022536,38286.46492776756,2025-01-07 18:18:00+00:00,18,18,18:18,500.0,76.79274317049567,Pre-News,Clustering,None,Other,1.5,-1.0
2025-01-07 18:19:00+00:00,38430.13802021346,38472.41539977364,38395.54743693694,38433.981418355295,500,87.52699791629979,84.73736415799961,1.0329209409098292,38419.35376020725,50.11552684609574,38519.58481389944,38319.12270651505,0.0052177376182734325,38606.34583213692,38286.46492776756,2025-01-07 18:19:00+00:00,18,19,18:19,500.0,76.86796283670265,Pre-News,Clustering,None,Other,1.5,-1.0
2025-01-07 18:20:00+00:00,38500.308372008025,38542.662946674696,38465.65462909893,38504.158787886816,500,89.0380358022356,84.80193884068058,1.0499528314973254,38417.53612953769,45.97848335168059,38509.49309624106,38325.57916283433,0.004787239160434484,38579.05191267916,38286.46492776756,2025-01-07 18:20:00+00:00,18,20,18:20,500.0,77.00831757576816,Pre-News,Squeeze,None,Other,-1.0,1.5
2025-01-07 18:21:00+00:00,38544.08641264964,38586.48914797708,38509.39326556354,38547.94120677032,500,88.55891610852345,84.8686476467291,1.0434821169432946,38419.471357653936,50.621399298364885,38520.714156250666,38318.22855905721,0.005270389988151676,38579.05191267916,38286.46492776756,2025-01-07 18:21:00+00:00,18,21,18:21,500.0,77.09588241353777,Pre-News,Clustering,Range Raid,Other,-1.0,1.5
2025-01-07 18:22:00+00:00,38498.200797496655,38540.55305359951,38463.54895159432,38502.05100259691,500,88.26129747048635,84.93978969233483,1.0391042618563402,38423.03417141574,53.86401078100729,38530.76219297775,38315.30614985373,0.00560747082499564,38586.48914797708,38286.46492776756,2025-01-07 18:22:00+00:00,18,22,18:22,500.0,77.004102005194,Pre-News,Clustering,None,Other,-1.0,1.5
2025-01-07 18:23:00+00:00,38506.82185663493,38549.183596851246,38472.1622510034,38510.672923927326,500,87.45844378315495,84.99913793431158,1.0289333034264883,38425.45114549379,56.728617331049094,38538.90838015589,38311.99391083169,0.005905316985479517,38586.48914797708,38286.46492776756,2025-01-07 18:23:00+00:00,18,23,18:23,500.0,77.02134584784653,Pre-News,Clustering,None,Other,-1.0,1.5
2025-01-07 18:24:00+00:00,38434.82863390652,38477.11117365779,38400.23382865548,38438.67250115664,500,89.09991888949003,85.0944159441268,1.0470712784255227,38425.28147944459,56.68136493903024,38538.64420932265,38311.918749566525,0.005900424174574013,38586.48914797708,38286.46492776756,2025-01-07 18:24:00+00:00,18,24,18:24,500.0,76.87734500230727,Pre-News,Clustering,None,Other,-1.0,-1.0
2025-01-07 18:25:00+00:00,38469.88584096041,38512.20694749611,38435.25948106755,38473.73321428184,500,88.2318865708521,85.1515105896579,1.036175235880881,38430.22278808699,56.36554634353523,38542.95388077406,38317.49169539992,0.005866793607140684,38586.48914797708,38286.46492776756,2025-01-07 18:25:00+00:00,18,25,18:25,500.0,76.94746642855898,Pre-News,Clustering,None,Other,-1.0,-1.0
2025-01-07 18:26:00+00:00,38407.41581532324,38449.66819795835,38372.84568407632,38411.25694101734,500,89.1358611161858,85.23344952148857,1.0457849778063173,38432.32521936649,54.73041808572943,38541.786055537945,38322.86438319503,0.0056962900655460605,38586.48914797708,38286.46492776756,2025-01-07 18:26:00+00:00,18,26,18:26,500.0,76.8225138820344,Pre-News,Clustering,None,Other,1.5,-1.0
2025-01-07 18:27:00+00:00,38376.96308143319,38419.18196271089,38342.4203603878,38380.80116154935,500,88.25198548810788,85.26279827481842,1.0350585164194908,38430.523423451625,55.84888978340025,38542.221203018424,38318.825643884826,0.005812972065774008,38586.48914797708,38286.46492776756,2025-01-07 18:27:00+00:00,18,27,18:27,500.0,76.76160232309485,Pre-News,Clustering,None,Other,1.5,-1.0
2025-01-07 18:28:00+00:00,38377.22398794887,38419.44315625243,38342.68103206412,38381.06209415828,500,87.43128110955088,85.29046417202176,1.0251003082034038,38431.14046640151,55.194473926553506,38541.52941425462,38320.75151854841,0.005744765651678394,38586.48914797708,38286.46492776756,2025-01-07 18:28:00+00:00,18,28,18:28,500.0,76.76212418830983,Pre-News,Clustering,None,Other,1.5,-1.0
2025-01-07 18:29:00+00:00,38394.689849901326,38436.928232574486,38360.131173168746,38398.529702871616,500,86.671693844993,85.30756711556357,1.0159906884647347,38428.12496317209,55.24896498811483,38538.62289314832,38317.627033195866,0.0057508884486101655,38586.48914797708,38286.46492776756,2025-01-07 18:29:00+00:00,18,29,18:29,500.0,76.79705940574058,Pre-News,Clustering,None,Other,1.5,-1.0
2025-01-07 18:30:00+00:00,38385.05650158433,38427.284286514565,38350.50649573232,38388.89539112344,500,85.9649864833682,85.32371793969337,1.0075157126196501,38426.219053836,55.942446388529476,38538.10394661306,38314.33416105894,0.005823362044561621,38586.48914797708,38286.46492776756,2025-01-07 18:30:00+00:00,18,30,18:30,500.0,76.77779078224557,Pre-News,Clustering,None,Other,1.5,-1.0
2025-01-07 18:31:00+00:00,38443.795361782766,38486.08776592114,38409.19248566956,38447.64012579535,500,86.76694279153462,85.3608288392755,1.0164725901959863,38427.06398032175,56.141606567182755,38539.34719345612,38314.78076718738,0.005843965242406605,38586.48914797708,38286.46492776756,2025-01-07 18:31:00+00:00,18,31,18:31,500.0,76.89528025157779,Pre-News,Clustering,None,Other,1.5,-1.0
2025-01-07 18:32:00+00:00,38471.99421122461,38514.31763719955,38437.36595360874,38475.84179540415,500,86.06585284862551,85.39561201635894,1.0078486565813027,38431.640978984426,56.20330319404655,38544.04758537252,38319.23437259633,0.005849690698847011,38586.48914797708,38286.46492776756,2025-01-07 18:32:00+00:00,18,32,18:32,500.0,76.95168359080708,Pre-News,Clustering,None,Other,1.5,-1.0
2025-01-07 18:33:00+00:00,38497.19102576194,38539.5421710048,38462.54008874505,38501.04112987493,500,85.41844066370588,85.36322094142027,1.0006468795539416,38437.37889045449,57.17837629787489,38551.73564305024,38323.022137858745,0.005950288802036243,38586.48914797708,38286.46492776756,2025-01-07 18:33:00+00:00,18,33,18:33,500.0,77.00208225975075,Pre-News,Clustering,None,Other,1.5,-1.0
2025-01-07 18:34:00+00:00,38450.27612615,38492.57565984213,38415.66741676552,38454.12153830383,500,85.41524583839899,85.34332448373623,1.0008427297049634,38441.00831859559,55.73247313371181,38552.47326486301,38329.54337232817,0.005799272763274534,38586.48914797708,38286.46492776756,2025-01-07 18:34:00+00:00,18,34,18:34,500.0,76.9082430766066,Pre-News,Clustering,None,Other,1.5,-1.0
2025-01-07 18:35:00+00:00,38516.058000506375,38558.42990149703,38481.39008151402,38519.90999150553,500,86.76475422088494,85.35753408768842,1.0164861854110132,38450.76433229661,51.212240183462406,38553.18881266354,38348.33985192968,0.005327565375905773,38586.48914797708,38286.46492776756,2025-01-07 18:35:00+00:00,18,35,18:35,500.0,77.03981998300878,Pre-News,Clustering,None,Other,1.5,-1.0
2025-01-07 18:36:00+00:00,38485.524366591904,38527.86267722621,38450.88393061837,38489.37330392229,500,86.0657536770956,85.37091750927944,1.0081390265922894,38453.55167559969,51.74468544186126,38557.041046483406,38350.06230471597,0.005382565010211376,38586.48914797708,38286.46492776756,2025-01-07 18:36:00+00:00,18,36,18:36,500.0,76.97874660783418,Pre-News,Clustering,None,Other,1.5,-1.0
2025-01-07 18:37:00+00:00,38552.8382532841,38595.25061659904,38518.13722875369,38556.69392267637,500,87.48086503421365,85.41784835715839,1.0241520562357078,38460.6374869215,55.73382879207441,38572.10514450565,38349.16982933735,0.005796453978281341,38586.48914797708,38286.46492776756,2025-01-07 18:37:00+00:00,18,37,18:37,500.0,77.11338784535474,Pre-News,Clustering,Upside Sweep,Other,1.5,-1.0
2025-01-07 18:38:00+00:00,38631.26480264525,38673.76344379226,38596.49318716131,38635.12831547679,500,89.59434046861904,85.50925916535184,1.0477735550879672,38472.57532343272,65.88891692035494,38604.35315727343,38340.79748959201,0.006850481556426777,38595.25061659904,38286.46492776756,2025-01-07 18:38:00+00:00,18,38,18:38,500.0,77.27025663095264,Pre-News,Clustering,Upside False Breakout,Other,-1.0,-1.0
2025-01-07 18:39:00+00:00,38651.46096291562,38693.981822060734,38616.67116906961,38655.326495565176,500,88.71693422022652,85.5611352889391,1.0368835560752008,38483.64257729321,76.75814968977922,38637.15887667277,38330.12627791365,0.007978262404408703,38673.76344379226,38286.46492776756,2025-01-07 18:39:00+00:00,18,39,18:39,500.0,77.31065299112379,Pre-News,Clustering,Upside Sweep,Other,-1.0,1.5
2025-01-07 18:40:00+00:00,38691.75728248369,38734.322472013366,38656.93121832304,38695.626845168204,500,88.0225800936525,85.61170184511518,1.028160615857152,38493.215980157285,90.21257684916083,38673.641133855606,38312.790826458964,0.009374387101941689,38693.981822060734,38286.46492776756,2025-01-07 18:40:00+00:00,18,40,18:40,500.0,77.39125369032263,Pre-News,Clustering,Upside False Breakout,Other,-1.0,1.5
2025-01-07 18:41:00+00:00,38573.0431098431,38615.47770072301,38538.32389912316,38576.90079992309,500,92.97117766160886,85.73504975054672,1.0844010463878688,38494.66395981492,91.36227401284096,38677.3885078406,38311.93941178924,0.009493500097386537,38734.322472013366,38286.46492776756,2025-01-07 18:41:00+00:00,18,41,18:41,500.0,77.15380159984488,Pre-News,Clustering,None,Other,-1.0,-1.0
2025-01-07 18:42:00+00:00,38565.9076637527,38608.33440485693,38531.1948755765,38569.76464021672,500,91.8403456343818,85.84958756674635,1.0697820250211192,38498.04964169591,92.8922760663355,38683.83419382858,38312.26508956323,0.009651634504177978,38734.322472013366,38286.46492776756,2025-01-07 18:42:00+00:00,18,42,18:42,500.0,77.13952928043,Pre-News,Clustering,None,Other,-1.0,-1.0
2025-01-07 18:43:00+00:00,38608.823201298204,38651.297154214924,38574.07178527544,38612.68446974518,500,91.10407194608321,85.96117639214212,1.0598281197372168,38503.150218986804,96.35788632310262,38695.86599163301,38310.4344463406,0.01001038987979587,38734.322472013366,38286.46492776756,2025-01-07 18:43:00+00:00,18,43,18:43,500.0,77.22536893948563,Pre-News,Clustering,None,Other,-1.0,1.5
2025-01-07 18:44:00+00:00,38644.92040700503,38687.43407081912,38610.13650024805,38648.78528553359,500,90.11789327643945,86.0649345246911,1.047091870506049,38513.655858205646,100.33019965147314,38714.316257508595,38312.9954589027,0.01042022081942642,38734.322472013366,38286.46492776756,2025-01-07 18:44:00+00:00,18,44,18:44,500.0,77.29757057107054,Pre-News,Clustering,None,Other,-1.0,1.5
2025-01-07 18:45:00+00:00,38598.19901056929,38640.66127570743,38563.457157274446,38602.05921649094,500,89.77576720377532,86.17095655990201,1.0418332439116818,38520.07215831611,101.73618835421904,38723.54453502454,38316.59978160767,0.010564485750295166,38734.322472013366,38286.46492776756,2025-01-07 18:45:00+00:00,18,45,18:45,500.0,77.20411843298643,Pre-News,Clustering,None,Other,-1.0,1.5
2025-01-07 18:46:00+00:00,38587.24940420657,38629.69962357312,38552.51740654301,38591.10851505807,500,88.87622790565632,86.26934963752215,1.0302178963802033,38529.06473701815,99.5365236920241,38728.13778440219,38329.9916896341,0.010333655838408064,38734.322472013366,38342.4203603878,2025-01-07 18:46:00+00:00,18,46,18:46,500.0,77.18221703010931,Pre-News,Clustering,None,Other,-1.0,1.5
2025-01-07 18:47:00+00:00,38489.88694673306,38532.23005668546,38455.24258404473,38493.7363203651,500,92.23263527049068,86.43053834581517,1.0671301722252484,38534.71149495893,93.7160220904577,38722.14353913985,38347.27945077801,0.009727958866666869,38734.322472013366,38342.4203603878,2025-01-07 18:47:00+00:00,18,47,18:47,500.0,76.98747264072881,Pre-News,Clustering,None,Other,-1.0,1.5
2025-01-07 18:48:00+00:00,38506.17133717806,38548.53236175141,38471.512317072586,38510.022339412,500,91.14602165680007,86.58004620584094,1.0527370410510488,38541.159507221615,86.76679025293002,38714.69308772747,38367.62592671576,0.009005104294972805,38734.322472013366,38342.4203603878,2025-01-07 18:48:00+00:00,18,48,18:48,500.0,77.02004467882216,Pre-News,Clustering,None,Other,-1.0,1.5
2025-01-07 18:49:00+00:00,38434.104156613495,38476.38589936004,38399.51000345722,38437.94795140864,500,92.52932982094148,86.75860919472989,1.0665146742182001,38543.13041964847,83.75173719286846,38710.63389403421,38375.62694526273,0.008691742085398949,38734.322472013366,38342.4203603878,2025-01-07 18:49:00+00:00,18,49,18:49,500.0,76.87589590282005,Pre-News,Clustering,None,Other,-1.0,-1.0
2025-01-07 18:50:00+00:00,38477.96240573835,38520.29239738383,38443.32877621023,38481.81058679703,500,91.80183811767365,86.89985293772948,1.0564095912044504,38547.77617943215,77.05525439615997,38701.88668822447,38393.66567063983,0.00799581838780879,38734.322472013366,38342.4203603878,2025-01-07 18:50:00+00:00,18,50,18:50,500.0,76.96362117359968,Pre-News,Clustering,None,Other,-1.0,1.5
2025-01-07 18:51:00+00:00,38523.88340820615,38566.26391800615,38489.20844564251,38527.73618182433,500,91.27694476706286,87.03979485689489,1.04868060543036,38551.7809822336,73.58000862922627,38698.94099949205,38404.62096497515,0.007634408243098768,38734.322472013366,38342.4203603878,2025-01-07 18:51:00+00:00,18,51,18:51,500.0,77.0554723636451,Pre-News,Clustering,None,Other,-1.0,1.5
2025-01-07 18:52:00+00:00,38505.99834812489,38548.35918239125,38471.33948372514,38509.8493330582,500,90.25857004556624,87.15943926818802,1.035557029776686,38553.481359116304,72.11103032752315,38697.70341977135,38409.25929846126,0.007481662126003813,38734.322472013366,38342.4203603878,2025-01-07 18:52:00+00:00,18,52,18:52,500.0,77.01969866611034,Pre-News,Clustering,None,Other,-1.0,1.5
2025-01-07 18:53:00+00:00,38526.46109342608,38568.8444389634,38491.78381071372,38530.31412483856,500,89.31585991728873,87.27065519829166,1.0234351938157227,38554.94500886448,71.28294654422915,38697.51090195294,38412.37911577602,0.007395466031954223,38734.322472013366,38342.4203603878,2025-01-07 18:53:00+00:00,18,53,18:53,500.0,77.06062824968103,Pre-News,Clustering,None,Other,-1.0,1.5
2025-01-07 18:54:00+00:00,38518.483138631695,38560.85770754108,38483.813036796746,38522.33537216891,500,88.43934640493478,87.37396537376604,1.0121933464575092,38558.35570055774,67.74925547289446,38693.85421150353,38422.85718961195,0.007028230767829766,38734.322472013366,38342.4203603878,2025-01-07 18:54:00+00:00,18,54,18:54,500.0,77.04467074433342,Pre-News,Clustering,None,Other,-1.0,1.5
2025-01-07 18:55:00+00:00,38528.18749015005,38570.57273491368,38493.50865352525,38532.04069421947,500,87.62682747518451,87.46987969214277,1.0017943066069614,38558.96223569343,67.4405469331225,38693.84332955967,38424.081141827184,0.0069960956439530635,38734.322472013366,38342.4203603878,2025-01-07 18:55:00+00:00,18,55,18:55,500.0,77.06408138843108,Pre-News,Clustering,None,Other,-1.0,1.5
2025-01-07 18:56:00+00:00,38484.39585181294,38526.73292095684,38449.756431604284,38488.24467628056,500,87.24521569947014,87.53021116887176,0.9967440331104448,38558.90580431135,67.50228461489766,38693.91037354114,38423.901235081554,0.007002510388388585,38734.322472013366,38342.4203603878,2025-01-07 18:56:00+00:00,18,56,18:56,500.0,76.97648935255711,Pre-News,Clustering,None,Other,-1.0,1.5
2025-01-07 18:57:00+00:00,38508.74464770423,38551.108503202246,38474.08331138766,38512.59590729496,500,86.51521399340712,87.5863396760526,0.9877706308243139,38556.700903542274,68.29390530319154,38693.28871414866,38420.11309293589,0.00708503618855182,38734.322472013366,38342.4203603878,2025-01-07 18:57:00+00:00,18,57,18:57,500.0,77.02519181458774,Pre-News,Clustering,None,Other,-1.0,1.5
2025-01-07 18:58:00+00:00,38445.98095572071,38488.275764252845,38411.376112376216,38449.82593831453,500,87.56554120235994,87.66732549059513,0.9988389712168633,38547.43578468416,69.6501192919581,38686.73602326807,38408.135546100246,0.007227471075482587,38734.322472013366,38342.68103206412,2025-01-07 18:58:00+00:00,18,58,18:58,500.0,76.89965187662892,Pre-News,Clustering,None,Other,-1.0,1.5
2025-01-07 18:59:00+00:00,38376.07558609912,38418.29349103432,38341.53366387941,38379.913577456864,500,89.04602214755683,87.77980702610174,1.0144249020857221,38533.66513877875,74.2691810692382,38682.203500917225,38385.126776640274,0.007709537185394402,38734.322472013366,38350.50649573232,2025-01-07 18:59:00+00:00,18,59,18:59,500.0,76.75982715490682,Pre-News,Clustering,Range Raid,Other,1.5,-1.0
2025-01-07 19:00:00+00:00,38371.78045693625,38413.99363675686,38337.24240071938,38375.618018738125,500,88.16782313969435,87.86765809446432,1.0034161038514005,38517.664697457236,71.97562790869982,38661.61595327464,38373.71344163983,0.007474557813828515,38734.322472013366,38341.53366387941,2025-01-07 19:00:00+00:00,19,0,19:00,500.0,76.75123603748216,Post-News,Clustering,Downside Stop Hunt,Other,1.5,-1.0
2025-01-07 19:01:00+00:00,38364.05917094709,38406.26385650368,38329.5280645826,38367.895960543145,500,87.35124948122221,87.94889756107743,0.9932045983926043,38507.21445548825,77.85510726630889,38662.92467002087,38351.504240955626,0.008087326841707093,38734.322472013366,38337.24240071938,2025-01-07 19:01:00+00:00,19,1,19:01,500.0,76.73579192108446,Post-News,Clustering,Downside Stop Hunt,Other,1.5,-1.0
2025-01-07 19:02:00+00:00,38374.89094008369,38417.10754177795,38340.35008415202,38378.72881296499,500,86.59455006298695,87.97657795366345,0.9842909564929384,38497.66266412566,81.41454583017175,38660.491755786,38334.833572465315,0.00845916766848691,38734.322472013366,38329.5280645826,2025-01-07 19:02:00+00:00,19,2,19:02,500.0,76.75745762592851,Post-News,Clustering,None,Other,1.5,-1.0
2025-01-07 19:03:00+00:00,38350.357755304336,38392.54736779641,38315.83898144717,38354.1931746218,500,85.88839551200535,88.0020236985225,0.9759820502110493,38484.73809936949,82.70137412140087,38650.14084761229,38319.33535112669,0.008595758028323908,38734.322472013366,38329.5280645826,2025-01-07 19:03:00+00:00,19,3,19:03,500.0,76.70838634924439,Post-News,Clustering,Downside Stop Hunt,Other,1.5,-1.0
2025-01-07 19:04:00+00:00,38423.127161266864,38465.39682811094,38388.54288839444,38426.96985825269,500,87.69662822465766,88.0665084638022,0.9957999897396118,38473.64732800545,73.95461430187024,38621.55655660919,38325.73809940171,0.0076888591997918655,38734.322472013366,38315.83898144717,2025-01-07 19:04:00+00:00,19,4,19:04,500.0,76.85393971650046,Post-News,Clustering,None,Other,1.5,-1.0
2025-01-07 19:05:00+00:00,38429.6828976729,38471.95977654823,38395.09272404763,38433.52625029793,500,86.92308710151082,88.09226022769555,0.9867278564182288,38465.2206796958,67.90718677243648,38601.035053240674,38329.40630615092,0.007061671356356809,38734.322472013366,38315.83898144717,2025-01-07 19:05:00+00:00,19,5,19:05,500.0,76.86705250060186,Post-News,Clustering,None,Other,1.5,-1.0
2025-01-07 19:06:00+00:00,38439.01790100813,38481.30504941407,38404.41932503962,38442.86218722685,500,86.20613262100645,88.11634794624366,0.9783216693637534,38457.80836330423,61.20270061943772,38580.21376454311,38335.40296206536,0.006365698226093944,38734.322472013366,38315.83898144717,2025-01-07 19:06:00+00:00,19,6,19:06,500.0,76.88572437444964,Post-News,Clustering,None,Other,1.5,-1.0
2025-01-07 19:07:00+00:00,38446.98459318721,38489.280505830975,38412.37884647867,38450.829676154826,500,85.54152738752776,88.12782946805395,0.9706528335471634,38455.663031093725,60.626325560784494,38576.915682215295,38334.410379972156,0.0063061011858528675,38734.322472013366,38315.83898144717,2025-01-07 19:07:00+00:00,19,7,19:07,500.0,76.9016593523047,Post-News,Clustering,None,Other,1.5,-1.0
2025-01-07 19:08:00+00:00,38485.94765301556,38528.2864293115,38451.30683604615,38489.79663267882,500,84.96404351389519,88.12774348501466,0.9641009760830035,38454.651745757066,59.83538385689347,38574.322513470855,38334.98097804328,0.0062239943560010655,38734.322472013366,38315.83898144717,2025-01-07 19:08:00+00:00,19,8,19:08,500.0,76.97959326535056,Post-News,Clustering,None,Other,-1.0,-1.0
2025-01-07 19:09:00+00:00,38508.50769819721,38550.87129302471,38473.84657515653,38512.35893409062,500,84.39694882491568,88.06629143624119,0.9583343121246106,38458.37229489116,61.04331645266249,38580.458927796484,38336.285661985836,0.006349027565139167,38734.322472013366,38315.83898144717,2025-01-07 19:09:00+00:00,19,9,19:09,500.0,77.02471786818205,Post-News,Clustering,None,Other,-1.0,-1.0
2025-01-07 19:10:00+00:00,38525.91816759332,38568.300915852495,38491.24137356308,38529.77114470779,500,83.87284835809393,88.00947348039645,0.952997956257244,38460.7703227867,62.92555110653461,38586.62142499977,38334.91922057363,0.0065443880170287265,38734.322472013366,38315.83898144717,2025-01-07 19:10:00+00:00,19,10,19:10,500.0,77.05954228941118,Post-News,Clustering,None,Other,-1.0,1.5
2025-01-07 19:11:00+00:00,38554.66861252587,38597.08298943734,38519.9659405074,38558.52446497237,500,83.39029125608296,87.9570181948951,0.9480800164383337,38462.3097369441,64.99268168437361,38592.29510031285,38332.32437357536,0.006759103353790051,38687.43407081912,38315.83898144717,2025-01-07 19:11:00+00:00,19,11,19:11,500.0,77.11704892994021,Post-News,Clustering,None,Other,-1.0,1.5
2025-01-07 19:12:00+00:00,38484.77018507014,38527.10766602181,38450.13042792786,38488.61904697484,500,85.17627309811313,87.93636919323032,0.9686125761111175,38461.24822263993,64.3455127136425,38589.93924806722,38332.55719721264,0.00669198382134332,38687.43407081912,38315.83898144717,2025-01-07 19:12:00+00:00,19,12,19:12,500.0,76.97723809394665,Post-News,Clustering,None,Other,-1.0,1.5
2025-01-07 19:13:00+00:00,38416.44932743631,38458.71164792853,38381.87106521539,38420.291356571965,500,86.7171094310658,87.95288013925409,0.9859496277298512,38455.747084226605,62.81496246329121,38581.377009153184,38330.117159300025,0.006533739919363524,38687.43407081912,38315.83898144717,2025-01-07 19:13:00+00:00,19,13,19:13,500.0,76.8405827131428,Post-News,Clustering,None,Other,-1.0,1.5
2025-01-07 19:14:00+00:00,38413.911668812994,38456.171197601565,38379.335690713255,38417.75344415741,500,86.01128067801183,87.96829797120158,0.9777531526888195,38450.517987826024,61.31511288218614,38573.14821359039,38327.887762061655,0.006378599414613644,38687.43407081912,38315.83898144717,2025-01-07 19:14:00+00:00,19,14,19:14,500.0,76.83550688831019,Post-News,Clustering,None,Other,-1.0,1.5
2025-01-07 19:15:00+00:00,38406.70305731632,38448.95465583921,38372.13356761576,38410.54411172749,500,85.35483835982876,87.9608919586161,0.970372587854004,38444.443158701426,58.77934045499219,38562.00183961141,38326.88447779144,0.006115769731645919,38640.66127570743,38315.83898144717,2025-01-07 19:15:00+00:00,19,15,19:15,500.0,76.8210882234489,Post-News,Clustering,None,Other,-1.0,1.5
2025-01-07 19:16:00+00:00,38429.36239054897,38471.6389168312,38394.77250540897,38433.205711120085,500,84.74852215000055,87.87020073813044,0.9644739790974979,38441.6912104434,57.90257212893367,38557.49635470127,38325.886066185536,0.006024976561197947,38629.69962357312,38315.83898144717,2025-01-07 19:16:00+00:00,19,16,19:16,500.0,76.8664114222338,Post-News,Clustering,None,Other,-1.0,1.5
2025-01-07 19:17:00+00:00,38430.5159382737,38472.79373358533,38395.92501483691,38434.35937421112,500,84.18567904988747,87.78603360881746,0.9589871599054868,38437.77938378921,55.451107603801844,38548.681598996816,38326.8771685816,0.005770479824044092,38597.08298943734,38315.83898144717,2025-01-07 19:17:00+00:00,19,17,19:17,500.0,76.86871874841745,Post-News,Clustering,None,Other,-1.0,1.5
2025-01-07 19:18:00+00:00,38453.26834558239,38495.57117104507,38418.6569429311,38457.11405698809,500,83.66628969732209,87.70802304224527,0.9539183166518705,38438.14378972289,55.558284063420984,38549.26035784973,38327.02722159605,0.005781578253867106,38597.08298943734,38315.83898144717,2025-01-07 19:18:00+00:00,19,18,19:18,500.0,76.91422811397206,Post-News,Clustering,None,Other,-1.0,1.5
2025-01-07 19:19:00+00:00,38405.78501024873,38448.03559881885,38371.21634687317,38409.62597284601,500,83.82567687000774,87.64633435814041,0.9564082455231876,38439.62940949235,54.302322607225264,38548.2340547068,38331.0247642779,0.005650660367065453,38597.08298943734,38315.83898144717,2025-01-07 19:19:00+00:00,19,19,19:19,500.0,76.81925194568612,Post-News,Clustering,None,Other,-1.0,1.5
2025-01-07 19:20:00+00:00,38405.75641444833,38448.00697155993,38371.18777681157,38409.59737418575,500,83.32521386131894,87.55112065912513,0.9517321221477051,38441.328377264734,52.702161015699446,38546.73269929613,38335.924055233336,0.005483906331069295,38597.08298943734,38315.83898144717,2025-01-07 19:20:00+00:00,19,20,19:20,500.0,76.81919474836468,Post-News,Clustering,None,19h20-20h20,-1.0,1.5
2025-01-07 19:21:00+00:00,38354.67018047699,38396.86453711117,38320.14752504902,38358.5060310801,500,83.76268780956288,87.4711835208091,0.9576032292924905,38440.85888079157,53.42759507869175,38547.714070948954,38334.00369063419,0.005559459037517772,38597.08298943734,38315.83898144717,2025-01-07 19:21:00+00:00,19,21,19:21,500.0,76.71701206215221,Post-News,Clustering,None,19h20-20h20,-1.0,1.5
2025-01-07 19:22:00+00:00,38369.8945564157,38412.10566153826,38335.35819767905,38373.73192960866,500,83.2616003845377,87.38785523604331,0.9527822849026312,38440.60903662376,53.744171878287595,38548.097380380335,38333.12069286719,0.005592437084134911,38597.08298943734,38315.83898144717,2025-01-07 19:22:00+00:00,19,22,19:22,500.0,76.74746385921026,Post-News,Clustering,None,19h20-20h20,-1.0,1.5
2025-01-07 19:23:00+00:00,38298.275579502646,38340.40789587173,38263.80368429157,38302.10579008165,500,85.1663607368628,87.34965385193843,0.9750051314596345,38438.00466739676,59.14303692723072,38556.29074125122,38319.7185935423,0.0061546417342934,38597.08298943734,38315.83898144717,2025-01-07 19:23:00+00:00,19,23,19:23,500.0,76.60421158016106,Post-News,Clustering,None,19h20-20h20,-1.0,1.5
2025-01-07 19:24:00+00:00,38312.00069717677,38354.148112685216,38277.51644812441,38315.832280404815,500,84.5567395814304,87.2739341968041,0.9688659089293903,38432.44778850436,65.1503623581378,38562.748513220635,38302.147063788085,0.0067807663687374925,38597.08298943734,38263.80368429157,2025-01-07 19:24:00+00:00,19,24,19:24,500.0,76.63166456080944,Post-News,Clustering,None,19h20-20h20,-1.0,1.5
2025-01-07 19:25:00+00:00,38256.14426903407,38298.23023632674,38221.71029579462,38259.97026606068,500,85.23997136919937,87.22406894344323,0.9772528661150816,38423.7699892925,75.70304633994994,38575.1760819724,38272.3638966126,0.00788085566419388,38597.08298943734,38263.80368429157,2025-01-07 19:25:00+00:00,19,25,19:25,500.0,76.5199405321182,Post-News,Clustering,Downside False Breakout,19h20-20h20,-1.0,1.5
2025-01-07 19:26:00+00:00,38241.85720436207,38283.92745431186,38207.43609076679,38245.68177253933,500,84.61507081033314,87.14872243834569,0.9709272659756428,38413.91096855812,85.31519529165622,38584.54135914143,38243.28057797481,0.008883781228262508,38597.08298943734,38221.71029579462,2025-01-07 19:26:00+00:00,19,26,19:26,500.0,76.49136354507209,Post-News,Clustering,Downside Stop Hunt,19h20-20h20,-1.0,1.5
2025-01-07 19:27:00+00:00,38276.47898265907,38318.587320373765,38242.026706347046,38280.307013360405,500,84.03975246864643,87.07851855468799,0.965103149014494,38405.384835418394,89.83262077564483,38585.05007696968,38225.71959386711,0.009356252635989496,38597.08298943734,38207.43609076679,2025-01-07 19:27:00+00:00,19,27,19:27,500.0,76.56061402671912,Post-News,Clustering,None,19h20-20h20,-1.0,1.5
2025-01-07 19:28:00+00:00,38285.56613131451,38327.68446589241,38251.10567575077,38289.39507082159,500,83.50682658814601,87.01311097933124,0.9597039532120843,38395.36475732554,91.08940952590767,38577.54357637735,38213.185938273724,0.00948962564639027,38597.08298943734,38207.43609076679,2025-01-07 19:28:00+00:00,19,28,19:28,500.0,76.57879014164064,Post-News,Clustering,None,19h20-20h20,-1.0,1.5
2025-01-07 19:29:00+00:00,38222.99514004166,38265.04463964567,38188.59100400202,38226.817821823846,500,84.74234374753382,86.9809551443736,0.9742632005693194,38381.0877017122,94.11417359507831,38569.31604890235,38192.85935452204,0.009808390457978437,38597.08298943734,38207.43609076679,2025-01-07 19:29:00+00:00,19,29,19:29,500.0,76.45363564365107,Post-News,Clustering,Downside Stop Hunt,19h20-20h20,-1.0,1.5
2025-01-07 19:30:00+00:00,38197.68484695175,38239.70650244894,38163.30349245404,38201.50499745149,500,84.14667705091722,86.95064998716609,0.967752133691206,38364.67439434938,95.43455294905358,38555.543500247484,38173.80528845127,0.00995025287774726,38597.08298943734,38188.59100400202,2025-01-07 19:30:00+00:00,19,30,19:30,500.0,76.40300999490137,Post-News,Clustering,Downside Stop Hunt,19h20-20h20,-1.0,1.5
2025-01-07 19:31:00+00:00,38140.76009877263,38182.71913078447,38106.429981672016,38144.57455622825,500,84.92727267438566,86.91998881854693,0.9770741325298461,38343.97689891218,96.06622894983099,38536.109356811845,38151.844441012516,0.010021519593869533,38597.08298943734,38163.30349245404,2025-01-07 19:31:00+00:00,19,31,19:31,500.0,76.28914911245374,Post-News,Clustering,None,19h20-20h20,-1.0,1.5
2025-01-07 19:32:00+00:00,38076.55622820954,38118.44462890064,38042.28390037137,38080.364264636,500,86.16751433027807,86.92168317657448,0.9913235821174289,38323.56415979524,106.51966908485839,38536.603497964956,38110.52482162553,0.011117929286609039,38597.08298943734,38106.429981672016,2025-01-07 19:32:00+00:00,19,32,19:32,500.0,76.16072852927027,Post-News,Clustering,Downside False Breakout,19h20-20h20,-1.0,-1.0
2025-01-07 19:33:00+00:00,38081.41751261078,38123.31126124951,38047.14080917909,38085.2260352143,500,85.4534384545741,86.92226647308895,0.9831018209934781,38306.81089372735,116.39719446129305,38539.605282649936,38074.016504804764,0.012154203573271393,38597.08298943734,38042.28390037137,2025-01-07 19:33:00+00:00,19,33,19:33,500.0,76.17045207042247,Post-News,Clustering,None,19h20-20h20,-1.0,-1.0
2025-01-07 19:34:00+00:00,38103.14147592,38145.059123308245,38068.84521896597,38106.95217113711,500,84.79347173226681,86.91190357132005,0.9756255270911786,38291.27083007634,121.44377486694817,38534.15837981024,38048.383280342445,0.012686314372366921,38597.08298943734,38042.28390037137,2025-01-07 19:34:00+00:00,19,34,19:34,500.0,76.21390434227214,Post-News,Clustering,None,19h20-20h20,-1.0,1.5
2025-01-07 19:35:00+00:00,38120.31484598745,38162.25138597203,38086.00313145461,38124.12725871332,500,84.18309907406352,86.8688759855397,0.9690824028628705,38276.94998742563,123.50843688898367,38523.9668612036,38029.93311364766,0.012906821147406744,38597.08298943734,38042.28390037137,2025-01-07 19:35:00+00:00,19,35,19:35,500.0,76.24825451742072,Post-News,Clustering,None,19h20-20h20,-1.0,1.5
2025-01-07 19:36:00+00:00,38143.67552801324,38185.63776731798,38109.342786763904,38147.49027704095,500,83.61966203692165,86.82810779153682,0.9630483050221682,38262.66421572167,120.9816527269996,38504.62752117567,38020.70091026767,0.012647488637478771,38597.08298943734,38042.28390037137,2025-01-07 19:36:00+00:00,19,36,19:36,500.0,76.29498055407748,Post-News,Clustering,None,19h20-20h20,-1.0,1.5
2025-01-07 19:37:00+00:00,38143.60264120672,38185.56480032795,38109.26996556206,38147.41738294501,500,83.09646008899078,86.7550343757831,0.9578286803398054,38248.31711615837,116.47915226461713,38481.2754206876,38015.358811629136,0.012181362323563023,38597.08298943734,38042.28390037137,2025-01-07 19:37:00+00:00,19,37,19:37,500.0,76.29483476588939,Post-News,Clustering,None,19h20-20h20,-1.0,1.5
2025-01-07 19:38:00+00:00,38133.55731234189,38175.50842049628,38099.23367839739,38137.37104944683,500,82.60919451826922,86.63861527661061,0.9534916301988821,38232.329965781304,107.94285842367817,38448.21568262866,38016.44424893395,0.011293359156534644,38597.08298943734,38042.28390037137,2025-01-07 19:38:00+00:00,19,38,19:38,500.0,76.27474209888896,Post-News,Clustering,None,19h20-20h20,-1.0,1.5
2025-01-07 19:39:00+00:00,38093.04023727698,38134.94677219148,38058.75307234694,38096.84992226921,500,82.32410755981381,86.53206816560373,0.9513710847897823,38216.69116325247,103.46905924175935,38423.62928173599,38009.75304476895,0.01082972450961452,38597.08298943734,38042.28390037137,2025-01-07 19:39:00+00:00,19,39,19:39,500.0,76.19369984453806,Post-News,Clustering,None,19h20-20h20,-1.0,1.5
2025-01-07 19:40:00+00:00,38076.66071753747,38118.54923317832,38042.38829564949,38080.46876441391,500,81.88388112902886,86.42975651619334,0.9474038158800926,38200.23473276387,97.15384756239926,38394.54242788867,38005.92703763907,0.010173115243092737,38597.08298943734,38042.28390037137,2025-01-07 19:40:00+00:00,19,40,19:40,500.0,76.16093752882443,Post-News,Clustering,None,19h20-20h20,-1.0,1.5
2025-01-07 19:41:00+00:00,38026.76167465224,38068.59529585647,37992.53416639422,38030.56473112535,500,82.31607519264742,86.25217147504398,0.9543652499979618,38183.837667766136,96.70883119799856,38377.25533016213,37990.42000537014,0.010130865528965534,38597.08298943734,38042.28390037137,2025-01-07 19:41:00+00:00,19,41,19:41,500.0,76.06112946224312,Post-News,Clustering,None,19h20-20h20,-1.0,-1.0
2025-01-07 19:42:00+00:00,37995.01629236297,38036.81499015434,37960.81735780639,37998.81617398037,500,81.86475784659757,86.0859116785809,0.9509657997496285,38165.09187998472,94.26848384803945,38353.6288476808,37976.554912288644,0.009880074089115586,38527.10766602181,37992.53416639422,2025-01-07 19:42:00+00:00,19,42,19:42,500.0,75.99763234794955,Post-News,Clustering,Downside Stop Hunt,19h20-20h20,1.5,-1.0
2025-01-07 19:43:00+00:00,37998.77520634275,38040.57803935302,37964.572888425246,38002.57546388914,500,81.4462144952532,85.92494738773374,0.9478762218815172,38150.1153636751,95.14455678162918,38340.40447723836,37959.82625011184,0.009975808028326176,38495.57117104507,37960.81735780639,2025-01-07 19:43:00+00:00,19,43,19:43,500.0,76.00515092777641,Post-News,Clustering,None,19h20-20h20,1.5,-1.0
2025-01-07 19:44:00+00:00,37994.67892786225,38036.477254515565,37960.48029696409,37998.47877573983,500,81.05698185641204,85.77393219739994,0.9450071808514932,38134.24768844184,92.47848767841506,38319.20466379867,37949.290713085014,0.009700308073096579,38495.57117104507,37960.81735780639,2025-01-07 19:44:00+00:00,19,44,19:44,500.0,75.99695755147695,Post-News,Clustering,Downside Stop Hunt,19h20-20h20,1.5,-1.0
2025-01-07 19:45:00+00:00,38111.68201661285,38153.60905953542,38077.37807240348,38115.49356596945,500,86.34793199492462,85.71680161058576,1.007362971698432,38127.02385343729,87.65813311580295,38302.340119668894,37951.70758720569,0.00919643069469726,38495.57117104507,37960.48029696409,2025-01-07 19:45:00+00:00,19,45,19:45,500.0,76.23098713193758,Post-News,Clustering,None,19h20-20h20,-1.0,1.5
2025-01-07 19:46:00+00:00,38060.80658671416,38102.67766106698,38026.548434970944,38064.61304801896,500,86.53344620946636,85.67775524898259,1.009987317688204,38117.97041721126,84.03355546666727,38286.037528144596,37949.90330627793,0.008818261260701732,38495.57117104507,37960.48029696409,2025-01-07 19:46:00+00:00,19,46,19:46,500.0,76.12922609603265,Post-News,Clustering,None,19h20-20h20,-1.0,1.5
2025-01-07 19:47:00+00:00,38056.4260886619,38098.29234398496,38022.17187976122,38060.23211187309,500,85.78966178191467,85.57037235750634,1.0025626793289173,38106.9666721369,75.64808543995278,38258.262843016804,37955.670501256995,0.007940604256519308,38495.57117104507,37960.48029696409,2025-01-07 19:47:00+00:00,19,47,19:47,500.0,76.1204642237426,Post-News,Clustering,None,19h20-20h20,-1.0,1.5
2025-01-07 19:48:00+00:00,38002.66250966623,38044.4696191378,37968.45669282584,38006.46315598182,500,86.21721587229563,85.48822559443126,1.0085273764052936,38092.82007639491,65.5134925737783,38223.84706154247,37961.79309124736,0.006879353373406296,38495.57117104507,37960.48029696409,2025-01-07 19:48:00+00:00,19,48,19:48,500.0,76.01292631195975,Post-News,Clustering,None,19h20-20h20,-1.0,1.5
2025-01-07 19:49:00+00:00,37988.308352090535,38030.09967040966,37954.11545528397,37992.10756284682,500,85.48628724753802,85.37084155154119,1.0013522848539231,38081.084563446064,61.121753297401334,38203.328070040865,37958.84105685126,0.006420169383103252,38448.03559881885,37960.48029696409,2025-01-07 19:49:00+00:00,19,49,19:49,500.0,75.98421512568893,Post-News,Clustering,Downside Stop Hunt,19h20-20h20,-1.0,1.5
2025-01-07 19:50:00+00:00,37975.50491044264,38017.28214356744,37941.32353788598,37979.30284072671,500,84.80573856424665,85.25423989231741,0.9947392489964457,38069.97445560982,58.20619158053099,38186.386838770886,37953.56207244876,0.006115705871922863,38448.00697155993,37954.11545528397,2025-01-07 19:50:00+00:00,19,50,19:50,500.0,75.95860568145872,Post-News,Clustering,Downside Stop Hunt,19h20-20h20,-1.0,1.5
2025-01-07 19:51:00+00:00,38007.983291658406,38049.79625457552,37973.7726856353,38011.78447010541,500,84.17844073395942,85.13593149176569,0.9887533883634212,38063.33495130368,56.80552840034809,38176.94600810438,37949.72389450298,0.005969579751540275,38412.10566153826,37941.32353788598,2025-01-07 19:51:00+00:00,19,51,19:51,500.0,76.02356894022523,Post-News,Clustering,None,19h20-20h20,-1.0,1.5
2025-01-07 19:52:00+00:00,37991.27612624184,38033.070709439016,37957.08055817141,37995.075633805216,500,83.59356291493431,85.02484803958849,0.9831662724761618,38059.070519762136,58.631822895694725,38176.334165553526,37941.806873970745,0.0061621917818776685,38412.10566153826,37941.32353788598,2025-01-07 19:52:00+00:00,19,52,19:52,500.0,75.99015126760787,Post-News,Clustering,None,19h20-20h20,-1.0,1.5
2025-01-07 19:53:00+00:00,37984.38818772701,38026.17519343407,37950.19881942122,37988.18700642765,500,83.0494779933572,84.92040834085631,0.9779684249751895,38054.21856832281,60.34360179927249,38174.90577192135,37933.531364724266,0.0063429079949105125,38354.148112685216,37941.32353788598,2025-01-07 19:53:00+00:00,19,53,19:53,500.0,75.97637401285465,Post-News,Clustering,None,19h20-20h20,-1.0,1.5
2025-01-07 19:54:00+00:00,37968.426021905696,38010.19546747435,37934.25102098589,37972.22324423012,500,82.54197574300728,84.82211882982418,0.9731185318372975,38047.48212197746,61.65287435315858,38170.78787068378,37924.17637327114,0.006481677200662606,38354.148112685216,37941.32353788598,2025-01-07 19:54:00+00:00,19,54,19:54,500.0,75.9444464884582,Post-News,Clustering,Downside Stop Hunt,19h20-20h20,-1.0,1.5
2025-01-07 19:55:00+00:00,37915.64669456727,37957.35807706953,37881.519199792674,37919.43863843111,500,83.12498064975271,84.74708804940033,0.9808594320231738,38037.24769096335,65.15012886602966,38167.54794869541,37906.94743323129,0.006851192746157312,38327.68446589241,37934.25102098589,2025-01-07 19:55:00+00:00,19,55,19:55,500.0,75.83887727685942,Post-News,Clustering,None,19h20-20h20,-1.0,1.5
2025-01-07 19:56:00+00:00,37891.30878244836,37932.99339056986,37857.20319398531,37895.09829227759,500,82.6010675022384,84.66968557944645,0.9755683741701503,38024.62809172518,67.08760360705651,38158.80329893929,37890.45288451107,0.007057279134483301,38327.68446589241,37881.519199792674,2025-01-07 19:56:00+00:00,19,56,19:56,500.0,75.79019658455218,Post-News,Clustering,Downside Stop Hunt,19h20-20h20,-1.0,1.5
2025-01-07 19:57:00+00:00,37877.21823408816,37918.887341056354,37843.12532838692,37881.00633472164,500,82.1125635856093,84.59630807264983,0.9706400368570749,38011.30753931402,67.86807687395803,38147.04369306193,37875.5713855661,0.007141882904581879,38327.68446589241,37857.20319398531,2025-01-07 19:57:00+00:00,19,57,19:57,500.0,75.76201266943099,Post-News,Clustering,Downside Stop Hunt,19h20-20h20,-1.0,1.5
2025-01-07 19:58:00+00:00,37880.39345844874,37922.06605851304,37846.29769475977,37884.18187663641,500,81.6594064547278,84.49787249352262,0.966407840161746,37998.64808067349,66.71981043125639,38132.087701536,37865.20845981098,0.00702338780996685,38327.68446589241,37843.12532838692,2025-01-07 19:58:00+00:00,19,58,19:58,500.0,75.7683637532682,Post-News,Clustering,None,19h20-20h20,-1.0,1.5
2025-01-07 19:59:00+00:00,37901.95153766975,37943.64785399282,37867.836369769066,37905.74211188094,500,81.24169772394407,84.36780041979574,0.9629467322805991,37989.09269015408,65.59081151977912,38120.27431319364,37857.911067114524,0.006906278289376228,38265.04463964567,37843.12532838692,2025-01-07 19:59:00+00:00,19,59,19:59,500.0,75.81148422375554,Post-News,Clustering,None,19h20-20h20,-1.0,1.5
2025-01-07 20:00:00+00:00,37893.43984752689,37935.126800054415,37859.332340913454,37897.229570483934,500,80.85260925373102,84.24588018836303,0.9597218175292953,37979.93073045758,64.9499208943526,38109.83057224628,37850.03088866887,0.0068404464826753025,38239.70650244894,37843.12532838692,2025-01-07 20:00:00+00:00,20,0,20:00,500.0,75.79445914096141,Post-News,Clustering,None,19h20-20h20,-1.0,1.5
2025-01-07 20:01:00+00:00,37884.26406695818,37925.94092511765,37850.16481937316,37888.05287224541,500,80.49000186021364,84.13152606134621,0.9567162944545036,37972.805137513584,66.89095980516379,38106.587057123914,37839.023217903254,0.0070461963042159365,38185.63776731798,37843.12532838692,2025-01-07 20:01:00+00:00,20,1,20:01,500.0,75.77610574448772,Post-News,Clustering,None,19h20-20h20,-1.0,1.5
2025-01-07 20:02:00+00:00,37819.50657926864,37861.11219706762,37785.4656192513,37823.28890815946,500,82.06837694120635,84.05608984264987,0.9763525414379322,37964.028774222534,74.39285737480517,38112.814488972144,37815.24305947292,0.007838246864391574,38185.63776731798,37843.12532838692,2025-01-07 20:02:00+00:00,20,2,20:02,500.0,75.64657781631831,Post-News,Clustering,Downside False Breakout,19h20-20h20,-1.0,-1.0
2025-01-07 20:03:00+00:00,37840.30298318767,37881.93147931879,37806.24330453494,37844.08739192686,500,81.61264821568082,83.98482738771114,0.971754669911039,37956.10437062442,78.4037498413238,38112.91187030707,37799.29687094178,0.008262570792381215,38185.63776731798,37785.4656192513,2025-01-07 20:03:00+00:00,20,3,20:03,500.0,75.68817478384881,Post-News,Clustering,None,19h20-20h20,-1.0,-1.0
2025-01-07 20:04:00+00:00,37814.35729838478,37855.9572514083,37780.32097318371,37818.139112296005,500,81.18576464488827,83.87631299471497,0.9679224294229978,37947.08738745224,83.47975310175414,38114.046893655744,37780.12788124873,0.008799595315381986,38185.63776731798,37785.4656192513,2025-01-07 20:04:00+00:00,20,4,20:04,500.0,75.63627822458511,Post-News,Clustering,Downside Stop Hunt,19h20-20h20,-1.0,-1.0
2025-01-07 20:05:00+00:00,37842.99826803777,37884.629729278735,37808.93616338608,37846.78294633241,500,80.79346473401426,83.77415262192336,0.9644199577719266,37933.65185647037,76.26083511317702,38086.17352669673,37781.130186244016,0.008041496811509393,38185.63776731798,37780.32097318371,2025-01-07 20:05:00+00:00,20,5,20:05,500.0,75.69356589265226,Post-News,Clustering,None,19h20-20h20,-1.0,-1.0
2025-01-07 20:06:00+00:00,37893.22803870957,37934.9147582241,37859.12072274314,37897.01774048362,500,81.31763238813394,83.69267761804215,0.9716218276496364,37925.27209109361,70.06966453690572,38065.411420167424,37785.1327620198,0.007390287338596197,38185.63776731798,37780.32097318371,2025-01-07 20:06:00+00:00,20,6,20:06,500.0,75.79403548096161,Post-News,Clustering,None,19h20-20h20,-1.0,1.5
2025-01-07 20:07:00+00:00,37886.48686372753,37928.16616720797,37852.385615425344,37890.27589131666,500,80.92212663059776,83.61568760542666,0.9677864160187318,37916.774280065794,62.765927239627864,38042.30613454505,37791.24242558654,0.0066214416633669235,38185.56480032795,37780.32097318371,2025-01-07 20:07:00+00:00,20,7,20:07,500.0,75.7805517826273,Post-News,Clustering,None,19h20-20h20,-1.0,1.5
2025-01-07 20:08:00+00:00,37848.1155035493,37889.75259431228,37814.048792925045,37851.90069361866,500,80.58676747067055,83.54273300470624,0.9646173230426976,37909.04615694763,60.62033740708809,38030.286831761805,37787.80548213346,0.006396398068799896,38175.50842049628,37780.32097318371,2025-01-07 20:08:00+00:00,20,8,20:08,500.0,75.70380138723704,Post-News,Clustering,None,19h20-20h20,-1.0,1.5
2025-01-07 20:09:00+00:00,37847.86197451664,37889.4987863698,37813.79549209134,37851.64713923057,500,80.23794795694103,83.47341632357333,0.9612395357811827,37902.023135766816,58.59345858697125,38019.21005294076,37784.83621859287,0.006183676093182488,38153.60905953542,37780.32097318371,2025-01-07 20:09:00+00:00,20,9,20:09,500.0,75.70329427845718,Post-News,Clustering,None,19h20-20h20,-1.0,1.5
2025-01-07 20:10:00+00:00,37861.44051340656,37903.092263146274,37827.36180907406,37865.22703611017,500,79.91598410803225,83.4074685860723,0.9581394263939683,37896.31934553599,56.1772617823137,38008.67386910062,37783.964821971356,0.005929574454985455,38153.60905953542,37780.32097318371,2025-01-07 20:10:00+00:00,20,10,20:10,500.0,75.73045407221798,Post-News,Clustering,None,19h20-20h20,-1.0,1.5
2025-01-07 20:11:00+00:00,37849.87485291397,37891.5138791548,37815.806558716926,37853.66021893586,500,79.61536527444964,83.34455315304508,0.9552557697232169,37888.41313297751,49.84146035491776,37988.096053687346,37788.73021226768,0.005261921124010966,38153.60905953542,37780.32097318371,2025-01-07 20:11:00+00:00,20,11,20:11,500.0,75.70732043787575,Post-News,Squeeze,None,19h20-20h20,-1.0,1.5
2025-01-07 20:12:00+00:00,37828.91037655409,37870.5263395646,37794.86095227277,37832.69364591868,500,79.33322398997697,83.24716900124281,0.9529840466862314,37880.29403358319,44.4904655023628,37969.274964587916,37791.31310257846,0.004698006352634993,38153.60905953542,37780.32097318371,2025-01-07 20:12:00+00:00,20,12,20:12,500.0,75.6653872918323,Post-News,Squeeze,None,19h20-20h20,-1.0,1.5
2025-01-07 20:13:00+00:00,37850.612698045945,37892.252535997584,37816.54373972187,37854.39813785973,500,79.07433629610107,83.11978944899339,0.9513298435942884,37873.60459015479,36.809151929935446,37947.22289401466,37799.98628629492,0.0038875784154437376,38153.60905953542,37780.32097318371,2025-01-07 20:13:00+00:00,20,13,20:13,500.0,75.70879627571412,Post-News,Squeeze,None,19h20-20h20,-1.0,1.5
2025-01-07 20:14:00+00:00,37869.82972339504,37911.49070218865,37835.743468018445,37873.61708510355,500,78.8366861442511,83.00021287343071,0.9498371560139408,37868.674282198466,28.591093703286656,37925.85646960504,37811.492094791894,0.0030200258387948005,38153.60905953542,37780.32097318371,2025-01-07 20:14:00+00:00,20,14,20:14,500.0,75.74723417020141,Post-News,Squeeze,None,19h20-20h20,-1.0,1.5
2025-01-07 20:15:00+00:00,37857.09663310129,37898.7436040948,37823.02183865205,37860.88272137343,500,78.6141918084297,82.88786876424074,0.9484402600823683,37865.74648634558,25.99980863200559,37917.74610360959,37813.74686908157,0.002746525400351504,38153.60905953542,37780.32097318371,2025-01-07 20:15:00+00:00,20,15,20:15,500.0,75.72176544275135,Post-News,Squeeze,None,19h20-20h20,-1.0,1.5
2025-01-07 20:16:00+00:00,37794.908196371856,37836.486753243546,37760.88937711319,37798.68806517837,500,80.14127412641625,82.811081297181,0.9677602667548354,37860.92597499062,29.032076337299667,37918.990127665216,37802.86182231602,0.003067233628303307,38102.67766106698,37780.32097318371,2025-01-07 20:16:00+00:00,20,16,20:16,500.0,75.59737613035395,Post-News,Squeeze,Downside Stop Hunt,19h20-20h20,-1.0,1.5
2025-01-07 20:17:00+00:00,37812.539028071136,37854.13698079728,37778.50433947701,37816.32066013715,500,79.8192289259772,82.73830712844915,0.9647191451724997,37857.691691261396,30.254681337710846,37918.20105393682,37797.18232858597,0.003196674703195992,38098.29234398496,37760.88937711319,2025-01-07 20:17:00+00:00,20,17,20:17,500.0,75.63264132026961,Post-News,Squeeze,None,19h20-20h20,-1.0,1.5
2025-01-07 20:18:00+00:00,37783.91340486173,37825.47986625321,37749.904481905054,37787.69217407914,500,79.51609717041869,82.66913725300077,0.9618595259687722,37852.86720613354,33.34371120669095,37919.55462854692,37786.17978372016,0.0035235070595959067,38049.79625457552,37760.88937711319,2025-01-07 20:18:00+00:00,20,18,20:18,500.0,75.57538434815797,Post-News,Squeeze,Downside Stop Hunt,19h20-20h20,-1.0,1.5
2025-01-07 20:19:00+00:00,37792.39083950952,37833.96662701173,37758.374286098624,37796.17045655518,500,79.23582886632497,82.59263978627271,0.9593570210537614,37847.38862336724,33.200132241416284,37913.788887850074,37780.9883588844,0.003508842585870777,38049.79625457552,37749.904481905054,2025-01-07 20:19:00+00:00,20,19,20:19,500.0,75.59234091310645,Post-News,Squeeze,None,19h20-20h20,-1.0,1.5
2025-01-07 20:20:00+00:00,37798.48184738755,37840.0643356685,37764.45981152132,37802.26207359491,500,78.97644995781462,82.52016038788098,0.9570564282302729,37842.64024852279,32.48001089554529,37907.60027031388,37777.680226731696,0.0034331654115295385,38049.79625457552,37749.904481905054,2025-01-07 20:20:00+00:00,20,20,20:20,500.0,75.6045241471802,Post-News,Squeeze,None,19h20-20h20,-1.0,1.5
2025-01-07 20:21:00+00:00,37727.52716810544,37769.03159843339,37693.56899783712,37731.300298135255,500,81.09906608638404,82.47576669249467,0.9833078168131062,37834.80261981728,39.16885224133671,37913.14032429995,37756.46491533461,0.0041410394165311785,38049.79625457552,37749.904481905054,2025-01-07 20:21:00+00:00,20,21,20:21,500.0,75.46260059626366,Post-News,Squeeze,Downside False Breakout,Other,-1.0,-1.0
2025-01-07 20:22:00+00:00,37730.96361132474,37772.47182211827,37697.00234794821,37734.737085033245,500,80.69695237807508,82.43302255905363,0.9789396272624257,37830.37502866097,45.09536979307763,37920.56576824713,37740.184289074816,0.004768165238532589,38033.070709439016,37693.56899783712,2025-01-07 20:22:00+00:00,20,22,20:22,500.0,75.46947417005867,Post-News,Squeeze,None,Other,-1.0,-1.0
2025-01-07 20:23:00+00:00,37750.75992040271,37792.28990931404,37716.78083856616,37754.5353739401,500,80.32638940448928,82.35235637018074,0.975398797860931,37825.897427761636,48.013650079019925,37921.92472791968,37729.87012760359,0.005077330965719011,38026.17519343407,37693.56899783712,2025-01-07 20:23:00+00:00,20,23,20:23,500.0,75.50907074787392,Post-News,Squeeze,None,Other,-1.0,1.5
2025-01-07 20:24:00+00:00,37775.19832269763,37816.755196539976,37741.19724409934,37778.97622031966,500,79.98578676421397,82.27617382322713,0.9721622074461785,37823.939283162814,49.132272022550005,37922.203827207915,37725.67473911771,0.005195891591801682,38010.19546747435,37693.56899783712,2025-01-07 20:24:00+00:00,20,24,20:24,500.0,75.55795244063484,Post-News,Squeeze,None,Other,-1.0,1.5
2025-01-07 20:25:00+00:00,37780.0098956131,37821.57206271498,37746.0044861661,37783.78827444054,500,79.67020032026137,82.18334430574482,0.9694202760095298,37820.789549568224,49.60765913272447,37920.004867833675,37721.57423130277,0.005246602170238603,37957.35807706953,37693.56899783712,2025-01-07 20:25:00+00:00,20,25,20:25,500.0,75.5675765488777,Post-News,Squeeze,None,Other,-1.0,1.5
2025-01-07 20:26:00+00:00,37705.7626404319,37747.24312738507,37671.82406019749,37709.53359379128,500,81.97691560046079,82.13937505224696,0.9980221489184348,37811.41534223361,52.09662702009039,37915.60859627379,37707.222088193426,0.005511206237435075,37943.64785399282,37693.56899783712,2025-01-07 20:26:00+00:00,20,26,20:26,500.0,75.41906718757673,Post-News,Normal,Downside Stop Hunt,Other,-1.0,-1.0
2025-01-07 20:27:00+00:00,37754.32425812711,37795.85816820205,37720.34196806579,37758.10006813392,500,82.28746265834,82.11017022207517,1.0021592019086714,37804.80655107447,49.90365571964117,37904.613862513754,37704.99923963519,0.0052801387201620855,37943.64785399282,37671.82406019749,2025-01-07 20:27:00+00:00,20,27,20:27,500.0,75.51620013626234,Post-News,Squeeze,None,Other,-1.0,1.5
2025-01-07 20:28:00+00:00,37770.22303107459,37811.77443154881,37736.226430686576,37774.000431117696,500,81.80607253004662,82.08182432110685,0.9966405255567727,37800.91153794942,49.067546595673114,37899.046631140765,37702.77644475807,0.005192207764240125,37943.64785399282,37671.82406019749,2025-01-07 20:28:00+00:00,20,28,20:28,500.0,75.54800086223258,Post-News,Squeeze,None,Other,-1.0,1.5
2025-01-07 20:29:00+00:00,37725.17797576994,37766.679821727885,37691.22191998617,37728.95087085703,500,81.87553243015218,82.03404413248383,0.9980677326833277,37794.77672453075,50.05069856332502,37894.8781216574,37694.6753274041,0.0052971021819361724,37943.64785399282,37671.82406019749,2025-01-07 20:29:00+00:00,20,29,20:29,500.0,75.4579017417127,Post-News,Squeeze,None,Other,-1.0,1.5
2025-01-07 20:30:00+00:00,37695.84813396897,37737.31771387432,37661.91847768277,37699.61809577855,500,81.41293984168071,81.98848184566322,0.992980209036363,37786.49627751416,51.461267128714255,37889.41881177159,37683.57374325673,0.005447582834965037,37935.126800054415,37671.82406019749,2025-01-07 20:30:00+00:00,20,30,20:30,500.0,75.39923619155161,Other,Normal,Downside Stop Hunt,Other,-1.0,-1.0
2025-01-07 20:31:00+00:00,37704.94238196106,37746.42196653968,37671.00454003311,37708.71325328639,500,80.98468888917309,81.92277211590968,0.9885491762240499,37779.24892923169,51.71058171438698,37882.67009266046,37675.82776580292,0.005475024854120334,37934.9147582241,37661.91847768277,2025-01-07 20:31:00+00:00,20,31,20:31,500.0,75.41742650657397,Other,Normal,None,Other,-1.0,1.5
2025-01-07 20:32:00+00:00,37730.95962733608,37772.46783374679,37696.9983675455,37734.73310064615,500,80.59074441146727,81.82982595059616,0.9848578250688573,37774.350901968064,51.01661689818335,37876.384135764434,37672.317668171694,0.0054022494819919754,37934.9147582241,37661.91847768277,2025-01-07 20:32:00+00:00,20,32,20:32,500.0,75.46946620129165,Other,Normal,None,Other,-1.0,1.5
2025-01-07 20:33:00+00:00,37712.929939203714,37754.41831097401,37678.984907755286,37716.70160936465,500,80.22236289769998,81.74264135798158,0.9814016474752298,37767.46607554331,48.892509953122534,37865.25109544955,37669.68105563706,0.005178267438469569,37934.9147582241,37661.91847768277,2025-01-07 20:33:00+00:00,20,33,20:33,500.0,75.43340321872529,Other,Squeeze,None,Other,-1.0,1.5
2025-01-07 20:34:00+00:00,37744.45321777084,37785.976268615465,37710.47981253432,37748.2280405749,500,79.88479812508872,81.6608301311953,0.9782511149684221,37761.19662331688,42.13700561091308,37845.4706345387,37676.922612095055,0.004463524398471299,37934.9147582241,37661.91847768277,2025-01-07 20:34:00+00:00,20,34,20:34,500.0,75.49645608114224,Other,Squeeze,None,Other,-1.0,1.5
2025-01-07 20:35:00+00:00,37677.22360376065,37718.67269463387,37643.31071122801,37680.99170293094,500,81.67283606950274,81.61899241445262,1.0006596951696818,37752.20207239476,38.806191704703025,37829.81445580416,37674.589688985354,0.004111674506327945,37934.9147582241,37661.91847768277,2025-01-07 20:35:00+00:00,20,35,20:35,500.0,75.36198340585543,Other,Squeeze,Downside Stop Hunt,Other,-1.0,1.5
2025-01-07 20:36:00+00:00,37638.343489254,37679.74980772402,37604.46559232398,37642.107700024,500,81.30521282217872,81.58041826087357,0.9966265748011389,37744.37305413703,44.33511293658057,37833.04328001019,37655.70282826387,0.004698460655101086,37934.9147582241,37643.31071122801,2025-01-07 20:36:00+00:00,20,36,20:36,500.0,75.28421540004638,Other,Squeeze,None,Other,-1.0,1.5
2025-01-07 20:37:00+00:00,37561.10000128704,37602.42134342267,37527.2916304488,37564.856486935736,500,83.69884544739409,81.59045801684695,1.0258411030136856,37731.79984547696,56.77029936661711,37845.3404442102,37618.25924674373,0.006018297520829488,37928.16616720797,37604.46559232398,2025-01-07 20:37:00+00:00,20,37,20:37,500.0,75.12971297386684,Other,Normal,Downside False Breakout,Other,1.5,-1.0
2025-01-07 20:38:00+00:00,37527.782873055934,37569.06756268525,37494.00449063194,37531.5360266586,500,83.08200449067418,81.59833818305371,1.0181825554374904,37718.992038105935,70.68660151886736,37860.36524114367,37577.6188350682,0.007496128363924066,37911.49070218865,37527.2916304488,2025-01-07 20:38:00+00:00,20,38,20:38,500.0,75.06307205331541,Other,Normal,Downside Stop Hunt,Other,1.5,-1.0
2025-01-07 20:39:00+00:00,37584.79620839463,37626.14361896492,37550.96650883712,37588.55506390102,500,83.90526076322018,81.62469073644381,1.0279397080246229,37708.61126847323,73.92649459306793,37856.46425765936,37560.758279287096,0.007841868698556237,37911.49070218865,37494.00449063194,2025-01-07 20:39:00+00:00,20,39,20:39,500.0,75.1771101277991,Other,Normal,None,Other,1.5,-1.0
2025-01-07 20:40:00+00:00,37662.59454204399,37704.02753933996,37628.69481698364,37666.3611781618,500,86.16006181148582,81.69596041448474,1.054642865747002,37701.81622370157,71.05540818559022,37843.927040072755,37559.70540733039,0.007538672170485205,37911.49070218865,37494.00449063194,2025-01-07 20:40:00+00:00,20,40,20:40,500.0,75.33272235631739,Other,Normal,None,Other,-1.0,1.5
2025-01-07 20:41:00+00:00,37671.80758034255,37713.25071299418,37637.89956271847,37675.57513785633,500,85.38799670178756,81.74715910630377,1.0445377874324568,37699.02996568762,70.93086659510863,37840.891698877844,37557.1682324974,0.007526015036426045,37911.49070218865,37494.00449063194,2025-01-07 20:41:00+00:00,20,41,20:41,500.0,75.3511502757101,Other,Normal,None,Other,-1.0,1.5
2025-01-07 20:42:00+00:00,37648.14095334715,37689.5580501055,37614.25423781759,37651.90614396155,500,84.66769781508187,81.79387477244518,1.03513494195784,37694.888418634044,71.15408663224599,37837.19659189854,37552.58024536955,0.007550528956819768,37911.49070218865,37494.00449063194,2025-01-07 20:42:00+00:00,20,42,20:42,500.0,75.30381228790793,Other,Normal,None,Other,-1.0,1.5
2025-01-07 20:43:00+00:00,37640.173947626456,37681.58227980205,37606.29440311914,37643.9383414606,500,83.99771059135576,81.83639970738021,1.0264101413515707,37689.358567010066,70.56976494071607,37830.4980968915,37548.219037128634,0.0074896222831965335,37911.49070218865,37494.00449063194,2025-01-07 20:43:00+00:00,20,43,20:43,500.0,75.28787668291625,Other,Normal,None,Other,-1.0,-1.0
2025-01-07 20:44:00+00:00,37658.37134260242,37699.79969391441,37624.475418801696,37662.13755635805,500,83.37817948573827,81.87508633453564,1.0183583702747023,37683.51663381199,67.53121645360842,37818.579066719205,37548.45420090477,0.007168249939074409,37911.49070218865,37494.00449063194,2025-01-07 20:44:00+00:00,20,44,20:44,500.0,75.3242751127109,Other,Normal,None,Other,-1.0,1.5
2025-01-07 20:45:00+00:00,37599.93400078456,37641.2980645918,37566.09067585136,37603.69437022158,500,84.2830867015207,81.84067224631225,1.0298435287512988,37674.51193860104,65.43149887354323,37805.374936348126,37543.64894085396,0.006947030818095524,37898.7436040948,37494.00449063194,2025-01-07 20:45:00+00:00,20,45,20:45,500.0,75.20738874044036,Other,Normal,None,Other,1.5,-1.0
2025-01-07 20:46:00+00:00,37578.79001618663,37620.130819284735,37544.96572274272,37582.54827101373,500,83.63180169012725,81.79231150432325,1.0224897689278138,37668.16267246216,67.9662749440981,37804.095222350355,37532.230122573965,0.007217370864099552,37854.13698079728,37494.00449063194,2025-01-07 20:46:00+00:00,20,46,20:46,500.0,75.16509654201218,Other,Normal,None,Other,1.5,-1.0
2025-01-07 20:47:00+00:00,37633.12659544749,37674.527174760406,37599.25339419146,37636.890284475936,500,84.22802326559503,81.76628419571793,1.0301070189759953,37662.10218327926,64.85754129475087,37791.81726586876,37532.38710068976,0.006888361247508365,37854.13698079728,37494.00449063194,2025-01-07 20:47:00+00:00,20,47,20:47,500.0,75.27378056894668,Other,Normal,None,Other,-1.0,-1.0
2025-01-07 20:48:00+00:00,37594.16976476558,37635.52748727908,37560.33162816364,37597.92955772136,500,83.68021134035914,81.72400078685233,1.0239367937774961,37653.29863960944,60.68485156159314,37774.66834273263,37531.928936486256,0.006446696969891018,37840.0643356685,37494.00449063194,2025-01-07 20:48:00+00:00,20,48,20:48,500.0,75.19585911543982,Other,Normal,None,Other,1.5,-1.0
2025-01-07 20:49:00+00:00,37566.39700088839,37607.72417030631,37532.58386227373,37570.15401629002,500,83.0702182469466,81.6837329701758,1.0169738236287147,37645.35879688109,60.65403150362222,37766.66685988833,37524.050733873846,0.006444781874003228,37840.0643356685,37494.00449063194,2025-01-07 20:49:00+00:00,20,49,20:49,500.0,75.14030803258356,Other,Normal,None,Other,1.5,-1.0
2025-01-07 20:50:00+00:00,37567.26831308132,37608.5964410385,37533.454390207255,37571.02541562288,500,82.5039205743964,81.64536933701164,1.0105156145946363,37638.92916287332,61.4105662938895,37761.7502954611,37516.10803028554,0.006526281980887377,37840.0643356685,37494.00449063194,2025-01-07 20:50:00+00:00,20,50,20:50,500.0,75.14205083124398,Other,Normal,None,Other,1.5,-1.0
2025-01-07 20:51:00+00:00,37578.28248127823,37619.62272603211,37544.45864466142,37582.040685346765,500,81.9796463455603,81.60872276387165,1.0045451462677817,37632.59553447633,60.35773967084687,37753.31101381802,37511.880055134636,0.006415474544194068,37821.57206271498,37494.00449063194,2025-01-07 20:51:00+00:00,20,51,20:51,500.0,75.16408137069084,Other,Normal,None,Other,1.5,-1.0
2025-01-07 20:52:00+00:00,37555.17879066283,37596.49361881537,37521.37574944712,37558.93468413124,500,81.48951941860973,81.57365537226624,0.9989685891447115,37623.805613650584,57.430352470736445,37738.666318592055,37508.94490870911,0.006105746245924567,37821.57206271498,37494.00449063194,2025-01-07 20:52:00+00:00,20,52,20:52,500.0,75.11786936825229,Other,Normal,None,Other,1.5,-1.0
2025-01-07 20:53:00+00:00,37558.44489563963,37599.76331686695,37524.63891463545,37562.2011157512,500,81.03486819095906,81.54007854222625,0.9938041468649608,37616.08058896991,54.59833732226815,37725.27726361445,37506.88391432537,0.005805850739088385,37821.57206271498,37494.00449063194,2025-01-07 20:53:00+00:00,20,53,20:53,500.0,75.12440223150043,Other,Normal,None,Other,1.5,-1.0
2025-01-07 20:54:00+00:00,37581.66091587602,37623.00487727962,37547.83403836398,37585.4194578218,500,80.61600895700778,81.50797909579293,0.9890566525059239,37607.94015983226,45.18407648921955,37698.308312810695,37517.57200685382,0.004805801785174943,37821.57206271498,37494.00449063194,2025-01-07 20:54:00+00:00,20,54,20:54,500.0,75.17083891564107,Other,Squeeze,None,Other,1.5,-1.0
2025-01-07 20:55:00+00:00,37655.82443070652,37697.24998013523,37621.93079935575,37659.59038974549,500,82.8456170538951,81.50332303586198,1.0164691937461556,37606.870094172984,43.58822395663506,37694.04654208625,37519.693646259715,0.004636197997598132,37821.57206271498,37494.00449063194,2025-01-07 20:55:00+00:00,20,55,20:55,500.0,75.31918077947921,Other,Squeeze,None,Other,-1.0,-1.0
2025-01-07 20:56:00+00:00,37651.44740717058,37692.86814139189,37617.55771553497,37655.21292846343,500,82.30738911125417,81.49842839601224,1.0099260897561249,37607.52535559495,44.239471240224375,37696.0042980754,37519.046413114505,0.004705384980470903,37811.77443154881,37494.00449063194,2025-01-07 20:56:00+00:00,20,56,20:56,500.0,75.31042585692194,Other,Squeeze,None,Other,-1.0,-1.0
2025-01-07 20:57:00+00:00,37650.26903638807,37691.68847427188,37616.38040539222,37654.03443983205,500,81.80743766614042,81.4933429640211,1.003854237544998,37611.984253239774,44.20663959206661,37700.39753242391,37523.57097405564,0.004701335541823607,37811.77443154881,37494.00449063194,2025-01-07 20:57:00+00:00,20,57,20:57,500.0,75.30806887966173,Other,Squeeze,None,Other,-1.0,-1.0
2025-01-07 20:58:00+00:00,37708.19905175278,37749.68221902644,37674.25827852888,37711.97024877766,500,82.79603348958688,81.51228674793542,1.015749119462459,37621.00596434572,45.32210417750466,37711.65017270073,37530.361755990714,0.004818808324312858,37811.77443154881,37494.00449063194,2025-01-07 20:58:00+00:00,20,58,20:58,500.0,75.42394049755967,Other,Squeeze,None,Other,-1.0,1.5
2025-01-07 20:59:00+00:00,37687.87355814466,37729.33436513932,37653.95107969448,37691.6427224169,500,82.26655148639074,81.5293676439762,1.0090419423542407,37626.16034727152,47.25791874532287,37720.67618476217,37531.644509780876,0.005023942736559341,37785.976268615465,37494.00449063194,2025-01-07 20:59:00+00:00,20,59,20:59,500.0,75.38328544484102,Other,Squeeze,None,Other,-1.0,1.5
2025-01-07 21:00:00+00:00,37638.370926328695,37679.77727498252,37604.49300470283,37642.13513984268,500,82.61534907408212,81.55874664098204,1.012955108760452,37624.94904535556,46.47730003110576,37717.90364541778,37531.99444529335,0.004941115000589661,37785.976268615465,37494.00449063194,2025-01-07 21:00:00+00:00,21,0,21:00,500.0,75.28427027969155,Other,Squeeze,None,Other,-1.0,-1.0
2025-01-07 21:01:00+00:00,37648.167548532896,37689.58467454888,37614.28080906527,37651.93274180708,500,82.09310024619145,81.585464947415,1.0062221291391014,37623.76692555311,45.41030455350322,37714.58753466012,37532.9463164461,0.004827831795084113,37785.976268615465,37494.00449063194,2025-01-07 21:01:00+00:00,21,1,21:01,500.0,75.30386548361275,Other,Squeeze,None,Other,-1.0,-1.0
2025-01-07 21:02:00+00:00,37689.08226411303,37730.54440081722,37655.15869771869,37692.85154926796,500,81.84442587218759,81.58173242959805,1.0032200032380563,37625.81419581842,47.61515832478217,37721.04451246798,37530.58387916886,0.005061967092802242,37785.976268615465,37494.00449063194,2025-01-07 21:02:00+00:00,21,2,21:02,500.0,75.38570309853094,Other,Squeeze,None,Other,-1.0,1.5
2025-01-07 21:03:00+00:00,37703.06928487696,37744.54680884272,37669.13312890498,37706.83996887385,500,81.38508687687023,81.57793974061785,0.9976359679545621,37628.95927718909,50.84326962186067,37730.645816432814,37527.272737945364,0.005404695808601215,37785.976268615465,37494.00449063194,2025-01-07 21:03:00+00:00,21,3,21:03,500.0,75.41367993774475,Other,Normal,None,Other,-1.0,1.5
2025-01-07 21:04:00+00:00,37699.78867024608,37741.26258517483,37665.855467122536,37703.55902614869,500,80.95808910368629,81.57414514826449,0.9924479006987018,37631.030350678615,53.06116663030748,37737.15268393923,37524.908017418,0.005640150284043611,37785.976268615465,37494.00449063194,2025-01-07 21:04:00+00:00,21,4,21:04,500.0,75.40711805229512,Other,Normal,None,Other,-1.0,1.5
2025-01-07 21:05:00+00:00,37645.60052533132,37687.01482733938,37611.71609641563,37649.3654618775,500,81.73557772007003,81.58984703136542,1.0017861375404782,37633.31390526141,52.80494829468484,37738.92380185078,37527.704008672044,0.005612574903992382,37749.68221902644,37494.00449063194,2025-01-07 21:05:00+00:00,21,5,21:05,500.0,75.29873092375055,Other,Normal,None,Other,-1.0,-1.0
2025-01-07 21:06:00+00:00,37643.77968008303,37685.19197896101,37609.89689009196,37647.54443452648,500,81.2755428021403,81.58914553826551,0.9961563179261617,37636.56371343705,51.500138989436714,37739.56399141592,37533.56343545818,0.005473415626522613,37749.68221902644,37494.00449063194,2025-01-07 21:06:00+00:00,21,6,21:06,500.0,75.29508886905387,Other,Normal,None,Other,-1.0,-1.0
2025-01-07 21:07:00+00:00,37690.605830286586,37732.06964308118,37656.68089254556,37694.37526781337,500,81.50766178446624,81.59890445749666,0.9988818149748818,37639.437962603915,53.09864950605975,37745.63526161604,37533.240663591794,0.0056428737919855185,37749.68221902644,37494.00449063194,2025-01-07 21:07:00+00:00,21,7,21:07,500.0,75.38875053561787,Other,Normal,None,Other,-1.0,1.5
2025-01-07 21:08:00+00:00,37644.49634333925,37685.909430625645,37610.612908286734,37648.26116945619,500,81.66871162319251,81.61693686003869,1.0006343629783927,37641.95454319066,52.21317778524696,37746.380898761156,37537.52818762016,0.005548402405654943,37749.68221902644,37494.00449063194,2025-01-07 21:08:00+00:00,21,8,21:08,500.0,75.29652233891102,Other,Normal,None,Other,-1.0,1.5
2025-01-07 21:09:00+00:00,37635.66044135549,37677.06380817766,37601.78495941008,37639.42438379387,500,81.21229284779206,81.63317594155288,0.9948442151256964,37645.418061565855,49.422597434822585,37744.2632564355,37546.57286669621,0.005251379846970635,37749.68221902644,37521.37574944712,2025-01-07 21:09:00+00:00,21,9,21:09,500.0,75.27884876758617,Other,Squeeze,None,Other,-1.0,1.5
2025-01-07 21:10:00+00:00,37621.45623525832,37662.84397589116,37587.59353837689,37625.218757134026,500,80.78644603825508,81.64768364038993,0.9894517815602939,37648.12772864141,46.53022211016312,37741.18817286174,37555.067284421086,0.004943695733879936,37749.68221902644,37521.37574944712,2025-01-07 21:10:00+00:00,21,10,21:10,500.0,75.25043751427438,Other,Squeeze,None,Other,-1.0,1.5
2025-01-07 21:11:00+00:00,37595.59268211245,37636.95196999156,37561.753264756815,37599.35261737419,500,80.38732169514735,81.6605495807349,0.9844082865946334,37648.99332524279,45.38298942913395,37739.759304101055,37558.22734638452,0.004821694863082104,37749.68221902644,37521.37574944712,2025-01-07 21:11:00+00:00,21,11,21:11,500.0,75.19870523474674,Other,Squeeze,None,Other,-1.0,-1.0
2025-01-07 21:12:00+00:00,37605.290700951016,37646.66065771774,37571.44255450552,37609.05160611163,500,80.01809180350948,81.67196404429377,0.9797498167193905,37651.4991713418,41.353352601196654,37734.20587654419,37568.792466139406,0.00439327554135448,37749.68221902644,37521.37574944712,2025-01-07 21:12:00+00:00,21,12,21:12,500.0,75.2181032122171,Other,Squeeze,None,Other,-1.0,-1.0
2025-01-07 21:13:00+00:00,37622.34124058223,37663.72995481829,37588.47774711636,37626.10385096733,500,79.67767151053961,81.68201963120107,0.9754615749009242,37654.69430810261,36.24369073374414,37727.1816895701,37582.206926635125,0.0038501112702905987,37749.68221902644,37521.37574944712,2025-01-07 21:13:00+00:00,21,13,21:13,500.0,75.25220770193118,Other,Squeeze,None,Other,-1.0,1.5
2025-01-07 21:14:00+00:00,37639.0051148385,37680.41216116945,37605.1266223859,37642.76939177768,500,79.36394774432618,81.69080732453565,0.9715162616649694,37657.5618048004,32.55541449326903,37722.67263378694,37592.45097581387,0.003458048044854403,37749.68221902644,37521.37574944712,2025-01-07 21:14:00+00:00,21,14,21:14,500.0,75.2855387835516,Other,Squeeze,None,Other,-1.0,1.5
2025-01-07 21:15:00+00:00,37602.63294251953,37643.99997545959,37568.78718829584,37606.39358187772,500,79.06743627428499,81.69836139896658,0.9677970882202434,37654.901964407014,34.49624091311178,37723.89444623324,37585.90948258079,0.0036644621670473116,37749.68221902644,37521.37574944712,2025-01-07 21:15:00+00:00,21,15,21:15,500.0,75.21278716374945,Other,Squeeze,None,Other,-1.0,-1.0
2025-01-07 21:16:00+00:00,37541.16594137677,37582.46535385353,37507.37551298669,37544.92043342011,500,80.49248146119506,81.70421485454622,0.9851692670260849,37649.38733965485,42.36274483057683,37734.11282931601,37564.661849993696,0.004500763260597188,37749.68221902644,37521.37574944712,2025-01-07 21:16:00+00:00,21,16,21:16,500.0,75.08984086683631,Other,Squeeze,Downside Stop Hunt,Other,1.5,-1.0
2025-01-07 21:17:00+00:00,37551.39311369159,37592.703777182986,37517.59347992588,37555.14862855444,500,80.1080397323313,81.70902836798545,0.9804062211039407,37644.443049090965,47.27737847186023,37738.997806034684,37549.88829214725,0.005023570507892098,37749.68221902644,37507.37551298669,2025-01-07 21:17:00+00:00,21,17,21:17,500.0,75.1102972571025,Other,Squeeze,None,Other,1.5,-1.0
2025-01-07 21:18:00+00:00,37532.775279663074,37574.06546148888,37498.99240362377,37536.52893255633,500,79.74839817038662,81.71290005131826,0.975958485383607,37635.6709832799,50.270013488395726,37736.211010256695,37535.13095630311,0.005342805075613428,37749.68221902644,37507.37551298669,2025-01-07 21:18:00+00:00,21,18,21:18,500.0,75.07305786510551,Other,Normal,Downside Stop Hunt,Other,1.5,-1.0
2025-01-07 21:19:00+00:00,37602.211723207845,37643.57829276033,37568.36634811945,37605.97232043989,500,81.69846688707334,81.75394401833073,0.9993214133957262,37631.387463181054,48.88042066861968,37729.14830451829,37533.62662184382,0.005195707515854236,37749.68221902644,37498.99240362377,2025-01-07 21:19:00+00:00,21,19,21:19,500.0,75.21194464087603,Other,Squeeze,None,Other,1.5,-1.0
2025-01-07 21:20:00+00:00,37673.5170008518,37714.96201405404,37639.6074445954,37677.284729324725,500,83.64784022472183,81.83180052277918,1.0221923468668777,37633.144942655155,49.908277329453135,37732.96149731406,37533.32838799625,0.005304715022409475,37749.68221902644,37498.99240362377,2025-01-07 21:20:00+00:00,21,20,21:20,500.0,75.3545694586428,Other,Normal,None,Other,1.5,-1.0
2025-01-07 21:21:00+00:00,37748.96547115984,37790.49348597959,37714.988004489125,37752.74074523436,500,85.75933425544638,81.90947165893023,1.0470014336381868,37638.18534282652,56.55363020303863,37751.29260323259,37525.07808242044,0.006010239833607317,37749.68221902644,37498.99240362377,2025-01-07 21:21:00+00:00,21,21,21:21,500.0,75.50548149046517,Other,Normal,Range Raid,Other,1.5,-1.0
2025-01-07 21:22:00+00:00,37713.87107024479,37755.36047736277,37679.925191693714,37717.64283452824,500,85.02190221356113,81.98155415618834,1.0370857577496084,37639.42490708953,58.066349147596775,37755.557605384725,37523.29220879434,0.006170800886669238,37790.49348597959,37498.99240362377,2025-01-07 21:22:00+00:00,21,22,21:22,500.0,75.43528566905297,Other,Normal,None,Other,1.5,-1.0
2025-01-07 21:23:00+00:00,37735.72765218685,37777.24110394943,37701.76210074474,37739.50160234708,500,84.34026657007068,82.04845210894801,1.0279324521330333,37641.05798876319,60.47162554563867,37762.001239854464,37520.11473767192,0.006426134521903102,37790.49348597959,37498.99240362377,2025-01-07 21:23:00+00:00,21,23,21:23,500.0,75.47900320469489,Other,Normal,None,Other,1.5,-1.0
2025-01-07 21:24:00+00:00,37768.985683674735,37810.5357229307,37734.99019701076,37772.76295997073,500,83.71207080934686,82.11055684303355,1.0195043612890706,37644.5181854543,65.96645597741535,37776.451097409124,37512.58527349947,0.007009408982464056,37790.49348597959,37498.99240362377,2025-01-07 21:24:00+00:00,21,24,21:24,500.0,75.54552591993706,Other,Normal,Range Raid,Other,1.5,-1.0
2025-01-07 21:25:00+00:00,37798.016795382,37839.59877205458,37763.99517810443,37801.79697507951,500,83.13289389083299,82.1682684025431,1.0117396351054178,37652.13976111439,74.77378031754401,37801.68732174948,37502.5922004793,0.007943642065704588,37810.5357229307,37498.99240362377,2025-01-07 21:25:00+00:00,21,25,21:25,500.0,75.60359395015257,Other,Normal,Range Raid,Other,-1.0,-1.0
2025-01-07 21:26:00+00:00,37785.00147745608,37826.56913584711,37750.99157513613,37788.780355491625,500,82.59322723512888,82.17854026312088,1.0050461710646144,37659.201557162654,80.74762566927782,37820.69680850121,37497.7063058241,0.00857666889689232,37839.59877205458,37498.99240362377,2025-01-07 21:26:00+00:00,21,26,21:26,500.0,75.57756071097538,Other,Normal,None,Other,-1.0,-1.0
2025-01-07 21:27:00+00:00,37833.743987035006,37875.3652675488,37799.69021206918,37837.52773980899,500,82.87834757956061,82.18838834514123,1.0083948505173501,37666.35918076243,89.86006898377623,37846.079318729986,37486.63904279488,0.009542740093624075,37839.59877205458,37498.99240362377,2025-01-07 21:27:00+00:00,21,27,21:27,500.0,75.67505547961628,Other,Normal,Range Raid,Other,-1.0,1.5
2025-01-07 21:28:00+00:00,37834.14029706313,37875.76201356154,37800.08616538261,37837.92408947208,500,82.3638833366589,82.1976851919181,1.0020219321791455,37675.84232676323,97.53007273965068,37870.90247224253,37480.78218128393,0.010354653456054918,37875.3652675488,37498.99240362377,2025-01-07 21:28:00+00:00,21,28,21:28,500.0,75.67584817893658,Other,Normal,Range Raid,Other,-1.0,1.5
2025-01-07 21:29:00+00:00,37839.36578439742,37880.99324950677,37805.30694930796,37843.150099407365,500,81.8869131125268,82.1978748699577,0.9962169124454511,37686.0286125439,103.95358340202063,37893.93577934794,37478.12144573986,0.011033646922129598,37875.76201356154,37498.99240362377,2025-01-07 21:29:00+00:00,21,29,21:29,500.0,75.68630019880948,Other,Normal,Range Raid,Other,-1.0,1.5
2025-01-07 21:30:00+00:00,37781.59767681881,37823.16159065469,37747.59083822582,37785.37621444026,500,82.86350940317092,82.22205102931586,1.007801537006494,37694.03648540921,105.18409662444438,37904.4046786581,37483.66829216032,0.01116188197728949,37880.99324950677,37498.99240362377,2025-01-07 21:30:00+00:00,21,30,21:30,500.0,75.5707524288664,Other,Normal,None,21h30-22h30,-1.0,-1.0
2025-01-07 21:31:00+00:00,37806.34384404971,37847.934981391896,37772.31473167883,37810.12485653537,500,82.34613371102053,82.24474177634664,1.0012328075021453,37704.57509736727,105.75553181397153,37916.08616099521,37493.06403373933,0.011219384548519215,37880.99324950677,37498.99240362377,2025-01-07 21:31:00+00:00,21,31,21:31,500.0,75.62024971306528,Other,Normal,None,21h30-22h30,-1.0,-1.0
2025-01-07 21:32:00+00:00,37796.87787794768,37838.45860168579,37762.85728579831,37800.65794374205,500,81.86436100933888,82.2659687196445,0.9951181792841427,37714.155414248795,105.32454710400901,37924.804508456815,37503.506320040775,0.011170823893271361,37880.99324950677,37498.99240362377,2025-01-07 21:32:00+00:00,21,32,21:32,500.0,75.60131588747754,Other,Normal,None,21h30-22h30,-1.0,-1.0
2025-01-07 21:33:00+00:00,37814.8272972828,37856.427767356814,37780.79054904042,37818.60915819862,500,81.41956510269976,82.28592208972783,0.9894713826493509,37723.78067961036,105.65000221530947,37935.08068404098,37512.480675179744,0.011202482923182966,37880.99324950677,37498.99240362377,2025-01-07 21:33:00+00:00,21,33,21:33,500.0,75.63721831639123,Other,Normal,None,21h30-22h30,-1.0,-1.0
2025-01-07 21:34:00+00:00,37824.09736557306,37865.708033742005,37790.052273434834,37827.88015358842,500,81.00786476016197,82.30463986697906,0.9842442041066829,37733.036217700894,106.28588766377499,37945.60799302845,37520.46444237334,0.011267143947872066,37880.99324950677,37498.99240362377,2025-01-07 21:34:00+00:00,21,34,21:34,500.0,75.65576030717057,Other,Normal,None,21h30-22h30,-1.0,1.5
2025-01-07 21:35:00+00:00,37831.32005875566,37872.93867268168,37797.26846554345,37835.103569112565,500,80.62660350145265,82.28720265751154,0.9798194725008397,37744.47171706264,104.22674737925159,37952.925211821144,37536.018222304134,0.011045511317318159,37880.99324950677,37498.99240362377,2025-01-07 21:35:00+00:00,21,35,21:35,500.0,75.67020713823149,Other,Normal,None,21h30-22h30,-1.0,1.5
2025-01-07 21:36:00+00:00,37829.9689912911,37871.58611889427,37795.91861416122,37833.75236652775,500,80.27238216085247,82.2699888131561,0.975718889948552,37758.91331371802,94.69624785604123,37948.3058094301,37569.520818005934,0.010031670887269743,37880.99324950677,37498.99240362377,2025-01-07 21:36:00+00:00,21,36,21:36,500.0,75.66750473305001,Other,Normal,None,21h30-22h30,-1.0,1.5
2025-01-07 21:37:00+00:00,37860.1163406428,37901.7666336468,37826.03882818497,37863.902730915885,500,79.94776953949419,82.20747088135778,0.9725122143080548,37774.351018836096,84.32908089885252,37943.0091806338,37605.69285703839,0.008929771511553183,37880.99324950677,37498.99240362377,2025-01-07 21:37:00+00:00,21,37,21:37,500.0,75.7278054618364,Other,Normal,Range Raid,21h30-22h30,-1.0,1.5
2025-01-07 21:38:00+00:00,37852.96552260978,37894.60794892728,37818.89444653183,37856.75119772956,500,79.64532188634848,82.15019283795236,0.9695086418537698,37790.36213209476,64.97765349603878,37920.31743908684,37660.40682510268,0.006877695775331632,37901.7666336468,37498.99240362377,2025-01-07 21:38:00+00:00,21,38,21:38,500.0,75.71350239545427,Other,Normal,None,21h30-22h30,-1.0,1.5
2025-01-07 21:39:00+00:00,37798.30002525023,37839.88231350683,37764.278153040286,37802.08023327356,500,80.561587800843,82.09446495524608,0.981327886657904,37800.16752773644,48.35973161871849,37896.88699097388,37703.448064499,0.005117409237219292,37901.7666336468,37498.99240362377,2025-01-07 21:39:00+00:00,21,39,21:39,500.0,75.60416046654427,Other,Squeeze,None,21h30-22h30,-1.0,1.5
2025-01-07 21:40:00+00:00,37820.18989898239,37861.79626850822,37786.1483239158,37823.97229621201,500,80.21061328595562,81.99530747982058,0.9782341910931405,37807.5019060808,38.95019217920295,37885.402290439204,37729.60152172239,0.004120895612300569,37901.7666336468,37498.99240362377,2025-01-07 21:40:00+00:00,21,40,21:40,500.0,75.64794459241966,Other,Squeeze,None,21h30-22h30,-1.0,1.5
2025-01-07 21:41:00+00:00,37789.9834274757,37831.55656655983,37755.969040952325,37793.76280375608,500,79.88039273749513,81.90351408041569,0.9752987235574021,37809.553009006886,36.94310681112272,37883.43922262913,37735.66679538464,0.003908335737512906,37901.7666336468,37498.99240362377,2025-01-07 21:41:00+00:00,21,41,21:41,500.0,75.58752560750872,Other,Squeeze,None,21h30-22h30,-1.0,1.5
2025-01-07 21:42:00+00:00,37740.35011694869,37781.86865393103,37706.38040487223,37744.12452940163,500,80.41625031937751,81.83265662215395,0.9826914295436305,37810.87709375056,33.81794248066678,37878.51297871189,37743.24120878923,0.0035775887871435054,37901.7666336468,37498.99240362377,2025-01-07 21:42:00+00:00,21,42,21:42,500.0,75.48824905879883,Other,Squeeze,None,21h30-22h30,-1.0,1.5
2025-01-07 21:43:00+00:00,37702.16702766373,37743.6435590473,37668.23168380445,37705.937621425874,500,80.09314998207795,81.76758061199932,0.979522071982699,37809.198894704496,38.10713186242721,37885.41315842935,37732.98463097964,0.0040315196276496015,37901.7666336468,37498.99240362377,2025-01-07 21:43:00+00:00,21,43,21:43,500.0,75.4118752428476,Other,Squeeze,None,21h30-22h30,-1.0,1.5
2025-01-07 21:44:00+00:00,37713.22791620393,37754.716615781705,37679.282616549375,37716.99961616554,500,79.76035349995306,81.70728351223624,0.9761718915549111,37806.41072751423,42.679076948537876,37891.768881411306,37721.052573617155,0.004515538621864196,37901.7666336468,37498.99240362377,2025-01-07 21:44:00+00:00,21,44,21:44,500.0,75.43399923232937,Other,Squeeze,None,21h30-22h30,-1.0,1.5
2025-01-07 21:45:00+00:00,37709.96515401096,37751.45026419138,37676.022791136056,37713.73652766372,500,79.4508620396223,81.62674643453792,0.9733434873989419,37802.00770514345,47.45527371329887,37896.918252570045,37707.09715771685,0.005021455377021277,37901.7666336468,37498.99240362377,2025-01-07 21:45:00+00:00,21,45,21:45,500.0,75.42747305532248,Other,Squeeze,None,21h30-22h30,-1.0,1.5
2025-01-07 21:46:00+00:00,37630.00374731356,37671.400891149984,37596.13335690193,37633.76712402596,500,82.1760269483484,81.60248352217495,1.0070285045432177,37794.257043570164,60.57467436773415,37915.40639230563,37673.107694834696,0.006410992474110729,37901.7666336468,37498.99240362377,2025-01-07 21:46:00+00:00,21,46,21:46,500.0,75.26753424805065,Other,Normal,None,21h30-22h30,1.5,-1.0
2025-01-07 21:47:00+00:00,37615.94569937642,37657.32737781358,37582.08796247329,37619.70767014344,500,81.68055469062963,81.56002571259219,1.001477794752814,37783.36604008689,71.05942057389336,37925.484881234675,37641.247198939105,0.007522825838068624,37901.7666336468,37498.99240362377,2025-01-07 21:47:00+00:00,21,47,21:47,500.0,75.23941534028563,Other,Normal,None,21h30-22h30,1.5,-1.0
2025-01-07 21:48:00+00:00,37660.32976149472,37701.76026728295,37626.43207494073,37664.09617111184,500,81.70712915126401,81.5271410094406,1.0022077082502203,37774.674644168874,74.57856945821041,37923.8317830853,37625.51750525245,0.0078972031034792,37901.7666336468,37498.99240362377,2025-01-07 21:48:00+00:00,21,48,21:48,500.0,75.32819234222552,Other,Normal,None,21h30-22h30,1.5,-1.0
2025-01-07 21:49:00+00:00,37643.71408748721,37685.126314206114,37609.831356535375,37647.47883537075,500,81.24911690265513,81.49678932036909,0.996960954906575,37764.89108096705,77.8841315685258,37920.6593441041,37609.12281783,0.008249369119221582,37901.7666336468,37568.36634811945,2025-01-07 21:49:00+00:00,21,49,21:49,500.0,75.29495767073968,Other,Normal,None,21h30-22h30,1.5,-1.0
2025-01-07 21:50:00+00:00,37637.86182751907,37679.2676161082,37603.984364127966,37641.62599011808,500,80.82298369391066,81.46877370569432,0.9920731590472127,37757.703569750935,82.39642833102216,37922.49642641298,37592.91071308889,0.008728966069539686,37901.7666336468,37582.08796247329,2025-01-07 21:50:00+00:00,21,50,21:50,500.0,75.28325198023231,Other,Normal,None,21h30-22h30,1.5,-1.0
2025-01-07 21:51:00+00:00,37677.51504732928,37718.96445882248,37643.6018924712,37681.28317564685,500,80.57408976608808,81.44534776270311,0.9893025443374187,37751.261485706505,83.11575093702568,37917.492987580554,37585.02998383246,0.008806672695532959,37901.7666336468,37582.08796247329,2025-01-07 21:51:00+00:00,21,51,21:51,500.0,75.36256635127938,Other,Normal,None,21h30-22h30,1.5,-1.0
2025-01-07 21:52:00+00:00,37707.87610708795,37749.35891908694,37673.93562454332,37711.64727181513,500,80.20617582162579,81.4239587027534,0.9850439244108329,37746.810952110165,82.71366714300784,37912.23828639618,37581.38361782415,0.008765102540497926,37901.7666336468,37582.08796247329,2025-01-07 21:52:00+00:00,21,52,21:52,500.0,75.42329454361607,Other,Normal,None,21h30-22h30,-1.0,-1.0
2025-01-07 21:53:00+00:00,37746.80132639011,37788.32696041254,37712.82580764448,37750.576384028514,500,79.954283877039,81.40594896418806,0.9821675798191645,37743.40931340166,80.98643066153153,37905.38217472472,37581.4364520786,0.008582842105127459,37901.7666336468,37582.08796247329,2025-01-07 21:53:00+00:00,21,53,21:53,500.0,75.50115276805445,Other,Normal,None,21h30-22h30,-1.0,1.5
2025-01-07 21:54:00+00:00,37642.66766775163,37684.07874329371,37608.78587867175,37646.43231098273,500,84.37115683987669,81.46853476223586,1.0356287502421895,37734.33692127137,81.1886326148915,37896.71418650116,37571.95965604159,0.008606339926871777,37901.7666336468,37582.08796247329,2025-01-07 21:54:00+00:00,21,54,21:54,500.0,75.29286462195887,Other,Normal,None,21h30-22h30,1.5,-1.0
2025-01-07 21:55:00+00:00,37708.3557737816,37749.83911346672,37674.414859493765,37712.126986480245,500,85.73084581445602,81.51662190824521,1.0516977250474673,37728.18809213976,77.73893190610903,37883.665955951976,37572.710228327545,0.008242000036286251,37901.7666336468,37582.08796247329,2025-01-07 21:55:00+00:00,21,55,21:55,500.0,75.42425397295301,Other,Normal,None,21h30-22h30,1.5,-1.0
2025-01-07 21:56:00+00:00,37732.73835097831,37774.2485141807,37698.77549017635,37736.512002178526,500,84.9981442565913,81.56146782733417,1.042136029681719,37723.3260739223,73.72644179401078,37870.778957510316,37575.87319033428,0.007817597170465394,37901.7666336468,37582.08796247329,2025-01-07 21:56:00+00:00,21,56,21:56,500.0,75.47302400435001,Other,Normal,None,21h30-22h30,1.5,-1.0
2025-01-07 21:57:00+00:00,37826.109258319615,37867.72213979191,37792.062355296825,37829.89224754437,500,88.29900092493385,81.66966054831407,1.081172620678373,37721.62554975372,70.64100992919465,37862.90756961211,37580.34352989533,0.0074907704956691185,37901.7666336468,37582.08796247329,2025-01-07 21:57:00+00:00,21,57,21:57,500.0,75.65978449508839,Other,Normal,None,21h30-22h30,-1.0,1.5
2025-01-07 21:58:00+00:00,37796.90644799339,37838.48720316169,37762.885830128405,37800.68651664505,500,87.39202750410182,81.74626044855599,1.069064529980534,37718.82231569949,65.95350304497865,37850.72932178945,37586.91530960954,0.0069942271784583804,37901.7666336468,37582.08796247329,2025-01-07 21:58:00+00:00,21,58,21:58,500.0,75.6013730332852,Other,Normal,None,21h30-22h30,-1.0,-1.0
2025-01-07 21:59:00+00:00,37730.68951052088,37772.19741977337,37696.728493859744,37734.46295681656,500,88.5753128813308,81.85140647180496,1.082147719866512,37715.44145187664,63.13376389448381,37841.70897966561,37589.17392408768,0.00669580007170681,37901.7666336468,37582.08796247329,2025-01-07 21:59:00+00:00,21,59,21:59,500.0,75.46892591362848,Other,Clustering,None,21h30-22h30,1.5,-1.0
2025-01-07 22:00:00+00:00,37731.33918035857,37772.84780431935,37697.3775789361,37735.11269162773,500,87.63923520289654,81.93513790728522,1.0696172294488095,37710.99847164743,58.013057859091084,37827.02458736561,37594.97235592925,0.006153436420168727,37901.7666336468,37582.08796247329,2025-01-07 22:00:00+00:00,22,0,22:00,500.0,75.47022538325109,Other,Clustering,None,21h30-22h30,1.5,-1.0
2025-01-07 22:01:00+00:00,37721.32765542502,37762.825265607,37687.37506527612,37725.10016544156,500,86.76858985489541,82.01306273409696,1.0579849960757695,37707.56533973171,54.80010466978027,37817.165549071266,37597.96513039215,0.00581316817206836,37901.7666336468,37582.08796247329,2025-01-07 22:01:00+00:00,22,1,22:01,500.0,75.45020033088076,Other,Normal,None,21h30-22h30,1.5,-1.0
2025-01-07 22:02:00+00:00,37746.37025101927,37787.89541081136,37712.39512028027,37750.14526554582,500,85.96371133176648,82.08171749175658,1.0472942569750658,37707.866376538914,55.02757262662179,37817.92152179216,37597.81123128567,0.005837251259685144,37901.7666336468,37582.08796247329,2025-01-07 22:02:00+00:00,22,2,22:02,500.0,75.50029053109029,Other,Normal,None,21h30-22h30,1.5,-1.0
2025-01-07 22:03:00+00:00,37787.34458109676,37828.914817159566,37753.33256977264,37791.12369346611,500,85.44984278047934,82.14946342348343,1.0401753002327276,37712.12568014093,58.082458904972015,37828.29059795088,37595.960762330986,0.006160613633673742,37901.7666336468,37582.08796247329,2025-01-07 22:03:00+00:00,22,3,22:03,500.0,75.58224738692661,Other,Clustering,None,21h30-22h30,1.5,-1.0
2025-01-07 22:04:00+00:00,37784.42395348527,37825.9909765364,37750.41457098888,37788.20277376264,500,84.74459726383908,82.2125718928193,1.030798517948335,37715.685838020785,60.5276548605561,37836.741147741894,37594.63052829968,0.006419361442398805,37901.7666336468,37582.08796247329,2025-01-07 22:04:00+00:00,22,4,22:04,500.0,75.5764055475156,Other,Normal,None,21h30-22h30,1.5,-1.0
2025-01-07 22:05:00+00:00,37775.707788356165,37817.26522266678,37741.706251192925,37779.485736929855,500,84.0884811359829,82.25178694975118,1.0223301432630734,37718.97329848409,62.17920722836869,37843.331712940824,37594.61488402735,0.006593944828383422,37901.7666336468,37582.08796247329,2025-01-07 22:05:00+00:00,22,5,22:05,500.0,75.55897147385258,Other,Normal,None,21h30-22h30,1.5,-1.0
2025-01-07 22:06:00+00:00,37795.83701773495,37837.41659641232,37761.81736245346,37799.616979432896,500,83.48210633761667,82.28856300867578,1.0145043647051541,37727.26579125443,61.27024898527538,37849.80628922498,37604.72529328388,0.006496123978269063,37901.7666336468,37582.08796247329,2025-01-07 22:06:00+00:00,22,6,22:06,500.0,75.59923395885562,Other,Normal,None,21h30-22h30,1.5,-1.0
2025-01-07 22:07:00+00:00,37786.52796622383,37828.09730392044,37752.5166899266,37790.30699692352,500,82.91771402734715,82.31206387939046,1.0073579754827204,37735.795757593434,57.25155133912065,37850.29886027167,37621.292654915196,0.006068673013484658,37901.7666336468,37582.08796247329,2025-01-07 22:07:00+00:00,22,7,22:07,500.0,75.58061399384314,Other,Normal,None,21h30-22h30,1.5,-1.0
2025-01-07 22:08:00+00:00,37774.06114536693,37815.61676818912,37740.0610903306,37777.83892925986,500,82.39185430100206,82.32411625735396,1.0008228213885264,37741.48289550084,55.37289347996962,37852.22868246078,37630.7371085409,0.005868650538537287,37894.60794892728,37582.08796247329,2025-01-07 22:08:00+00:00,22,8,22:08,500.0,75.55567785851599,Other,Normal,None,21h30-22h30,1.5,-1.0
2025-01-07 22:09:00+00:00,37813.636401268326,37855.23556122572,37779.60072493956,37817.41814308264,500,82.03505270563512,82.33782892165135,0.9963227568666605,37749.97986088644,53.18409903027515,37856.348058946984,37643.61166282589,0.005635404228162642,37867.72213979191,37582.08796247329,2025-01-07 22:09:00+00:00,22,9,22:09,500.0,75.63483628616086,Other,Normal,None,21h30-22h30,1.5,-1.0
2025-01-07 22:10:00+00:00,37861.68181650641,37903.33383170608,37827.6028949794,37865.46836334274,500,82.31224098547791,82.3632588374384,0.999380575117102,37761.17197954767,52.73278311703287,37866.637545781734,37655.7064133136,0.005585926532745812,37867.72213979191,37582.08796247329,2025-01-07 22:10:00+00:00,22,10,22:10,500.0,75.73093672667892,Other,Normal,Upside Sweep,21h30-22h30,-1.0,1.5
2025-01-07 22:11:00+00:00,37903.12388232708,37944.82148835823,37869.00765921067,37906.91457378445,500,82.10087555905035,82.39181806850343,0.9964687936706146,37772.45354945455,58.556040762098725,37889.565630978745,37655.34146793035,0.00620092530504346,37903.33383170608,37582.08796247329,2025-01-07 22:11:00+00:00,22,11,22:11,500.0,75.8138291475625,Other,Normal,Upside False Breakout,21h30-22h30,-1.0,1.5
2025-01-07 22:12:00+00:00,37897.12695638221,37938.81796513511,37863.01613103894,37900.91704808702,500,81.6509440259876,82.4190322722114,0.9906806932203841,37781.91703826814,63.31280030007166,37908.54263886828,37655.291437668,0.00670297383120539,37944.82148835823,37582.08796247329,2025-01-07 22:12:00+00:00,22,12,22:12,500.0,75.80183409617166,Other,Normal,None,21h30-22h30,-1.0,1.5
2025-01-07 22:13:00+00:00,37816.49996244194,37858.10227263165,37782.46170865037,37820.28199064101,500,84.27982941246363,82.49573490391013,1.0216265060324825,37785.40231859877,63.41525316167288,37912.23282492212,37658.57181227542,0.006713201318008496,37944.82148835823,37582.08796247329,2025-01-07 22:13:00+00:00,22,13,22:13,500.0,75.64056398128014,Other,Clustering,None,21h30-22h30,-1.0,1.5
2025-01-07 22:14:00+00:00,37811.27385312944,37852.87041402397,37777.24030330664,37815.0553586653,500,83.66199236281159,82.5673689808849,1.0132573363477297,37793.83347098289,54.55723479230631,37902.94794056751,37684.719001398276,0.0057741943361417,37944.82148835823,37582.08796247329,2025-01-07 22:14:00+00:00,22,14,22:14,500.0,75.6301107173349,Other,Normal,None,21h30-22h30,-1.0,1.5
2025-01-07 22:15:00+00:00,37783.00235061094,37824.56780974252,37748.9942476851,37786.78102871381,500,83.08424734099788,82.63431583199677,1.0054448506588456,37797.56617309457,51.118269227011844,37899.8027115486,37695.32963464055,0.005409688972344437,37944.82148835823,37582.08796247329,2025-01-07 22:15:00+00:00,22,15,22:15,500.0,75.57356205741962,Other,Normal,None,21h30-22h30,-1.0,1.5
2025-01-07 22:16:00+00:00,37778.47905071773,37820.03953372181,37744.47501916892,37782.25727644537,500,82.54712357041828,82.66855986715049,0.99853104618095,37799.85343680791,49.231243049088505,37898.31592290609,37701.390950709734,0.005209675548757543,37944.82148835823,37582.08796247329,2025-01-07 22:16:00+00:00,22,16,22:16,500.0,75.56451455288334,Other,Squeeze,None,21h30-22h30,-1.0,1.5
2025-01-07 22:17:00+00:00,37753.512295833,37795.04531266009,37719.530736610825,37757.28802463546,500,82.0447987474789,82.70083918406962,0.9920673061716997,37796.22322566247,49.575304789662624,37895.37383524179,37697.07261608315,0.005246588210009444,37944.82148835823,37582.08796247329,2025-01-07 22:17:00+00:00,22,17,22:17,500.0,75.5145760492669,Other,Squeeze,None,21h30-22h30,-1.0,1.5
2025-01-07 22:18:00+00:00,37753.10683074495,37794.63940151584,37719.12563647785,37756.88251899685,500,81.57829633965781,82.73133748689081,0.986062824774038,37794.03302578007,50.32961709352745,37894.69225996712,37693.37379159301,0.005326726264878625,37944.82148835823,37603.984364127966,2025-01-07 22:18:00+00:00,22,18,22:18,500.0,75.51376503798383,Other,Normal,None,21h30-22h30,-1.0,1.5
2025-01-07 22:19:00+00:00,37714.26846907467,37755.758313375074,37680.32223282888,37718.04027310198,500,81.21986704167978,82.72336082280093,0.9818250399141576,37793.21189159433,51.47362988391651,37896.15915136216,37690.264631826496,0.0054479232970791255,37944.82148835823,37603.984364127966,2025-01-07 22:19:00+00:00,22,19,22:19,500.0,75.43608054619108,Other,Normal,None,21h30-22h30,-1.0,-1.0
2025-01-07 22:20:00+00:00,37666.374726669324,37707.81188258425,37632.471599102566,37670.141740843406,500,81.53049611008926,82.68807175422371,0.9860006936964844,37789.96334405511,57.07835825559432,37904.1200605663,37675.80662754392,0.006041642087443324,37944.82148835823,37603.984364127966,2025-01-07 22:20:00+00:00,22,20,22:20,500.0,75.34028348168067,Other,Normal,None,21h30-22h30,1.5,-1.0
2025-01-07 22:21:00+00:00,37712.83437529772,37754.3226419372,37678.889429865405,37716.606035901306,500,81.71981075178248,82.62074636249598,0.9890955280558629,37789.5386375781,57.61546569136031,37904.76956896082,37674.30770619538,0.006098562487774576,37944.82148835823,37608.78587867175,2025-01-07 22:21:00+00:00,22,21,22:21,500.0,75.43321207179542,Other,Normal,None,21h30-22h30,1.5,-1.0
2025-01-07 22:22:00+00:00,37676.6603267945,37718.10879800109,37642.74794126184,37680.42836963147,500,81.26559975088739,82.5581413214514,0.9843438630052084,37786.052792782386,62.06172071428896,37910.176234210965,37661.92935135381,0.0065698019377291635,37944.82148835823,37608.78587867175,2025-01-07 22:22:00+00:00,22,22,22:22,500.0,75.36085673925118,Other,Normal,None,21h30-22h30,1.5,-1.0
2025-01-07 22:23:00+00:00,37677.04958994076,37718.49848937964,37643.136854036224,37680.81767170793,500,80.84388800749679,82.49986834540852,0.9799274790236209,37780.53749169447,66.34115660511554,37913.2198049047,37647.85517848424,0.007023844657551387,37944.82148835823,37608.78587867175,2025-01-07 22:23:00+00:00,22,23,22:23,500.0,75.36163534341904,Other,Normal,None,21h30-22h30,1.5,-1.0
2025-01-07 22:24:00+00:00,37713.40719455259,37754.89609135627,37679.46173353139,37717.17891244383,500,80.4574929944528,82.44562538182694,0.9758855320926176,37776.98629862854,67.79425752193133,37912.5748136724,37641.397783584674,0.007178365895682102,37944.82148835823,37608.78587867175,2025-01-07 22:24:00+00:00,22,24,22:24,500.0,75.43435782488086,Other,Normal,None,21h30-22h30,1.5,-1.0
2025-01-07 22:25:00+00:00,37748.28196740201,37789.809230292434,37714.3051159462,37752.05717311932,500,80.10368023386594,82.39513848754417,0.972189399814837,37775.61487043801,68.01809492498198,37911.65106028797,37639.57868058805,0.007202328291228898,37944.82148835823,37632.471599102566,2025-01-07 22:25:00+00:00,22,25,22:25,500.0,75.50411434623675,Other,Normal,None,21h30-22h30,1.5,-1.0
2025-01-07 22:26:00+00:00,37778.67583396586,37820.23653345317,37744.67162529442,37782.4540793738,500,79.77948222850084,82.34824273743371,0.9688061284182672,37774.75672543505,67.80727673767032,37910.37127891039,37639.14217195971,0.0071801681986226416,37944.82148835823,37632.471599102566,2025-01-07 22:26:00+00:00,22,26,22:26,500.0,75.5649081587544,Other,Normal,None,21h30-22h30,1.5,-1.0
2025-01-07 22:27:00+00:00,37790.49736578082,37832.07107025362,37756.48251666671,37794.276793460165,500,79.48013018267339,82.29160578081891,0.965835207959925,37774.955215261885,67.86098132487,37910.677177911624,37639.233252612146,0.007185817263121701,37944.82148835823,37632.471599102566,2025-01-07 22:27:00+00:00,22,27,22:27,500.0,75.58855358691653,Other,Normal,None,21h30-22h30,1.5,-1.0
2025-01-07 22:28:00+00:00,37818.24589839011,37859.85012930143,37784.20607309903,37822.02810120023,500,79.20612489836816,82.23897647351409,0.9631214819882554,37777.164673858904,68.67430745321816,37914.51328876534,37639.81605895247,0.0072715152707834895,37944.82148835823,37632.471599102566,2025-01-07 22:28:00+00:00,22,28,22:28,500.0,75.64405620239995,Other,Normal,None,21h30-22h30,1.5,-1.0
2025-01-07 22:29:00+00:00,37870.5880540514,37912.24986709216,37836.50111610896,37874.37549160056,500,79.99295639790849,82.20741052827043,0.9730625972022265,37780.0125412848,71.55213186103943,37923.11680500688,37636.90827756272,0.007575659937418065,37944.82148835823,37632.471599102566,2025-01-07 22:29:00+00:00,22,29,22:29,500.0,75.74875098320626,Other,Normal,None,21h30-22h30,-1.0,-0.38491368972395934
2025-01-07 22:30:00+00:00,37887.06619942571,37928.74614023916,37852.96442966925,37890.8552849542,500,79.6921531244798,82.15455459029225,0.9700272069139376,37781.281887365374,73.35050511591638,37927.982897597205,37634.58087713354,0.007765803747431338,37944.82148835823,37632.471599102566,2025-01-07 22:30:00+00:00,22,30,22:30,500.0,75.78171056990686,Other,Normal,None,21h30-22h30,-1.0,1.5
2025-01-07 22:31:00+00:00,37817.90207082427,37859.50592348744,37783.86255500894,37821.68423924819,500,81.64219432596418,82.14282226720798,0.9939053963885577,37777.020370638566,67.94394092462001,37912.9082524878,37641.13248878933,0.00719420856997254,37944.82148835823,37632.471599102566,2025-01-07 22:31:00+00:00,22,31,22:31,500.0,75.64336847850063,Other,Normal,None,Other,1.5,-1.0
2025-01-07 22:32:00+00:00,37798.29731611104,37839.87960138729,37764.27544633957,37802.07752386343,500,81.21090580608988,82.13193134715381,0.9887860235847742,37772.078394427386,61.77216828865469,37895.622731004696,37648.534057850076,0.00654156942528938,37944.82148835823,37632.471599102566,2025-01-07 22:32:00+00:00,22,32,22:32,500.0,75.6041550477239,Other,Normal,None,Other,1.5,-1.0
2025-01-07 22:33:00+00:00,37825.00633421215,37866.61800234659,37790.96042392033,37828.78921313347,500,80.8142395646735,82.12184258818671,0.9840772809973298,37772.50375555201,62.14970311789801,37896.80316178781,37648.20434931621,0.006581475617301503,37944.82148835823,37632.471599102566,2025-01-07 22:33:00+00:00,22,33,22:33,500.0,75.65757842626044,Other,Normal,None,Other,0.945089168413376,-1.0
2025-01-07 22:34:00+00:00,37801.67187715056,37843.2578748152,37767.64696997041,37805.4524223928,500,80.44257279896757,82.11242105550014,0.9796638774613173,37772.02360873838,61.83998504418668,37895.70357882675,37648.34363865001,0.006548760604912807,37944.82148835823,37632.471599102566,2025-01-07 22:34:00+00:00,22,34,22:34,500.0,75.61090484479064,Other,Normal,None,Other,1.5,-1.0
2025-01-07 22:35:00+00:00,37863.34286603186,37904.99670856874,37829.262449410766,37867.12957898976,500,81.8069808973225,82.13209401209797,0.9960415825422937,37776.04103625218,65.35895255859178,37906.758941369364,37645.323131134995,0.006920677844019676,37944.82148835823,37632.471599102566,2025-01-07 22:35:00+00:00,22,35,22:35,500.0,75.7342591579727,Other,Normal,None,Other,0.46495172163339143,-1.0
2025-01-07 22:36:00+00:00,37861.32935350404,37902.980980955625,37827.25074922545,37865.11586509054,500,81.37292738538325,82.15043643250682,0.990535545751332,37780.18396568444,68.33218672753793,37916.84833913951,37643.519592229364,0.007234711910307582,37944.82148835823,37632.471599102566,2025-01-07 22:36:00+00:00,22,36,22:36,500.0,75.73023173017282,Other,Normal,None,Other,0.49217856350901595,-1.0
2025-01-07 22:37:00+00:00,37864.93577035765,37906.59136526453,37830.853919979294,37868.72264262191,500,80.97039294965862,82.16748015600956,0.9854311315854148,37785.75569658376,70.86326960732717,37927.48223579841,37644.02915736911,0.007501585536766947,37944.82148835823,37632.471599102566,2025-01-07 22:37:00+00:00,22,37,22:37,500.0,75.73744528523821,Other,Normal,None,Other,0.45008096972368355,-0.45008096972368355
2025-01-07 22:38:00+00:00,37907.92717407469,37949.63006425519,37873.806627563376,37911.718345909285,500,80.96589499848828,82.18948970787854,0.9851125160438493,37793.49748792937,75.82690766187501,37945.15130325312,37641.843672605624,0.008025391953850507,37944.82148835823,37632.471599102566,2025-01-07 22:38:00+00:00,22,38,22:38,500.0,75.82343669181137,Other,Normal,Upside Sweep,Other,-0.08092877019149863,0.08092877019149863
2025-01-07 22:39:00+00:00,37901.37535901205,37943.0710414752,37867.260709724,37905.1658755996,500,80.59764048082481,82.19009058587825,0.9806247919463048,37802.85376805426,77.55131291619632,37957.95639388665,37647.75114222187,0.008205868624842403,37949.63006425519,37632.471599102566,2025-01-07 22:39:00+00:00,22,39,22:39,500.0,75.81033175119956,Other,Normal,None,Other,0.0,0.0
