timestamp,open,high,low,close,volume,atr,atr_h1,atr_ratio,bb_mid,bb_std,bb_upper,bb_lower,bb_width,roll_high,roll_low,dt,hour,minute,time_str,vol_sma,range,session_type,volatility_state,liquidity_pattern,time_window,long_pnl_atr,short_pnl_atr
2025-01-07 06:00:00+00:00,2058.7529906491054,2061.0178454242964,2056.8999276512213,2058.958886537759,500,4.728047689882329,4.708529878950055,1.0041452027350468,2063.4847450747466,5.525518514611254,2074.5357821039693,2052.433708045524,0.010711043108605479,2082.600561407743,2053.464214435501,2025-01-07 06:00:00+00:00,6,0,06:00,500.0,4.117917773075078,Other,Clustering,None,Other,-1.0,-1.0
2025-01-07 06:01:00+00:00,2056.4728413104485,2058.7351876705256,2054.6218306522032,2056.6785091613647,500,4.70011970385901,4.708237259647132,0.998275882174058,2062.6684167434096,5.243823704216236,2073.156064151842,2052.180769334977,0.010169009544433488,2079.851818869543,2053.464214435501,2025-01-07 06:01:00+00:00,6,1,06:01,500.0,4.113357018322404,Other,Clustering,None,Other,1.5,-1.0
2025-01-07 06:02:00+00:00,2056.70067354694,2058.963270547541,2054.849457819175,2056.906364183358,500,4.658240634180949,4.707579390722594,0.9895192937927125,2062.085472335403,5.201660411683025,2072.488793158769,2051.6821515120373,0.010090096616202509,2079.725920479153,2053.464214435501,2025-01-07 06:02:00+00:00,6,2,06:02,500.0,4.113812728366156,Other,Clustering,None,Other,1.5,-1.0
2025-01-07 06:03:00+00:00,2054.3657164188658,2056.625744709755,2052.516602362683,2054.5711735362192,500,4.639063576073394,4.705740136006546,0.9858308028054995,2061.3633077591307,5.191650495441458,2071.746608750014,2050.9800067682477,0.010074207638992626,2079.051573697811,2053.464214435501,2025-01-07 06:03:00+00:00,6,3,06:03,500.0,4.109142347072066,Other,Clustering,Downside Stop Hunt,Other,1.5,-1.0
2025-01-07 06:04:00+00:00,2056.825998061593,2059.088732932948,2054.974669530485,2057.0317012317164,500,4.630384706120205,4.704449705251472,0.9842563947386685,2060.7252069516617,4.8756053247610565,2070.4764176011836,2050.9739963021398,0.009463863126075346,2079.051573697811,2052.516602362683,2025-01-07 06:04:00+00:00,6,4,06:04,500.0,4.114063402463216,Other,Clustering,None,Other,1.5,-1.0
2025-01-07 06:05:00+00:00,2062.4649551765874,2064.7338935211155,2060.6085510765183,2062.671222298817,500,4.849799533497272,4.705561963781714,1.030652570474205,2060.235104525843,4.05634643625631,2068.3477973983554,2052.1224116533303,0.007875502028570316,2079.051573697811,2052.516602362683,2025-01-07 06:05:00+00:00,6,5,06:05,500.0,4.125342444597209,Other,Clustering,None,Other,-1.0,1.5
2025-01-07 06:06:00+00:00,2063.483942928919,2065.754002272075,2061.626621648155,2063.690311960115,500,4.798198182813187,4.703524424715819,1.020128259056099,2059.862796229634,3.2682783957705683,2066.399353021175,2053.326239438093,0.006346594349395969,2079.051573697811,2052.516602362683,2025-01-07 06:06:00+00:00,6,6,06:06,500.0,4.127380623920089,Other,Clustering,None,Other,-1.0,1.5
2025-01-07 06:07:00+00:00,2062.194778968465,2064.4634200894416,2060.338618051301,2062.401019070372,500,4.750098458193701,4.7015863407980705,1.0103182444985996,2059.6569114613167,2.9401466757734136,2065.5372048128634,2053.77661810977,0.005709973655150806,2079.051573697811,2052.516602362683,2025-01-07 06:07:00+00:00,6,7,06:07,500.0,4.124802038140388,Other,Clustering,None,Other,-1.0,1.5
2025-01-07 06:08:00+00:00,2056.997065320713,2059.259988384872,2055.1455828136736,2057.202785599273,500,4.929051158086896,4.703469571541623,1.047960677349792,2059.2930237421742,2.7563500200104136,2064.805723782195,2053.7803237021535,0.00535397340394323,2075.078080863891,2052.516602362683,2025-01-07 06:08:00+00:00,6,8,06:08,500.0,4.114405571198404,Other,Clustering,None,Other,-1.0,-1.0
2025-01-07 06:09:00+00:00,2053.5555796773315,2055.8147167286816,2051.707194817136,2053.760955772909,500,4.9695182740904595,4.706399403616137,1.0559066173330203,2058.8691947942766,2.926223133702084,2064.7216410616807,2053.0167485268726,0.005685107419355825,2075.078080863891,2052.516602362683,2025-01-07 06:09:00+00:00,6,9,06:09,500.0,4.107521911545518,Other,Clustering,Downside Stop Hunt,Other,1.5,-1.0
2025-01-07 06:10:00+00:00,2056.771626099722,2059.034301155937,2054.9203465082733,2056.9773238321054,500,4.991220210443163,4.709667440133318,1.059781879270413,2058.5291609421606,2.7131569583224078,2063.9554748588052,2053.102847025516,0.00527203016561697,2075.078080863891,2051.707194817136,2025-01-07 06:10:00+00:00,6,10,06:10,500.0,4.113954647663832,Other,Clustering,None,Other,1.5,-1.0
2025-01-07 06:11:00+00:00,2054.6764491099434,2056.936819240977,2052.8270553663697,2054.8819373036736,500,4.931152228678347,4.71267124980216,1.0463603267224209,2058.3632852729447,2.833135046050866,2064.0295553650462,2052.697015180843,0.005505607423764508,2075.078080863891,2051.707194817136,2025-01-07 06:11:00+00:00,6,11,06:11,500.0,4.109763874607324,Other,Clustering,None,Other,1.5,-1.0
2025-01-07 06:12:00+00:00,2053.935183921736,2056.194738579515,2052.0864573835524,2054.140597981534,500,4.872375726341517,4.714538745950039,1.0334787746790852,2058.2054440029287,2.9797843321274007,2064.1650126671834,2052.245875338674,0.005791033816978083,2074.5457440860173,2051.707194817136,2025-01-07 06:12:00+00:00,6,12,06:12,500.0,4.108281195962718,Other,Clustering,None,Other,1.5,-1.0
2025-01-07 06:13:00+00:00,2055.3021750466264,2057.5632335450277,2053.452218093389,2055.507725819208,500,4.817992849577026,4.716197649886345,1.0215841674263024,2057.968160129208,2.997021785406064,2063.9622037000204,2051.974116558396,0.00582520535248308,2074.5457440860173,2051.707194817136,2025-01-07 06:13:00+00:00,6,13,06:13,500.0,4.11101545163865,Other,Clustering,None,Other,1.5,-1.0
2025-01-07 06:14:00+00:00,2058.3715711617,2060.636006333495,2056.518851475686,2058.5774289045908,500,4.840156254199158,4.718871310964337,1.025702108670142,2057.8825882927404,2.951357722158814,2063.785303737058,2051.979872848423,0.005736688261903654,2074.5457440860173,2051.707194817136,2025-01-07 06:14:00+00:00,6,14,06:14,500.0,4.117154857809055,Other,Clustering,None,Other,-1.0,-1.0
2025-01-07 06:15:00+00:00,2057.981367822806,2060.245373728001,2056.1289993549185,2058.18718654146,500,4.7884575484051215,4.719646373311835,1.0145797311176517,2057.6840982945205,2.7771063139416303,2063.238310922404,2052.129885666637,0.005398508578150397,2074.5457440860173,2051.707194817136,2025-01-07 06:15:00+00:00,6,15,06:15,500.0,4.116374373082635,Other,Clustering,None,Other,-1.0,-1.0
2025-01-07 06:16:00+00:00,2057.1693110150363,2059.432423568408,2055.3176734713684,2057.3750485198884,500,4.740335587593301,4.717688046687138,1.004800559231988,2057.613115410538,2.7653434215958668,2063.1438022537295,2052.082428567346,0.005375827750872591,2073.207614362166,2051.707194817136,2025-01-07 06:16:00+00:00,6,16,06:16,500.0,4.114750097039632,Other,Clustering,None,Other,1.5,-1.0
2025-01-07 06:17:00+00:00,2057.337226142631,2059.600523421116,2055.4854374602346,2057.542980440676,500,4.695674899971031,4.71569230669586,0.9957551499497952,2057.7142777240883,2.7213904937367785,2063.157058711562,2052.2714967366146,0.005290123168600115,2068.5852331511664,2051.707194817136,2025-01-07 06:17:00+00:00,6,17,06:17,500.0,4.115085960881515,Other,Clustering,None,Other,1.5,-1.0
2025-01-07 06:18:00+00:00,2056.066929202283,2058.3288290143864,2054.216283901471,2056.2725564579287,500,4.65402277232421,4.7137772628158565,0.9873234378376311,2057.603069382244,2.7331527139806924,2063.0693748102053,2052.1367639542827,0.005313274955020787,2066.545020522101,2051.707194817136,2025-01-07 06:18:00+00:00,6,18,06:18,500.0,4.112545112915541,Other,Clustering,None,Other,1.5,-1.0
2025-01-07 06:19:00+00:00,2054.908005926643,2057.168630795649,2053.0584037610924,2055.11351727837,500,4.615180219626508,4.711257423843535,0.9796068871697005,2057.422461621567,2.7741058310232836,2062.9706732836135,2051.8742499595205,0.0053933616119594815,2065.8417788753018,2051.707194817136,2025-01-07 06:19:00+00:00,6,19,06:19,500.0,4.110227034556374,Other,Clustering,None,Other,1.5,-1.0
2025-01-07 06:20:00+00:00,2055.7751136525985,2058.0366924354944,2053.9247310120472,2055.980711723771,500,4.579236019899412,4.708862320888893,0.9724718430576217,2057.2735528808676,2.7672156351430224,2062.8079841511535,2051.7391216105816,0.005380355240104948,2065.8417788753018,2051.707194817136,2025-01-07 06:20:00+00:00,6,20,06:20,500.0,4.1119614234471555,Other,Clustering,None,Other,1.5,-1.0
2025-01-07 06:21:00+00:00,2056.1766282997964,2058.4386487929755,2054.325884259923,2056.3822665264493,500,4.545916627981778,4.706582148303233,0.9658636532288347,2057.258740749122,2.771358126193326,2062.8014570015084,2051.7160244967354,0.005388448368306093,2065.754002272075,2051.707194817136,2025-01-07 06:21:00+00:00,6,21,06:21,500.0,4.112764533052541,Other,Clustering,None,Other,1.5,-1.0
2025-01-07 06:22:00+00:00,2060.584865745684,2062.851735785008,2058.730153895327,2060.7909448401674,500,4.683313244451547,4.707214658405433,0.9949223870827292,2057.452969781962,2.8793812343466416,2063.2117322506556,2051.6942073132686,0.005597952957635536,2065.754002272075,2051.707194817136,2025-01-07 06:22:00+00:00,6,22,06:22,500.0,4.121581889680783,Other,Clustering,None,Other,1.5,-1.0
2025-01-07 06:23:00+00:00,2061.509964423442,2063.7778521730825,2059.6544199010086,2061.716136037045,500,4.643321746424568,4.70642371794792,0.9865923734655014,2057.810217907004,2.9454979207434597,2063.7012137484908,2051.919222065517,0.005725499650282335,2065.754002272075,2051.707194817136,2025-01-07 06:23:00+00:00,6,23,06:23,500.0,4.123432272073842,Other,Clustering,None,Other,1.5,-1.0
2025-01-07 06:24:00+00:00,2063.905067803696,2066.1755904305423,2062.0473674726395,2064.111478951591,500,4.630188364072617,4.703830753127296,0.9843441669312362,2058.1642067929974,3.2560618926865974,2064.6763305783707,2051.6520830076242,0.006328089628495003,2065.754002272075,2051.707194817136,2025-01-07 06:24:00+00:00,6,24,06:24,500.0,4.128222957902835,Other,Clustering,Range Raid,Other,1.5,-1.0
2025-01-07 06:25:00+00:00,2061.7158378532013,2063.983952086263,2059.8601080261506,2061.922030056207,500,4.603129975598885,4.701491465537385,0.9790786624500961,2058.126747180867,3.2053969652193985,2064.537541111306,2051.715953250428,0.0062297367635110335,2066.1755904305423,2051.707194817136,2025-01-07 06:25:00+00:00,6,25,06:25,500.0,4.123844060112333,Other,Clustering,None,Other,1.5,-1.0
2025-01-07 06:26:00+00:00,2062.8194753972984,2065.088803753071,2060.962752197121,2063.025777975096,500,4.569052945623946,4.69927413551119,0.9722890842006437,2058.093520481616,3.147613914891656,2064.3887483113995,2051.7982926518325,0.00611753330656259,2066.1755904305423,2051.707194817136,2025-01-07 06:26:00+00:00,6,26,06:26,500.0,4.1260515559497435,Other,Clustering,None,Other,1.5,-1.0
2025-01-07 06:27:00+00:00,2061.3492477746518,2063.6169587182976,2059.493847911668,2061.555403314983,500,4.537199935695771,4.697167963943548,0.9659437283325344,2058.0512396938466,3.0918937234639134,2064.2350271407745,2051.8674522469187,0.006009361990275618,2066.1755904305423,2051.707194817136,2025-01-07 06:27:00+00:00,6,27,06:27,500.0,4.123110806629484,Other,Clustering,None,Other,1.5,-1.0
2025-01-07 06:28:00+00:00,2062.1851980118795,2064.4538285927506,2060.32904571844,2062.391437155595,500,4.507741574168271,4.695165170098944,0.9600815755909343,2058.3106722716625,3.23148705832563,2064.773646388314,2051.847698155011,0.0062798820447434985,2066.1755904305423,2051.707194817136,2025-01-07 06:28:00+00:00,6,28,06:28,500.0,4.1247828743107675,Other,Clustering,None,Other,1.5,-1.0
2025-01-07 06:29:00+00:00,2063.626167687294,2065.89638349333,2061.768718391446,2063.8325509423885,500,4.480593254719417,4.692969615178565,0.954745847965379,2058.8142520301362,3.2696936596133406,2065.3536393493628,2052.2748647109097,0.0063525763072392145,2066.1755904305423,2051.707194817136,2025-01-07 06:29:00+00:00,6,29,06:29,500.0,4.127665101884304,Other,Clustering,None,Other,1.5,-1.0
2025-01-07 06:30:00+00:00,2063.749718298784,2066.020070024085,2061.8921577962647,2063.9561139101747,500,4.455401752798042,4.690891447687125,0.9497985196384808,2059.1631915340395,3.4317120076651957,2066.02661554937,2052.299767518709,0.006666226400654955,2066.1755904305423,2051.707194817136,2025-01-07 06:30:00+00:00,6,30,06:30,500.0,4.127912227820161,Other,Clustering,None,Other,1.5,-1.0
2025-01-07 06:31:00+00:00,2068.7445081602773,2071.0203547039077,2066.8824518973065,2068.951403300607,500,4.641747398579111,4.691628947167991,0.9893679681086054,2059.8666648338867,3.9158164900928556,2067.6982978140722,2052.035031853701,0.0076040193415306285,2066.1755904305423,2051.707194817136,2025-01-07 06:31:00+00:00,6,31,06:31,500.0,4.137902806601232,Other,Clustering,None,Other,1.5,-1.0
2025-01-07 06:32:00+00:00,2071.7214607963238,2074.000582315351,2069.856725008028,2071.9286536616896,500,4.670849656876596,4.693377913912522,0.9951999908276841,2060.756067617894,4.520256999784023,2069.7965816174624,2051.715553618326,0.008773977805164025,2071.0203547039077,2051.707194817136,2025-01-07 06:32:00+00:00,6,32,06:32,500.0,4.143857307322833,Other,Clustering,None,Other,1.5,-1.0
2025-01-07 06:33:00+00:00,2074.182563108605,2076.464392110924,2072.315612106707,2074.390002108816,500,4.661198856330731,4.6950671755027695,0.9927864037071181,2061.700181432375,5.275234111595682,2072.250649655566,2051.1497132091836,0.0102347259977067,2074.000582315351,2051.707194817136,2025-01-07 06:33:00+00:00,6,33,06:33,500.0,4.148780004217315,Other,Clustering,None,Other,1.5,-1.0
2025-01-07 06:34:00+00:00,2075.7891959442177,2078.072792419404,2073.9207988281564,2075.99679562378,500,4.624827051681925,4.69637479915715,0.9847653242053711,2062.571149768334,6.105233651521686,2074.7816170713777,2050.3606824652907,0.011840044698011976,2076.464392110924,2051.707194817136,2025-01-07 06:34:00+00:00,6,34,06:34,500.0,4.151993591247447,Other,Clustering,Upside Sweep,Other,1.5,-1.0
2025-01-07 06:35:00+00:00,2079.47358508028,2081.761234788839,2077.601871682368,2079.681553235604,500,4.706227916923129,4.697890206949699,1.0017747775290906,2063.6458681030413,7.103187068650578,2077.8522422403425,2049.43949396574,0.01376822870327084,2078.072792419404,2051.707194817136,2025-01-07 06:35:00+00:00,6,35,06:35,500.0,4.159363106471119,Other,Clustering,Upside False Breakout,Other,-1.0,-1.0
2025-01-07 06:36:00+00:00,2076.50835626787,2078.7927438985275,2074.6393118427864,2076.716027870657,500,4.730228879487026,4.700355937033204,1.0063554638955017,2064.61291707058,7.5094757266952366,2079.6318685239703,2049.5939656171895,0.014548927141946163,2081.761234788839,2051.707194817136,2025-01-07 06:36:00+00:00,6,36,06:36,500.0,4.1534320557411775,Other,Clustering,None,Other,1.5,-1.0
2025-01-07 06:37:00+00:00,2079.37650466944,2081.664047578867,2077.504878652636,2079.5844631157515,500,4.745785367252972,4.703590865575046,1.0089706998086807,2065.7149912043337,8.017494447875325,2081.7499801000845,2049.680002308583,0.01552488021244614,2081.761234788839,2051.707194817136,2025-01-07 06:37:00+00:00,6,37,06:37,500.0,4.159168926231359,Other,Clustering,None,Other,-1.0,-1.0
2025-01-07 06:38:00+00:00,2077.3371290282344,2079.6224284001028,2075.4673386330696,2077.544883516586,500,4.703592824380126,4.704129977317406,0.9998858124796999,2066.7786075572667,8.10940101126034,2082.9974095797875,2050.559805534746,0.015694764754401864,2081.761234788839,2051.707194817136,2025-01-07 06:38:00+00:00,6,38,06:38,500.0,4.155089767033132,Other,Clustering,None,Other,1.5,-1.0
2025-01-07 06:39:00+00:00,2076.185898909549,2078.469931801639,2074.3171447251125,2076.393538263376,500,4.66424955667631,4.704641981055472,0.9914143468213282,2067.8426086065165,7.891420748206792,2083.6254501029302,2052.0597671101027,0.015265031710560942,2081.761234788839,2051.707194817136,2025-01-07 06:39:00+00:00,6,39,06:39,500.0,4.1527870765266925,Other,Clustering,None,Other,1.5,-1.0
2025-01-07 06:40:00+00:00,2077.372554835483,2079.657893179636,2075.5027325539027,2077.5803128667694,500,4.627886061608968,4.705129313977496,0.9835831818396442,2068.922588663667,7.65715027108498,2084.2368892058366,2053.608288121497,0.014804131025570589,2081.761234788839,2052.0864573835524,2025-01-07 06:40:00+00:00,6,40,06:40,500.0,4.155160625733515,Other,Clustering,None,Other,1.5,-1.0
2025-01-07 06:41:00+00:00,2079.956792342174,2082.244973631879,2078.084644014233,2080.1648088230563,500,4.630512826144727,4.7061992786116775,0.9839177119398825,2070.111715778497,7.451084075516331,2085.0138839295296,2055.2095476274644,0.014397453081828868,2081.761234788839,2052.0864573835524,2025-01-07 06:41:00+00:00,6,41,06:41,500.0,4.160329617645857,Other,Clustering,Upside Sweep,Other,-1.0,-1.0
2025-01-07 06:42:00+00:00,2077.579561891211,2079.865127965899,2075.7095532846483,2077.787340625274,500,4.617994448449246,4.704748611059443,0.9815602979495516,2070.9615355677524,7.299780085105459,2085.5610957379636,2056.3619753975413,0.014099305969203987,2082.244973631879,2052.0864573835524,2025-01-07 06:42:00+00:00,6,42,06:42,500.0,4.155574681250528,Other,Clustering,None,Other,1.5,-1.0
2025-01-07 06:43:00+00:00,2076.5357472282394,2078.8201649919665,2074.666678148826,2076.7434215703965,500,4.584815333784328,4.7034199648954855,0.9747833210735216,2071.71289984442,7.067757867755336,2085.8484155799306,2057.5773841089094,0.013646211052286366,2082.244973631879,2053.0584037610924,2025-01-07 06:43:00+00:00,6,43,06:43,500.0,4.153486843140399,Other,Clustering,None,Other,1.5,-1.0
2025-01-07 06:44:00+00:00,2076.759053426836,2079.043716851948,2074.8897833517444,2076.966750101846,500,4.554038059957126,4.702203300678288,0.9684902520697499,2072.3556634019324,6.923146787511589,2086.2019569769554,2058.5093698269093,0.01336285447478964,2082.244973631879,2053.0584037610924,2025-01-07 06:44:00+00:00,6,44,06:44,500.0,4.153933500203493,Other,Clustering,None,Other,1.5,-1.0
2025-01-07 06:45:00+00:00,2076.39281602673,2078.677076550412,2074.523875598263,2076.6004760743376,500,4.525406837970819,4.700360653247118,0.9627786401548919,2073.089585702839,6.525472994925332,2086.14053169269,2060.0386397129882,0.012590817184030307,2082.244973631879,2053.0584037610924,2025-01-07 06:45:00+00:00,6,45,06:45,500.0,4.153200952148836,Other,Clustering,None,Other,1.5,-1.0
2025-01-07 06:46:00+00:00,2078.1876612817564,2080.473896332671,2076.3171053310075,2078.3955008318394,500,4.499077135377428,4.698666906877572,0.9575220428568795,2073.8580718456765,6.173437363256082,2086.2049465721884,2061.5111971191645,0.011907154972783229,2082.244973631879,2053.0584037610924,2025-01-07 06:46:00+00:00,6,46,06:46,500.0,4.1567910016633505,Other,Clustering,None,Other,1.5,-1.0
2025-01-07 06:47:00+00:00,2085.36129835345,2087.6554251943226,2083.4842854836447,2085.569855338984,500,4.839137651599266,4.70016038310644,1.029568622592613,2075.058794446876,5.987226635886982,2087.0332477186503,2063.084341175102,0.011541314688354166,2082.244973631879,2053.0584037610924,2025-01-07 06:47:00+00:00,6,47,06:47,500.0,4.171139710677835,Other,Clustering,None,Other,-1.0,1.5
2025-01-07 06:48:00+00:00,2086.256779354106,2088.5518913225924,2084.378960470799,2086.465425896696,500,4.79155145161313,4.701599527428281,1.0191321961090232,2076.2624938839317,5.7205181334686035,2087.703530150869,2064.8214576169944,0.011020799441919601,2087.6554251943226,2053.0584037610924,2025-01-07 06:48:00+00:00,6,48,06:48,500.0,4.172930851793353,Other,Clustering,Upside Sweep,Other,-1.0,1.5
2025-01-07 06:49:00+00:00,2084.744381827558,2087.037829992385,2082.867924238154,2084.952877115269,500,4.747148187514404,4.702774760213131,1.0094355842165108,2077.3185101925756,5.233888042999437,2087.7862862785746,2066.8507341065765,0.010078161855909757,2088.5518913225924,2053.0584037610924,2025-01-07 06:49:00+00:00,6,49,06:49,500.0,4.169905754230967,Other,Clustering,None,Other,-1.0,1.5
2025-01-07 06:50:00+00:00,2082.0640653075334,2084.3545648293234,2080.1900202442503,2082.272292536787,500,4.748270236336148,4.704622358357721,1.0092776581527074,2078.234319123906,4.290076075991186,2086.8144712758885,2069.6541669719236,0.008257155675881145,2088.5518913225924,2053.9247310120472,2025-01-07 06:50:00+00:00,6,50,06:50,500.0,4.164544585073145,Other,Clustering,None,Other,1.5,-1.0
2025-01-07 06:51:00+00:00,2081.4077899147374,2083.697567461398,2079.534335558378,2081.6159515098884,500,4.7064817839564235,4.702202845046612,1.0009099860322528,2078.8675465343704,3.7482183442139947,2086.363983222798,2071.3711098459426,0.007212038786140991,2088.5518913225924,2054.325884259923,2025-01-07 06:51:00+00:00,6,51,06:51,500.0,4.163231903020005,Other,Clustering,None,Other,1.5,-1.0
2025-01-07 06:52:00+00:00,2079.472460864768,2081.760109336566,2077.600748478751,2079.6804289076586,500,4.667401717803468,4.700009446985169,0.9930621992254468,2079.2551352966684,3.3751547086813245,2086.005444714031,2072.504825879306,0.006493007330146093,2088.5518913225924,2058.730153895327,2025-01-07 06:52:00+00:00,6,52,06:52,500.0,4.159360857815045,Other,Clustering,None,Other,1.5,-1.0
2025-01-07 06:53:00+00:00,2080.465749659424,2082.754490858169,2078.593143224087,2080.673817041128,500,4.631254997537662,4.696954999165045,0.9860122139473206,2079.569326043284,3.185580483286562,2085.940487009857,2073.198165076711,0.006127385018411554,2088.5518913225924,2059.493847911668,2025-01-07 06:53:00+00:00,6,53,06:53,500.0,4.161347634082176,Other,Clustering,None,Other,1.5,-1.0
2025-01-07 06:54:00+00:00,2081.4271919347384,2083.716990825756,2079.5537201148154,2081.635355470285,500,4.597827548495018,4.694169551165016,0.9794762414054499,2079.8512540356096,3.1011574531234563,2086.0535689418566,2073.6489391293626,0.005964190847025659,2088.5518913225924,2059.493847911668,2025-01-07 06:54:00+00:00,6,54,06:54,500.0,4.163270710940651,Other,Clustering,None,Other,1.5,-1.0
2025-01-07 06:55:00+00:00,2080.484169001463,2082.7729304635104,2078.6115459870603,2080.6922382252856,500,4.566653043348957,4.691627195288131,0.9733623012364053,2079.901788285094,3.1064767254588683,2086.1147417360116,2073.6888348341763,0.00597427579120486,2088.5518913225924,2059.493847911668,2025-01-07 06:55:00+00:00,6,55,06:55,500.0,4.161384476450166,Other,Clustering,None,Other,1.5,-1.0
2025-01-07 06:56:00+00:00,2084.6387840827097,2086.9321160784,2082.7624215407814,2084.847268809591,500,4.686169101189363,4.6902412015460175,0.9991317929757403,2080.3083503320404,3.198326943477444,2086.7050042189953,2073.9116964450855,0.006149717070485209,2088.5518913225924,2059.493847911668,2025-01-07 06:56:00+00:00,6,56,06:56,500.0,4.169694537618852,Other,Clustering,None,Other,1.5,-1.0
2025-01-07 06:57:00+00:00,2083.127036877991,2085.4187057854474,2081.252035044617,2083.3353704150327,500,4.649062075449433,4.6875687061388085,0.9917853725239382,2080.4958956970045,3.2629658942409216,2087.0218274854865,2073.9699639085225,0.00627343875273131,2088.5518913225924,2059.493847911668,2025-01-07 06:57:00+00:00,6,57,06:57,500.0,4.166670740830341,Other,Clustering,None,Other,1.5,-1.0
2025-01-07 06:58:00+00:00,2082.899090534212,2085.1905086756133,2081.024293873065,2083.1074012743397,500,4.614572984527934,4.68405225677748,0.9851668451928531,2080.774021584892,3.2351392259454554,2087.244300036783,2074.3037431330013,0.006219107298314457,2088.5518913225924,2060.32904571844,2025-01-07 06:58:00+00:00,6,58,06:58,500.0,4.1662148025484385,Other,Clustering,None,Other,1.5,-1.0
2025-01-07 06:59:00+00:00,2084.251669835095,2086.5445759625263,2082.3756557308334,2084.46011584668,500,4.58274064503972,4.680848254854709,0.9790406344163715,2081.1773504640573,3.1622906712084133,2087.501931806474,2074.8527691216404,0.00607788792339743,2088.5518913225924,2061.768718391446,2025-01-07 06:59:00+00:00,6,59,06:59,500.0,4.168920231692937,Other,Clustering,None,Other,1.5,-1.0
2025-01-07 07:00:00+00:00,2086.132627489701,2088.4276028774784,2084.254920354247,2086.341261615863,500,4.553450779196261,4.6779383063432745,0.9733883777436294,2081.6153979015116,3.2435454225371343,2088.102488746586,2075.1283070564373,0.006232746790414825,2088.5518913225924,2061.8921577962647,2025-01-07 07:00:00+00:00,7,0,07:00,500.0,4.172682523231288,Other,Clustering,None,Other,1.5,-1.0
2025-01-07 07:01:00+00:00,2088.820412875032,2091.1183451224188,2086.9402864908056,2089.0293158066124,500,4.569424545436225,4.675760053702894,0.9772581340690358,2082.05862325069,3.6188406625606624,2089.296304575811,2074.8209419255686,0.006952427990544413,2088.5518913225924,2066.8824518973065,2025-01-07 07:01:00+00:00,7,1,07:01,500.0,4.178058631613112,Other,Clustering,None,Other,1.5,-1.0
2025-01-07 07:02:00+00:00,2089.736554119002,2092.035494222543,2087.855603125196,2089.9455486738693,500,4.541600727715571,4.673816055261805,0.9717114824411232,2082.6665336531196,3.8756512749533787,2090.417836203026,2074.915231103213,0.007443632885683624,2091.1183451224188,2069.856725008028,2025-01-07 07:02:00+00:00,7,2,07:02,500.0,4.179891097347081,Other,Clustering,Upside Sweep,Other,1.5,-1.0
2025-01-07 07:03:00+00:00,2091.954758623177,2094.2561389957,2090.0718110456587,2092.16397502068,500,4.525099984438078,4.671916662067883,0.9685746368675975,2083.4375613256334,4.158828565112144,2091.7552184558576,2075.119904195409,0.007984551382410462,2092.035494222543,2072.315612106707,2025-01-07 07:03:00+00:00,7,3,07:03,500.0,4.184327950041279,Other,Clustering,Upside False Breakout,Other,1.5,-1.0
2025-01-07 07:04:00+00:00,2090.584750765959,2092.884623979123,2088.703036318825,2090.793830148974,500,4.500563389856625,4.66975297346349,0.9637690506182429,2084.12891532799,4.175776836782685,2092.4804690015553,2075.7773616544246,0.00801443098086958,2094.2561389957,2073.9207988281564,2025-01-07 07:04:00+00:00,7,4,07:04,500.0,4.181587660297737,Other,Clustering,None,Other,1.5,-1.0
2025-01-07 07:05:00+00:00,2092.5258853864098,2094.827894061202,2090.642423743398,2092.7351589023,500,4.478056741852878,4.663557260269417,0.9602233856981051,2084.9356494693884,4.203249137887749,2093.342147745164,2076.529151193613,0.008064036199788596,2094.2561389957,2074.3171447251125,2025-01-07 07:05:00+00:00,7,5,07:05,500.0,4.185470317804175,Other,Clustering,Upside Sweep,Other,1.5,-1.0
2025-01-07 07:06:00+00:00,2094.4408555172035,2096.744970869808,2092.555670228709,2094.6503205492586,500,4.457431306084756,4.657877812323943,0.9569661304320092,2085.748390455259,4.437098950145868,2094.6225883555508,2076.8741925549675,0.008509365694252926,2094.827894061202,2074.3171447251125,2025-01-07 07:06:00+00:00,7,6,07:06,500.0,4.18930064109918,Other,Clustering,Upside Sweep,Other,-1.0,-1.0
2025-01-07 07:07:00+00:00,2097.632881517153,2099.9405084495147,2095.744823117948,2097.8426657837317,500,4.516913919954139,4.6539914033532845,0.9705462534158575,2086.3620309774965,5.195026072052177,2096.7520831216007,2075.9719788333923,0.009959970503524028,2096.744970869808,2074.3171447251125,2025-01-07 07:07:00+00:00,7,7,07:07,500.0,4.195685331566892,Other,Clustering,Upside False Breakout,Other,-1.0,1.5
2025-01-07 07:08:00+00:00,2094.1569747291046,2096.460777781612,2092.2720449588714,2094.3664113702416,500,4.592178698876006,4.648376862366436,0.9879101533385956,2086.7570802511736,5.495049246876911,2097.7471787449276,2075.7669817574197,0.010533184334451757,2099.9405084495147,2074.3171447251125,2025-01-07 07:08:00+00:00,7,8,07:08,500.0,4.188732822740349,Other,Clustering,None,Other,-1.0,1.5
2025-01-07 07:09:00+00:00,2092.278975030743,2094.580712076981,2090.395735629275,2092.488223853128,500,4.563092823792437,4.641603104861469,0.9830855247001187,2087.1338475880666,5.621703917543708,2098.377255423154,2075.890439752979,0.010774017055092672,2099.9405084495147,2074.3171447251125,2025-01-07 07:09:00+00:00,7,9,07:09,500.0,4.184976447706049,Other,Clustering,None,Other,-1.0,1.5
2025-01-07 07:10:00+00:00,2094.0228647162853,2096.326520233025,2092.138055657135,2094.23228794508,500,4.536333663227983,4.634021662407883,0.978919390909981,2087.7318473584814,5.712721755553065,2099.1572908695875,2076.3064038473753,0.010945317067957962,2099.9405084495147,2074.523875598263,2025-01-07 07:10:00+00:00,7,10,07:10,500.0,4.188464575890066,Other,Clustering,None,Other,-1.0,1.5
2025-01-07 07:11:00+00:00,2088.4990854700395,2090.796664221931,2086.6192483094,2088.707956265666,500,4.756098375545969,4.6311040981890095,1.0269901679398308,2088.0864475962703,5.530310675892878,2099.147068948056,2077.0258262444845,0.010594026281352862,2099.9405084495147,2074.523875598263,2025-01-07 07:11:00+00:00,7,11,07:11,500.0,4.17741591253116,Other,Clustering,None,Other,-1.0,-1.0
2025-01-07 07:12:00+00:00,2089.547788110473,2091.8465205506386,2087.6670070230653,2089.756763786852,500,4.7149137435479265,4.628479731809116,1.0186743848406195,2088.59026434023,5.171554622310365,2098.933373584851,2078.2471550956093,0.009904392854084381,2099.9405084495147,2074.523875598263,2025-01-07 07:12:00+00:00,7,12,07:12,500.0,4.179513527573363,Other,Clustering,None,Other,-1.0,1.5
2025-01-07 07:13:00+00:00,2091.784391731212,2094.085584681411,2089.901597499231,2091.993591090321,500,4.687335682905871,4.626302112364597,1.0131927334313409,2089.1562530426895,4.870211267012309,2098.896675576714,2079.415830508665,0.009324742962464895,2099.9405084495147,2074.523875598263,2025-01-07 07:13:00+00:00,7,13,07:13,500.0,4.183987182180317,Other,Clustering,None,Other,-1.0,1.5
2025-01-07 07:14:00+00:00,2090.5999922674537,2092.8998822479457,2088.718264101597,2090.809073174771,500,4.651213001723216,4.623153058156664,1.0060694385873825,2089.614938927914,4.54579190709496,2098.706522742104,2080.523355113724,0.008701683400918347,2099.9405084495147,2074.523875598263,2025-01-07 07:14:00+00:00,7,14,07:14,500.0,4.181618146348683,Other,Clustering,None,Other,-1.0,1.5
2025-01-07 07:15:00+00:00,2089.721727588409,2092.0206513811354,2087.840789939815,2089.930720660476,500,4.617545033123026,4.620304516235296,0.9994027486494508,2090.076863049673,4.03170271968359,2098.1402684890404,2082.013457610306,0.007715893689767695,2099.9405084495147,2074.523875598263,2025-01-07 07:15:00+00:00,7,15,07:15,500.0,4.179861441320554,Other,Clustering,None,Other,-1.0,1.5
2025-01-07 07:16:00+00:00,2087.4991594213743,2089.7956381446097,2085.620222284181,2087.707930214396,500,4.595613129063854,4.617892475259806,0.9951754298491546,2090.2198961199138,3.8844624857220387,2097.9888210913577,2082.4509711484698,0.00743359584880566,2099.9405084495147,2076.3171053310075,2025-01-07 07:16:00+00:00,7,16,07:16,500.0,4.175415860428529,Other,Clustering,None,Other,-1.0,1.5
2025-01-07 07:17:00+00:00,2086.4315783212296,2088.726882587809,2084.553602103119,2086.640242345464,500,4.565446511608592,4.615722002120432,0.9891077732825452,2090.3851397164353,3.6387031039597737,2097.662545924355,2083.1077335085156,0.0069627420035208755,2099.9405084495147,2077.600748478751,2025-01-07 07:17:00+00:00,7,17,07:17,500.0,4.173280484690167,Other,Clustering,None,Other,-1.0,1.5
2025-01-07 07:18:00+00:00,2085.424975057082,2087.719171949333,2083.547904872512,2085.633538410923,500,4.537290837695199,4.613776469876615,0.9834223368468779,2090.5114465732645,3.4094004333984262,2097.330247440061,2083.692645706468,0.0065235719019610654,2099.9405084495147,2077.600748478751,2025-01-07 07:18:00+00:00,7,18,07:18,500.0,4.1712670768210955,Other,Clustering,None,Other,-1.0,1.5
2025-01-07 07:19:00+00:00,2084.022287005189,2086.3149407862725,2082.1464793661203,2084.2307100761964,500,4.510945879299271,4.612039230871161,0.9780805525470793,2090.49997628474,3.43114704637117,2097.3622703774827,2083.6376821919976,0.006565218053662268,2099.9405084495147,2077.600748478751,2025-01-07 07:19:00+00:00,7,19,07:19,500.0,4.168461420152198,Other,Clustering,None,Other,-1.0,1.5
2025-01-07 07:20:00+00:00,2082.506341092192,2084.797327166,2080.6318979408934,2082.714612553447,500,4.4862661182854975,4.610489732510929,0.9730563082378285,2090.3186438316193,3.744061842880426,2097.80676751738,2082.8305201458584,0.007164576279179089,2099.9405084495147,2077.600748478751,2025-01-07 07:20:00+00:00,7,20,07:20,500.0,4.165429225106436,Other,Clustering,None,Other,-1.0,-1.0
2025-01-07 07:21:00+00:00,2081.962867900243,2084.2532560937525,2080.088913923735,2082.171085008744,500,4.463271550552058,4.609112314553767,0.9683581665950728,2089.9757322917258,4.159393706547794,2098.294519704821,2081.6569448786304,0.007960654551690474,2099.9405084495147,2077.600748478751,2025-01-07 07:21:00+00:00,7,21,07:21,500.0,4.164342170017335,Other,Clustering,None,Other,-1.0,-1.0
2025-01-07 07:22:00+00:00,2081.394352491523,2083.68411525554,2079.5209102300546,2081.602512742797,500,4.441838227332999,4.605087730935124,0.9645501859811528,2089.5585804951725,4.561510289204295,2098.681601073581,2080.435559916764,0.008732007480973985,2099.9405084495147,2077.600748478751,2025-01-07 07:22:00+00:00,7,22,07:22,500.0,4.16320502548524,Other,Clustering,None,Other,-1.0,-1.0
2025-01-07 07:23:00+00:00,2085.3196707346783,2087.6137517805905,2083.442695333477,2085.528223557034,500,4.553938285223038,4.603598006581765,0.9892128458462861,2089.2267929219897,4.603169290326911,2098.4331315026434,2080.020454341336,0.00881315385370651,2099.9405084495147,2078.593143224087,2025-01-07 07:23:00+00:00,7,23,07:23,500.0,4.171056447113642,Other,Clustering,None,Other,-1.0,1.5
2025-01-07 07:24:00+00:00,2084.518675773566,2086.811875636903,2082.6424213399264,2084.727148488415,500,4.5264751432054435,4.601869452900646,0.9836165909383457,2088.9234588389622,4.69347332855978,2098.310405496082,2079.5365121818427,0.008987353382815548,2099.9405084495147,2078.6115459870603,2025-01-07 07:24:00+00:00,7,24,07:24,500.0,4.16945429697671,Other,Clustering,None,Other,-1.0,1.5
2025-01-07 07:25:00+00:00,2085.257039251323,2087.551051395714,2083.3801202240943,2085.465585809904,500,4.501079145235018,4.600168605727915,0.9784596024655453,2088.5599801843423,4.664144529770369,2097.888269243883,2079.2316911248017,0.008932747106182916,2099.9405084495147,2078.6115459870603,2025-01-07 07:25:00+00:00,7,25,07:25,500.0,4.170931171619486,Other,Clustering,None,Other,-1.0,1.5
2025-01-07 07:26:00+00:00,2084.075277546984,2086.3679896234926,2082.1994222116577,2084.2837059175754,500,4.477328307135004,4.5986398617530995,0.9736201228482699,2088.041649452758,4.525667037751557,2097.0929835282614,2078.990315377255,0.008669687290840679,2099.9405084495147,2079.5209102300546,2025-01-07 07:26:00+00:00,7,26,07:26,500.0,4.168567411834829,Other,Clustering,None,Other,-1.0,1.5
2025-01-07 07:27:00+00:00,2082.8677063049827,2085.1590899202797,2080.9929378924667,2083.076013906373,500,4.455101430040578,4.597271553325512,0.9690751086517627,2087.3033168588904,4.018683310629483,2095.3406834801494,2079.2659502376314,0.007701196617034247,2099.9405084495147,2079.5209102300546,2025-01-07 07:27:00+00:00,7,27,07:27,500.0,4.166152027813041,Other,Clustering,None,Other,-1.0,1.5
2025-01-07 07:28:00+00:00,2079.341544785122,2081.6290492348303,2077.469950235361,2079.549499735096,500,4.537313018681407,4.597764410734064,0.9868520031362359,2086.5624712771328,4.013817108730479,2094.590105494594,2078.5348370596716,0.007694602321250044,2099.9405084495147,2079.5209102300546,2025-01-07 07:28:00+00:00,7,28,07:28,500.0,4.159098999469279,Other,Clustering,Downside Stop Hunt,Other,-1.0,1.5
2025-01-07 07:29:00+00:00,2076.097464337334,2078.381399941665,2074.228789751972,2076.3050948468185,500,4.593269944713041,4.599642355567292,0.9986145855782596,2085.753314826817,4.371609195973394,2094.496533218764,2077.0100964348703,0.008383751165389156,2099.9405084495147,2077.469950235361,2025-01-07 07:29:00+00:00,7,29,07:29,500.0,4.152610189693405,Other,Clustering,None,Other,-1.0,1.5
2025-01-07 07:30:00+00:00,2073.613865972158,2075.8950693450643,2071.7474268488704,2073.821248096968,500,4.590726948515545,4.6018977754959165,0.9975725608161369,2084.7327628344115,4.660918568861165,2094.054599972134,2075.410925696689,0.008942956434424198,2099.9405084495147,2074.228789751972,2025-01-07 07:30:00+00:00,7,30,07:30,500.0,4.147642496193839,Other,Clustering,Downside False Breakout,Other,-1.0,-1.0
2025-01-07 07:31:00+00:00,2074.0155573164266,2076.297202594002,2072.1487566347737,2074.222979614388,500,4.55913544928075,4.600520909674277,0.9910041794818281,2084.0085140018477,5.114076184992674,2094.236666371833,2073.7803616318624,0.0098158450901379,2099.9405084495147,2071.7474268488704,2025-01-07 07:31:00+00:00,7,31,07:31,500.0,4.148445959228411,Other,Clustering,None,Other,-1.0,1.5
2025-01-07 07:32:00+00:00,2076.269522252503,2078.5536471394694,2074.4006927995306,2076.4771699695,500,4.542816311837945,4.5983870205903,0.9879151736242459,2083.3445343109806,5.18998588395546,2093.7245060788914,2072.96456254307,0.009964719322187116,2099.9405084495147,2071.7474268488704,2025-01-07 07:32:00+00:00,7,32,07:32,500.0,4.152954339938788,Other,Clustering,None,Other,-1.0,1.5
2025-01-07 07:33:00+00:00,2072.5839628148674,2074.864033181,2070.718450697122,2072.7912419390614,500,4.629666523305102,4.5978614817065395,1.0069173553237967,2082.3844168534174,5.281110340320961,2092.9466375340594,2071.8221961727754,0.010144352402139088,2099.9405084495147,2071.7474268488704,2025-01-07 07:33:00+00:00,7,33,07:33,500.0,4.1455824838781155,Other,Clustering,Downside Stop Hunt,Other,-1.0,1.5
2025-01-07 07:34:00+00:00,2071.466981977944,2073.745823542276,2069.6024752434905,2071.6741493928835,500,4.594929507267984,4.5973631892996405,0.9994706352464557,2081.4276706643227,5.406332211508739,2092.24033508734,2070.6150062413053,0.01038966145728845,2099.9405084495147,2070.718450697122,2025-01-07 07:34:00+00:00,7,34,07:34,500.0,4.14334829878544,Other,Clustering,Downside Stop Hunt,Other,-1.0,-1.0
2025-01-07 07:35:00+00:00,2068.6581337563603,2070.9338852786445,2066.796155238128,2068.8650202583863,500,4.615148410659947,4.595845197528588,1.0042001443263886,2080.374385644219,5.706276650164879,2091.7869389445486,2068.961832343889,0.01097163412420669,2099.9405084495147,2069.6024752434905,2025-01-07 07:35:00+00:00,7,35,07:35,500.0,4.137730040516544,Other,Clustering,Downside False Breakout,Other,1.5,-1.0
2025-01-07 07:36:00+00:00,2068.1321882481348,2070.4073611725,2066.2706831281994,2068.3390221503496,500,4.580971955919981,4.593357582135804,0.9973035789192656,2079.405940241016,6.030543483596429,2091.467027208209,2067.3448532738234,0.011600512178776208,2099.9405084495147,2066.796155238128,2025-01-07 07:36:00+00:00,7,36,07:36,500.0,4.1366780443004245,Other,Clustering,Downside Stop Hunt,Other,1.5,-1.0
2025-01-07 07:37:00+00:00,2070.3789225841674,2072.656567163468,2068.5153952011037,2070.5859811822856,500,4.562155745719871,4.590297088443585,0.9938693853183137,2078.603227182857,6.085146822723931,2090.773520828305,2066.432933537409,0.01171006903702591,2099.9405084495147,2066.2706831281994,2025-01-07 07:37:00+00:00,7,37,07:37,500.0,4.141171962364297,Other,Clustering,None,Other,-1.0,-1.0
2025-01-07 07:38:00+00:00,2069.474608022173,2071.75125775597,2067.611894603611,2069.6815761797907,500,4.531956274765541,4.587436479283342,0.9879060549898953,2077.8056290713002,6.160137348665544,2090.1259037686314,2065.485354373969,0.011858928982532218,2096.460777781612,2066.2706831281994,2025-01-07 07:38:00+00:00,7,38,07:38,500.0,4.139363152359238,Other,Clustering,None,Other,1.5,-1.0
2025-01-07 07:39:00+00:00,2069.3969690572344,2071.673533379629,2067.534325520729,2069.6039294501797,500,4.503902816489441,4.584764033613561,0.9823630580480741,2077.07429004,6.225108860243409,2089.524507760487,2064.6240723195133,0.01198822572710868,2096.326520233025,2066.2706831281994,2025-01-07 07:39:00+00:00,7,39,07:39,500.0,4.139207858900136,Other,Clustering,None,Other,1.5,-1.0
2025-01-07 07:40:00+00:00,2072.4313307332804,2074.7112331873323,2070.565955998147,2072.6385945927395,500,4.547002882251088,4.583415980624263,0.9920554672482039,2076.5704891419646,6.15190802778317,2088.8743051975307,2064.2666730863984,0.011850130896014078,2096.326520233025,2066.2706831281994,2025-01-07 07:40:00+00:00,7,40,07:40,500.0,4.145277189185435,Other,Clustering,None,Other,-1.0,-1.0
2025-01-07 07:41:00+00:00,2073.401250176754,2075.682219648895,2071.53500242682,2073.6086110378574,500,4.518446763667092,4.581548212916302,0.9862270467718065,2076.1423654434197,6.038532956549405,2088.2194313565187,2064.0652995303208,0.011634140427089231,2094.085584681411,2066.2706831281994,2025-01-07 07:41:00+00:00,7,41,07:41,500.0,4.147217222075142,Other,Clustering,None,Other,-1.0,1.5
2025-01-07 07:42:00+00:00,2071.846591926294,2074.12585110333,2069.9817435087184,2072.0537973060245,500,4.491708251591714,4.579443442968677,0.9808415165577221,2075.6649296715814,5.961093186735903,2087.5871160450533,2063.7427432981094,0.011487582801101069,2094.085584681411,2066.2706831281994,2025-01-07 07:42:00+00:00,7,42,07:42,500.0,4.144107594611796,Other,Clustering,None,Other,-1.0,-1.0
2025-01-07 07:43:00+00:00,2072.1965880445923,2074.476232255862,2070.331424599008,2072.403828427435,500,4.466929637681879,4.577478681366969,0.9758493591384512,2075.0087099151015,5.524565881092238,2086.057841677286,2063.959578152917,0.010649720851182922,2094.085584681411,2066.2706831281994,2025-01-07 07:43:00+00:00,7,43,07:43,500.0,4.144807656854027,Other,Clustering,None,Other,-1.0,-1.0
2025-01-07 07:44:00+00:00,2070.5031580979166,2072.7809393499497,2068.639518891708,2070.710229120829,500,4.44367898200757,4.575639363401143,0.9711602311910603,2074.307863946722,5.099540344217695,2084.5069446351577,2064.1087832582866,0.009833719348708476,2092.8998822479457,2066.2706831281994,2025-01-07 07:44:00+00:00,7,44,07:44,500.0,4.141420458241555,Other,Clustering,None,Other,-1.0,-1.0
2025-01-07 07:45:00+00:00,2071.3946643397244,2073.6734263466988,2069.5302226976546,2071.6018245221767,500,4.422216458224469,4.573919523738705,0.9668330269636588,2073.614675882336,4.396880599164229,2082.4084370806645,2064.8209146840077,0.008481576929992175,2092.0206513811354,2066.2706831281994,2025-01-07 07:45:00+00:00,7,45,07:45,500.0,4.143203649044153,Other,Normal,None,Other,-1.0,-1.0
2025-01-07 07:46:00+00:00,2072.4831370160023,2074.763096462664,2070.6177156505514,2072.690406056608,500,4.402442483502204,4.572308946207451,0.9628488659222942,2073.0350108892876,3.6101061640428616,2080.2552232173734,2065.8147985612018,0.006965837325620969,2089.7956381446097,2066.2706831281994,2025-01-07 07:46:00+00:00,7,46,07:46,500.0,4.145380812112762,Other,Normal,None,Other,-1.0,-1.0
2025-01-07 07:47:00+00:00,2069.6723541944957,2071.9492214708366,2067.8094627865794,2069.879342128708,500,4.4366211111112355,4.565600337199316,0.9717497773431476,2072.375177300404,2.791465944197714,2077.9581091887994,2066.792245412009,0.005387954796551753,2088.726882587809,2066.2706831281994,2025-01-07 07:47:00+00:00,7,47,07:47,500.0,4.139758684257231,Other,Normal,None,Other,1.5,-1.0
2025-01-07 07:48:00+00:00,2070.055588301745,2072.332877177764,2068.192351948638,2070.262614563201,500,4.415471405255152,4.5593323364266825,0.9684469302616621,2071.9108330418094,2.2563718822213517,2076.423576806252,2067.3980892773666,0.004356117736801987,2087.719171949333,2066.2706831281994,2025-01-07 07:48:00+00:00,7,48,07:48,500.0,4.1405252291260695,Other,Squeeze,None,Other,1.5,-1.0
2025-01-07 07:49:00+00:00,2069.8329176547973,2072.1099615686085,2067.9698817253147,2070.039921646962,500,4.395800579400765,4.553476542958123,0.9653724001716445,2071.5975743818167,2.038591105615194,2075.6747565930473,2067.520392170586,0.003936268570354221,2087.6137517805905,2066.2706831281994,2025-01-07 07:49:00+00:00,7,49,07:49,500.0,4.140079843293734,Other,Squeeze,None,Other,1.5,-1.0
2025-01-07 07:50:00+00:00,2070.9813256586804,2073.259632947633,2069.1172560586274,2071.1884445031305,500,4.377698887229667,4.547300353806348,0.962702822910144,2071.465934202125,1.9713380434564602,2075.408610289038,2067.5232581152122,0.0038066530777214197,2087.6137517805905,2066.2706831281994,2025-01-07 07:50:00+00:00,7,50,07:50,500.0,4.142376889005391,Other,Squeeze,None,Other,-1.0,-1.0
2025-01-07 07:51:00+00:00,2072.724472882801,2075.0046978254663,2070.858834293348,2072.931766059407,500,4.361139219007423,4.541544644390531,0.9602766372436887,2071.401373524376,1.8959971957052808,2075.193367915787,2067.6093791329654,0.0036612840368632975,2087.6137517805905,2066.2706831281994,2025-01-07 07:51:00+00:00,7,51,07:51,500.0,4.1458635321182555,Other,Squeeze,None,Other,-1.0,-1.0
2025-01-07 07:52:00+00:00,2073.735067893625,2076.016404601979,2071.8685196777,2073.94246213984,500,4.345906769383963,4.536186395250207,0.9580529525714633,2071.2746381328925,1.600550671135376,2074.475739475163,2068.073536790622,0.0030909482338433592,2087.6137517805905,2066.2706831281994,2025-01-07 07:52:00+00:00,7,52,07:52,500.0,4.147884924278969,Other,Squeeze,None,Other,-1.0,1.5
2025-01-07 07:53:00+00:00,2073.1271516779007,2075.4078196115397,2071.261150641287,2073.3344851264133,500,4.331675498017459,4.531193403591535,0.9559679122467089,2071.301800292261,1.6319444882257774,2074.5656892687125,2068.037911315809,0.0031515339541452803,2087.6137517805905,2066.2706831281994,2025-01-07 07:53:00+00:00,7,53,07:53,500.0,4.146668970252904,Other,Squeeze,None,Other,-1.0,1.5
2025-01-07 07:54:00+00:00,2075.0837174556736,2077.366537826912,2073.215955333751,2075.2912465803315,500,4.318740283384853,4.526541949173033,0.9540926234371596,2071.482655151633,1.8598879659215393,2075.2024310834763,2067.7628792197897,0.003591414026656186,2087.551051395714,2066.2706831281994,2025-01-07 07:54:00+00:00,7,54,07:54,500.0,4.150582493160982,Other,Squeeze,None,Other,-1.0,1.5
2025-01-07 07:55:00+00:00,2073.2935625605573,2075.574413564474,2071.4274117391706,2073.5009126518225,500,4.306473250664757,4.522205619294964,0.9522948784748445,2071.7144497713043,1.8045448129699333,2075.323539397244,2068.1053601453646,0.0034841574101471037,2087.551051395714,2066.2706831281994,2025-01-07 07:55:00+00:00,7,55,07:55,500.0,4.147001825303505,Other,Squeeze,None,Other,-1.0,1.5
2025-01-07 07:56:00+00:00,2070.578245378176,2072.8561092344776,2068.7145385866565,2070.785323910567,500,4.340751880271989,4.516448665613008,0.9610984651107127,2071.8367648593153,1.639027331649259,2075.1148195226137,2068.558710196017,0.0031643947234627373,2086.3679896234926,2066.2706831281994,2025-01-07 07:56:00+00:00,7,56,07:56,500.0,4.141570647821027,Other,Squeeze,None,Other,-1.0,1.5
2025-01-07 07:57:00+00:00,2063.9933530163653,2066.2639727666583,2062.135573220671,2064.1997729936647,500,4.648537509530838,4.516439922847697,1.029248166462901,2071.5174544498846,2.3593242061180844,2076.236102862121,2066.7988060376483,0.004555740915530278,2085.1590899202797,2066.2706831281994,2025-01-07 07:57:00+00:00,7,57,07:57,500.0,4.128399545987122,Other,Squeeze,None,Other,-1.0,1.5
2025-01-07 07:58:00+00:00,2063.869226224325,2066.1397094214917,2062.011558153916,2064.075633787704,500,4.6113670636768855,4.516386490833513,1.0210302136533589,2071.23715733028,2.8672444108757777,2076.9716461520316,2065.502668508528,0.005537259508363763,2081.6290492348303,2062.135573220671,2025-01-07 07:58:00+00:00,7,58,07:58,500.0,4.128151267575504,Other,Normal,Downside Stop Hunt,Other,-1.0,1.5
2025-01-07 07:59:00+00:00,2062.194979958389,2064.4636213004774,2060.3388188603167,2062.4012200803973,500,4.576612447711444,4.5162843542113755,1.0133579041460958,2070.877021861791,3.471789485376215,2077.8206008325433,2063.933442891039,0.006705930769862636,2078.5536471394694,2062.011558153916,2025-01-07 07:59:00+00:00,7,59,07:59,500.0,4.124802440160693,Other,Normal,Downside Stop Hunt,Other,-1.0,1.5
2025-01-07 08:00:00+00:00,2063.036020649408,2065.30558722878,2061.1791025390125,2063.2423448838963,500,4.544460465001161,4.516134515641457,1.0062721668855519,2070.407209376349,3.8373771266153645,2078.0819636295796,2062.732455123118,0.007413763068901341,2078.5536471394694,2060.3388188603167,2025-01-07 08:00:00+00:00,8,0,08:00,500.0,4.126484689767494,London Open,Normal,None,Other,-1.0,1.5
2025-01-07 08:01:00+00:00,2058.9939029424363,2061.259022747653,2057.140623101804,2059.199822924729,500,4.655693416221951,4.517572330154553,1.0305741836484714,2069.6867699706922,4.5000566122690975,2078.6868831952306,2060.686656746154,0.008697077601424517,2078.5536471394694,2060.3388188603167,2025-01-07 08:01:00+00:00,8,1,08:01,500.0,4.118399645848967,London Open,Normal,None,Other,-1.0,1.5
2025-01-07 08:02:00+00:00,2057.682374074453,2059.946051053633,2055.830274727852,2057.8881628907425,500,4.617127909761859,4.518831116521991,1.021752703454765,2068.9784882499284,5.17245096876123,2079.323390187451,2058.633586312406,0.010000009179672914,2078.5536471394694,2057.140623101804,2025-01-07 08:02:00+00:00,8,2,08:02,500.0,4.115776325780644,London Open,Normal,Downside Stop Hunt,Other,-1.0,1.5
2025-01-07 08:03:00+00:00,2058.670854344212,2060.935618760432,2056.817865276395,2058.8767420184136,500,4.581458307924381,4.51977042191343,1.0136484556188665,2068.3021339294773,5.570098504841561,2079.4423309391605,2057.1619369197942,0.01077231109220811,2077.366537826912,2055.830274727852,2025-01-07 08:03:00+00:00,8,3,08:03,500.0,4.117753484037166,London Open,Normal,None,Other,-1.0,1.5
2025-01-07 08:04:00+00:00,2056.5724176062104,2058.834873511168,2054.7213173203363,2056.778095415752,500,4.551027335792442,4.520611487679025,1.0067282597047582,2067.6055272442236,6.0991512500800145,2079.8038297443836,2055.4072247440636,0.011799448530608589,2077.366537826912,2055.830274727852,2025-01-07 08:04:00+00:00,8,4,08:04,500.0,4.113556190831787,London Open,Normal,Downside Stop Hunt,Other,-1.0,-1.0
2025-01-07 08:05:00+00:00,2057.4348302448298,2059.698234898564,2055.582953709956,2057.64059430426,500,4.519902610993532,4.5213089188313695,0.9996889600195245,2066.907465733327,6.408780870025846,2079.7250274733788,2054.0899039932756,0.012402646903695797,2077.366537826912,2054.7213173203363,2025-01-07 08:05:00+00:00,8,5,08:05,500.0,4.115281188607696,London Open,Normal,None,Other,-1.0,1.5
2025-01-07 08:06:00+00:00,2056.309674675623,2058.571841534452,2054.458810882036,2056.515326208244,500,4.4908403282379945,4.521865735867257,0.9931388038828375,2066.098711740909,6.656415493742999,2079.411542728395,2052.785880753423,0.012886926371749693,2077.366537826912,2054.7213173203363,2025-01-07 08:06:00+00:00,8,6,08:06,500.0,4.1130306524160005,London Open,Normal,Downside Stop Hunt,Other,-1.0,-1.0
2025-01-07 08:07:00+00:00,2056.2627742624204,2058.5248895256354,2054.4119526834265,2056.468421104531,500,4.46384722209306,4.520981290902906,0.9873624628960949,2065.4281656897006,6.925567310061966,2079.2793003098245,2051.5770310695766,0.013412361514396896,2077.366537826912,2054.458810882036,2025-01-07 08:07:00+00:00,8,7,08:07,500.0,4.11293684220891,London Open,Normal,Downside Stop Hunt,Other,-1.0,-1.0
2025-01-07 08:08:00+00:00,2057.507514737908,2059.770999352581,2055.655572780448,2057.7132860665147,500,4.438960032810194,4.518427646468476,0.9824125514723264,2064.800699264866,7.032179261538333,2078.865057787943,2050.7363407417893,0.013622969546730796,2077.366537826912,2054.4119526834265,2025-01-07 08:08:00+00:00,8,8,08:08,500.0,4.115426572132947,London Open,Normal,None,Other,-1.0,1.5
2025-01-07 08:09:00+00:00,2059.4894307864715,2061.7550957268304,2057.635704926178,2059.695400326504,500,4.41613365908465,4.51597832705668,0.9778908000125182,2064.2834731988432,7.006927129541606,2078.2973274579263,2050.26961893976,0.013577451392726552,2077.366537826912,2054.4119526834265,2025-01-07 08:09:00+00:00,8,9,08:09,500.0,4.119390800652582,London Open,Normal,None,Other,-1.0,1.5
2025-01-07 08:10:00+00:00,2059.7005236418454,2061.9664208075674,2057.8466077789813,2059.9065142932745,500,4.394967899763327,4.5136222309989344,0.973711949037138,2063.7193766883506,6.874661986946377,2077.4687006622435,2049.970052714458,0.013324799998686231,2077.366537826912,2054.4119526834265,2025-01-07 08:10:00+00:00,8,10,08:10,500.0,4.1198130285861225,London Open,Normal,None,Other,-1.0,1.5
2025-01-07 08:11:00+00:00,2058.0451687668237,2060.3092448600755,2056.1927428723434,2058.2509938662097,500,4.375077477475386,4.50727188269776,0.9706708606308322,2062.985338078691,6.618226071820671,2076.221790222332,2049.7488859350497,0.012832327888445955,2077.366537826912,2054.4119526834265,2025-01-07 08:11:00+00:00,8,11,08:11,500.0,4.116501987732136,London Open,Normal,None,Other,-1.0,1.5
2025-01-07 08:12:00+00:00,2057.1232910846184,2059.386353011004,2055.27169496303,2057.329023987017,500,4.3564760896538575,4.501297921799524,0.967826650299172,2062.15466617105,6.199967807498609,2074.554601786047,2049.754730556053,0.012026193591017977,2077.366537826912,2054.4119526834265,2025-01-07 08:12:00+00:00,8,12,08:12,500.0,4.11465804797399,London Open,Normal,None,Other,-1.0,1.5
2025-01-07 08:13:00+00:00,2058.454588628925,2060.7191151290667,2056.601794219718,2058.6604546743924,500,4.339393576774908,4.495498886697342,0.9652751977351466,2061.4209646484483,5.6513026867581475,2072.7235700219644,2050.118359274932,0.01096583916370878,2077.366537826912,2054.4119526834265,2025-01-07 08:13:00+00:00,8,13,08:13,500.0,4.117320909348564,London Open,Normal,None,Other,-1.0,1.5
2025-01-07 08:14:00+00:00,2056.374021217668,2058.636258864772,2054.5230995064007,2056.5796791855864,500,4.324962261861821,4.490061374366319,0.9632300989364988,2060.485386278711,4.70360670927182,2069.8925996972544,2051.0781728601673,0.009131065409333646,2077.366537826912,2054.4119526834265,2025-01-07 08:14:00+00:00,8,14,08:14,500.0,4.113159358371377,London Open,Normal,None,Other,-1.0,1.5
2025-01-07 08:15:00+00:00,2056.0284424754377,2058.2902999479074,2054.177831816144,2056.234065882026,500,4.309784109711928,4.4849320256428005,0.9609474759194886,2059.6220439402214,3.6571271721505925,2066.9362982845228,2052.30778959592,0.007102520936616737,2077.366537826912,2054.4119526834265,2025-01-07 08:15:00+00:00,8,15,08:15,500.0,4.112468131763308,London Open,Normal,Downside Stop Hunt,Other,-1.0,1.5
2025-01-07 08:16:00+00:00,2055.255759306888,2057.516766742869,2053.4058441319944,2055.461305437432,500,4.295579716937841,4.479931468774033,0.9588494259072581,2058.8558430165644,2.6662476293232107,2064.1883382752108,2053.523347757918,0.005180056949332904,2077.366537826912,2054.177831816144,2025-01-07 08:16:00+00:00,8,16,08:16,500.0,4.110922610874695,London Open,Squeeze,Downside Stop Hunt,Other,-1.0,1.5
2025-01-07 08:17:00+00:00,2055.0638859209826,2057.3246822751307,2053.2141434494065,2055.269412862269,500,4.282362510422583,4.4752134020876,0.9569068836862494,2058.409325009995,2.464334852549725,2063.3379947150943,2053.4806553048957,0.00478881400819089,2077.366537826912,2053.4058441319944,2025-01-07 08:17:00+00:00,8,17,08:17,500.0,4.110538825724234,London Open,Squeeze,Downside Stop Hunt,Other,-1.0,1.5
2025-01-07 08:18:00+00:00,2053.0113221996257,2055.269860507876,2051.163427220148,2053.216643864012,500,4.269796137372947,4.470755157082229,0.9550503186489787,2057.8663755138105,2.343490180049877,2062.5533558739103,2053.1793951537106,0.004555184355864285,2077.366537826912,2053.2141434494065,2025-01-07 08:18:00+00:00,8,18,08:18,500.0,4.106433287727668,London Open,Squeeze,Downside Stop Hunt,Other,-1.0,1.5
2025-01-07 08:19:00+00:00,2049.233270138669,2051.487652174025,2047.3887757461048,2049.438213960065,500,4.381086993125394,4.468590842312664,0.9804180216369993,2057.2182252077937,2.7759691887898503,2062.770163585373,2051.666286830214,0.005397520116776851,2077.366537826912,2051.163427220148,2025-01-07 08:19:00+00:00,8,19,08:19,500.0,4.098876427920004,London Open,Normal,Downside False Breakout,Other,1.5,-1.0
2025-01-07 08:20:00+00:00,2050.321174238169,2052.5767530877165,2048.475700633995,2050.526226860856,500,4.3610845260251105,4.466504482441659,0.9763976602215522,2056.5824193066414,2.7798327754500503,2062.1420848575417,2051.022753755741,0.0054067033722622745,2077.366537826912,2047.3887757461048,2025-01-07 08:20:00+00:00,8,20,08:20,500.0,4.101052453721422,London Open,Normal,None,Other,1.5,-1.0
2025-01-07 08:21:00+00:00,2052.3194296459146,2054.57720679624,2050.472157432012,2052.524682114126,500,4.342796300182449,4.464496561602164,0.9727404289060443,2056.2486622661113,2.848900887890272,2061.946464041892,2050.5508604903307,0.005541938463319184,2077.366537826912,2047.3887757461048,2025-01-07 08:21:00+00:00,8,21,08:21,500.0,4.1050493642278525,London Open,Normal,None,Other,-1.0,-1.0
2025-01-07 08:22:00+00:00,2048.665094652994,2050.91885163281,2046.821111669508,2048.869981651159,500,4.439994453356416,4.464465832035888,0.9945186323291195,2055.7977532041323,3.2597955601647826,2062.317344324462,2049.2781620838027,0.0063426386279177745,2077.366537826912,2047.3887757461048,2025-01-07 08:22:00+00:00,8,22,08:22,500.0,4.097739963302047,London Open,Normal,Downside Stop Hunt,Other,1.5,-1.0
2025-01-07 08:23:00+00:00,2049.441534549738,2051.696145698857,2047.5968527004584,2049.646499199658,500,4.415658635145143,4.462161171201257,0.9895784723428995,2055.3362410631944,3.448851520295642,2062.2339441037857,2048.438538022603,0.006711994760548978,2077.366537826912,2046.821111669508,2025-01-07 08:23:00+00:00,8,23,08:23,500.0,4.099292998398596,London Open,Normal,None,Other,1.5,-1.0
2025-01-07 08:24:00+00:00,2051.6831740580487,2053.9402512572324,2049.836474531444,2051.888362894338,500,4.406951022461508,4.46016910252219,0.9880681474541877,2055.0917544371237,3.513960167064929,2062.1196747712534,2048.063834102994,0.00683951976251747,2077.366537826912,2046.821111669508,2025-01-07 08:24:00+00:00,8,24,08:24,500.0,4.103776725788521,London Open,Normal,None,Other,-1.0,-1.0
2025-01-07 08:25:00+00:00,2052.926688249116,2055.185133450709,2051.078869447811,2053.1320014492603,500,4.38547337820698,4.45824233973839,0.9836776568014739,2054.8663247943737,3.486349936290939,2061.8390246669555,2047.8936249217918,0.006786524056040107,2075.574413564474,2046.821111669508,2025-01-07 08:25:00+00:00,8,25,08:25,500.0,4.106264002898115,London Open,Normal,None,Other,-1.0,-1.0
2025-01-07 08:26:00+00:00,2052.0919939201463,2054.3495208661525,2050.244926418868,2052.2972236425103,500,4.365410597426796,4.456377044576586,0.9795873539783856,2054.6554196660873,3.508857493544741,2061.673134653177,2047.6377046789978,0.006831038353117183,2072.8561092344776,2046.821111669508,2025-01-07 08:26:00+00:00,8,26,08:26,500.0,4.1045944472843985,London Open,Normal,None,Other,-1.0,-1.0
2025-01-07 08:27:00+00:00,2050.177267327632,2052.4326878637453,2048.331923252629,2050.3823055581875,500,4.346507312690319,4.454567142620749,0.9757417889391481,2054.3511138887698,3.6059163893401416,2061.56294666745,2047.1392811100895,0.0070210323151903955,2066.2639727666583,2046.821111669508,2025-01-07 08:27:00+00:00,8,27,08:27,500.0,4.100764611116119,London Open,Normal,None,Other,1.5,-1.0
2025-01-07 08:28:00+00:00,2050.3637970026675,2052.619422741944,2048.5182850341685,2050.5688538880563,500,4.328980912339276,4.45109494084838,0.972565395676366,2053.993892279847,3.6091927259938803,2061.2122777318345,2046.775506827859,0.007028633803750628,2066.1397094214917,2046.821111669508,2025-01-07 08:28:00+00:00,8,28,08:28,500.0,4.101137707775706,London Open,Normal,None,Other,1.5,-1.0
2025-01-07 08:29:00+00:00,2050.8924182871424,2053.148625567986,2049.0464305119062,2051.097528039946,500,4.312781922606459,4.446420140479936,0.9699447614819745,2053.563998665519,3.4003462048611297,2060.3646910752414,2046.763306255797,0.006623307005909237,2065.30558722878,2046.821111669508,2025-01-07 08:29:00+00:00,8,29,08:29,500.0,4.102195056079836,London Open,Normal,None,Other,-1.0,-1.0
2025-01-07 08:30:00+00:00,2051.1094295900807,2053.3658756072314,2049.263246485139,2051.314561046185,500,4.297771008284024,4.4415375414760785,0.9676313592197454,2053.134401003165,3.084990096635079,2059.304381196435,2046.9644208098946,0.006010303261447933,2065.30558722878,2046.821111669508,2025-01-07 08:30:00+00:00,8,30,08:30,500.0,4.102629122092367,London Open,Normal,None,Other,-1.0,-1.0
2025-01-07 08:31:00+00:00,2050.7604945297567,2053.016556679954,2048.914625497777,2050.965591088865,500,4.283782449276408,4.4369483248093395,0.9654794547242076,2052.7701308642972,2.8717908704395705,2058.5137126051764,2047.0265491234181,0.005595932690681575,2061.9664208075674,2046.821111669508,2025-01-07 08:31:00+00:00,8,31,08:31,500.0,4.101931182177395,London Open,Normal,None,Other,1.5,-1.0
2025-01-07 08:32:00+00:00,2048.561922111588,2050.815565590258,2046.718031992675,2048.7667987914665,500,4.281195066913101,4.432587970727258,0.9658454824102863,2052.34201960452,2.793545657152866,2057.9291109188257,2046.7549282902141,0.0054446006181585625,2061.9664208075674,2046.821111669508,2025-01-07 08:32:00+00:00,8,32,08:32,500.0,4.097533597582924,London Open,Normal,Downside Stop Hunt,Other,1.5,-1.0
2025-01-07 08:33:00+00:00,2049.448502661986,2051.703121476796,2047.6038145407776,2049.6534680087866,500,4.268203057563461,4.426563579631565,0.9642249525576035,2051.8916702712395,2.4227371096219885,2056.7371444904834,2047.0461960519956,0.004722933758587142,2061.9664208075674,2046.718031992675,2025-01-07 08:33:00+00:00,8,33,08:33,500.0,4.099306936018138,London Open,Squeeze,None,Other,1.5,-1.0
2025-01-07 08:34:00+00:00,2050.4342261613538,2052.689929380453,2048.5886508002727,2050.639290090363,500,4.256279880607529,4.420919419187224,0.9627589822458326,2051.5946508164784,2.168555963269862,2055.931762743018,2047.2575388899386,0.0042280398077795414,2061.9664208075674,2046.718031992675,2025-01-07 08:34:00+00:00,8,34,08:34,500.0,4.101278580180406,London Open,Squeeze,None,Other,1.5,-1.0
2025-01-07 08:35:00+00:00,2050.866548633003,2053.1227274543808,2049.020584142784,2051.0716557985825,500,4.245270125678177,4.414754781104194,0.9616094972813809,2051.3365303123064,1.874579140075443,2055.0856885924572,2047.5873720321556,0.0036553322429060736,2061.9664208075674,2046.718031992675,2025-01-07 08:35:00+00:00,8,35,08:35,500.0,4.102143311596592,London Open,Squeeze,None,Other,1.5,-1.0
2025-01-07 08:36:00+00:00,2051.114705464673,2053.3711572858665,2049.26851761097,2051.319837448418,500,4.2350822363366385,4.408989952444472,0.9605561096796299,2051.129456912856,1.604201934056785,2054.3378607809695,2047.9210530447424,0.0031284264942911303,2061.9664208075674,2046.718031992675,2025-01-07 08:36:00+00:00,8,36,08:36,500.0,4.102639674896636,London Open,Squeeze,None,Other,1.5,-1.0
2025-01-07 08:37:00+00:00,2054.5824780721127,2056.842744824667,2052.733168910932,2054.7879568677995,500,4.327069746330372,4.405071852454646,0.9822926597483741,2051.105384113132,1.5411822140796791,2054.1877485412915,2048.0230196849725,0.0030055641724057755,2061.9664208075674,2046.718031992675,2025-01-07 08:37:00+00:00,8,37,08:37,500.0,4.109575913735171,London Open,Squeeze,None,Other,1.5,-1.0
2025-01-07 08:38:00+00:00,2053.3205738697075,2055.579452388816,2051.472400535891,2053.5259264623537,500,4.311354182515702,4.40139515091715,0.9795426301629188,2051.1208482430493,1.5648513375720514,2054.2505509181933,2047.9911455679053,0.0030516999306255993,2061.9664208075674,2046.718031992675,2025-01-07 08:38:00+00:00,8,38,08:38,500.0,4.107051852924997,London Open,Squeeze,None,Other,1.5,-1.0
2025-01-07 08:39:00+00:00,2055.974017131225,2058.2358147298296,2054.1234554596404,2056.179635094735,500,4.3398209028700006,4.398660452356825,0.9866233026795014,2051.4579192997826,1.8780471772564489,2055.2140136542953,2047.7018249452697,0.003661878042124175,2061.9664208075674,2046.718031992675,2025-01-07 08:39:00+00:00,8,39,08:39,500.0,4.112359270189245,London Open,Squeeze,None,Other,1.5,-1.0
2025-01-07 08:40:00+00:00,2054.485980387249,2056.7461409817342,2052.63675808267,2054.691449532202,500,4.3233610454553055,4.394933088410229,0.9837148731243112,2051.66618043335,1.9965018851151008,2055.65918420358,2047.6731766631196,0.003892449764305022,2061.9664208075674,2046.718031992675,2025-01-07 08:40:00+00:00,8,40,08:40,500.0,4.109382899064258,London Open,Squeeze,None,Other,1.5,-1.0
2025-01-07 08:41:00+00:00,2056.7861352919663,2059.048826309889,2054.9348426409383,2056.9918344754137,500,4.325790740614714,4.3917221546926895,0.9849873439722215,2051.889538051414,2.321095126023513,2056.531728303461,2047.2473477993672,0.004524795478469476,2060.7191151290667,2046.718031992675,2025-01-07 08:41:00+00:00,8,41,08:41,500.0,4.113983668950823,London Open,Squeeze,None,Other,1.5,-1.0
2025-01-07 08:42:00+00:00,2059.345066946667,2061.6105730709205,2057.491471026823,2059.551022048872,500,4.34671558739272,4.389305610289373,0.9902968654547968,2052.4235900713,2.77430459837686,2057.972199268054,2046.8749808745465,0.005406885034449349,2060.7191151290667,2046.718031992675,2025-01-07 08:42:00+00:00,8,42,08:42,500.0,4.119102044097417,London Open,Normal,Range Raid,Other,1.5,-1.0
2025-01-07 08:43:00+00:00,2058.7622493347526,2061.0271142955166,2056.909178003218,2058.9681461493674,500,4.330374209171705,4.38702968648087,0.9870856863622883,2052.8896724187853,3.052288869750722,2058.994250158287,2046.785094679284,0.005947302304179676,2061.6105730709205,2046.718031992675,2025-01-07 08:43:00+00:00,8,43,08:43,500.0,4.117936292298509,London Open,Normal,None,Other,1.5,-1.0
2025-01-07 08:44:00+00:00,2062.205240745104,2064.473893375186,2060.3490704114,2062.411481893293,500,4.414329424646483,4.386540527191519,1.0063350372081836,2053.415828368733,3.7073065323786163,2060.8304414334903,2046.0012153039756,0.0072217355708683656,2061.6105730709205,2046.718031992675,2025-01-07 08:44:00+00:00,8,44,08:44,500.0,4.124822963785846,London Open,Normal,Range Raid,Other,1.5,-1.0
2025-01-07 08:45:00+00:00,2063.193347711709,2065.463087368158,2061.336287992797,2063.3996876804777,500,4.393791563983225,4.386066778954164,1.0017612100814623,2053.929212680294,4.325347158470961,2062.579906997236,2045.2785183633518,0.008423556433722664,2064.473893375186,2046.718031992675,2025-01-07 08:45:00+00:00,8,45,08:45,500.0,4.126799375360861,London Open,Normal,Range Raid,Other,-1.0,-1.0
2025-01-07 08:46:00+00:00,2061.4047726835183,2063.672544710673,2059.549322843119,2061.610933776896,500,4.374465157095398,4.385600490180718,0.9974609330899492,2054.3948981870135,4.6309719552028294,2063.656842097419,2045.1329542766077,0.009016712335665589,2065.463087368158,2046.718031992675,2025-01-07 08:46:00+00:00,8,46,08:46,500.0,4.123221867553639,London Open,Normal,None,Other,1.5,-1.0
2025-01-07 08:47:00+00:00,2060.65423520672,2062.9211815600825,2058.799460917605,2060.860321238844,500,4.356411977479842,4.384263671286861,0.9936473497272934,2054.918798971046,4.744434294665353,2064.4076675603765,2045.4299303817152,0.009235273524269656,2065.463087368158,2046.718031992675,2025-01-07 08:47:00+00:00,8,47,08:47,500.0,4.121720642477612,London Open,Normal,None,Other,1.5,-1.0
2025-01-07 08:48:00+00:00,2063.0104192153563,2065.2799576303346,2061.153524148556,2063.216740889445,500,4.360928007052048,4.383354614650143,0.9948836885057987,2055.5511933211155,4.971597457597993,2065.4943882363114,2045.6079984059195,0.009674480448361783,2065.463087368158,2046.718031992675,2025-01-07 08:48:00+00:00,8,48,08:48,500.0,4.126433481778804,London Open,Normal,None,Other,1.5,-1.0
2025-01-07 08:49:00+00:00,2064.9362397349846,2067.207896764396,2063.077611256375,2065.142754010385,500,4.344453542835558,4.38249883070739,0.9913188139138213,2056.2534546196375,5.2910964325810275,2066.8356474847997,2045.6712617544754,0.01029269309324479,2065.463087368158,2046.718031992675,2025-01-07 08:49:00+00:00,8,49,08:49,500.0,4.130285508021188,London Open,Normal,Range Raid,Other,-1.0,-1.0
2025-01-07 08:50:00+00:00,2062.7732367846947,2065.042514272907,2060.9165552034306,2062.9795347381687,500,4.336006775986909,4.381803962186678,0.9895483260787152,2056.836703304237,5.36049011500233,2067.5576835342413,2046.1157230742322,0.010424726681298202,2067.207896764396,2046.718031992675,2025-01-07 08:50:00+00:00,8,50,08:50,500.0,4.1259590694762664,London Open,Normal,None,Other,1.5,-1.0
2025-01-07 08:51:00+00:00,2062.50662549155,2064.775609678009,2060.650183884447,2062.712896781228,500,4.3209652772422755,4.381134396490592,0.9862663151131558,2057.424068588855,5.326803933483138,2068.0776764558213,2046.7704607218886,0.010356258614465852,2067.207896764396,2046.718031992675,2025-01-07 08:51:00+00:00,8,51,08:51,500.0,4.125425793562044,London Open,Normal,None,Other,1.5,-1.0
2025-01-07 08:52:00+00:00,2062.947065078535,2065.216533796993,2061.0902270361603,2063.153380416577,500,4.307061097498749,4.380486968625837,0.9832379660861947,2058.1433976701105,5.060944211369089,2068.265286092849,2048.0215092473723,0.009835940910819522,2067.207896764396,2046.718031992675,2025-01-07 08:52:00+00:00,8,52,08:52,500.0,4.126306760832904,London Open,Normal,None,Other,1.5,-1.0
2025-01-07 08:53:00+00:00,2061.9207885130727,2064.189128214407,2060.0648742119806,2062.127001213194,500,4.294003447850722,4.379859101123059,0.9803976220946645,2058.7670743303306,4.716492395979162,2068.200059122289,2049.334089538372,0.00916372221954909,2067.207896764396,2046.718031992675,2025-01-07 08:53:00+00:00,8,53,08:53,500.0,4.124254002426369,London Open,Normal,None,Other,1.5,-1.0
2025-01-07 08:54:00+00:00,2066.8087886046637,2069.082505643832,2064.948474663525,2067.0154901536785,500,4.484110660906959,4.38261527408176,1.023158634851074,2059.585884333497,4.652261478502327,2068.8904072905016,2050.281361376492,0.009035333780233041,2067.207896764396,2046.718031992675,2025-01-07 08:54:00+00:00,8,54,08:54,500.0,4.134030980307216,London Open,Normal,Upside Sweep,Other,1.5,-1.0
2025-01-07 08:55:00+00:00,2067.312456331287,2069.5867274603643,2065.4516890438604,2067.5192082521125,500,4.459176929163884,4.385160335390079,1.0168788797017203,2060.408261956173,4.5198197576426695,2069.4479014714584,2051.368622440888,0.008774610044227728,2069.082505643832,2046.718031992675,2025-01-07 08:55:00+00:00,8,55,08:55,500.0,4.135038416503903,London Open,Normal,Upside Sweep,Other,1.5,-1.0
2025-01-07 08:56:00+00:00,2067.205347118449,2069.479500415609,2065.344676238955,2067.412088327282,500,4.436008875413185,4.3867479519757655,1.0112294857093926,2061.2128745001164,4.2404861878393145,2069.693846875795,2052.731902124438,0.008229108677322081,2069.5867274603643,2046.718031992675,2025-01-07 08:56:00+00:00,8,56,08:56,500.0,4.134824176654092,London Open,Normal,None,Other,1.5,-1.0
2025-01-07 08:57:00+00:00,2069.6892439147723,2071.966129771664,2067.826337304588,2069.896233538126,500,4.444439773196652,4.383346323036863,1.0139376279347836,2061.9682883336327,4.379142522886397,2070.7265733794056,2053.2100032878598,0.008495072494883897,2069.5867274603643,2046.718031992675,2025-01-07 08:57:00+00:00,8,57,08:57,500.0,4.139792467075949,London Open,Normal,Upside False Breakout,Other,-1.0,-1.0
2025-01-07 08:58:00+00:00,2068.9541928401977,2071.230270060044,2067.091947842142,2069.161108951093,500,4.422574233532748,4.380199775867793,1.0096740924691179,2062.7500474580693,4.183936344587576,2071.1179201472446,2054.382174768894,0.008113317170431846,2071.966129771664,2046.718031992675,2025-01-07 08:58:00+00:00,8,58,08:58,500.0,4.138322217901987,London Open,Normal,None,Other,-1.0,-1.0
2025-01-07 08:59:00+00:00,2071.060275172576,2073.3386693146795,2069.1961345108543,2071.267401912767,500,4.405073242822302,4.377340789119641,1.0063354568535292,2063.504435798971,4.295616592469184,2072.0956689839095,2054.9132026140323,0.008326837622340388,2071.966129771664,2046.718031992675,2025-01-07 08:59:00+00:00,8,59,08:59,500.0,4.142534803825129,London Open,Normal,Upside Sweep,Other,-1.0,1.5
2025-01-07 09:00:00+00:00,2067.629855605629,2069.904475908825,2065.7688026302862,2067.836639269556,500,4.483182245655058,4.376319485463873,1.0244184092468875,2064.161695285839,3.8597353031075126,2071.881165892054,2056.442224679624,0.007479521225342848,2073.3386693146795,2046.718031992675,2025-01-07 09:00:00+00:00,9,0,09:00,500.0,4.1356732785388886,London Open,Normal,None,Other,-1.0,-1.0
2025-01-07 09:01:00+00:00,2066.71274670863,2068.986358091148,2064.852519213843,2066.9194386524955,500,4.4582291479157465,4.373028414325436,1.0194832334752741,2064.658075494693,3.511814299367218,2071.6817040934275,2057.6344468959587,0.0068036724163651275,2073.3386693146795,2046.718031992675,2025-01-07 09:01:00+00:00,9,1,09:01,500.0,4.133838877304697,London Open,Normal,None,Other,1.5,-1.0
2025-01-07 09:02:00+00:00,2068.902700494896,2071.178721067497,2067.0405018445854,2069.1096114560414,500,4.444018666993301,4.370143260279293,1.0169045732174207,2065.136004965051,3.4296677738093697,2071.99534051267,2058.2766694174325,0.006642986739011184,2073.3386693146795,2046.718031992675,2025-01-07 09:02:00+00:00,9,2,09:02,500.0,4.13821922291163,London Open,Normal,None,Other,-1.0,-1.0
2025-01-07 09:03:00+00:00,2072.174560238168,2074.454180216427,2070.3094166195915,2072.3817984180096,500,4.508343673664191,4.368924683041624,1.031911511581725,2065.8066875784834,3.4713302225728024,2072.749348023629,2058.864027133338,0.006721500600120172,2073.3386693146795,2047.6038145407776,2025-01-07 09:03:00+00:00,9,3,09:03,500.0,4.1447635968356735,London Open,Normal,Upside Sweep,Other,-1.0,1.5
2025-01-07 09:04:00+00:00,2070.59348177171,2072.87136238972,2068.7297612660645,2070.8005618278926,500,4.482147777235007,4.367776690399,1.0261851955681276,2066.2261415752137,3.545531376071316,2073.317204327356,2059.135078823071,0.006863781857620457,2074.454180216427,2048.5886508002727,2025-01-07 09:04:00+00:00,9,4,09:04,500.0,4.141601123655619,London Open,Normal,None,Other,-1.0,1.5
2025-01-07 09:05:00+00:00,2068.7725300004813,2071.0484073712187,2066.9104485153325,2068.979427943276,500,4.457562854281519,4.3667376944538,1.020799316602661,2066.5051285883533,3.530917065690001,2073.566962719733,2059.4432944569735,0.00683456724465405,2074.454180216427,2049.020584142784,2025-01-07 09:05:00+00:00,9,5,09:05,500.0,4.137958855886154,London Open,Normal,None,Other,-1.0,1.5
2025-01-07 09:06:00+00:00,2069.967480289864,2072.244672237377,2068.1043232418983,2070.174497739638,500,4.434904721509888,4.365805434341665,1.015827385852948,2066.9333067864904,3.423790811516391,2073.7808884095234,2060.0857251634575,0.006625837031654457,2074.454180216427,2049.26851761097,2025-01-07 09:06:00+00:00,9,6,09:06,500.0,4.140348995478689,London Open,Normal,None,Other,-1.0,1.5
2025-01-07 09:07:00+00:00,2068.698908941415,2070.974705320888,2066.8368937218456,2068.905799521367,500,4.41368378419078,4.364969377043293,1.0111603090284416,2067.3355807006164,3.13299600170144,2073.6015727040194,2061.0695886972135,0.0060619011851761745,2074.454180216427,2051.472400535891,2025-01-07 09:07:00+00:00,9,7,09:07,500.0,4.137811599042379,London Open,Normal,None,Other,-1.0,1.5
2025-01-07 09:08:00+00:00,2068.164058238349,2070.439266223209,2066.3025244325536,2068.370895327881,500,4.393902213223966,4.364218413383522,1.0068016302184635,2067.5932884225385,2.984842273672898,2073.5629729698844,2061.6236038751927,0.005774524981071517,2074.454180216427,2051.472400535891,2025-01-07 09:08:00+00:00,9,8,09:08,500.0,4.136741790655378,London Open,Normal,None,Other,-1.0,1.5
2025-01-07 09:09:00+00:00,2069.9981019842617,2072.2753276190074,2068.1349173740145,2070.205122496511,500,4.3757956440646,4.363546113133188,1.0028072422323084,2067.8464068468447,2.9807413786867323,2073.8078896042184,2061.884924089471,0.005765885452260503,2074.454180216427,2052.63675808267,2025-01-07 09:09:00+00:00,9,9,09:09,500.0,4.140410244992836,London Open,Normal,None,Other,-1.0,1.5
2025-01-07 09:10:00+00:00,2068.892806678647,2071.1688163669623,2067.030616933662,2069.099716650312,500,4.358824486152882,4.362943722906348,0.9990558583802401,2068.152415942452,2.7608453527573977,2073.6741066479667,2062.6307252369375,0.005339732858130195,2074.454180216427,2052.63675808267,2025-01-07 09:10:00+00:00,9,10,09:10,500.0,4.138199433300542,London Open,Normal,None,Other,-1.0,1.5
2025-01-07 09:11:00+00:00,2064.851193232629,2067.122756701532,2062.992641303527,2065.0576990025293,500,4.483699547626621,4.364754090742201,1.027251353549724,2068.2696560535173,2.560191949372979,2073.390039952263,2063.1492721547716,0.0049513697440362135,2074.454180216427,2054.9348426409383,2025-01-07 09:11:00+00:00,9,11,09:11,500.0,4.130115398005273,London Open,Squeeze,None,Other,-1.0,1.5
2025-01-07 09:12:00+00:00,2062.187016204028,2064.45564878511,2060.330862274051,2062.3932555295805,500,4.501066489116023,4.367163930733238,1.0306612164110596,2068.231649809167,2.644398158246803,2073.5204461256603,2062.9428534926733,0.005114317167500563,2074.454180216427,2056.909178003218,2025-01-07 09:12:00+00:00,9,12,09:12,500.0,4.124786511059028,London Open,Squeeze,None,Other,-1.0,1.5
2025-01-07 09:13:00+00:00,2062.228168764411,2064.4968466178366,2060.3719777934257,2062.434412205632,500,4.474195227351371,4.369410624909512,1.0239814042297821,2068.247020358789,2.607685957874819,2073.4623922745386,2063.0316484430396,0.005043277581847832,2074.454180216427,2056.909178003218,2025-01-07 09:13:00+00:00,9,13,09:13,500.0,4.124868824410896,London Open,Squeeze,None,Other,-1.0,1.5
2025-01-07 09:14:00+00:00,2058.4095272114578,2060.674004139083,2056.5567733615826,2058.615388750333,500,4.574441199972646,4.373568607211358,1.0459287622537985,2067.8270152886216,3.3789134866787442,2074.5848422619792,2061.069188315264,0.006536162767381569,2074.454180216427,2058.799460917605,2025-01-07 09:14:00+00:00,9,14,09:14,500.0,4.117230777500481,London Open,Normal,None,Other,-1.0,-1.0
2025-01-07 09:15:00+00:00,2057.818518333894,2060.0823450867365,2055.966296445205,2058.024320765971,500,4.541698874369707,4.377433853288989,1.0375254147946285,2067.352270914315,4.028938092905243,2075.4101471001254,2059.2943947285044,0.007795358632563208,2074.454180216427,2056.5567733615826,2025-01-07 09:15:00+00:00,9,15,09:15,500.0,4.116048641531506,London Open,Normal,Range Raid,Other,-1.0,-1.0
2025-01-07 09:16:00+00:00,2054.9763790364727,2057.237079123421,2053.126715328969,2055.181897226196,500,4.567120771700575,4.381959537535034,1.0422553500504703,2066.74076135926,4.8615031238455515,2076.463767606951,2057.017755111569,0.009409023550003816,2074.454180216427,2055.966296445205,2025-01-07 09:16:00+00:00,9,16,09:16,500.0,4.1103637944520415,London Open,Normal,Range Raid,Other,1.5,-1.0
2025-01-07 09:17:00+00:00,2058.369763391221,2060.634196574269,2056.517045332363,2058.5756209533165,500,4.630347812870049,4.387759292575826,1.055287563450595,2066.17473073002,5.126580575540005,2076.4278918811,2055.9215695789403,0.009924776446624387,2074.454180216427,2053.126715328969,2025-01-07 09:17:00+00:00,9,17,09:17,500.0,4.117151241905958,London Open,Normal,None,Other,-1.0,-1.0
2025-01-07 09:18:00+00:00,2062.851883997907,2065.121248006705,2060.995131627072,2063.0581898168884,500,4.7671534729070935,4.396048581501394,1.0844178321794058,2065.8695847733097,5.121095847152001,2076.1117764676137,2055.6273930790057,0.009915622718679863,2074.454180216427,2053.126715328969,2025-01-07 09:18:00+00:00,9,18,09:18,500.0,4.126116379633004,London Open,Normal,None,Other,-1.0,1.5
2025-01-07 09:19:00+00:00,2060.6907414800758,2062.9577279943546,2058.8359343320285,2060.896831163192,500,4.728232188046582,4.401834334750081,1.0741504174111616,2065.3510562358306,5.0705612818714165,2075.4921787995736,2055.2099336720876,0.009820241002733487,2074.454180216427,2053.126715328969,2025-01-07 09:19:00+00:00,9,19,09:19,500.0,4.121793662326127,London Open,Normal,None,Other,-1.0,1.5
2025-01-07 09:20:00+00:00,2061.2405219483344,2063.508113281611,2059.385219948381,2061.446666614996,500,4.6849936984168234,4.407232820956609,1.0630238720630887,2065.031557603103,5.106887971515383,2075.2453335461337,2054.8177816600723,0.009892125769628307,2074.454180216427,2053.126715328969,2025-01-07 09:20:00+00:00,9,20,09:20,500.0,4.1228933332299675,London Open,Normal,None,Other,-1.0,1.5
2025-01-07 09:21:00+00:00,2059.282441894417,2061.5478791242235,2057.428902342757,2059.48839073349,500,4.644563918634672,4.412262281264146,1.0526490998409028,2064.6600052071526,5.2311182801004925,2075.1222417673534,2054.1977686469518,0.01013458538821372,2074.454180216427,2053.126715328969,2025-01-07 09:21:00+00:00,9,21,09:21,500.0,4.118976781466699,London Open,Normal,None,Other,-1.0,-1.0
2025-01-07 09:22:00+00:00,2058.6661587666995,2060.930918017268,2056.8131739253254,2058.8720459712968,500,4.606933931013821,4.41504460589177,1.0434626016837927,2064.1481269329156,5.273511063203156,2074.695149059322,2053.6011048065093,0.010219249276531301,2074.454180216427,2053.126715328969,2025-01-07 09:22:00+00:00,9,22,09:22,500.0,4.117744091942768,London Open,Normal,None,Other,-1.0,-1.0
2025-01-07 09:23:00+00:00,2062.4028738871834,2064.671743935464,2060.546525665862,2062.6091348006635,500,4.69213136195334,4.419652484671906,1.0616516520759123,2063.659493752048,4.910720617559142,2073.480934987166,2053.83805251693,0.009518470721408785,2074.454180216427,2053.126715328969,2025-01-07 09:23:00+00:00,9,23,09:23,500.0,4.125218269601646,London Open,Normal,None,Other,-1.0,1.5
2025-01-07 09:24:00+00:00,2061.4612131530844,2063.729047270964,2059.6057125111824,2061.6673798910733,500,4.651503033226798,4.423728351517995,1.0514893012430664,2063.2028346552074,4.628238703571348,2072.45931206235,2053.946357248065,0.008972920404783548,2074.454180216427,2053.126715328969,2025-01-07 09:24:00+00:00,9,24,09:24,500.0,4.123334759781756,London Open,Normal,None,Other,-1.0,1.5
2025-01-07 09:25:00+00:00,2060.8922511623296,2063.159459359428,2059.037262637431,2061.0983609984296,500,4.613695439567539,4.427532052540671,1.0420467621279086,2062.8087813079646,4.442293711671833,2071.6933687313085,2053.9241938846208,0.008614067870809069,2074.454180216427,2053.126715328969,2025-01-07 09:25:00+00:00,9,25,09:25,500.0,4.12219672199717,London Open,Normal,None,Other,-1.0,1.5
2025-01-07 09:26:00+00:00,2058.9713046301554,2061.236399574743,2057.1180451300384,2059.177222352391,500,4.578313939934461,4.431080441582465,1.033227448766291,2062.258917538603,4.153837373558107,2070.5665922857193,2053.9512427914865,0.00805686878254061,2074.454180216427,2053.126715328969,2025-01-07 09:26:00+00:00,9,26,09:26,500.0,4.118354444704437,London Open,Normal,None,Other,-1.0,1.5
2025-01-07 09:27:00+00:00,2061.3532421015448,2063.6209574393897,2059.497838643307,2061.5593980413487,500,4.568701164724779,4.434783672449707,1.030197074348183,2061.8915974646015,3.8487369103207194,2069.589071285243,2054.19412364396,0.007466419505377013,2074.454180216427,2053.126715328969,2025-01-07 09:27:00+00:00,9,27,09:27,500.0,4.123118796082508,London Open,Normal,None,Other,-1.0,1.5
2025-01-07 09:28:00+00:00,2054.6580068349085,2056.918356677411,2052.808629691043,2054.863493184227,500,4.867420249409141,4.443757661400871,1.0953388146451517,2061.2162273574186,3.837030057862052,2068.8902874731425,2053.5421672416946,0.007446147584004283,2074.454180216427,2053.126715328969,2025-01-07 09:28:00+00:00,9,28,09:28,500.0,4.109726986368059,London Open,Normal,Downside Stop Hunt,Other,-1.0,-1.0
2025-01-07 09:29:00+00:00,2053.7689487577422,2056.028320538553,2051.920371846169,2053.9743461923613,500,4.813172281050209,4.452097500708266,1.0811021726915235,2060.4046885422113,3.5407841508065063,2067.4862568438243,2053.323120240598,0.006873958636372014,2074.454180216427,2052.808629691043,2025-01-07 09:29:00+00:00,9,29,09:29,500.0,4.1079486923840705,London Open,Normal,Downside Stop Hunt,Other,-1.0,-1.0
2025-01-07 09:30:00+00:00,2053.6952483343325,2055.95453903657,2051.846737759774,2053.9006383981723,500,4.762788637889207,4.45984779453502,1.0679262740144189,2059.644734629604,3.190070541534973,2066.024875712674,2053.264593546534,0.0061953801796964065,2074.454180216427,2051.920371846169,2025-01-07 09:30:00+00:00,9,30,09:30,500.0,4.107801276796181,London Open,Normal,Downside Stop Hunt,Other,-1.0,-1.0
2025-01-07 09:31:00+00:00,2052.35856910371,2054.616389311745,2050.511261660773,2052.563825486259,500,4.715812853109407,4.467048301265569,1.05568879829962,2059.020040953791,3.295840267920625,2065.611721489632,2052.42836041795,0.00640273567496472,2074.454180216427,2051.846737759774,2025-01-07 09:31:00+00:00,9,31,09:31,500.0,4.105127650972008,London Open,Normal,Downside Stop Hunt,Other,1.5,-1.0
2025-01-07 09:32:00+00:00,2054.1521809987544,2056.4119743771907,2052.30325914367,2054.3576167604306,500,4.672448737424506,4.473569195774092,1.0444565698991048,2058.6182590153335,3.352294945449844,2065.322848906233,2051.913669124434,0.006513679611591972,2074.454180216427,2050.511261660773,2025-01-07 09:32:00+00:00,9,32,09:32,500.0,4.1087152335207975,London Open,Normal,None,Other,-1.0,-1.0
2025-01-07 09:33:00+00:00,2056.643378882489,2058.9059128526565,2054.792214725079,2056.849063788868,500,4.66358069133889,4.480158823003682,1.040940929904854,2058.338991594495,3.2486998804804115,2064.836391355456,2051.841591833534,0.006313245570815981,2074.454180216427,2050.511261660773,2025-01-07 09:33:00+00:00,9,33,09:33,500.0,4.113698127577663,London Open,Normal,None,Other,-1.0,1.5
2025-01-07 09:34:00+00:00,2053.761904044196,2056.0212680750474,2051.9133334734997,2053.9673007742736,500,4.683019950198136,4.487271157496861,1.0436231254655157,2058.106587195692,3.39102543490659,2064.8886380655053,2051.324536325879,0.006590573016973086,2072.87136238972,2050.511261660773,2025-01-07 09:34:00+00:00,9,34,09:34,500.0,4.10793460154764,London Open,Normal,None,Other,-1.0,-1.0
2025-01-07 09:35:00+00:00,2058.08651158192,2060.3506331568174,2056.234048475186,2058.292340816002,500,4.804470838222827,4.496591169372604,1.0684695711158416,2058.1199881981934,3.3912128043869347,2064.902413806967,2051.3375625894196,0.0065908942604571375,2072.2753276190074,2050.511261660773,2025-01-07 09:35:00+00:00,9,35,09:35,500.0,4.116584681631593,London Open,Normal,None,Other,-1.0,1.5
2025-01-07 09:36:00+00:00,2055.179956998873,2057.440881043976,2053.3301100528797,2055.385495548428,500,4.8157394042870605,4.506268788838445,1.0686755783887418,2058.1301681143054,3.3822225664118357,2064.894613247129,2051.3657229814817,0.0065733890281793675,2072.2753276190074,2050.511261660773,2025-01-07 09:36:00+00:00,9,36,09:36,500.0,4.11077099109616,London Open,Normal,None,Other,-1.0,-1.0
2025-01-07 09:37:00+00:00,2057.8506104683397,2060.11447252606,2055.99835969384,2058.05641610995,500,4.809542088097421,4.514309994534562,1.0653991626450763,2058.104207872137,3.38061573906499,2064.865439350267,2051.342976394007,0.006570349015631583,2072.2753276190074,2050.511261660773,2025-01-07 09:37:00+00:00,9,37,09:37,500.0,4.116112832220097,London Open,Normal,None,Other,-1.0,1.5
2025-01-07 09:38:00+00:00,2058.179538280528,2060.443762195028,2056.326991441392,2058.38537681821,500,4.76005842135018,4.521788398515136,1.0526937578311464,2057.870567222203,3.175465589819304,2064.221498401842,2051.5196360425643,0.006172332974480057,2072.2753276190074,2050.511261660773,2025-01-07 09:38:00+00:00,9,38,09:38,500.0,4.116770753636047,London Open,Normal,None,Other,-1.0,1.5
2025-01-07 09:39:00+00:00,2057.163663574285,2059.4267699148504,2055.312031113822,2057.369400514336,500,4.71396416275578,4.528024119513233,1.0410642784434938,2057.6941956897604,3.095487452557393,2063.885170594875,2051.5032207846457,0.00601739064831195,2072.2753276190074,2050.511261660773,2025-01-07 09:39:00+00:00,9,39,09:39,500.0,4.1147388010285795,London Open,Normal,None,Other,-1.0,1.5
2025-01-07 09:40:00+00:00,2056.342264468859,2058.604467180045,2054.491371341524,2056.547919260785,500,4.671044996739016,4.533818852034628,1.0302672314847352,2057.44925832205,2.9743803789483754,2063.3980190799466,2051.500497564153,0.005782656105694885,2071.1688163669623,2050.511261660773,2025-01-07 09:40:00+00:00,9,40,09:40,500.0,4.113095838521076,London Open,Normal,None,Other,-1.0,1.5
2025-01-07 09:41:00+00:00,2056.29391469209,2058.5560642132027,2054.443065083906,2056.4995646485545,500,4.631184577636008,4.538908749318316,1.0203299588985018,2057.299817017803,2.9414375034613958,2063.182692024726,2051.41694201088,0.005719025450991863,2067.122756701532,2050.511261660773,2025-01-07 09:41:00+00:00,9,41,09:41,500.0,4.112999129296895,London Open,Normal,None,Other,-1.0,1.5
2025-01-07 09:42:00+00:00,2056.7430950650223,2059.0057387339607,2054.891841154073,2056.948789944017,500,4.594235506368267,4.543034081301242,1.0112703149812954,2057.2036542164387,2.9186821790668085,2063.0410185745723,2051.366289858305,0.005675047627073073,2065.121248006705,2050.511261660773,2025-01-07 09:42:00+00:00,9,42,09:42,500.0,4.1138975798876345,London Open,Normal,None,Other,-1.0,1.5
2025-01-07 09:43:00+00:00,2054.871993012399,2057.132578263237,2053.022423261713,2055.077500762475,500,4.559658327450831,4.546855483272561,1.0028157578848436,2056.8270725145294,2.658852544206613,2062.1447776029427,2051.509367426116,0.005170784806826013,2065.121248006705,2050.511261660773,2025-01-07 09:43:00+00:00,9,43,09:43,500.0,4.110155001524163,London Open,Squeeze,None,Other,-1.0,1.5
2025-01-07 09:44:00+00:00,2054.411876586398,2056.671955658551,2052.5627209819104,2054.617338320231,500,4.527485209535802,4.548741413020716,0.9953270143200339,2056.4745704359875,2.441846104761368,2061.3582626455104,2051.5908782264646,0.004749577047760457,2065.121248006705,2050.511261660773,2025-01-07 09:44:00+00:00,9,44,09:44,500.0,4.109234676640426,London Open,Squeeze,None,Other,-1.0,1.5
2025-01-07 09:45:00+00:00,2052.849735519232,2055.108096064357,2051.0019859823105,2053.055041023334,500,4.497386986143716,4.5504680033900575,0.9883350421963638,2056.0724044372328,2.298381902386153,2060.669168242005,2051.4756406324605,0.004471402655715802,2065.121248006705,2050.511261660773,2025-01-07 09:45:00+00:00,9,45,09:45,500.0,4.106110082046598,London Open,Squeeze,None,Other,-1.0,1.5
2025-01-07 09:46:00+00:00,2050.3774398348405,2052.633080582734,2048.5319155865645,2050.582498084649,500,4.499225446902702,4.552547341553512,0.9882874596022072,2055.6426682238457,2.483358731819058,2060.6093856874836,2050.675950760208,0.004832277068785832,2065.121248006705,2050.511261660773,2025-01-07 09:46:00+00:00,9,46,09:46,500.0,4.101164996169246,London Open,Squeeze,Downside Stop Hunt,Other,-1.0,1.5
2025-01-07 09:47:00+00:00,2048.722814122424,2050.976634600006,2046.87877918622,2048.9277068931133,500,4.4705561588229354,4.554449744575899,0.9815798635492957,2055.011083666434,2.5055661625560246,2060.022215991546,2049.999951341322,0.004876988124240751,2065.121248006705,2048.5319155865645,2025-01-07 09:47:00+00:00,9,47,09:47,500.0,4.097855413785965,London Open,Squeeze,Downside Stop Hunt,Other,-1.0,-1.0
2025-01-07 09:48:00+00:00,2046.3886527800375,2048.63990542336,2044.5467187991376,2046.593312111249,500,4.464158439905276,4.556170251790118,0.9798050101730306,2054.597574612785,3.1346675670292306,2060.8669097468437,2048.3282394787266,0.00610273779305916,2065.121248006705,2046.87877918622,2025-01-07 09:48:00+00:00,9,48,09:48,500.0,4.093186624222199,London Open,Normal,Downside False Breakout,Other,1.5,-1.0
2025-01-07 09:49:00+00:00,2045.5494885261385,2047.799817996464,2043.708309868599,2045.7540639325316,500,4.437540560473839,4.557721702084089,0.9736313119874573,2054.1865604997934,3.707299271112096,2061.6011590420176,2046.7719619575691,0.007219011831544848,2064.671743935464,2044.5467187991376,2025-01-07 09:49:00+00:00,9,49,09:49,500.0,4.091508127865154,London Open,Normal,Downside Stop Hunt,Other,1.5,-1.0
2025-01-07 09:50:00+00:00,2046.454793115216,2048.7061185201824,2044.6127996020605,2046.6594590611217,500,4.412953300305843,4.559004144156072,0.9679643099167956,2053.824501532941,4.0723138420607565,2061.969129217063,2045.6798738488196,0.007931181732463091,2064.671743935464,2043.708309868599,2025-01-07 09:50:00+00:00,9,50,09:50,500.0,4.093318918121895,London Open,Normal,None,Other,1.5,-1.0
2025-01-07 09:51:00+00:00,2046.722303428836,2048.9739231245767,2044.88006913232,2046.9269961284483,500,4.390160492588051,4.560157397745169,0.9627212636912106,2053.5426600650503,4.349764936095859,2062.242189937242,2044.8431301928586,0.008472704308870978,2064.671743935464,2043.708309868599,2025-01-07 09:51:00+00:00,9,51,09:51,500.0,4.093853992256754,London Open,Normal,None,Other,1.5,-1.0
2025-01-07 09:52:00+00:00,2050.7877384192507,2053.043830540724,2048.9418448653178,2050.992837703021,500,4.513494343994295,4.563597951853427,0.9890210293746882,2053.3744211121802,4.381540210713167,2062.1375015336066,2044.6113406907539,0.008535297149245651,2064.671743935464,2043.708309868599,2025-01-07 09:52:00+00:00,9,52,09:52,500.0,4.101985675406013,London Open,Normal,None,Other,-1.0,-1.0
2025-01-07 09:53:00+00:00,2046.28003767045,2048.5311708252025,2044.438201452925,2046.484686139064,500,4.659290194430139,4.569686064296417,1.019608377659422,2052.8562022296896,4.558302360642136,2061.972806950974,2043.7395975084053,0.008881873665951225,2064.671743935464,2043.708309868599,2025-01-07 09:53:00+00:00,9,53,09:53,500.0,4.092969372277594,London Open,Normal,None,Other,1.5,-1.0
2025-01-07 09:54:00+00:00,2047.26113864301,2049.5133511167646,2045.4184193463016,2047.465885231533,500,4.6189788784324906,4.571933867921843,1.010289958662948,2052.5311314525525,4.7043755946298065,2061.939882641812,2043.1223802632928,0.009167949801181402,2063.729047270964,2043.708309868599,2025-01-07 09:54:00+00:00,9,54,09:54,500.0,4.094931770463063,London Open,Normal,None,Other,1.5,-1.0
2025-01-07 09:55:00+00:00,2047.2947554352252,2049.5470048911498,2045.4520058803785,2047.499505385764,500,4.581551745028119,4.573973448186247,1.0016568300904496,2051.991489681041,4.627112932357596,2061.2457155457564,2042.7372638163258,0.009019750726309065,2063.6209574393897,2043.708309868599,2025-01-07 09:55:00+00:00,9,55,09:55,500.0,4.094999010771289,London Open,Normal,None,Other,1.5,-1.0
2025-01-07 09:56:00+00:00,2048.985844041664,2051.239953881093,2047.141572354857,2049.190763117976,500,4.5470395865429465,4.575823960038409,0.9937094665907512,2051.681753059518,4.59518836247592,2060.87212978447,2042.4913763345662,0.008958871629332336,2063.6209574393897,2043.708309868599,2025-01-07 09:56:00+00:00,9,56,09:56,500.0,4.098381526235698,London Open,Normal,None,Other,-1.0,-1.0
2025-01-07 09:57:00+00:00,2050.474901770311,2052.7306497370546,2048.6292897975204,2050.679969767288,500,4.51520532604232,4.577003385919171,0.9864981397944848,2051.312930742385,4.345875288083171,2060.0046813185513,2042.6211801662187,0.008474329241439257,2063.6209574393897,2043.708309868599,2025-01-07 09:57:00+00:00,9,57,09:57,500.0,4.101359939534177,London Open,Normal,None,Other,-1.0,-1.0
2025-01-07 09:58:00+00:00,2050.1571197041126,2052.412518075624,2048.311793763785,2050.3621559197045,500,4.48559953931353,4.578053807682184,0.9798048969600333,2050.91176969746,4.01649155594545,2058.944752809351,2042.878786585569,0.007833572590083649,2060.443762195028,2043.708309868599,2025-01-07 09:58:00+00:00,9,58,09:58,500.0,4.100724311839258,London Open,Normal,None,Other,-1.0,-1.0
2025-01-07 09:59:00+00:00,2050.531617736417,2052.7874280969627,2048.685954714152,2050.7366914055574,500,4.458161956706177,4.578938619580248,0.9736234370214941,2050.580134242021,3.717964207351966,2058.016062656725,2043.144205827317,0.007252511901908794,2060.443762195028,2043.708309868599,2025-01-07 09:59:00+00:00,9,59,09:59,500.0,4.101473382810582,London Open,Normal,None,Other,-1.0,-1.0
2025-01-07 10:00:00+00:00,2049.026937942844,2051.2810929900857,2047.182629267828,2049.231861128957,500,4.432469225674146,4.578093402580566,0.9681910865286552,2050.2143313354295,3.450164344855636,2057.114660025141,2043.3140026457183,0.006731324217421374,2060.443762195028,2043.708309868599,2025-01-07 10:00:00+00:00,10,0,10:00,500.0,4.098463722257748,Other,Normal,None,Other,-1.0,-1.0
2025-01-07 10:01:00+00:00,2050.305273615943,2052.560834973056,2048.4598143237595,2050.510324648408,500,4.408794327361458,4.577269488904661,0.9631930866313229,2049.9148693354223,3.120045129361182,2056.1549595941447,2043.6747790767,0.006088145758702066,2060.443762195028,2043.708309868599,2025-01-07 10:01:00+00:00,10,1,10:01,500.0,4.101020649296515,Other,Normal,None,Other,-1.0,-1.0
2025-01-07 10:02:00+00:00,2046.4770855093043,2048.7284354383573,2044.6350719309885,2046.681753684673,500,4.5135413552227615,4.5784282003751535,0.9858277028026615,2049.401517522455,2.7209261830780833,2054.843369888611,2043.9596651562988,0.0053106746722183015,2060.443762195028,2043.708309868599,2025-01-07 10:02:00+00:00,10,2,10:02,500.0,4.093363507368849,Other,Squeeze,None,Other,1.5,-1.0
2025-01-07 10:03:00+00:00,2048.0879414351825,2050.3410634829656,2046.2444779415407,2048.292770712253,500,4.483758797094345,4.578018452432321,0.9794103810813835,2049.062281019944,2.3772634891153284,2053.8168079981747,2044.3077540417132,0.004640685666093184,2060.443762195028,2043.708309868599,2025-01-07 10:03:00+00:00,10,3,10:03,500.0,4.096585541424929,Other,Squeeze,None,Other,1.5,-1.0
2025-01-07 10:04:00+00:00,2048.0609612406065,2050.314053607208,2046.2175220315687,2048.2657878193886,500,4.4560997098475434,4.577584317975864,0.9734609786102117,2048.744703494902,1.9885842935407754,2052.7218720819833,2044.7675349078204,0.003882541909977265,2060.443762195028,2043.708309868599,2025-01-07 10:04:00+00:00,10,4,10:04,500.0,4.096531575639119,Other,Squeeze,None,Other,1.5,-1.0
2025-01-07 10:05:00+00:00,2047.08414212502,2049.336159883133,2045.241582141109,2047.288871012121,500,4.430276712145866,4.5771295489402695,0.9679159536071239,2048.4563949943413,1.732246565907695,2051.9208881261566,2044.991901862526,0.0033825402779197153,2060.443762195028,2043.708309868599,2025-01-07 10:05:00+00:00,10,5,10:05,500.0,4.094577742024057,Other,Squeeze,None,Other,1.5,-1.0
2025-01-07 10:06:00+00:00,2046.628648624429,2048.8801652895822,2044.786498625667,2046.8333319576248,500,4.406233137272247,4.576651689202976,0.9627634866046783,2048.26893668799,1.692461491049986,2051.65385967009,2044.8840137058899,0.0033051548275426354,2060.443762195028,2043.708309868599,2025-01-07 10:06:00+00:00,10,6,10:06,500.0,4.093666663915201,Other,Squeeze,None,Other,1.5,-1.0
2025-01-07 10:07:00+00:00,2046.3233221138028,2048.5745028862048,2044.4814469363823,2046.5279749112935,500,4.383863338168689,4.5761546817692755,0.9579797107019467,2048.148950088899,1.7279913212594293,2051.6049327314176,2044.69296744638,0.003374737606235955,2060.443762195028,2043.708309868599,2025-01-07 10:07:00+00:00,10,7,10:07,500.0,4.093055949822428,Other,Squeeze,None,Other,1.5,-1.0
2025-01-07 10:08:00+00:00,2049.0002376776056,2051.254363351618,2047.1559530352315,2049.2051581934247,500,4.408329416894097,4.576395135163777,0.9632755229157752,2048.279542393008,1.7027470864102763,2051.6850365658283,2044.8740482201874,0.0033252240256638117,2060.443762195028,2043.708309868599,2025-01-07 10:08:00+00:00,10,8,10:08,500.0,4.098410316386435,Other,Squeeze,None,Other,1.5,-1.0
2025-01-07 10:09:00+00:00,2055.6569466252995,2057.918395411466,2053.806670345709,2055.8625328785874,500,4.715822831261753,4.582062254950396,1.0291922215083051,2048.7849658403106,2.3067663764352853,2053.398498593181,2044.1714330874402,0.004503676891223404,2059.4267699148504,2043.708309868599,2025-01-07 10:09:00+00:00,10,9,10:09,500.0,4.111725065757128,Other,Squeeze,None,Other,-1.0,-1.0
2025-01-07 10:10:00+00:00,2058.1866944410604,2060.450926228124,2056.3341411607357,2058.39253369443,500,4.706720725424239,4.58786052560492,1.025907544302177,2049.3716195719758,3.095043407391215,2055.561706386758,2043.1815327571933,0.006040960805415286,2059.0057387339607,2043.708309868599,2025-01-07 10:10:00+00:00,10,10,10:10,500.0,4.116785067388264,Other,Normal,Upside Sweep,Other,-1.0,1.5
2025-01-07 10:11:00+00:00,2057.044047597455,2059.307022347287,2055.192522802138,2057.249772574713,500,4.664419212547443,4.590872520020266,1.016020199255468,2049.8877583942894,3.5001331211894766,2056.8880246366684,2042.8874921519105,0.006829901992158251,2060.450926228124,2043.708309868599,2025-01-07 10:11:00+00:00,10,11,10:11,500.0,4.114499545149101,Other,Normal,None,Other,-1.0,-1.0
2025-01-07 10:12:00+00:00,2058.360528076098,2060.6249510992834,2056.5078183298547,2058.5663847145693,500,4.62532732375325,4.592943533930887,1.0070507702921068,2050.2664357448666,3.9999811135508128,2058.266397971968,2042.266473517765,0.0078038269442724404,2060.450926228124,2043.708309868599,2025-01-07 10:12:00+00:00,10,12,10:12,500.0,4.117132769428736,Other,Normal,Upside Sweep,Other,-1.0,1.5
2025-01-07 10:13:00+00:00,2059.767546532819,2062.0335174310944,2057.9135703433203,2059.973543887208,500,4.589228735469026,4.59486075906618,0.9987742776348465,2050.940878632274,4.441585678827944,2059.82404998993,2042.057707274618,0.00866253284061497,2060.6249510992834,2043.708309868599,2025-01-07 10:13:00+00:00,10,13,10:13,500.0,4.119947087774108,Other,Normal,Upside Sweep,Other,-1.0,1.5
2025-01-07 10:14:00+00:00,2057.883390461178,2060.147288580497,2056.031110181735,2058.089199381116,500,4.5554394257042246,4.594544062828374,0.9914888971376897,2051.4720443397528,4.63514124988898,2060.7423268395305,2042.2017618399748,0.0090376883519867,2062.0335174310944,2043.708309868599,2025-01-07 10:14:00+00:00,10,14,10:14,500.0,4.116178398761804,Other,Normal,None,Other,-1.0,1.5
2025-01-07 10:15:00+00:00,2055.311000469799,2057.572068677136,2053.4610355728864,2055.5165521250115,500,4.5606340244560375,4.594859648663145,0.9925513232559638,2051.8728966767153,4.620147407565504,2061.1131914918465,2042.6326018615844,0.009006693182698552,2062.0335174310944,2043.708309868599,2025-01-07 10:15:00+00:00,10,15,10:15,500.0,4.1110331042496,Other,Normal,None,Other,-1.0,-1.0
2025-01-07 10:16:00+00:00,2055.2014945077967,2057.462442246529,2053.3516281761063,2055.4070352113176,500,4.528504027739374,4.594216036263792,0.985696796144167,2052.183710281382,4.639269861467666,2061.4622500043174,2042.9051705584466,0.009042601475150788,2062.0335174310944,2043.708309868599,2025-01-07 10:16:00+00:00,10,16,10:16,500.0,4.110814070422748,Other,Normal,None,Other,-1.0,-1.0
2025-01-07 10:17:00+00:00,2056.882735683105,2059.145532972085,2055.0313560830305,2057.088444527558,500,4.498909232119044,4.592025393251275,0.9797222024797424,2052.5041340193957,4.74993311397284,2062.0040002473415,2043.00426779145,0.009256854659135097,2062.0335174310944,2043.708309868599,2025-01-07 10:17:00+00:00,10,17,10:17,500.0,4.114176889054761,Other,Normal,None,Other,-1.0,1.5
2025-01-07 10:18:00+00:00,2053.590641267529,2055.8498168904853,2051.7422248487464,2053.796020869616,500,4.5594314068827835,4.588563358817537,0.9936511823730683,2052.6758272668912,4.730454285442551,2062.1367358377765,2043.2149186960062,0.009218122457730939,2062.0335174310944,2043.708309868599,2025-01-07 10:18:00+00:00,10,18,10:18,500.0,4.107592041738826,Other,Normal,None,Other,-1.0,-1.0
2025-01-07 10:19:00+00:00,2052.1312668541573,2054.388837004712,2050.284164003704,2052.336500504208,500,4.526948663606013,4.585208633410193,0.9872939326294405,2052.755817721824,4.7094176782279735,2062.17465307828,2043.336982365368,0.009176771318966792,2062.0335174310944,2043.708309868599,2025-01-07 10:19:00+00:00,10,19,10:19,500.0,4.1046730010079955,Other,Normal,None,Other,1.5,-1.0
2025-01-07 10:20:00+00:00,2053.327293043378,2055.586178954317,2051.479113661701,2053.532646308009,500,4.496956994249582,4.58207468834074,0.9814237654598378,2052.9708569807763,4.6376833907173065,2062.246223762211,2043.6954901993417,0.009036043302704678,2062.0335174310944,2044.438201452925,2025-01-07 10:20:00+00:00,10,20,10:20,500.0,4.107065292615971,Other,Normal,None,Other,1.5,-1.0
2025-01-07 10:21:00+00:00,2053.4335012969154,2055.6925040486167,2051.58522631825,2053.6388651834336,500,4.469122761115083,4.5791506690487465,0.9759719834777746,2053.127284007528,4.602954798847115,2062.3331936052223,2043.9213744098338,0.00896769495919912,2062.0335174310944,2044.438201452925,2025-01-07 10:21:00+00:00,10,21,10:21,500.0,4.107277730366604,Other,Normal,None,Other,1.5,-1.0
2025-01-07 10:22:00+00:00,2056.36434892996,2058.626575936484,2054.5134359246226,2056.570005930553,500,4.506164760539048,4.5774711828741665,0.9844223110345512,2053.6216966198217,4.40080890409459,2062.423314428011,2044.8200788116326,0.008571800563537424,2062.0335174310944,2044.438201452925,2025-01-07 10:22:00+00:00,10,22,10:22,500.0,4.11314001186156,Other,Normal,None,Other,-1.0,1.5
2025-01-07 10:23:00+00:00,2053.484645090537,2055.743704106038,2051.636324077854,2053.690014091946,500,4.536701695693331,4.5748806884365,0.9916546473354659,2053.891558788807,4.218542809901222,2062.3286444086093,2045.4544731690044,0.008215706991636772,2062.0335174310944,2044.438201452925,2025-01-07 10:23:00+00:00,10,23,10:23,500.0,4.1073800281837975,Other,Normal,None,Other,1.5,-1.0
2025-01-07 10:24:00+00:00,2058.341048064796,2060.6054496578254,2056.488355852316,2058.5469027550707,500,4.706611257849472,4.575799158846879,1.0285878148191185,2054.4056145355908,4.1222364112098475,2062.6500873580103,2046.161141713171,0.008026139301885971,2062.0335174310944,2044.4814469363823,2025-01-07 10:24:00+00:00,10,24,10:24,500.0,4.117093805509285,Other,Clustering,None,Other,-1.0,1.5
2025-01-07 10:25:00+00:00,2055.198320140783,2057.459264387362,2053.3484566663087,2055.403860526836,500,4.741742317200368,4.577933273474092,1.0357823135333653,2054.8113640113265,3.7691240885795874,2062.3496121884855,2047.2731158341674,0.007337168081884824,2062.0335174310944,2044.4814469363823,2025-01-07 10:25:00+00:00,10,25,10:25,500.0,4.110807721053334,Other,Clustering,None,Other,-1.0,1.5
2025-01-07 10:26:00+00:00,2051.0527249838988,2053.309108619744,2049.2065929182063,2051.2578507689755,500,4.845708409445325,4.58238984796594,1.057463151372044,2055.032589951894,3.386655500366906,2061.805900952628,2048.25927895116,0.006591925630622179,2062.0335174310944,2044.4814469363823,2025-01-07 10:26:00+00:00,10,26,10:26,500.0,4.102515701537868,Other,Clustering,None,Other,-1.0,1.5
2025-01-07 10:27:00+00:00,2050.9524047477144,2053.208678020264,2049.1063629792648,2051.1575204997644,500,4.792608883127745,4.586121643272656,1.0450243704629996,2055.2640672313173,2.8976880597191084,2061.0594433507554,2049.4686911118793,0.005639544048707195,2062.0335174310944,2044.4814469363823,2025-01-07 10:27:00+00:00,10,27,10:27,500.0,4.102315040999201,Other,Clustering,None,Other,-1.0,1.5
2025-01-07 10:28:00+00:00,2048.6474891391185,2050.9012267509324,2046.80352200218,2048.8523743765563,500,4.761279569874647,4.584352631947081,1.0385936580651782,2055.246428040474,2.937314647685088,2061.121057335844,2049.3717987451037,0.0057167152466200055,2062.0335174310944,2044.4814469363823,2025-01-07 10:28:00+00:00,10,28,10:28,500.0,4.097704748752449,Other,Clustering,None,Other,-1.0,1.5
2025-01-07 10:29:00+00:00,2048.588579767168,2050.842252572192,2046.7446656539655,2048.793459113079,500,4.713872951899789,4.582697643127909,1.0286240374091855,2054.8929743521985,3.266183690179816,2061.425341732558,2048.360606971839,0.006357866284903613,2062.0335174310944,2044.4814469363823,2025-01-07 10:29:00+00:00,10,29,10:29,500.0,4.097586918226625,Other,Clustering,None,Other,-1.0,1.5
2025-01-07 10:30:00+00:00,2048.4580337704056,2050.711562960472,2046.6142371603512,2048.662900060412,500,4.66983386962985,4.581148396990252,1.019358786259328,2054.4064926704978,3.437600016694604,2061.281692703887,2047.5312926371084,0.006693125297177514,2062.0335174310944,2044.4814469363823,2025-01-07 10:30:00+00:00,10,30,10:30,500.0,4.097325800120643,Other,Clustering,None,Other,-1.0,1.5
2025-01-07 10:31:00+00:00,2048.0775184392096,2050.3306290205505,2046.234064327203,2048.282346673877,500,4.628886071323971,4.579699617293827,1.0107401048410263,2053.958121375456,3.626836890900522,2061.211795157257,2046.7044475936548,0.007063117505963081,2062.0335174310944,2044.4814469363823,2025-01-07 10:31:00+00:00,10,31,10:31,500.0,4.0965646933475455,Other,Clustering,None,Other,-1.0,1.5
2025-01-07 10:32:00+00:00,2046.3733854860025,2048.624621333621,2044.5314652470408,2046.5780432903312,500,4.590619643842255,4.578335799067458,1.002683037093369,2053.358704304244,3.8111223368725295,2060.980948977989,2045.7364596304988,0.007424172559589756,2062.0335174310944,2044.4814469363823,2025-01-07 10:32:00+00:00,10,32,10:32,500.0,4.093156086579938,Other,Clustering,None,Other,-1.0,-1.0
2025-01-07 10:33:00+00:00,2047.279425772922,2049.5316583645317,2045.4366900161508,2047.484174190341,500,4.555215979880732,4.576529720543154,0.995342816071586,2052.734235819401,3.691549378364996,2060.117334576131,2045.351137062671,0.007193428772120433,2062.0335174310944,2044.4814469363823,2025-01-07 10:33:00+00:00,10,33,10:33,500.0,4.094968348380917,Other,Clustering,None,Other,-1.0,1.5
2025-01-07 10:34:00+00:00,2046.6503175001956,2048.901858003496,2044.8081479974949,2046.8550030004956,500,4.522251267460748,4.573850242497531,0.9887187003725317,2052.1725260003695,3.6885497422571993,2059.549625484884,2044.795426515855,0.00718955096713262,2062.0335174310944,2044.4814469363823,2025-01-07 10:34:00+00:00,10,34,10:34,500.0,4.093710006000947,Other,Normal,None,Other,-1.0,1.5
2025-01-07 10:35:00+00:00,2048.9308697112515,2051.18491907287,2047.086647506291,2049.135783289581,500,4.508513039240289,4.568917612514488,0.9867792377983031,2051.853487558598,3.6599264433487586,2059.1733404452953,2044.5336346719002,0.0071348689670889184,2062.0335174310944,2044.4814469363823,2025-01-07 10:35:00+00:00,10,35,10:35,500.0,4.098271566578887,Other,Normal,None,Other,-1.0,1.5
2025-01-07 10:36:00+00:00,2048.581818478871,2050.835483845734,2046.7379104514368,2048.786697148585,500,4.479160207458634,4.563307959234015,0.9815599226422785,2051.5224706554613,3.6207895950394056,2058.7640498455403,2044.2808914653826,0.007059712280670403,2062.0335174310944,2044.4814469363823,2025-01-07 10:36:00+00:00,10,36,10:36,500.0,4.097573394297115,Other,Normal,None,Other,-1.0,1.5
2025-01-07 10:37:00+00:00,2046.627078317612,2048.878593255255,2044.784929732268,2046.8317614937612,500,4.45162472999638,4.55734266993233,0.9768027230795177,2051.0096365037716,3.515790983035483,2058.0412184698425,2043.9780545377007,0.006856703002192829,2062.0335174310944,2044.4814469363823,2025-01-07 10:37:00+00:00,10,37,10:37,500.0,4.093663522987072,Other,Normal,None,Other,-1.0,1.5
2025-01-07 10:38:00+00:00,2043.1963091961277,2045.4440499103143,2041.3572486117928,2043.4006492610536,500,4.524688169422952,4.553419832400211,0.9936900913961818,2050.489867923344,3.8360101254819905,2058.161888174308,2042.81784767238,0.00748310964221826,2062.0335174310944,2044.5314652470408,2025-01-07 10:38:00+00:00,10,38,10:38,500.0,4.08680129852155,Other,Clustering,None,Other,-1.0,1.5
2025-01-07 10:39:00+00:00,2042.8651146497116,2045.112491013462,2041.0263521702784,2043.0694215918704,500,4.49336321754871,4.549743149980092,0.9876081065297877,2050.0265139777266,4.14819893869296,2058.3229118551126,2041.7301161003406,0.00809394202545042,2062.0335174310944,2041.3572486117928,2025-01-07 10:39:00+00:00,10,39,10:39,500.0,4.086138843183562,Other,Clustering,Downside Stop Hunt,Other,-1.0,1.5
2025-01-07 10:40:00+00:00,2040.29434845862,2042.538896696748,2038.4578999001512,2040.4983982984495,500,4.501803108560888,4.54692245184379,0.9900769490219464,2049.3748015772485,4.570736308794601,2058.5162741948375,2040.2333289596593,0.008921230621703363,2062.0335174310944,2041.0263521702784,2025-01-07 10:40:00+00:00,10,40,10:40,500.0,4.080996796596764,Other,Normal,None,Other,-1.0,1.5
2025-01-07 10:41:00+00:00,2037.562262714871,2039.8038053581213,2035.728273279484,2037.7660393188028,500,4.5209689593040725,4.545085524871592,0.9946939248039341,2048.581160284017,5.134633540838531,2058.850427365694,2038.3118932023401,0.010025736134616426,2062.0335174310944,2038.4578999001512,2025-01-07 10:41:00+00:00,10,41,10:41,500.0,4.075532078637252,Other,Clustering,Downside False Breakout,Other,-1.0,1.5
2025-01-07 10:42:00+00:00,2038.6576597840217,2040.9004074845536,2036.822684392677,2038.861545938616,500,4.489308540202109,4.543336742102156,0.9881082550189647,2047.6957372844201,5.210791135359077,2058.1173195551382,2037.274155013702,0.010178838663344405,2062.0335174310944,2035.728273279484,2025-01-07 10:42:00+00:00,10,42,10:42,500.0,4.077723091876578,Other,Normal,None,Other,-1.0,1.5
2025-01-07 10:43:00+00:00,2035.0571688513987,2037.2959556158116,2033.2254342259696,2035.2606949208907,500,4.57122305251956,4.543529487519967,1.0060951656802626,2046.7742713258674,5.701391680304559,2058.1770546864764,2035.3714879652582,0.011142199235504888,2062.0335174310944,2035.728273279484,2025-01-07 10:43:00+00:00,10,43,10:43,500.0,4.0705213898420425,Other,Normal,Downside False Breakout,Other,-1.0,-1.0
2025-01-07 10:44:00+00:00,2037.9534727453977,2040.195445762719,2036.1191311857708,2038.157288474245,500,4.5971893231844625,4.544691222747446,1.0115515219547258,2045.754790611826,5.2939001587433525,2056.342590929313,2035.1669902943393,0.010350996479221504,2060.6054496578254,2033.2254342259696,2025-01-07 10:44:00+00:00,10,44,10:44,500.0,4.076314576948107,Other,Clustering,None,Other,-1.0,1.5
2025-01-07 10:45:00+00:00,2038.299376192269,2040.5417297414351,2036.4647232884056,2038.5032265149205,500,4.560033403887681,4.545735329709845,1.0031453820208993,2044.9097589112303,5.014092031206825,2054.937942973644,2034.8815748488166,0.009807947777366021,2060.6054496578254,2033.2254342259696,2025-01-07 10:45:00+00:00,10,45,10:45,500.0,4.077006453029526,Other,Clustering,None,Other,-1.0,1.5
2025-01-07 10:46:00+00:00,2038.2303959458052,2040.472673609112,2036.3958051303723,2038.4342393697425,500,4.5255216235199685,4.546173599320133,0.9954572839446226,2044.2685783412685,4.979394867498017,2054.2273680762646,2034.3097886062724,0.009743132424484787,2060.6054496578254,2033.2254342259696,2025-01-07 10:46:00+00:00,10,46,10:46,500.0,4.076868478739698,Other,Normal,None,Other,-1.0,1.5
2025-01-07 10:47:00+00:00,2036.142756710531,2038.3827377410155,2034.310044958316,2036.346391349666,500,4.496855394084721,4.546611919907829,0.9890563508169141,2043.5280218837638,5.002252845178175,2053.53252757412,2033.5235161934074,0.009791405435325555,2060.6054496578254,2033.2254342259696,2025-01-07 10:47:00+00:00,10,47,10:47,500.0,4.072692782699505,Other,Clustering,None,Other,-1.0,1.5
2025-01-07 10:48:00+00:00,2037.7200998993396,2039.9618161808564,2035.88596839628,2037.923892288568,500,4.466783421976981,4.546655669609025,0.9824327476202058,2042.9815977793642,4.986899099956275,2052.9553959792765,2033.0077995794516,0.00976396283819061,2060.6054496578254,2033.2254342259696,2025-01-07 10:48:00+00:00,10,48,10:48,500.0,4.075847784576354,Other,Clustering,None,Other,-1.0,1.5
2025-01-07 10:49:00+00:00,2037.7345577100475,2039.9762898967467,2035.9004131936567,2037.9383515452016,500,4.438861513485053,4.546677685492544,0.9762868231562776,2042.4388424009708,4.911206425000837,2052.261255250972,2032.616429550969,0.009618317715163426,2060.6054496578254,2033.2254342259696,2025-01-07 10:49:00+00:00,10,49,10:49,500.0,4.075876703089989,Other,Clustering,None,Other,-1.0,1.5
2025-01-07 10:50:00+00:00,2036.35731784287,2038.5975349142043,2034.524412966324,2036.560973940264,500,4.412737258798997,4.546674084800764,0.9705418018745815,2041.833746094963,4.849127081146084,2051.5320002572553,2032.135491932671,0.009499553213713154,2060.6054496578254,2033.2254342259696,2025-01-07 10:50:00+00:00,10,50,10:50,500.0,4.073121947880281,Other,Clustering,None,Other,-1.0,1.5
2025-01-07 10:51:00+00:00,2036.7846407292404,2039.0253279027595,2034.9513512236333,2036.9883395631969,500,4.388540074536654,4.54664707783324,0.9652255825908673,2041.2690457394287,4.714381249426882,2050.6978082382825,2031.840283240575,0.009238137930454225,2060.6054496578254,2033.2254342259696,2025-01-07 10:51:00+00:00,10,51,10:51,500.0,4.07397667912619,Other,Normal,None,Other,-1.0,1.5
2025-01-07 10:52:00+00:00,2033.380385094841,2035.6173272126568,2031.550159725719,2033.583743469188,500,4.463514343318176,4.545814077821972,0.9818954904237464,2040.6193307483722,4.837997874999773,2050.2953264983717,2030.9433349983726,0.009483391247157266,2060.6054496578254,2033.2254342259696,2025-01-07 10:52:00+00:00,10,52,10:52,500.0,4.067167486937933,Other,Normal,Downside Stop Hunt,Other,-1.0,1.5
2025-01-07 10:53:00+00:00,2030.0781611102584,2032.3114704184104,2028.2509080399525,2030.2811892291816,500,4.525608706597985,4.54358605302477,0.9960433573355968,2039.7591815003138,5.076634843451103,2049.912451187216,2029.6059118134117,0.00995536118085672,2060.6054496578254,2031.550159725719,2025-01-07 10:53:00+00:00,10,53,10:53,500.0,4.060562378457917,Other,Clustering,None,Other,-1.0,1.5
2025-01-07 10:54:00+00:00,2027.825647169892,2030.056478464908,2026.0004215648785,2028.0284500148928,500,4.5081200607197776,4.5417384060628905,0.9925979124429019,2038.817853851034,5.425134627948368,2049.6681231069306,2027.9675845951372,0.010643686718165731,2060.6054496578254,2028.2509080399525,2025-01-07 10:54:00+00:00,10,54,10:54,500.0,4.056056900029489,Other,Normal,Downside False Breakout,Other,-1.0,-1.0
2025-01-07 10:55:00+00:00,2028.554836857941,2030.786470341833,2026.7289549165744,2028.757712629204,500,4.475934015329689,4.539978110567917,0.9858933030780149,2037.798950318015,5.297432914597217,2048.3938161472092,2027.2040844888204,0.010398342611316985,2057.459264387362,2026.0004215648785,2025-01-07 10:55:00+00:00,10,55,10:55,500.0,4.0575154252585435,Other,Normal,None,Other,-1.0,1.5
2025-01-07 10:56:00+00:00,2028.5685127679487,2030.8001612968465,2026.7426185170325,2028.7713899069397,500,4.446048927078565,4.538294932910177,0.9796738627182039,2036.7981849559328,4.994358683727485,2046.7869023233877,2026.809467588478,0.009808254387924075,2053.309108619744,2026.0004215648785,2025-01-07 10:56:00+00:00,10,56,10:56,500.0,4.057542779813957,Other,Normal,None,Other,-1.0,1.5
2025-01-07 10:57:00+00:00,2030.7178626193297,2032.951875669516,2028.8900337600865,2030.9209547148007,500,4.427080129614123,4.536826179636374,0.9758099504638622,2036.0026446169845,4.560356883090584,2045.1233583831656,2026.8819308508034,0.008959432140518558,2053.208678020264,2026.0004215648785,2025-01-07 10:57:00+00:00,10,57,10:57,500.0,4.061841909429631,Other,Normal,None,Other,-1.0,1.5
2025-01-07 10:58:00+00:00,2028.870770516725,2031.102751562398,2027.0446042066287,2029.0736778845137,500,4.400727788625206,4.535411650458235,0.9703039388234096,2035.2862960481575,4.461279288717549,2044.2088546255927,2026.3637374707223,0.008767865822867106,2051.18491907287,2026.0004215648785,2025-01-07 10:58:00+00:00,10,58,10:58,500.0,4.058147355769279,Other,Normal,None,Other,-1.0,1.5
2025-01-07 10:59:00+00:00,2030.057332847356,2032.2906192421271,2028.230098524361,2030.260358883244,500,4.376427283563847,4.534049405905862,0.965235905427783,2034.6458429127263,4.196719531715733,2043.0392819761578,2026.2524038492948,0.008250516022400997,2051.18491907287,2026.0004215648785,2025-01-07 10:59:00+00:00,10,59,10:59,500.0,4.060520717766167,Other,Normal,None,Other,-1.0,1.5
2025-01-07 11:00:00+00:00,2029.8464806216568,2032.079535055784,2028.0194360846435,2030.0494855702136,500,4.353832404105029,4.532738792213044,0.9605301791456935,2034.1233972763143,4.078517204411438,2042.2804316851373,2025.9663628674914,0.008020196237598157,2051.18491907287,2026.0004215648785,2025-01-07 11:00:00+00:00,11,0,11:00,500.0,4.060098971140405,Other,Normal,None,Other,-1.0,1.5
2025-01-07 11:01:00+00:00,2027.953425407224,2030.1843972723584,2026.128084790296,2028.156241031327,500,4.332580981101982,4.531468569775385,0.9561096837347673,2033.6429073619406,4.191297064614786,2042.0255014911702,2025.260313232711,0.008243919420547188,2051.18491907287,2026.0004215648785,2025-01-07 11:01:00+00:00,11,1,11:01,500.0,4.056312482062367,Other,Normal,None,Other,-1.0,1.5
2025-01-07 11:02:00+00:00,2028.7552494252864,2030.9871033850504,2026.9291870945708,2028.9581452398104,500,4.312962074628957,4.528125581765489,0.95248287547435,2033.1477373270004,4.126814694105148,2041.4013667152108,2024.89410793879,0.008119065070068626,2051.18491907287,2026.0004215648785,2025-01-07 11:02:00+00:00,11,2,11:02,500.0,4.057916290479625,Other,Normal,None,Other,-1.0,1.5
2025-01-07 11:03:00+00:00,2028.6416182562175,2030.873347209195,2026.8156582037816,2028.8445027064884,500,4.294728283970696,4.524975073213429,0.9491164513577702,2032.8269277162804,4.2026072931556735,2041.2321423025917,2024.421713129969,0.008269483714242139,2051.18491907287,2026.0004215648785,2025-01-07 11:03:00+00:00,11,3,11:03,500.0,4.057689005413295,Other,Normal,None,Other,-1.0,1.5
2025-01-07 11:04:00+00:00,2027.3860360099532,2029.616383684332,2025.561206094553,2027.5887948894424,500,4.2776175200998665,4.522000370050967,0.9459569150923475,2032.2985030370405,4.161331328074564,2040.6211656931896,2023.9758403808914,0.008190393924624555,2051.18491907287,2026.0004215648785,2025-01-07 11:04:00+00:00,11,4,11:04,500.0,4.055177589779078,Other,Normal,Downside Stop Hunt,Other,-1.0,1.5
2025-01-07 11:05:00+00:00,2027.491460974092,2029.7219246275283,2025.6665361667344,2027.6942303971316,500,4.261744015863726,4.519191491779599,0.9430324038306035,2031.7580532311508,4.012322488418642,2039.782698207988,2023.7334082543136,0.007899213160814503,2051.18491907287,2025.561206094553,2025-01-07 11:05:00+00:00,11,5,11:05,500.0,4.055388460793893,Other,Normal,None,Other,-1.0,1.5
2025-01-07 11:06:00+00:00,2027.2491286206048,2029.4793256817936,2025.424421934178,2027.451873807986,500,4.2469697109888545,4.516537101341542,0.940315470834366,2031.208934953063,3.796237787677391,2038.8014105284176,2023.6164593777082,0.007475819394748901,2050.835483845734,2025.561206094553,2025-01-07 11:06:00+00:00,11,6,11:06,500.0,4.054903747615526,Other,Normal,Downside Stop Hunt,Other,-1.0,1.5
2025-01-07 11:07:00+00:00,2026.957858035465,2029.1877346669671,2025.1334135187813,2027.1605740928744,500,4.233209099360069,4.514026197361398,0.9377901045046048,2030.7496440902232,3.69632684648488,2038.142297783193,2023.3569903972534,0.007280714010694044,2048.878593255255,2025.424421934178,2025-01-07 11:07:00+00:00,11,7,11:07,500.0,4.054321148185863,Other,Normal,Downside Stop Hunt,Other,-1.0,1.5
2025-01-07 11:08:00+00:00,2026.141982930546,2028.3709620096772,2024.3182727748929,2026.3446173922853,500,4.220314823318946,4.510892620801813,0.935583082571534,2030.1706803454094,3.409153727423361,2036.9889878002562,2023.3523728905627,0.006716979533648534,2045.4440499103143,2025.1334135187813,2025-01-07 11:08:00+00:00,11,8,11:08,500.0,4.052689234784339,Other,Normal,Downside Stop Hunt,Other,-1.0,1.5
2025-01-07 11:09:00+00:00,2023.5199314074616,2025.7460259414631,2021.698581334188,2023.7223036378252,500,4.2507234829459675,4.503140964996549,0.9439463512218134,2029.4598779500404,3.178582098627755,2035.817042147296,2023.102713752785,0.006264882855114062,2045.112491013462,2024.3182727748929,2025-01-07 11:09:00+00:00,11,9,11:09,500.0,4.047444607275111,Other,Normal,None,Other,-1.0,1.5
2025-01-07 11:10:00+00:00,2023.6914631858976,2025.9177464237252,2021.869958718584,2023.8938525711544,500,4.2362280702456285,4.495299420743573,0.9423683883430638,2028.826521881585,2.942399442129107,2034.7113207658433,2022.9417229973267,0.005801184892634985,2042.538896696748,2021.698581334188,2025-01-07 11:10:00+00:00,11,10,11:10,500.0,4.047787705141218,Other,Normal,None,Other,-1.0,1.5
2025-01-07 11:11:00+00:00,2022.0878895469623,2024.3124086773769,2020.2678284402596,2022.2901185588184,500,4.222538939307892,4.487934749522912,0.9408646014197882,2028.091610831366,2.6137691131396754,2033.3191490576455,2022.8640726050867,0.005155130269619843,2040.9004074845536,2021.698581334188,2025-01-07 11:11:00+00:00,11,11,11:11,500.0,4.044580237117316,Other,Squeeze,Downside Stop Hunt,Other,-1.0,1.5
2025-01-07 11:12:00+00:00,2020.0459474694485,2022.2682202389412,2018.2277242944083,2020.247972266675,500,4.211100033958054,4.48103096135966,0.9397614232686083,2027.4248222712401,2.8309473577359787,2033.0867169867122,2021.762927555768,0.005585306693768559,2040.9004074845536,2020.2678284402596,2025-01-07 11:12:00+00:00,11,12,11:12,500.0,4.04049594453295,Other,Squeeze,Downside False Breakout,Other,-1.0,1.5
2025-01-07 11:13:00+00:00,2019.5799769360185,2021.801737086663,2017.7621731764,2019.781955131532,500,4.198847453694125,4.474524606663411,0.9383896218698293,2026.8998605663578,3.2201167516283293,2033.3400940696145,2020.4596270631012,0.006354762392116515,2040.5417297414351,2018.2277242944083,2025-01-07 11:13:00+00:00,11,13,11:13,500.0,4.039563910263041,Other,Normal,Downside Stop Hunt,Other,-1.0,1.5
2025-01-07 11:14:00+00:00,2021.083157180595,2023.3065709948748,2019.2640004234568,2021.285285709166,500,4.1876848192458365,4.468395363222439,0.9371786690392221,2026.5627023510715,3.441160372142417,2033.4450230953564,2019.6803816067866,0.006792112315400411,2040.5417297414351,2017.7621731764,2025-01-07 11:14:00+00:00,11,14,11:14,500.0,4.042570571418082,Other,Normal,None,Other,-1.0,1.5
2025-01-07 11:15:00+00:00,2021.478547016842,2023.702395803439,2019.6590343732623,2021.6807150883508,500,4.177376005740896,4.462007729577186,0.9362099437996131,2026.208852474029,3.56519464465998,2033.339241763349,2019.078463184709,0.007038158263511346,2040.5417297414351,2017.7621731764,2025-01-07 11:15:00+00:00,11,15,11:15,500.0,4.043361430176674,Other,Normal,None,Other,-1.0,1.5
2025-01-07 11:16:00+00:00,2020.425343680895,2022.6480338279584,2018.6067790151155,2020.627406421537,500,4.1676530633910405,4.455993546838046,0.9352915392681368,2025.801653299759,3.718880440070891,2033.2394141799007,2018.3638924196173,0.007343029726554504,2040.472673609112,2017.7621731764,2025-01-07 11:16:00+00:00,11,16,11:16,500.0,4.041254812842908,Other,Normal,None,Other,-1.0,1.5
2025-01-07 11:17:00+00:00,2019.2915041469528,2021.5129469457945,2017.4739600388104,2019.4934534923025,500,4.158462623647685,4.450319436696859,0.9344189069569807,2025.2302782386341,3.7684850470478506,2032.7672483327299,2017.6933081445384,0.007443074671637577,2039.9762898967467,2017.7621731764,2025-01-07 11:17:00+00:00,11,17,11:17,500.0,4.038986906984064,Other,Normal,Downside Stop Hunt,Other,-1.0,1.5
2025-01-07 11:18:00+00:00,2020.5960105689903,2022.8188884684064,2018.7772922876504,2020.7980903780283,500,4.15011502058399,4.443497496925212,0.9339748752994156,2024.8164988633096,3.7785851738977665,2032.3736692111052,2017.259328515514,0.007464548369729337,2039.9762898967467,2017.4739600388104,2025-01-07 11:18:00+00:00,11,18,11:18,500.0,4.04159618075596,Other,Normal,None,Other,-1.0,1.5
2025-01-07 11:19:00+00:00,2015.7791323893025,2017.9967111928108,2013.9647497318865,2015.980730462349,500,4.3417739938381175,4.44041125242908,0.9777864587346489,2024.1025174422648,4.0361277321773885,2032.1747729066196,2016.03026197791,0.007976133021715973,2039.9762898967467,2017.4739600388104,2025-01-07 11:19:00+00:00,11,19,11:19,500.0,4.031961460924322,Other,Normal,Downside False Breakout,Other,-1.0,1.5
2025-01-07 11:20:00+00:00,2017.4072590445428,2019.626628966484,2015.591410926591,2017.6090199465373,500,4.319877139984906,4.437459921524668,0.9735022324439696,2023.4804941610812,4.029999574926113,2031.5404933109335,2015.420495011229,0.007966470814134421,2039.0253279027595,2013.9647497318865,2025-01-07 11:20:00+00:00,11,20,11:20,500.0,4.035218039893152,Other,Normal,None,Other,-1.0,1.5
2025-01-07 11:21:00+00:00,2013.650282708621,2015.865519543284,2011.8378162075333,2013.8516678754088,500,4.423543325629129,4.436700264266569,0.9970345216368557,2022.7652655032853,4.408112623278974,2031.5814907498432,2013.9490402567274,0.0087170028049343,2039.0253279027595,2013.9647497318865,2025-01-07 11:21:00+00:00,11,21,11:21,500.0,4.027703335750857,Other,Normal,Downside False Breakout,Other,-1.0,-1.0
2025-01-07 11:22:00+00:00,2010.8222703976232,2013.0343961076312,2009.0123493621616,2011.0233727348968,500,4.453241553316137,4.4358182108128545,1.0039278756872432,2021.8685268780396,4.880871170104595,2031.6302692182487,2012.1067845378304,0.009656159350066359,2035.6173272126568,2011.8378162075333,2025-01-07 11:22:00+00:00,11,22,11:22,500.0,4.022046745469652,Other,Normal,Downside False Breakout,Other,1.5,-1.0
2025-01-07 11:23:00+00:00,2009.808537050944,2012.019547542749,2007.9995284667395,2010.0095380047444,500,4.422297090651376,4.433911467395489,0.9973805573635111,2020.9267786429523,5.265921960443938,2031.4586225638402,2010.3949347220644,0.010422786250534057,2032.951875669516,2009.0123493621616,2025-01-07 11:23:00+00:00,11,23,11:23,500.0,4.020019076009476,Other,Normal,Downside Stop Hunt,Other,1.5,-1.0
2025-01-07 11:24:00+00:00,2014.1949488890489,2016.4107849164293,2012.3819921393736,2014.3963885279013,500,4.563650649296627,4.431528790586274,1.0298140585233282,2020.267158324875,5.213496165480999,2030.6941506558371,2009.840165993913,0.010322389579017599,2032.951875669516,2007.9995284667395,2025-01-07 11:24:00+00:00,11,24,11:24,500.0,4.028792777055742,Other,Normal,None,Other,1.5,-1.0
2025-01-07 11:25:00+00:00,2017.5966096476045,2019.8161878760395,2015.7805910970665,2017.798389486553,500,4.624804127785312,4.429579820762689,1.0440728725798216,2019.7723662793462,4.933597703643451,2029.6395616866332,2009.9051708720592,0.009770601451948283,2032.951875669516,2007.9995284667395,2025-01-07 11:25:00+00:00,11,25,11:25,500.0,4.0355967789730585,Other,Normal,None,Other,-1.0,1.5
2025-01-07 11:26:00+00:00,2019.042710909615,2021.263880008525,2017.2253907377792,2019.2446353731525,500,4.582924495139625,4.425200088857595,1.035642321954926,2019.3620043576047,4.590625835199465,2028.5432560280037,2010.1807526872058,0.00909322018596631,2032.951875669516,2007.9995284667395,2025-01-07 11:26:00+00:00,11,26,11:26,500.0,4.038489270745686,Other,Normal,None,Other,-1.0,1.5
2025-01-07 11:27:00+00:00,2019.782911275866,2022.0048946766092,2017.964924857076,2019.9849097668427,500,4.544142018310588,4.421058974443976,1.0278401723609878,2019.0032211413031,4.214004714384788,2027.4312305700728,2010.5752117125335,0.008348683489475036,2032.951875669516,2007.9995284667395,2025-01-07 11:27:00+00:00,11,27,11:27,500.0,4.039969819533098,Other,Normal,None,Other,-1.0,1.5
2025-01-07 11:28:00+00:00,2016.045176637475,2018.263048118924,2014.230554516289,2016.2468013176067,500,4.630585820613673,4.418880745289626,1.047909207676563,2018.498330337569,3.8797879471422676,2026.2579062318537,2010.7387544432845,0.007688464020663209,2032.2906192421271,2007.9995284667395,2025-01-07 11:28:00+00:00,11,28,11:28,500.0,4.032493602634986,Other,Normal,None,Other,-1.0,1.5
2025-01-07 11:29:00+00:00,2016.381396660353,2018.599638020815,2014.566471910884,2016.5830549658492,500,4.587912984136341,4.416781412493568,1.0387457643157754,2018.1413679039701,3.6980241873109594,2025.537416278592,2010.7453195293483,0.007329564214129692,2032.2906192421271,2007.9995284667395,2025-01-07 11:29:00+00:00,11,29,11:29,500.0,4.033166109931017,Other,Normal,None,Other,-1.0,1.5
2025-01-07 11:30:00+00:00,2015.29441351034,2017.5114590697567,2013.480467143544,2015.4959631066504,500,4.548132908570365,4.4147530631425775,1.0302123003303025,2017.721473430745,3.4808735611948065,2024.6832205531346,2010.7597263083553,0.0069006026986990635,2032.079535055784,2007.9995284667395,2025-01-07 11:30:00+00:00,11,30,11:30,500.0,4.030991926212664,Lunch Session,Normal,None,Other,-1.0,1.5
2025-01-07 11:31:00+00:00,2013.669392824036,2015.8846506819275,2011.856909122124,2013.8707799020256,500,4.510962097944154,4.412787663586247,1.0222477132013466,2017.3005064979056,3.4076090815959112,2024.1157246610974,2010.485288334714,0.006756770388188871,2030.9871033850504,2007.9995284667395,2025-01-07 11:31:00+00:00,11,31,11:31,500.0,4.027741559803417,Lunch Session,Normal,None,Other,-1.0,1.5
2025-01-07 11:32:00+00:00,2014.001279109352,2016.216902078669,2012.1884966799105,2014.2026993792897,500,4.4764937622880305,4.410885565560343,1.0148741552580616,2016.9982428535363,3.4005091080022023,2023.7992610695408,2010.197224637532,0.006743702668161696,2030.9871033850504,2007.9995284667395,2025-01-07 11:32:00+00:00,11,32,11:32,500.0,4.028405398758423,Lunch Session,Normal,None,Other,-1.0,1.5
2025-01-07 11:33:00+00:00,2013.072817038544,2015.2874185974424,2011.2608703085368,2013.2741444529893,500,4.444354799903571,4.40903787922739,1.0080101195869902,2016.6728523196093,3.431342046315808,2023.5355364122408,2009.8101682269778,0.006805946819523015,2030.873347209195,2007.9995284667395,2025-01-07 11:33:00+00:00,11,33,11:33,500.0,4.0265482889055875,Lunch Session,Normal,None,Other,-1.0,1.5
2025-01-07 11:34:00+00:00,2014.8436895021464,2017.06023921557,2013.0301488275272,2015.0451940215487,500,4.414764484770652,4.407246432849222,1.0017058387898155,2016.3608477352282,3.269764590642672,2022.9003769165136,2009.8213185539428,0.006486467130752486,2029.7219246275283,2007.9995284667395,2025-01-07 11:34:00+00:00,11,34,11:34,500.0,4.030090388042709,Lunch Session,Normal,None,Other,-1.0,1.5
2025-01-07 11:35:00+00:00,2010.9669261261492,2013.1792109733728,2009.156874887512,2011.1680429304424,500,4.520018388289655,4.407438188666712,1.0255432282436612,2015.8352141273328,3.2140666843464887,2022.2633474960257,2009.40708075864,0.006377637739080448,2029.7219246275283,2007.9995284667395,2025-01-07 11:35:00+00:00,11,35,11:35,500.0,4.022336085860843,Lunch Session,Normal,None,Other,-1.0,1.5
2025-01-07 11:36:00+00:00,2011.1378885516067,2013.3503614763056,2009.327683431398,2011.339022453852,500,4.484494078048072,4.407527086509869,1.0174626247388874,2015.3707949289485,3.155706586326224,2021.682208101601,2009.059381756296,0.006263277396430638,2029.4793256817936,2007.9995284667395,2025-01-07 11:36:00+00:00,11,36,11:36,500.0,4.0226780449074795,Lunch Session,Normal,None,Other,-1.0,1.5
2025-01-07 11:37:00+00:00,2009.390773512948,2011.6013244189023,2007.5821409535304,2009.5917326862168,500,4.451257605714063,4.4075209677718306,1.0099231831821194,2014.8757088886443,3.2501841255539503,2021.3760771397522,2008.3753406375365,0.006452376414516677,2029.1877346669671,2007.9995284667395,2025-01-07 11:37:00+00:00,11,37,11:37,500.0,4.0191834653719525,Lunch Session,Normal,Downside Stop Hunt,Other,-1.0,1.5
2025-01-07 11:38:00+00:00,2008.587909402877,2010.7975770699868,2006.779999493424,2008.7887882817051,500,4.420280460774692,4.405780839294359,1.0032910446545624,2014.275243783828,3.2075164460136865,2020.6902766758553,2007.8602108918008,0.00636956931464501,2028.3709620096772,2007.5821409535304,2025-01-07 11:38:00+00:00,11,38,11:38,500.0,4.017577576562871,Lunch Session,Normal,Downside Stop Hunt,Other,-1.0,1.5
2025-01-07 11:39:00+00:00,2009.2199636502903,2011.4303266466047,2007.411484835124,2009.4209057408648,500,4.391606271539414,4.404084890194205,0.997166580807156,2013.947252547754,3.3559014890778305,2020.6590555259097,2007.2354495695984,0.006665321516901572,2025.9177464237252,2006.779999493424,2025-01-07 11:39:00+00:00,11,39,11:39,500.0,4.018841811480797,Lunch Session,Normal,None,Other,-1.0,1.5
2025-01-07 11:40:00+00:00,2006.9963699154416,2009.2042867140285,2005.18989253478,2007.197089624404,500,4.380135338292653,4.402057094023067,0.9950201109930676,2013.426656031647,3.5593846721391986,2020.5454253759256,2006.3078866873686,0.007071297405299246,2025.9177464237252,2006.779999493424,2025-01-07 11:40:00+00:00,11,40,11:40,500.0,4.014394179248484,Lunch Session,Normal,Downside Stop Hunt,Other,-1.0,1.5
2025-01-07 11:41:00+00:00,2007.3460836513652,2009.554385173534,2005.539291496864,2007.546838335199,500,4.354060933891032,4.3992752935995165,0.9897223163609999,2013.1114145546367,3.791397762945988,2020.6942100805286,2005.5286190287447,0.007533408703630521,2024.3124086773769,2005.18989253478,2025-01-07 11:41:00+00:00,11,41,11:41,500.0,4.015093676669949,Lunch Session,Normal,None,Other,-1.0,1.5
2025-01-07 11:42:00+00:00,2006.939961935921,2009.1478166795248,2005.1335353275176,2007.140676003521,500,4.32979096375647,4.396616667325422,0.9848006527233578,2012.917279718068,3.997731438611598,2020.912742595291,2004.9218168408447,0.007944154444680456,2023.702395803439,2005.18989253478,2025-01-07 11:42:00+00:00,11,42,11:42,500.0,4.014281352007174,Lunch Session,Normal,Downside Stop Hunt,Other,-1.0,1.5
2025-01-07 11:43:00+00:00,2005.6346977973783,2007.841116606836,2003.8294460441853,2005.8352813255108,500,4.3070680779632085,4.392214084416151,0.9806143314473114,2012.7085668841064,4.258019028347526,2021.2246049408016,2004.1925288274113,0.008462266417317349,2023.702395803439,2005.1335353275176,2025-01-07 11:43:00+00:00,11,43,11:43,500.0,4.0116705626508065,Lunch Session,Normal,Downside Stop Hunt,Other,-1.0,1.5
2025-01-07 11:44:00+00:00,2004.7111703305795,2006.9165731582257,2002.9067498352329,2004.9116614967293,500,4.285836309751038,4.387024867525593,0.9769345830420085,2012.2343305325478,4.576420022620355,2021.3871705777885,2003.081490487307,0.009097191024286314,2023.702395803439,2003.8294460441853,2025-01-07 11:44:00+00:00,11,44,11:44,500.0,4.0098233229928155,Lunch Session,Normal,Downside Stop Hunt,Other,-1.0,1.5
2025-01-07 11:45:00+00:00,2004.421406483085,2006.6264905386224,2002.6172468012824,2004.6218686699528,500,4.266079697435968,4.382125639084731,0.9735183444733454,2011.5755044917175,4.680522759657673,2020.936550011033,2002.214458972402,0.009307177879639946,2023.702395803439,2002.9067498352329,2025-01-07 11:45:00+00:00,11,45,11:45,500.0,4.009243737340057,Lunch Session,Normal,Downside Stop Hunt,Other,-1.0,1.5
2025-01-07 11:46:00+00:00,2002.9029581951395,2005.106371790513,2001.1001652534696,2003.103268521992,500,4.247517328836503,4.3774922341733395,0.9703083641537559,2010.76843614916,4.680163067497031,2020.128762284154,2001.408110014166,0.009310197998651753,2022.8188884684064,2002.6172468012824,2025-01-07 11:46:00+00:00,11,46,11:46,500.0,4.006206537043454,Lunch Session,Normal,Downside Stop Hunt,Other,-1.0,-1.0
2025-01-07 11:47:00+00:00,2002.9371970629848,2005.14064832488,2001.134373303252,2003.1375108140664,500,4.230285735464466,4.373049406529669,0.9673537484273482,2009.9260662015208,4.44421855886168,2018.8145033192443,2001.0376290837974,0.008844541366162162,2022.8188884684064,2001.1001652534696,2025-01-07 11:47:00+00:00,11,47,11:47,500.0,4.006275021627971,Lunch Session,Normal,None,Other,-1.0,-1.0
2025-01-07 11:48:00+00:00,2002.400128149949,2004.6029885769565,2000.5977878005792,2002.600388188768,500,4.214208238386807,4.3688398201364995,0.9646058019712747,2009.2437455450788,4.470212109382167,2018.184169763843,2000.3033213263145,0.00889929281958659,2022.8188884684064,2001.1001652534696,2025-01-07 11:48:00+00:00,11,48,11:48,500.0,4.005200776377251,Lunch Session,Normal,Downside Stop Hunt,Other,-1.0,-1.0
2025-01-07 11:49:00+00:00,2001.1964818226943,2003.3980181063275,1999.395224863358,2001.3966214848429,500,4.199107167285576,4.364843914366507,0.9620291698093892,2008.4844238710284,4.4476702056356965,2017.3797642823,1999.589083459757,0.008857763899534916,2022.0048946766092,2000.5977878005792,2025-01-07 11:49:00+00:00,11,49,11:49,500.0,4.002793242969574,Lunch Session,Normal,Downside Stop Hunt,Other,-1.0,-1.0
2025-01-07 11:50:00+00:00,2004.400642865313,2006.605704078586,2002.5965018726351,2004.6011029756107,500,4.271248269175409,4.362485764539448,0.9790858927023522,2007.9396808644765,4.204241184205168,2016.348163232887,1999.531198496066,0.00837523402574557,2022.0048946766092,1999.395224863358,2025-01-07 11:50:00+00:00,11,50,11:50,500.0,4.009202205950942,Lunch Session,Normal,None,Other,-1.0,1.5
2025-01-07 11:51:00+00:00,2005.253175292032,2007.4591743847625,2003.4482669434344,2005.453720664099,500,4.252652495757743,4.3602209715598,0.9753295815731156,2007.5188279025801,3.99537201204724,2015.5095719266747,1999.5280838784856,0.007960816021280456,2022.0048946766092,1999.395224863358,2025-01-07 11:51:00+00:00,11,51,11:51,500.0,4.010907441328072,Lunch Session,Normal,None,Other,-1.0,1.5
2025-01-07 11:52:00+00:00,2004.505932166072,2006.7111092091588,2002.7016964035463,2004.7064028063528,500,4.2352782321759435,4.356417036374096,0.9721930193581793,2007.0440130739335,3.713585069877375,2014.4711832136882,1999.6168429341787,0.007401103405180894,2022.0048946766092,1999.395224863358,2025-01-07 11:52:00+00:00,11,52,11:52,500.0,4.0094128056125555,Lunch Session,Normal,None,Other,-1.0,1.5
2025-01-07 11:53:00+00:00,2004.818379672719,2007.023900442436,2003.0138626793143,2005.0188815608751,500,4.219189627243487,4.351310051718187,0.9696366328980556,2006.6312499293276,3.432834640621539,2013.4969192105707,1999.7655806480846,0.006842980524184378,2022.0048946766092,1999.395224863358,2025-01-07 11:53:00+00:00,11,53,11:53,500.0,4.010037763121545,Lunch Session,Normal,None,Other,-1.0,1.5
2025-01-07 11:54:00+00:00,2002.7808760366092,2004.9841553281783,2000.9781929798708,2002.9811741540248,500,4.20643955251212,4.346282043248059,0.967824800750521,2006.0280489359513,2.8942255480572494,2011.8165000320657,2000.239597839837,0.005771056989143027,2022.0048946766092,1999.395224863358,2025-01-07 11:54:00+00:00,11,54,11:54,500.0,4.005962348307548,Lunch Session,Squeeze,None,Other,-1.0,1.5
2025-01-07 11:55:00+00:00,2001.9263283854248,2004.128667580568,2000.1244144984887,2002.1265410395288,500,4.191997661766914,4.3415497706886805,0.9655532893043297,2005.5759738414058,2.7517370276539808,2011.0794478967139,2000.0724997860978,0.005488173100485354,2022.0048946766092,1999.395224863358,2025-01-07 11:55:00+00:00,11,55,11:55,500.0,4.004253082079231,Lunch Session,Squeeze,None,Other,-1.0,1.5
2025-01-07 11:56:00+00:00,2001.3056724042387,2003.507328809524,1999.504317163551,2001.5058229865372,500,4.178498660638789,4.337090599581351,0.9634335655893677,2005.08431386804,2.5380046534914156,2010.1603231750228,2000.0083045610572,0.005063138015568591,2022.0048946766092,1999.395224863358,2025-01-07 11:56:00+00:00,11,56,11:56,500.0,4.003011645973174,Lunch Session,Squeeze,None,Other,-1.0,1.5
2025-01-07 11:57:00+00:00,1998.8319997636927,2001.0309348569417,1997.032871051034,1999.031902953988,500,4.199531037414823,4.333298114711362,0.9691304235814273,2004.5563223814286,2.6470165735591125,2009.8503555285467,1999.2622892343104,0.005281999899936778,2022.0048946766092,1999.395224863358,2025-01-07 11:57:00+00:00,11,57,11:57,500.0,3.9980638059078046,Lunch Session,Squeeze,Downside False Breakout,Other,-1.0,-1.0
2025-01-07 11:58:00+00:00,1999.6264015689933,2001.8262105916212,1997.826557823207,1999.8263842074143,500,4.1852540182005,4.329706885204284,0.966636802251576,2004.108202177714,2.6514102629471896,2009.4110227036083,1998.8053816518197,0.005291950324969579,2018.599638020815,1997.032871051034,2025-01-07 11:58:00+00:00,11,58,11:58,500.0,3.9996527684143075,Lunch Session,Squeeze,None,Other,-1.0,-1.0
2025-01-07 11:59:00+00:00,1998.6356068693967,2000.8343259088567,1996.83665492802,1998.8354904184384,500,4.171855229817379,4.326297350975176,0.9643015473444088,2003.578931411593,2.5909119562520484,2008.760755324097,1998.3971074990889,0.005172567779851163,2018.599638020815,1997.032871051034,2025-01-07 11:59:00+00:00,11,59,11:59,500.0,3.9976709808368014,Lunch Session,Squeeze,Downside Stop Hunt,Other,-1.0,-1.0
2025-01-07 12:00:00+00:00,1997.9452641389169,2000.143223725428,1996.1469335681345,1998.1450786467813,500,4.159314867494246,4.323055392031663,0.9621238893123538,2003.1263308627117,2.713343367952194,2008.5530175986162,1997.6996441268072,0.0054182171661307935,2017.5114590697567,1996.83665492802,2025-01-07 12:00:00+00:00,12,0,12:00,500.0,3.996290157293515,Lunch Session,Squeeze,Downside Stop Hunt,Other,1.5,-1.0
2025-01-07 12:01:00+00:00,1996.8292842315004,1999.0260161173435,1995.031958143083,1997.0289871302132,500,4.147510803691828,4.319970889074827,0.9600784149219272,2002.6004383024624,2.828314236573614,2008.2570667756097,1996.9438098293151,0.005649283166982854,2017.06023921557,1996.1469335681345,2025-01-07 12:01:00+00:00,12,1,12:01,500.0,3.994057974260386,Lunch Session,Squeeze,Downside Stop Hunt,Other,1.5,-1.0
2025-01-07 12:02:00+00:00,2002.7668615109567,2004.9701253850064,2000.964191068553,2002.96715822678,500,4.418484193056216,4.321729591048614,1.0223879351933551,2002.3917624136252,2.6221493753314298,2007.636061164288,1997.1474636629623,0.005238034683424353,2017.06023921557,1995.031958143083,2025-01-07 12:02:00+00:00,12,2,12:02,500.0,4.005934316453477,Lunch Session,Squeeze,None,Other,-1.0,1.5
2025-01-07 12:03:00+00:00,2001.4602519178509,2003.662078377606,1999.658757541687,2001.6604179596463,500,4.388829667546407,4.323297947441543,1.01515780797473,2002.183019245332,2.4967689393354693,2007.1765571240028,1997.189481366661,0.004988093326805885,2017.06023921557,1995.031958143083,2025-01-07 12:03:00+00:00,12,3,12:03,500.0,4.003320835918885,Lunch Session,Squeeze,None,Other,-1.0,1.5
2025-01-07 12:04:00+00:00,1997.34413015934,1999.541428432342,1995.5463406632464,1997.5438845477945,500,4.512061641035946,4.327205349457145,1.0427195560760691,2001.8146303978854,2.613780514076617,2007.0421914260387,1996.587069369732,0.005222822282115392,2017.06023921557,1995.031958143083,2025-01-07 12:04:00+00:00,12,4,12:04,500.0,3.995087769095562,Lunch Session,Squeeze,None,Other,-1.0,-1.0
2025-01-07 12:05:00+00:00,1994.171012059189,1996.3648195532032,1992.3760786549956,1994.3704491040996,500,4.558900516161874,4.332157957795447,1.0523394023429864,2001.3020594195928,3.0095094127438795,2007.3210782450806,1995.283040594105,0.006015102814847874,2013.3503614763056,1995.031958143083,2025-01-07 12:05:00+00:00,12,5,12:05,500.0,3.988740898207652,Lunch Session,Normal,Downside False Breakout,Other,1.5,-1.0
2025-01-07 12:06:00+00:00,1995.705723301871,1997.9012191470877,1993.9094085194213,1995.9053138332545,500,4.518394095555053,4.336681697538217,1.0419012532370056,2000.9421616851555,3.2067016363808687,2007.3555649579173,1994.5287584123937,0.0064103834639183685,2013.3503614763056,1992.3760786549956,2025-01-07 12:06:00+00:00,12,6,12:06,500.0,3.991810627666382,Lunch Session,Normal,None,Other,1.5,-1.0
2025-01-07 12:07:00+00:00,1998.3946564992507,2000.5931104667964,1996.595921434895,1998.5945159508456,500,4.530494276839827,4.341636450496213,1.0434992262703222,2000.7150119419948,3.203909740583249,2007.1228314231614,1994.3071924608282,0.006405529466135055,2011.6013244189023,1992.3760786549956,2025-01-07 12:07:00+00:00,12,7,12:07,500.0,3.997189031901371,Lunch Session,Normal,None,Other,1.5,-1.0
2025-01-07 12:08:00+00:00,1997.0525914300065,1999.2495689783336,1995.2550643450109,1997.2523166616725,500,4.492209302302895,4.346168025145946,1.0336023081279846,2000.4476083656402,3.260943005762934,2006.969494377166,1993.9257223541144,0.006520426712753708,2011.4303266466047,1992.3760786549956,2025-01-07 12:08:00+00:00,12,8,12:08,500.0,3.9945046333227765,Lunch Session,Normal,None,Other,1.5,-1.0
2025-01-07 12:09:00+00:00,1999.6283513638205,2001.828162531437,1997.828505863043,1999.82833419724,500,4.498183342835876,4.35029235614411,1.0339956431854271,2000.36919400126,3.255773291556732,2006.8807405843734,1993.8576474181466,0.006510344792991533,2011.4303266466047,1992.3760786549956,2025-01-07 12:09:00+00:00,12,9,12:09,500.0,3.999656668394209,Lunch Session,Normal,None,Other,1.5,-1.0
2025-01-07 12:10:00+00:00,2001.1318169601864,2003.333282105357,1999.330618205047,2001.331950155202,500,4.462789096941182,4.3540683732557035,1.0249699164931083,2000.2057363602394,3.1109705088427835,2006.427677377925,1993.9837953425538,0.0062213010437692454,2009.554385173534,1992.3760786549956,2025-01-07 12:10:00+00:00,12,10,12:10,500.0,4.002663900310154,Lunch Session,Normal,None,Other,1.5,-1.0
2025-01-07 12:11:00+00:00,2000.7726857889768,2002.973755850351,1998.9718102842169,2000.972783067284,500,4.42987170188353,4.357523919298631,1.016602957074885,1999.9816894803985,2.8647374633164477,2005.7111644070314,1994.2522145537655,0.005729527381944692,2009.554385173534,1992.3760786549956,2025-01-07 12:11:00+00:00,12,11,12:11,500.0,4.001945566134054,Lunch Session,Normal,None,Other,1.5,-1.0
2025-01-07 12:12:00+00:00,2000.271662447488,2002.472181328068,1998.471237908831,2000.4717096184493,500,4.399233967408782,4.360659484856143,1.0088460203523348,1999.7699548210032,2.6452366956509374,2005.0604282123052,1994.4794814297013,0.005291081985253122,2009.1478166795248,1992.3760786549956,2025-01-07 12:12:00+00:00,12,12,12:12,500.0,4.000943419237046,Lunch Session,Squeeze,None,Other,1.5,-1.0
2025-01-07 12:13:00+00:00,2000.653491191302,2002.8544301255056,1998.852722972408,2000.8535765489569,500,4.370839194957987,4.363526013877207,1.0016759797140022,1999.5616895704075,2.3586769505161045,2004.2790434714398,1994.8443356693751,0.004718387960359256,2007.841116606836,1992.3760786549956,2025-01-07 12:13:00+00:00,12,13,12:13,500.0,4.001707153097641,Lunch Session,Squeeze,None,Other,1.5,-1.0
2025-01-07 12:14:00+00:00,2002.4297708484532,2004.63266388569,2000.6274038179868,2002.6300338518383,500,4.34472640015407,4.366143373559011,0.9950947617674123,1999.5441325552983,2.333051751374363,2004.210236058047,1994.8780290525497,0.004667167307565931,2007.4591743847625,1992.3760786549956,2025-01-07 12:14:00+00:00,12,14,12:14,500.0,4.005260067703148,Lunch Session,Squeeze,None,Other,1.5,-1.0
2025-01-07 12:15:00+00:00,2003.2455157250563,2005.4493061713983,2001.4424144507764,2003.4458603110877,500,4.320595351616064,4.368530362656931,0.9890271997533484,1999.6100985188762,2.4266838402607713,2004.4634661993978,1994.7567308383545,0.004854314032637197,2007.4591743847625,1992.3760786549956,2025-01-07 12:15:00+00:00,12,15,12:15,500.0,4.006891720621979,Lunch Session,Squeeze,None,Other,1.5,-1.0
2025-01-07 12:16:00+00:00,2001.9101802405012,2004.1125016709088,2000.1082808883496,2002.1103912796293,500,4.297997168112009,4.37070276440228,0.9833652389079326,1999.6403269335308,2.455139745644278,2004.5506064248193,1994.7300474422423,0.004911162697762237,2007.4591743847625,1992.3760786549956,2025-01-07 12:16:00+00:00,12,16,12:16,500.0,4.004220782559287,Lunch Session,Squeeze,None,Other,1.5,-1.0
2025-01-07 12:17:00+00:00,2001.581479469622,2003.7834392930208,1999.7798759777504,2001.7816576353853,500,4.276966178623324,4.372677823651874,0.978111434482814,1999.7778146676005,2.495929023721024,2004.7696727150426,1994.7859566201585,0.0049924126678761085,2007.4591743847625,1992.3760786549956,2025-01-07 12:17:00+00:00,12,17,12:17,500.0,4.003563315270412,Lunch Session,Squeeze,None,Other,1.5,-1.0
2025-01-07 12:18:00+00:00,2005.571126422136,2007.7774752960877,2003.7659318889027,2005.7717035924952,500,4.399741284486116,4.376838261383576,1.0052327780317154,2000.0750806368549,2.8332664471632367,2005.7416135311814,1994.4085477425283,0.005666320178862739,2007.4591743847625,1992.3760786549956,2025-01-07 12:18:00+00:00,12,18,12:18,500.0,4.011543407184945,Lunch Session,Normal,Range Raid,Other,1.5,-1.0
2025-01-07 12:19:00+00:00,2006.0950777004884,2008.3020029784864,2004.2894115639444,2006.295707271216,500,4.3720877223472465,4.377343490192062,0.9987993247830353,2000.4480914794935,3.136352612524876,2006.7207967045433,1994.1753862544438,0.006271300166964694,2007.7774752960877,1992.3760786549956,2025-01-07 12:19:00+00:00,12,19,12:19,500.0,4.01259141454193,Lunch Session,Normal,Range Raid,Other,1.5,-1.0
2025-01-07 12:20:00+00:00,2007.8598639080344,2010.0687306450068,2006.0526093050569,2008.060669975032,500,4.346661552176008,4.377789897061913,0.9928894840506631,2000.943871045906,3.5140992868975465,2007.9720696197012,1993.9156724721108,0.007024883281829886,2008.3020029784864,1992.3760786549956,2025-01-07 12:20:00+00:00,12,20,12:20,500.0,4.016121339949905,Lunch Session,Normal,Range Raid,Other,1.5,-1.0
2025-01-07 12:21:00+00:00,2008.9642595211533,2011.174341214796,2007.1560108627184,2009.1651760387567,500,4.323209323597547,4.376117663694719,0.9879097537673377,2001.5506804913334,3.835623656255587,2009.2219278038447,1993.8794331788222,0.007665304093752081,2010.0687306450068,1992.3760786549956,2025-01-07 12:21:00+00:00,12,21,12:21,500.0,4.018330352077555,Lunch Session,Normal,Range Raid,Other,1.5,-1.0
2025-01-07 12:22:00+00:00,2009.53359576061,2011.744303786749,2007.7248346483143,2009.734569217532,500,4.3015135960859165,4.373588864407551,0.9835203375177338,2001.889051040871,4.243930035312734,2010.3769111114964,1993.4011909702456,0.008479850635290888,2011.174341214796,1992.3760786549956,2025-01-07 12:22:00+00:00,12,22,12:22,500.0,4.019469138434715,Lunch Session,Normal,Range Raid,Other,1.5,-1.0
2025-01-07 12:23:00+00:00,2009.7721393451209,2011.983109795445,2007.963163522128,2009.9731366587864,500,4.281401644459559,4.3712406069710195,0.97944771963177,2002.304686975828,4.611501658218547,2011.527690292265,1993.0816836593908,0.00921238748171445,2011.744303786749,1992.3760786549956,2025-01-07 12:23:00+00:00,12,23,12:23,500.0,4.0199462733169185,Lunch Session,Normal,Range Raid,Other,1.5,-1.0
2025-01-07 12:24:00+00:00,2011.5966153744407,2013.8095929491103,2009.7859973588024,2011.7977951539565,500,4.262986926305867,4.366229544921174,0.9763542851897471,2003.017382506136,4.927624430726879,2012.8726313675897,1993.1621336446824,0.009840402731925352,2011.983109795445,1992.3760786549956,2025-01-07 12:24:00+00:00,12,24,12:24,500.0,4.0235955903078775,Lunch Session,Normal,Range Raid,Other,1.5,-1.0
2025-01-07 12:25:00+00:00,2013.062883756474,2015.2774743876687,2011.2509459673145,2013.264210177492,500,4.246097033023608,4.3599177600084795,0.9738938362487254,2003.9620705598056,4.993298022917456,2013.9486666056405,1993.9754745139708,0.009966851361657867,2013.8095929491103,1992.3760786549956,2025-01-07 12:25:00+00:00,12,25,12:25,500.0,4.026528420354225,Lunch Session,Normal,Upside Sweep,Other,1.5,-1.0
2025-01-07 12:26:00+00:00,2013.6143240656668,2015.8295213418664,2011.801889930594,2013.8157056362304,500,4.230492345755673,4.354043890852079,0.9716237253933084,2004.8575901499546,5.0776660941467915,2015.0129223382482,1994.702257961661,0.010130726729108043,2015.2774743876687,1992.3760786549956,2025-01-07 12:26:00+00:00,12,26,12:26,500.0,4.027631411272523,Lunch Session,Normal,Upside Sweep,Other,1.5,-1.0
2025-01-07 12:27:00+00:00,2012.2379606564489,2014.4516437814832,2010.4267653723296,2012.4392045769064,500,4.215805635998385,4.348571617813543,0.9694690593869274,2005.5498245812573,5.122407817089336,2015.794640215436,1995.3050089470787,0.010216465837559191,2015.8295213418664,1992.3760786549956,2025-01-07 12:27:00+00:00,12,27,12:27,500.0,4.024878409153644,Lunch Session,Normal,None,Other,1.5,-1.0
2025-01-07 12:28:00+00:00,2013.03407654559,2015.248635485684,2011.222164685513,2013.2354000855987,500,4.202281719153569,4.341433216122541,0.9679480277498655,2006.3489787524536,5.005200771079002,2016.3593802946116,1996.3385772102956,0.009978724188234133,2015.8295213418664,1992.3760786549956,2025-01-07 12:28:00+00:00,12,28,12:28,500.0,4.026470800170955,Lunch Session,Normal,None,Other,1.5,-1.0
2025-01-07 12:29:00+00:00,2012.9193208978688,2015.133753594126,2011.107512328204,2013.120632961165,500,4.189707401065596,4.334796456404695,0.9665292115100979,2007.01359369065,4.976211280221748,2016.9660162510934,1997.0611711302065,0.009917643399855765,2015.8295213418664,1992.3760786549956,2025-01-07 12:29:00+00:00,12,29,12:29,500.0,4.0262412659219535,Lunch Session,Normal,None,Other,1.5,-1.0
2025-01-07 12:30:00+00:00,2012.319045333668,2014.5328176607677,2010.507777066041,2012.5202973634043,500,4.177945486327108,4.328626666033974,0.9651896106242572,2007.5730110510601,4.932569800053944,2017.438150651168,1997.7078714509523,0.009827926103611967,2015.8295213418664,1992.3760786549956,2025-01-07 12:30:00+00:00,12,30,12:30,500.0,4.025040594726761,Pre-News,Normal,None,Other,1.5,-1.0
2025-01-07 12:31:00+00:00,2017.7370010071525,2019.956733681528,2015.9208560917543,2017.938794886641,500,4.4106948314554355,4.326955544925829,1.0193529343345824,2008.421311642028,5.189913492083846,2018.8011386261958,1998.0414846578603,0.010336304364029547,2015.8295213418664,1992.3760786549956,2025-01-07 12:31:00+00:00,12,31,12:31,500.0,4.0358775897736905,Pre-News,Normal,Upside False Breakout,Other,-1.0,-1.0
2025-01-07 12:32:00+00:00,2014.6541351378407,2016.8704763206104,2012.8407650792108,2014.8556206999108,500,4.459790186882212,4.326677152002398,1.0307656499903646,2009.1405071961012,5.02429966248206,2019.1891065210652,1999.0919078711372,0.010002883610153829,2019.956733681528,1992.3760786549956,2025-01-07 12:32:00+00:00,12,32,12:32,500.0,4.029711241399582,Pre-News,Normal,None,Other,1.5,-1.0
2025-01-07 12:33:00+00:00,2016.6062987694688,2018.8247875469929,2014.791171587858,2016.8079795674253,500,4.429349170614553,4.326427058180915,1.0237891708445703,2009.9382273470244,4.904444381323641,2019.7471161096717,2000.1293385843771,0.0097603882837676,2019.956733681528,1992.3760786549956,2025-01-07 12:33:00+00:00,12,33,12:33,500.0,4.033615959134977,Pre-News,Normal,None,Other,-1.0,-1.0
2025-01-07 12:34:00+00:00,2014.887530048718,2017.1041279915653,2013.0739499136607,2015.0890389526128,500,4.400836949706696,4.326194932596516,1.017253502968111,2010.5611776020633,4.714913331393324,2019.9910042648498,2001.1313509392767,0.00938029319160858,2019.956733681528,1992.3760786549956,2025-01-07 12:34:00+00:00,12,34,12:34,500.0,4.030178077904566,Pre-News,Normal,None,Other,1.5,-1.0
2025-01-07 12:35:00+00:00,2015.172043165007,2017.388954103582,2013.358206942536,2015.3735805230592,500,4.37440196480235,4.3237679922050605,1.0117106127545634,2011.1575636126618,4.517776018878724,2020.1931156504193,2002.1220115749043,0.008985424316060893,2019.956733681528,1992.3760786549956,2025-01-07 12:35:00+00:00,12,35,12:35,500.0,4.030747161045838,Pre-News,Normal,None,Other,1.5,-1.0
2025-01-07 12:36:00+00:00,2020.375045960421,2022.5976807744585,2018.556526567117,2020.577103670788,500,4.5779518424164145,4.325325621611199,1.0584062895849935,2012.0808992322195,4.4581158241805054,2020.9971308805805,2003.1646675838585,0.008862696973827707,2019.956733681528,1993.9094085194213,2025-01-07 12:36:00+00:00,12,36,12:36,500.0,4.041154207341378,Pre-News,Normal,Upside False Breakout,Other,-1.0,1.5
2025-01-07 12:37:00+00:00,2018.4518193647864,2020.672338417993,2016.6350310485268,2018.65368473326,500,4.539334380062823,4.326793567850346,1.0491220135371684,2012.9245005871132,3.9770063072311315,2020.8785132015755,2004.970487972651,0.007902941826325142,2022.5976807744585,1995.2550643450109,2025-01-07 12:37:00+00:00,12,37,12:37,500.0,4.037307369466134,Pre-News,Normal,None,Other,-1.0,1.5
2025-01-07 12:38:00+00:00,2017.0114159993136,2019.2303504503575,2015.195924175732,2017.2131373130449,500,4.503269515388729,4.328176718760579,1.0404541699670455,2013.4965722731408,3.70774143217141,2020.9120551374835,2006.081089408798,0.0073657764969234565,2022.5976807744585,1995.2550643450109,2025-01-07 12:38:00+00:00,12,38,12:38,500.0,4.034426274625503,Pre-News,Normal,None,Other,-1.0,1.5
2025-01-07 12:39:00+00:00,2016.9962607626385,2019.2151785412548,2015.1807825801336,2017.1979805606943,500,4.469778547226761,4.329479590022035,1.0324055014667506,2014.041685937615,3.3803189854164626,2020.802323908448,2007.2810479667821,0.006713503516870447,2022.5976807744585,1997.828505863043,2025-01-07 12:39:00+00:00,12,39,12:39,500.0,4.034395961121163,Pre-News,Normal,None,Other,-1.0,1.5
2025-01-07 12:40:00+00:00,2015.308303981265,2017.525364821728,2013.494345111795,2015.5098549667616,500,4.438438630277218,4.3304513115551115,1.0249367354469405,2014.4141451872015,3.0840252483908484,2020.5821956839832,2008.2460946904198,0.006123914996842405,2022.5976807744585,1998.471237908831,2025-01-07 12:40:00+00:00,12,40,12:40,500.0,4.031019709933162,Pre-News,Normal,None,Other,-1.0,1.5
2025-01-07 12:41:00+00:00,2017.11090886464,2019.329952768781,2015.295327488524,2017.312640128653,500,4.409594819561484,4.331376876316286,1.0180584478051053,2014.821518391696,2.885932852657893,2020.5933840970117,2009.04965268638,0.005729406453751911,2022.5976807744585,1998.471237908831,2025-01-07 12:41:00+00:00,12,41,12:41,500.0,4.0346252802569325,Pre-News,Normal,None,Other,-1.0,1.5
2025-01-07 12:42:00+00:00,2016.0531522536276,2018.271032509132,2014.2385229536687,2016.2547777314005,500,4.382660157840187,4.3322580295510145,1.0116341473534982,2015.1475288173897,2.6387306024318895,2020.4249900222535,2009.8700676125259,0.005237791406727373,2022.5976807744585,1998.471237908831,2025-01-07 12:42:00+00:00,12,42,12:42,500.0,4.032509555463321,Pre-News,Squeeze,None,Other,-1.0,1.5
2025-01-07 12:43:00+00:00,2017.3922755279568,2019.611628966381,2015.576440896518,2017.5940349314496,500,4.357840722984666,4.333104240301371,1.0057087208872626,2015.5285737310228,2.3907963668040115,2020.3101664646308,2010.7469809974148,0.004744753109360917,2022.5976807744585,1998.852722972408,2025-01-07 12:43:00+00:00,12,43,12:43,500.0,4.0351880698628975,Pre-News,Squeeze,None,Other,-1.0,1.5
2025-01-07 12:44:00+00:00,2014.732708185364,2016.9491358071296,2012.919267403919,2014.9342016055243,500,4.380478351880801,4.334681607670201,1.0105651921768748,2015.685394053601,2.2307062280801673,2020.1468065097613,2011.2239815974406,0.004426695226667623,2022.5976807744585,1999.7798759777504,2025-01-07 12:44:00+00:00,12,44,12:44,500.0,4.0298684032104575,Pre-News,Squeeze,None,Other,-1.0,1.5
2025-01-07 12:45:00+00:00,2011.1158234262373,2013.3282720768711,2009.305638166628,2011.3169551217493,500,4.469627286667633,4.338074067490729,1.030325258889136,2015.588031300814,2.379479072476465,2020.346989445767,2010.8290731558611,0.004722153605845301,2022.5976807744585,1999.7798759777504,2025-01-07 12:45:00+00:00,12,45,12:45,500.0,4.022633910243258,Pre-News,Squeeze,None,Other,-1.0,1.5
2025-01-07 12:46:00+00:00,2010.6754674874,2012.887431698057,2008.8656785877715,2010.8765551429144,500,4.437636274068912,4.341242716577936,1.0222041391795205,2015.4410737761482,2.5772428302429646,2020.5955594366342,2010.2865881156622,0.005114995151734701,2022.5976807744585,1999.7798759777504,2025-01-07 12:46:00+00:00,12,46,12:46,500.0,4.021753110285545,Pre-News,Squeeze,None,Other,-1.0,1.5
2025-01-07 12:47:00+00:00,2007.5442546552372,2009.752774187311,2005.737284128995,2007.745029158153,500,4.4877530412010875,4.345533838340213,1.0327276712486022,2015.2063650052103,3.0376371655795067,2021.2816393363694,2009.1310906740512,0.0060294314633562605,2022.5976807744585,1999.7798759777504,2025-01-07 12:47:00+00:00,12,47,12:47,500.0,4.015490058315891,Pre-News,Normal,None,Other,-1.0,-1.0
2025-01-07 12:48:00+00:00,2010.6146677414563,2012.826565065704,2008.804933567072,2010.815749316388,500,4.530166103083218,4.35079980275182,1.0412260523267356,2015.0853824667497,3.1657510904319777,2021.4168846476136,2008.7538802858858,0.006284103131266112,2022.5976807744585,2003.7659318889027,2025-01-07 12:48:00+00:00,12,48,12:48,500.0,4.021631498631905,Pre-News,Normal,None,Other,-1.0,1.5
2025-01-07 12:49:00+00:00,2007.5612494370137,2009.7697876652169,2005.754263613938,2007.7620256395776,500,4.568117503037988,4.356949975014359,1.0484668240935984,2014.8174521006708,3.544849490843579,2021.907151082358,2007.7277531189836,0.007037559630323242,2022.5976807744585,2004.2894115639444,2025-01-07 12:49:00+00:00,12,49,12:49,500.0,4.015524051278817,Pre-News,Normal,None,Other,-1.0,1.5
2025-01-07 12:50:00+00:00,2005.499165236012,2007.7054349447424,2003.6940354743235,2005.6997352095327,500,4.532394121767708,4.361302405890898,1.039229500721095,2014.4764239929768,4.06708895220141,2022.6106018973796,2006.342246088574,0.008075724101332211,2022.5976807744585,2005.737284128995,2025-01-07 12:50:00+00:00,12,50,12:50,500.0,4.011399470418837,Pre-News,Normal,Range Raid,Other,-1.0,1.5
2025-01-07 12:51:00+00:00,2006.348914535352,2008.5561190617927,2004.5430199228088,2006.549569492301,500,4.4953016229974425,4.36534655801156,1.0297697017313276,2013.9069627232598,4.344653857406057,2022.5962704380718,2005.2176550084478,0.008629304010213147,2022.5976807744585,2003.6940354743235,2025-01-07 12:51:00+00:00,12,51,12:51,500.0,4.013099138983989,Pre-News,Normal,None,Other,-1.0,1.5
2025-01-07 12:52:00+00:00,2005.1928605356957,2007.3987932755583,2003.3880064758075,2005.393399875683,500,4.460693421336968,4.36910347783091,1.0209630978004505,2013.4338516820485,4.733689141782355,2022.9012299656133,2003.9664733984837,0.009404210896380473,2022.5976807744585,2003.6940354743235,2025-01-07 12:52:00+00:00,12,52,12:52,500.0,4.010786799750804,Pre-News,Normal,Range Raid,Other,-1.0,1.5
2025-01-07 12:53:00+00:00,2002.170531742837,2004.3731395885384,2000.3683980508995,2002.370768819719,500,4.501001164440287,4.37380033678419,1.0290824495545263,2012.7119911446632,5.263248224857624,2023.2384875943785,2002.185494694948,0.010460012655589834,2022.5976807744585,2003.3880064758075,2025-01-07 12:53:00+00:00,12,53,12:53,500.0,4.004741537638893,Pre-News,Normal,Range Raid,Other,-1.0,-1.0
2025-01-07 12:54:00+00:00,2006.2791193651385,2008.4862471092144,2004.4732875745303,2006.4797673418725,500,4.616320959087089,4.38063169356044,1.0538025750653983,2012.281527564126,5.408658433797863,2023.0988444317218,2001.4642106965302,0.010751295700348813,2022.5976807744585,2000.3683980508995,2025-01-07 12:54:00+00:00,12,54,12:54,500.0,4.012959534684114,Pre-News,Normal,None,Other,-1.0,1.5
2025-01-07 12:55:00+00:00,2004.2906112706723,2006.4955514370863,2002.486569316333,2004.49106037671,500,4.572939613491813,4.386980726089188,1.0423888088444828,2011.737401556809,5.6243233992002155,2022.9860483552093,2000.4887547584085,0.011183017017723562,2022.5976807744585,2000.3683980508995,2025-01-07 12:55:00+00:00,12,55,12:55,500.0,4.008982120753217,Pre-News,Normal,None,Other,-1.0,1.5
2025-01-07 12:56:00+00:00,2003.9173312600687,2006.1218607774065,2002.1136252913377,2004.117743034372,500,4.532603604390167,4.392882475151711,1.0318062525070468,2010.9144335249882,5.464722245476198,2021.8438780159406,1999.9849890340358,0.010870123868765378,2022.5976807744585,2000.3683980508995,2025-01-07 12:56:00+00:00,12,56,12:56,500.0,4.00823548606877,Pre-News,Normal,None,Other,-1.0,-1.0
2025-01-07 12:57:00+00:00,2003.5182056695064,2005.7222961047864,2001.714858949732,2003.7185775272596,500,4.495091715151906,4.397808486447329,1.0221208424615063,2010.1676781646881,5.371131695396405,2020.909941555481,1999.4254147738952,0.010687927686311974,2022.5976807744585,2000.3683980508995,2025-01-07 12:57:00+00:00,12,57,12:57,500.0,4.007437155054504,Pre-News,Normal,None,Other,-1.0,-1.0
2025-01-07 12:58:00+00:00,2004.9618780519768,2007.1675566856968,2003.1572318971143,2005.1623942914057,500,4.460465506111232,4.402395344579174,1.0131905830773607,2009.5651410136059,5.212764746622351,2019.9906705068506,1999.139611520361,0.01037590599126956,2022.5976807744585,2000.3683980508995,2025-01-07 12:58:00+00:00,12,58,12:58,500.0,4.010324788582466,Pre-News,Normal,None,Other,-1.0,1.5
2025-01-07 12:59:00+00:00,2005.9091504342337,2008.1158711717849,2004.103651648964,2006.1097614103744,500,4.428447935876212,4.406671889680155,1.0049416082570282,2009.0107300560899,4.940793608870208,2018.8923172738303,1999.1291428383495,0.009837266740197553,2022.5976807744585,2000.3683980508995,2025-01-07 12:59:00+00:00,12,59,12:59,500.0,4.012219522820942,Pre-News,Normal,None,Other,-1.0,1.5
2025-01-07 13:00:00+00:00,2004.27139071154,2006.4763097332248,2002.4673660574344,2004.4718378953296,500,4.398483345870076,4.410658030986419,0.9972397122989786,2008.4588292025182,4.790826841188199,2018.0404828848946,1998.877175520142,0.009541299570657202,2022.5976807744585,2000.3683980508995,2025-01-07 13:00:00+00:00,13,0,13:00,500.0,4.008943675790306,Pre-News,Normal,None,Other,-1.0,1.5
2025-01-07 13:01:00+00:00,2003.638487204548,2005.8427099627484,2001.8350322205652,2003.838871091657,500,4.3705686598924425,4.4143756619230965,0.9900762858928119,2007.785140750669,4.412693037674722,2016.6105268260183,1998.9597546753196,0.008791165843621808,2022.5976807744585,2000.3683980508995,2025-01-07 13:01:00+00:00,13,1,13:01,500.0,4.007677742183205,Pre-News,Normal,None,Other,-1.0,-1.0
2025-01-07 13:02:00+00:00,2003.203900205504,2005.4076448701965,2001.4008363889373,2003.404240629567,500,4.344585789990069,4.413144021871994,0.9844649910489793,2007.142613895577,4.033844040677212,2015.2103019769313,1999.0749258142225,0.008038978421863269,2022.5976807744585,2000.3683980508995,2025-01-07 13:02:00+00:00,13,2,13:02,500.0,4.006808481259213,Pre-News,Normal,None,Other,-1.0,-1.0
2025-01-07 13:03:00+00:00,2004.7248279206544,2006.930245773152,2002.9203951322468,2004.9253204526997,500,4.320676136484003,4.41200812968762,0.9792992237278395,2006.5091781716394,3.2185762573345964,2012.9463306863086,2000.0720256569703,0.006416270191731472,2022.5976807744585,2000.3683980508995,2025-01-07 13:03:00+00:00,13,3,13:03,500.0,4.009850640905142,Pre-News,Normal,None,Other,-1.0,1.5
2025-01-07 13:04:00+00:00,2002.404055579428,2004.6069203270397,2000.6017116950177,2002.604316011029,500,4.320885609426718,4.408821862494133,0.9800544780873346,2005.8926838919149,2.650631047550948,2011.1939459870168,2000.591421796813,0.005285688648922356,2022.5976807744585,2000.3683980508995,2025-01-07 13:04:00+00:00,13,4,13:04,500.0,4.005208632022004,Pre-News,Squeeze,None,Other,-1.0,-1.0
2025-01-07 13:05:00+00:00,2006.46927334554,2008.6766102799136,2004.6632703992343,2006.6699403395744,500,4.445986227959428,4.406939957690759,1.0088601775026518,2005.6603331528058,2.335005082220877,2010.3303433172475,2000.9903229883641,0.004656830558243778,2022.5976807744585,2000.3683980508995,2025-01-07 13:05:00+00:00,13,5,13:05,500.0,4.013339880679268,Pre-News,Squeeze,None,Other,-1.0,1.5
2025-01-07 13:06:00+00:00,2004.96662284918,2007.1723067026992,2003.1619724235727,2005.1671395631363,500,4.414868231614217,4.405214526625078,1.002191426758173,2005.374862373817,1.9867604244581445,2009.3483832227332,2001.4013415249008,0.003962870906053602,2022.5976807744585,2000.3683980508995,2025-01-07 13:06:00+00:00,13,6,13:06,500.0,4.010334279126482,Pre-News,Squeeze,None,Other,-1.0,1.5
2025-01-07 13:07:00+00:00,2004.9691302685087,2007.1748168804652,2003.164477585999,2005.1696472332324,500,4.38597330753221,4.402805843803284,0.9961768615586889,2005.2460932775714,1.9069114704299244,2009.0599162184312,2001.4322703367116,0.0038038452772907777,2020.672338417993,2000.3683980508995,2025-01-07 13:07:00+00:00,13,7,13:07,500.0,4.010339294466121,Pre-News,Squeeze,None,Other,-1.0,1.5
2025-01-07 13:08:00+00:00,2002.66476219522,2004.86791374879,2000.8621836513896,2002.86504870009,500,4.380365469982963,4.400941779931285,0.9953245666547664,2004.848558246756,1.4613897250270473,2007.7713376968102,2001.925778796702,0.002915710952861296,2019.611628966381,2000.3683980508995,2025-01-07 13:08:00+00:00,13,8,13:08,500.0,4.005730097400374,Pre-News,Squeeze,None,Other,-1.0,1.5
2025-01-07 13:09:00+00:00,2000.0866723858103,2002.286987756972,1998.28641435486,2000.286701055916,500,4.3945275325006135,4.399214183092365,0.9989346618744402,2004.474792017573,1.623929016127198,2007.7226500498275,2001.2269339853185,0.0032406075099457024,2019.611628966381,2000.3683980508995,2025-01-07 13:09:00+00:00,13,9,13:09,500.0,4.000573402111968,Pre-News,Squeeze,None,Other,-1.0,1.5
2025-01-07 13:10:00+00:00,1998.358487699166,2000.5569018770525,1996.5597851899856,1998.5583435335195,500,4.36614104354106,4.397603382202362,0.9928455715700434,2004.1177224337723,2.0655019350022172,2008.2487263037767,1999.986718563768,0.004122516181322695,2019.611628966381,1998.28641435486,2025-01-07 13:10:00+00:00,13,10,13:10,500.0,3.997116687066864,Pre-News,Squeeze,Downside Stop Hunt,Other,-1.0,1.5
2025-01-07 13:11:00+00:00,1996.4399395270511,1998.636243090887,1994.6429638839124,1996.6396034874,500,4.339508055214888,4.396097321424551,0.9871273854803275,2003.6222241335277,2.576796033588705,2008.775816200705,1998.4686320663502,0.005144275208272985,2019.611628966381,1996.5597851899856,2025-01-07 13:11:00+00:00,13,11,13:11,500.0,3.9932792069746483,Pre-News,Squeeze,Downside Stop Hunt,Other,-1.0,1.5
2025-01-07 13:12:00+00:00,1995.633027769056,1997.828443641189,1993.836778419129,1995.8326110301591,500,4.314662138560982,4.394687790943755,0.9817903668725491,2003.1441846912512,3.070472728894961,2009.2851301490412,1997.0032392334613,0.006131306477807494,2019.611628966381,1994.6429638839124,2025-01-07 13:12:00+00:00,13,12,13:12,500.0,3.991665222060192,Pre-News,Normal,Downside Stop Hunt,Other,-1.0,1.5
2025-01-07 13:13:00+00:00,1993.7002656955528,1995.89355531678,1991.9057560054575,1993.899655661119,500,4.291314793758236,4.393362384257093,0.9767723257101377,2002.720629033321,3.7020862523025984,2010.1248015379263,1995.316456528716,0.007394114183743194,2019.611628966381,1993.836778419129,2025-01-07 13:13:00+00:00,13,13,13:13,500.0,3.987799311322533,Pre-News,Normal,Downside Stop Hunt,Other,-1.0,1.5
2025-01-07 13:14:00+00:00,1995.107422098279,1997.3022597463512,1993.3116458407644,1995.306952793558,500,4.269836158888846,4.392114213569339,0.9721596368549074,2002.1619883059054,3.940299848922989,2010.0425880037515,1994.2813886080594,0.007872090014568772,2016.9491358071296,1991.9057560054575,2025-01-07 13:14:00+00:00,13,14,13:14,500.0,3.9906139055867698,Pre-News,Normal,None,Other,-1.0,1.5
2025-01-07 13:15:00+00:00,1993.5658320804537,1995.758973809915,1991.7714433927124,1993.7652086013136,500,4.249671463054114,4.390932148759973,0.9678289982809798,2001.6256957171358,4.318396589440737,2010.2624888960172,1992.9889025382545,0.008629778481922416,2013.3282720768711,1991.9057560054575,2025-01-07 13:15:00+00:00,13,15,13:15,500.0,3.9875304172026063,Pre-News,Normal,Downside Stop Hunt,Other,-1.0,1.5
2025-01-07 13:16:00+00:00,1991.804666098377,1993.9958703515103,1990.0118626185408,1992.0038664850256,500,4.230695482333787,4.389810453997002,0.9637535667358169,2001.020001889668,4.775785582433313,2010.5715730545346,1991.4684307248015,0.00954670233765432,2012.887431698057,1991.7714433927124,2025-01-07 13:16:00+00:00,13,16,13:16,500.0,3.9840077329695305,Pre-News,Normal,Downside Stop Hunt,Other,-1.0,1.5
2025-01-07 13:17:00+00:00,1991.04201297338,1993.2323782241756,1989.2498959500008,1991.2411370870884,500,4.212965967465288,4.3887437838110355,0.959948034106218,2000.3961298676597,5.200779248377468,2010.7976883644146,1989.9945713709049,0.010399498720728902,2012.826565065704,1990.0118626185408,2025-01-07 13:17:00+00:00,13,17,13:17,500.0,3.9824822741747994,Pre-News,Normal,Downside Stop Hunt,Other,-1.0,-1.0
2025-01-07 13:18:00+00:00,1993.039708829222,1995.2322717652276,1991.2457936997628,1993.2390327324952,500,4.197120875370563,4.385366776992443,0.9570740804145502,1999.7999617897142,5.30795047332778,2010.4158627363697,1989.1840608430587,0.0106169628457787,2012.826565065704,1989.2498959500008,2025-01-07 13:18:00+00:00,13,18,13:18,500.0,3.9864780654647802,Pre-News,Normal,None,Other,-1.0,1.5
2025-01-07 13:19:00+00:00,1993.48794636988,1995.6810024164909,1991.6936277862883,1993.6873151013897,500,4.182139000715706,4.382200964965251,0.9543466933969945,1999.1788394742648,5.257312931763368,2009.6934653377916,1988.664213610738,0.010518944734621047,2009.7697876652169,1989.2498959500008,2025-01-07 13:19:00+00:00,13,19,13:19,500.0,3.9873746302025665,Pre-News,Normal,None,Other,-1.0,1.5
2025-01-07 13:20:00+00:00,1993.3091593909132,1995.5020187521795,1991.5150017316955,1993.5085102419373,500,4.168201716413443,4.379226634369208,0.9518122866033945,1998.6306730915956,5.2479295147462475,2009.126532121088,1988.134814062103,0.01050305008404272,2008.6766102799136,1989.2498959500008,2025-01-07 13:20:00+00:00,13,20,13:20,500.0,3.987017020484018,Pre-News,Normal,None,Other,-1.0,1.5
2025-01-07 13:21:00+00:00,1990.474608541436,1992.6643495849355,1988.6830022331176,1990.6736759090268,500,4.215152165871035,4.377425681740433,0.9629294641034594,1997.972413332464,5.384172121227114,2008.7407575749182,1987.2040690900096,0.01077927219675024,2008.6766102799136,1989.2498959500008,2025-01-07 13:21:00+00:00,13,21,13:21,500.0,3.9813473518179308,Pre-News,Normal,Downside Stop Hunt,Other,-1.0,1.5
2025-01-07 13:22:00+00:00,1988.2212575489891,1990.408519658504,1986.4316794593865,1988.420099558945,500,4.217069614711695,4.376018282050862,0.9636773301448197,1997.2232062789328,5.625658350479647,2008.474522979892,1985.9718895779736,0.011266959712451776,2008.6766102799136,1988.6830022331176,2025-01-07 13:22:00+00:00,13,22,13:22,500.0,3.9768401991175324,Pre-News,Normal,Downside False Breakout,Other,-1.0,1.5
2025-01-07 13:23:00+00:00,1985.700976655484,1987.8854661787568,1983.9136670455327,1985.8995666121448,500,4.2377383931903,4.375290561196374,0.9685615924057711,1996.2719185869053,5.858488635474604,2007.9888958578545,1984.554941315956,0.011738858981939956,2008.6766102799136,1986.4316794593865,2025-01-07 13:23:00+00:00,13,23,13:23,500.0,3.971799133224067,Pre-News,Normal,Downside False Breakout,Other,-1.0,-1.0
2025-01-07 13:24:00+00:00,1988.3175718716263,1990.504939937492,1986.527907090464,1988.516423513978,500,4.263998031201512,4.375307412944635,0.9745596431890005,1995.5675239620523,5.9037940686101065,2007.3751120992724,1983.7599358248322,0.011833814687239487,2008.6766102799136,1983.9136670455327,2025-01-07 13:24:00+00:00,13,24,13:24,500.0,3.977032847028113,Pre-News,Normal,None,Other,-1.0,1.5
2025-01-07 13:25:00+00:00,1989.3926735820448,1991.5812243780645,1987.6020411125744,1989.5916327453197,500,4.24365411936498,4.375266697716992,0.9699189586726938,1994.71360858234,5.429476569648451,2005.572561721637,1983.854655443043,0.010887731544594567,2008.6766102799136,1983.9136670455327,2025-01-07 13:25:00+00:00,13,25,13:25,500.0,3.9791832654900645,Pre-News,Normal,None,Other,-1.0,1.5
2025-01-07 13:26:00+00:00,1987.6991871871423,1989.8858749618255,1985.910079007856,1987.897976984841,500,4.224521393265304,4.375167181842153,0.9655679926467587,1993.8501504534247,5.038642391743325,2003.9274352369114,1983.772865669938,0.010108367252368473,2008.6766102799136,1983.9136670455327,2025-01-07 13:26:00+00:00,13,26,13:26,500.0,3.9757959539695094,Pre-News,Normal,None,Other,-1.0,1.5
2025-01-07 13:27:00+00:00,1986.5975685026049,1988.7830443755445,1984.80945187929,1986.7962481274171,500,4.206597900621673,4.375013719585874,0.9615050763817622,1992.9314804981339,4.513825934821347,2001.9591323677766,1983.903828628491,0.009059671100570233,2008.6766102799136,1983.9136670455327,2025-01-07 13:27:00+00:00,13,27,13:27,500.0,3.9735924962544686,Pre-News,Normal,None,Other,-1.0,-1.0
2025-01-07 13:28:00+00:00,1984.97857508526,1987.1622698873337,1983.1919157017448,1985.1770927945397,500,4.189723349547896,4.374804413425779,0.9576938655109037,1992.0470827028566,4.18600066045027,2000.4190840237573,1983.675081381956,0.008405425146419008,2008.6766102799136,1983.9136670455327,2025-01-07 13:28:00+00:00,13,28,13:28,500.0,3.9703541855888034,Pre-News,Normal,Downside Stop Hunt,Other,1.5,-1.0
2025-01-07 13:29:00+00:00,1983.240770484916,1985.422553510752,1981.4556752819592,1983.4391143963555,500,4.173805840922539,4.374539387423395,0.9541132154215012,1991.2047033698786,4.135489393846571,1999.4756821575718,1982.9337245821855,0.008307512305184379,2008.6766102799136,1983.1919157017448,2025-01-07 13:29:00+00:00,13,29,13:29,500.0,3.9668782287928934,Pre-News,Normal,Downside Stop Hunt,Other,1.5,-1.0
2025-01-07 13:30:00+00:00,1984.173710028444,1986.356519390411,1982.3877750959248,1984.372147243168,500,4.159158587605659,4.374226272444703,0.9508329767497725,1990.495393555361,4.022885644820545,1998.5411648450022,1982.4496222657199,0.008084189810929475,2008.6766102799136,1981.4556752819592,2025-01-07 13:30:00+00:00,13,30,13:30,500.0,3.968744294486214,Post-News,Normal,None,Other,1.5,-1.0
2025-01-07 13:31:00+00:00,1983.623106365347,1985.8053100027123,1981.837667025684,1983.8214885141983,500,4.145478901135855,4.369806006939377,0.9486642872824825,1989.854487806701,4.013549803976782,1997.8815874146544,1981.8273881987475,0.008068026739785638,2008.6766102799136,1981.4556752819592,2025-01-07 13:31:00+00:00,13,31,13:31,500.0,3.9676429770283903,Post-News,Normal,None,Other,1.5,-1.0
2025-01-07 13:32:00+00:00,1987.7755352216557,1989.962306987576,1985.986358322266,1987.974332654921,500,4.28800315629599,4.3669428897629405,0.9819233419214155,1989.461573887939,3.7750737721608507,1997.0117214322606,1981.9114263436174,0.007590141617630328,2008.6766102799136,1981.4556752819592,2025-01-07 13:32:00+00:00,13,32,13:32,500.0,3.9759486653101703,Post-News,Normal,None,Other,1.5,-1.0
2025-01-07 13:33:00+00:00,1990.282427107464,1992.4719567302443,1988.4909937797347,1990.4814752549896,500,4.302976079083655,4.364836671570759,0.9858275126558533,1989.2906648676326,3.6384777675093933,1996.5676204026513,1982.0137093326139,0.007316130984310353,2008.6766102799136,1981.4556752819592,2025-01-07 13:33:00+00:00,13,33,13:33,500.0,3.9809629505095927,Post-News,Normal,None,Other,1.5,-1.0
2025-01-07 13:34:00+00:00,1992.9102989733744,1995.1027195443016,1991.1165003244328,1993.109609934368,500,4.325709522671396,4.363584547786838,0.9913202036764358,1989.180797724673,3.476833814214378,1996.1344653531019,1982.2271300962443,0.006991488794163644,2008.6766102799136,1981.4556752819592,2025-01-07 13:34:00+00:00,13,34,13:34,500.0,3.9862192198688717,Post-News,Normal,None,Other,1.5,-1.0
2025-01-07 13:35:00+00:00,1994.2686450127487,1996.462559913753,1992.4736237301088,1994.4680918219312,500,4.301654284169455,4.362372086442956,0.9860814710276102,1989.2159418857038,3.5287767942236172,1996.273495474151,1982.1583882972566,0.0070958144260164745,2008.6766102799136,1981.4556752819592,2025-01-07 13:35:00+00:00,13,35,13:35,500.0,3.9889361836442276,Post-News,Normal,None,Other,1.5,-1.0
2025-01-07 13:36:00+00:00,1993.4458617435216,1995.6388714924144,1991.6515810398823,1993.6452262661485,500,4.2791997247667855,4.357392884482128,0.9820550586581691,1989.29800987476,3.6150590084748773,1996.5281278917098,1982.0678918578103,0.007269014477529117,2007.1748168804652,1981.4556752819592,2025-01-07 13:36:00+00:00,13,36,13:36,500.0,3.987290452532079,Post-News,Normal,None,Other,1.5,-1.0
2025-01-07 13:37:00+00:00,1994.657828240878,1996.8521712862475,1992.862456658303,1994.8573139722755,500,4.25852221785091,4.352712681778597,0.9783605142783743,1989.4788187190195,3.802912062744866,1997.0846428445093,1981.8729945935297,0.007646046847974997,2007.1748168804652,1981.4556752819592,2025-01-07 13:37:00+00:00,13,37,13:37,500.0,3.9897146279445224,Post-News,Normal,None,Other,1.5,-1.0
2025-01-07 13:38:00+00:00,1993.9820874422755,1996.1756870984275,1992.187324087242,1994.1815055928348,500,4.23922513166053,4.348311942049793,0.974912837017429,1989.5259423620366,3.8574078058623202,1997.2407579737612,1981.811126750312,0.007755431027519332,2004.86791374879,1981.4556752819592,2025-01-07 13:38:00+00:00,13,38,13:38,500.0,3.9883630111855837,Post-News,Normal,None,Other,1.5,-1.0
2025-01-07 13:39:00+00:00,1997.2554523830304,1999.452653100723,1995.4577427049176,1997.4551979028204,500,4.312933872819645,4.345697864143008,0.9924605915211677,1989.7143365021082,4.152098568629903,1998.018533639368,1981.4101393648484,0.00834712499670521,2002.286987756972,1981.4556752819592,2025-01-07 13:39:00+00:00,13,39,13:39,500.0,3.994910395805391,Post-News,Normal,None,Other,1.5,-1.0
2025-01-07 13:40:00+00:00,1998.0830455551943,2000.281156716421,1996.284590968736,1998.2828738425787,500,4.2903361495957455,4.343229489464984,0.9878216566733262,1989.95305468214,4.504050097565362,1998.9611548772707,1980.9449544870092,0.009053580609789433,2000.5569018770525,1981.4556752819592,2025-01-07 13:40:00+00:00,13,40,13:40,500.0,3.996565747685054,Post-News,Normal,None,Other,1.5,-1.0
2025-01-07 13:41:00+00:00,1998.627318285794,2000.8260282069,1996.8283738048883,1998.8272010058945,500,4.269430310482598,4.340893414313668,0.983537235999523,1990.3607309369831,4.922291174868815,2000.2053132867209,1980.5161485872454,0.009892259424856399,2000.281156716421,1981.4556752819592,2025-01-07 13:41:00+00:00,13,41,13:41,500.0,3.997654402011676,Post-News,Normal,Range Raid,Other,1.5,-1.0
2025-01-07 13:42:00+00:00,1998.9012942303928,2001.1003055551785,1997.102103146477,1999.101204350828,500,4.250056888926801,4.338683359831779,0.9795729571497437,1990.8947861765778,5.267954677339197,2001.430695531256,1980.3588768218995,0.01058409457680288,2000.8260282069,1981.4556752819592,2025-01-07 13:42:00+00:00,13,42,13:42,500.0,3.998202408701445,Post-News,Normal,Range Raid,Other,-1.0,-1.0
2025-01-07 13:43:00+00:00,2002.4029675940285,2004.6058311447364,2000.600624688903,2002.60322791682,500,4.339669024996908,4.338380498198649,1.000297006405684,1991.7299692418114,5.7375052235090065,2003.2049796888296,1980.2549587947933,0.01152265681013606,2001.1003055551785,1981.4556752819592,2025-01-07 13:43:00+00:00,13,43,13:43,500.0,4.005206455833331,Post-News,Normal,Range Raid,Other,-1.0,1.5
2025-01-07 13:44:00+00:00,1999.5540742381145,2001.7538036927217,1997.754295593436,1999.7540496430788,500,4.37604497488171,4.338306608581998,1.0086988702515995,1992.2918505482662,5.952465812347908,2004.196782172962,1980.3869189235704,0.011950991639522722,2004.6058311447364,1981.4556752819592,2025-01-07 13:44:00+00:00,13,44,13:44,500.0,3.9995080992857766,Post-News,Normal,None,Other,-1.0,-1.0
2025-01-07 13:45:00+00:00,2003.2532432057003,2005.457042153121,2001.450134975992,2003.4535885645569,500,4.470826941678882,4.338326602832185,1.0305418081617452,1992.9849483392281,6.410889847506464,2005.8067280342411,1980.1631686442151,0.01286691071670912,2004.6058311447364,1981.4556752819592,2025-01-07 13:45:00+00:00,13,45,13:45,500.0,4.006907177129051,Post-News,Normal,Range Raid,Other,-1.0,1.5
2025-01-07 13:46:00+00:00,2002.900393598428,2005.1038043724636,2001.0976029651256,2003.1007036687947,500,4.437639403511679,4.338326654989564,1.022891948075854,1993.745084673426,6.671959183171416,2007.0890030397688,1980.401166307083,0.013385781832313462,2005.457042153121,1981.4556752819592,2025-01-07 13:46:00+00:00,13,46,13:46,500.0,4.00620140733804,Post-News,Normal,None,Other,-1.0,1.5
2025-01-07 13:47:00+00:00,2000.1059974158395,2002.30633404666,1998.3057219906227,2000.3060280186412,500,4.463163851701703,4.337916835164576,1.028872618193561,1994.4205736679874,6.615053359758596,2007.6506803875045,1981.1904669484702,0.013267118173761456,2005.457042153121,1981.4556752819592,2025-01-07 13:47:00+00:00,13,47,13:47,500.0,4.000612056037198,Post-News,Normal,None,Other,-1.0,1.5
2025-01-07 13:48:00+00:00,1998.6220500484508,2000.8207541739164,1996.823110309433,1998.8219322416749,500,4.429912424043245,4.336245940513909,1.0216008235728056,1995.102815640344,6.308059275144507,2007.718934190633,1982.486697090055,0.01264708610642681,2005.457042153121,1981.4556752819592,2025-01-07 13:48:00+00:00,13,48,13:48,500.0,3.9976438644832797,Post-News,Normal,None,Other,-1.0,1.5
2025-01-07 13:49:00+00:00,1995.3453853960043,1997.540484829883,1993.5493949501035,1995.5449398899932,500,4.490099914580965,4.334945647372959,1.0357915138571647,1995.7081069150258,5.679448736939258,2007.0670043889043,1984.3492094411474,0.01138332548183817,2005.457042153121,1981.4556752819592,2025-01-07 13:49:00+00:00,13,49,13:49,500.0,3.9910898797795653,Post-News,Normal,None,Other,-1.0,-1.0
2025-01-07 13:50:00+00:00,1996.6700493332548,1998.866606043192,1994.8728665705785,1996.8697363068852,500,4.4546455972975725,4.333649838631789,1.027920058881357,1996.3329863682116,5.015253237540638,2006.3634928432928,1986.3024798931303,0.010048931259037108,2005.457042153121,1981.4556752819592,2025-01-07 13:50:00+00:00,13,50,13:50,500.0,3.99373947261347,Post-News,Normal,None,Other,-1.0,1.5
2025-01-07 13:51:00+00:00,1994.617942861489,1996.812242028553,1992.8226071793451,1994.8174246039491,500,4.4255372780291795,4.3324870995489855,1.0214773123017218,1996.8827831726994,4.088600031167005,2005.0599832350335,1988.7055831103653,0.008189965010707312,2005.457042153121,1981.4556752819592,2025-01-07 13:51:00+00:00,13,51,13:51,500.0,3.9896348492079596,Post-News,Normal,None,Other,-1.0,-1.0
2025-01-07 13:52:00+00:00,1994.9743484324376,1997.1690396848385,1993.1786919532008,1995.17386581902,500,4.394452310429789,4.331383081033866,1.0145609908465703,1997.242759830904,3.543597622452907,2004.32995507581,1990.1555645859983,0.007096979283085125,2005.457042153121,1981.4556752819592,2025-01-07 13:52:00+00:00,13,52,13:52,500.0,3.990347731637712,Post-News,Normal,None,Other,-1.0,-1.0
2025-01-07 13:53:00+00:00,1997.2583384976333,1999.4555423903696,1995.4606262217576,1997.458084306064,500,4.386396900495492,4.32947300996812,1.0131479952401392,1997.5915902834581,3.1662890441227547,2003.9241683717037,1991.2590121952126,0.006340213003546899,2005.457042153121,1981.4556752819592,2025-01-07 13:53:00+00:00,13,53,13:53,500.0,3.994916168612008,Post-News,Normal,None,Other,-1.0,1.5
2025-01-07 13:54:00+00:00,1995.936557235888,1998.132307023826,1994.1400346821204,1996.1361708529728,500,4.358245146296209,4.325171746421605,1.007646725220095,1997.7429183293884,3.009235208198693,2003.7613887457858,1991.724447912991,0.006025270179839048,2005.457042153121,1981.4556752819592,2025-01-07 13:54:00+00:00,13,54,13:54,500.0,3.9922723417055295,Post-News,Normal,None,Other,-1.0,-1.0
2025-01-07 13:55:00+00:00,1995.421465115872,1997.616648245812,1993.6254061913749,1995.6210272185936,500,4.3320306397348505,4.321156596858988,1.0025164658193055,1997.8005650992213,2.9537300633682784,2003.708025225958,1991.8931049724847,0.00591396381594599,2005.457042153121,1981.4556752819592,2025-01-07 13:55:00+00:00,13,55,13:55,500.0,3.99124205443718,Post-News,Normal,None,Other,-1.0,-1.0
2025-01-07 13:56:00+00:00,1992.8423218685923,1995.0346676572265,1991.048584405164,1993.0416260311956,500,4.349202937855894,4.3180999190834175,1.0072029409590593,1997.7703850874736,3.001125648740441,2003.7726363849545,1991.7681337899928,0.0060089501198787795,2005.457042153121,1981.4556752819592,2025-01-07 13:56:00+00:00,13,56,13:56,500.0,3.9860832520623717,Post-News,Normal,None,Other,1.5,-1.0
2025-01-07 13:57:00+00:00,1992.0884584328828,1994.2799748888044,1990.2953995144012,1992.287687201603,500,4.3231581118949896,4.3152343590291355,1.0018362277008837,1997.64190374894,3.1819572901426416,2004.0058183292253,1991.2779891686546,0.006371426799109824,2005.457042153121,1981.4556752819592,2025-01-07 13:57:00+00:00,13,57,13:57,500.0,3.984575374403221,Post-News,Normal,None,Other,1.5,-1.0
2025-01-07 13:58:00+00:00,1997.242718570098,1999.439905279196,1995.4450203535632,1997.44246281638,500,4.525233823730564,4.316313830989458,1.0484024102328107,1997.804951610117,3.0771305919265877,2003.9592127939702,1991.650690426264,0.00616102305572237,2005.457042153121,1981.4556752819592,2025-01-07 13:58:00+00:00,13,58,13:58,500.0,3.994884925632732,Post-News,Normal,None,Other,-1.0,1.5
2025-01-07 13:59:00+00:00,1998.817032490462,2001.015951118064,1997.0179172496964,1999.0169341838805,500,4.487576684061785,4.317299310125884,1.0394407155270724,1997.8830384241705,3.0875858735842865,2004.0582101713392,1991.707866677002,0.006181714973704664,2005.457042153121,1981.4556752819592,2025-01-07 13:59:00+00:00,13,59,13:59,500.0,3.9980338683676564,Post-News,Normal,None,Other,-1.0,1.5
2025-01-07 14:00:00+00:00,1998.3079378341845,2000.5062964016583,1996.5092808244328,1998.5077886130457,500,4.4525366050020505,4.318200197778084,1.0311093513665923,1997.8942841626936,3.0895278051097006,2004.073339772913,1991.7152285524742,0.006185568134611288,2005.457042153121,1981.837667025684,2025-01-07 14:00:00+00:00,14,0,14:00,500.0,3.997015577225511,Post-News,Normal,None,Other,-1.0,1.5
2025-01-07 14:01:00+00:00,1997.1059415050515,1999.3029777443303,1995.308366400186,1997.3056720722584,500,4.419827657797921,4.319021181076508,1.0233401209429325,1997.818207716012,3.0840748587599403,2003.9863574335318,1991.6500579984922,0.006174885876699927,2005.457042153121,1981.837667025684,2025-01-07 14:01:00+00:00,14,1,14:01,500.0,3.994611344144232,Post-News,Normal,None,Other,-1.0,1.5
2025-01-07 14:02:00+00:00,1997.04077022008,1999.2377347637764,1995.2432537752372,1997.240494269507,500,4.389445752850868,4.319768847124188,1.016129776428446,1997.7251722119458,3.0713737481465033,2003.8679197082388,1991.582424715653,0.006149742298628086,2005.457042153121,1985.986358322266,2025-01-07 14:02:00+00:00,14,2,14:02,500.0,3.9944809885391805,Post-News,Normal,None,Other,-1.0,1.5
2025-01-07 14:03:00+00:00,1997.320476868217,1999.5177491199968,1995.5227086622149,1997.520228891106,500,4.361273946060227,4.320445477283792,1.009450059951249,1997.4710222606598,2.848712799488584,2003.168447859637,1991.7735966616826,0.0057046390515633205,2005.457042153121,1988.4909937797347,2025-01-07 14:03:00+00:00,14,3,14:03,500.0,3.995040457781897,Post-News,Squeeze,None,Other,-1.0,1.5
2025-01-07 14:04:00+00:00,1996.503600656716,1998.6999742547976,1994.7065677128303,1996.703270983814,500,4.33499770291073,4.320680678841859,1.003313603835382,1997.3184833276969,2.8013154159983165,2002.9211141596934,1991.7158524957003,0.005610152690984041,2005.457042153121,1990.2953995144012,2025-01-07 14:04:00+00:00,14,4,14:04,500.0,3.9934065419672606,Post-News,Squeeze,None,Other,-1.0,1.5
2025-01-07 14:05:00+00:00,1997.5821219921093,1999.7796820823091,1995.7841182819448,1997.7819001821276,500,4.310752424157419,4.318426782111826,0.9982228810764615,1997.0348989085753,2.4068633179719447,2001.848625544519,1992.2211722726315,0.004820873825063954,2005.457042153121,1990.2953995144012,2025-01-07 14:05:00+00:00,14,5,14:05,500.0,3.99556380036438,Post-News,Squeeze,None,Other,-1.0,1.5
2025-01-07 14:06:00+00:00,1995.69839689051,1997.893884675868,1993.9020887024897,1995.8979866891789,500,4.287969820530349,4.316311808593761,0.9934337486909581,1996.6747630595946,1.9462711312136645,2000.5673053220219,1992.7822207971674,0.003899024853163891,2005.457042153121,1990.2953995144012,2025-01-07 14:06:00+00:00,14,6,14:06,500.0,3.99179597337843,Post-News,Squeeze,None,Other,-1.0,1.5
2025-01-07 14:07:00+00:00,1993.80659834892,1996.0000049477635,1992.011992949866,1994.0059989488147,500,4.26654426177086,4.3143213244977385,0.9889259377933699,1996.3597616061033,1.834223675878518,2000.0282089578604,1992.6913142543463,0.003675136538321901,2005.457042153121,1990.2953995144012,2025-01-07 14:07:00+00:00,14,7,14:07,500.0,3.9880119978975017,Post-News,Squeeze,None,Other,-1.0,1.5
2025-01-07 14:08:00+00:00,1994.5647786790744,1996.759019359689,1992.76949084948,1994.764255104585,500,4.24675742237359,4.312094523704249,0.9848479431581356,1996.1568777492485,1.770864685314878,1999.6986071198783,1992.6151483786186,0.003548548122754019,2005.457042153121,1990.2953995144012,2025-01-07 14:08:00+00:00,14,8,14:08,500.0,3.989528510209084,Post-News,Squeeze,None,Other,-1.0,1.5
2025-01-07 14:09:00+00:00,1992.2551309318485,1994.4468307458544,1990.461921993116,1992.454376369485,500,4.250727114451826,4.309697850070103,0.9863167354952,1996.0023495732232,1.952592639760341,1999.907534852744,1992.0971642937025,0.003913006695964817,2005.457042153121,1990.2953995144012,2025-01-07 14:09:00+00:00,14,9,14:09,500.0,3.98490875273842,Post-News,Squeeze,None,Other,-1.0,1.5
2025-01-07 14:10:00+00:00,1993.7279860113356,1995.9213061279595,1991.933451370461,1993.9273787492104,500,4.231950517526593,4.307461341303195,0.9824697617010402,1995.8552316953399,1.9942022952735288,1999.843636285887,1991.8668271047927,0.003996687261890495,2005.457042153121,1990.2953995144012,2025-01-07 14:10:00+00:00,14,10,14:10,500.0,3.9878547574985532,Post-News,Squeeze,None,Other,-1.0,1.5
2025-01-07 14:11:00+00:00,1993.7194516528684,1995.912762380759,1991.924924693685,1993.918843537222,500,4.214513886779981,4.305378105162613,0.9788951826847273,1995.810302642003,2.028639630240959,1999.867581902485,1991.7530233815212,0.0040657964888857106,2005.457042153121,1990.2953995144012,2025-01-07 14:11:00+00:00,14,11,14:11,500.0,3.987837687074034,Post-News,Squeeze,None,Other,-1.0,1.5
2025-01-07 14:12:00+00:00,1990.098343102732,1992.287670212856,1988.307075467176,1990.297372840016,500,4.314317757013274,4.30537236547015,1.002077727728005,1995.5664779930532,2.372989788848521,2000.3124575707502,1990.8204984153563,0.0047565236538449135,2005.457042153121,1990.2953995144012,2025-01-07 14:12:00+00:00,14,12,14:12,500.0,3.980594745680037,Post-News,Squeeze,Downside Stop Hunt,Other,-1.0,-1.0
2025-01-07 14:13:00+00:00,1990.336172324422,1992.5257610728536,1988.54469062116,1990.5352258470068,500,4.290514378061865,4.305359025208545,0.9965520536011604,1995.2203350700997,2.578550750376902,2000.3774365708534,1990.063233569346,0.00516945563365312,2005.457042153121,1988.307075467176,2025-01-07 14:13:00+00:00,14,13,14:13,500.0,3.9810704516935402,Post-News,Squeeze,None,Other,-1.0,-1.0
2025-01-07 14:14:00+00:00,1987.004858402196,1989.190782338832,1985.216375181312,1987.203578760072,500,4.363966970035643,4.306927872060991,1.0132435693536137,1994.773705465455,3.126875201180997,2001.0274558678168,1988.519955063093,0.006270135188996458,2005.457042153121,1988.307075467176,2025-01-07 14:14:00+00:00,14,14,14:14,500.0,3.974407157519863,Post-News,Normal,Downside False Breakout,Other,1.5,-1.0
2025-01-07 14:15:00+00:00,1988.4029337515035,1990.5903957248272,1986.6131921369656,1988.6017939308963,500,4.336341014166068,4.308372364579524,1.0064916973789182,1994.42274380107,3.4080452646427393,2001.2388343303555,1987.6066532717846,0.006835151224052961,2005.457042153121,1985.216375181312,2025-01-07 14:15:00+00:00,14,15,14:15,500.0,3.9772035878615952,Post-News,Normal,None,Other,1.5,-1.0
2025-01-07 14:16:00+00:00,1987.9283301284893,1990.115269985616,1986.1390156999307,1988.1271428427733,500,4.31062053356029,4.309704448766633,1.0002125632522016,1994.1770196416492,3.679246031691497,2001.5355117050321,1986.8185275782662,0.007379978799179316,2005.1038043724636,1985.216375181312,2025-01-07 14:16:00+00:00,14,16,14:16,500.0,3.9762542856851724,Post-News,Normal,None,Other,1.5,-1.0
2025-01-07 14:17:00+00:00,1991.6314770325032,1993.8224907586116,1989.838829438415,1991.830660098513,500,4.409529632294433,4.312980509847118,1.0223857080334309,1994.1541682864947,3.6929916429327028,2001.5401515723602,1986.7681850006293,0.00740763518019468,2002.30633404666,1985.216375181312,2025-01-07 14:17:00+00:00,14,17,14:17,500.0,3.9836613201966884,Post-News,Normal,None,Other,-1.0,1.5
2025-01-07 14:18:00+00:00,1993.7862184947344,1995.9796026734969,1991.991631439384,1993.9856170564403,500,4.39091627105797,4.316210433108575,1.0173082010497785,1993.9813259984978,3.6109744835209225,2001.2032749655398,1986.7593770314559,0.0072437478454573994,2001.015951118064,1985.216375181312,2025-01-07 14:18:00+00:00,14,18,14:18,500.0,3.9879712341128197,Post-News,Normal,None,Other,-1.0,1.5
2025-01-07 14:19:00+00:00,1991.6924623954733,1993.8835432121896,1989.8997599090687,1991.8916515606293,500,4.369126333651801,4.3193268886575105,1.0115294457395811,1993.6250618673353,3.4352239222863097,2000.495509711908,1986.7546140227626,0.006892417211225748,2001.015951118064,1985.216375181312,2025-01-07 14:19:00+00:00,14,19,14:19,500.0,3.9837833031208447,Post-News,Normal,None,Other,-1.0,1.5
2025-01-07 14:20:00+00:00,1987.6917105483797,1989.8783900979367,1985.9026090987409,1987.8904995983391,500,4.484834628525844,4.324604103859383,1.0370509116715372,1993.0941974165999,3.4612315055969702,2000.0166604277938,1986.171734405406,0.006946448411888077,2001.015951118064,1985.216375181312,2025-01-07 14:20:00+00:00,14,20,14:20,500.0,3.9757809991958766,Post-News,Normal,None,Other,-1.0,-1.0
2025-01-07 14:21:00+00:00,1986.2112305789728,1988.396281437695,1984.423461694563,1986.409871566129,500,4.448262136712001,4.328489270040065,1.0276708244377437,1992.549407391293,3.6174294234414655,1999.7842662381759,1985.3145485444102,0.007261911619401141,2001.015951118064,1985.216375181312,2025-01-07 14:21:00+00:00,14,21,14:21,500.0,3.9728197431320496,Post-News,Normal,Downside Stop Hunt,Other,1.5,-1.0
2025-01-07 14:22:00+00:00,1983.806871583117,1985.9892773824383,1982.0212668382176,1984.005272110328,500,4.4440008932262405,4.332271458015309,1.0257900356184322,1991.887646283334,3.912648270998794,1999.7129428253318,1984.0623497413364,0.007857166599329928,2001.015951118064,1984.423461694563,2025-01-07 14:22:00+00:00,14,22,14:22,500.0,3.9680105442207605,Post-News,Normal,Downside False Breakout,Other,1.5,-1.0
2025-01-07 14:23:00+00:00,1987.4519661100733,1989.6383819143748,1985.6630804520084,1987.650731183192,500,4.528937243999142,4.337124772195455,1.0442257213888249,1991.3941713979389,3.785169306097449,1998.9645100101338,1983.823832785744,0.0076030539015595,2001.015951118064,1982.0212668382176,2025-01-07 14:23:00+00:00,14,23,14:23,500.0,3.9753014623663603,Post-News,Normal,None,Other,1.5,-1.0
2025-01-07 14:24:00+00:00,1987.4513407399668,1989.637755856292,1985.6624556447912,1987.6501057505416,500,4.489391741677831,4.340881334036728,1.0342120404159951,1990.9415131362748,3.6559693506352753,1998.2534518375453,1983.6295744350043,0.007345206931520754,2001.015951118064,1982.0212668382176,2025-01-07 14:24:00+00:00,14,24,14:24,500.0,3.9753002115007803,Post-News,Normal,None,Other,1.5,-1.0
2025-01-07 14:25:00+00:00,1989.327224440064,1991.5157032348277,1987.536650880712,1989.52617705777,500,4.45293892828054,4.34436941418532,1.024990856841206,1990.528726980057,3.2908210383756624,1997.1103690568082,1983.9470849033057,0.006612958645150127,2001.015951118064,1982.0212668382176,2025-01-07 14:25:00+00:00,14,25,14:25,500.0,3.9790523541157654,Post-News,Normal,None,Other,-1.0,-1.0
2025-01-07 14:26:00+00:00,1988.7801731896157,1990.9680501678213,1986.990092025628,1988.979071096725,500,4.419011729274309,4.3476109197854695,1.0164229989311837,1990.1827812004344,3.051655917260907,1996.2860930349561,1984.0794693659127,0.006133418389682113,2001.015951118064,1982.0212668382176,2025-01-07 14:26:00+00:00,14,26,14:26,500.0,3.9779581421933017,Post-News,Normal,None,Other,-1.0,-1.0
2025-01-07 14:27:00+00:00,1988.442770476833,1990.630276274937,1986.6529930056563,1988.6416346402968,500,4.3874596964176185,4.350625283048736,1.0084664642373131,1989.9145629850086,2.931308235478691,1995.777179455966,1984.0519465140512,0.00589232983165173,2001.015951118064,1982.0212668382176,2025-01-07 14:27:00+00:00,14,27,14:27,500.0,3.9772832692806332,Post-News,Normal,None,Other,-1.0,-1.0
2025-01-07 14:28:00+00:00,1988.3977784465276,1990.5852347484483,1986.608041472228,1988.5966381103383,500,4.35815495211781,4.353432476424901,1.001084770630642,1989.6061821352964,2.7103527524112714,1995.026887640119,1984.1854766304739,0.00544902358415965,2001.015951118064,1982.0212668382176,2025-01-07 14:28:00+00:00,14,28,14:28,500.0,3.977193276220305,Post-News,Squeeze,None,Other,-1.0,-1.0
2025-01-07 14:29:00+00:00,1990.6191426366208,1992.8090426835247,1988.8274062346077,1990.8182244590664,500,4.347744210765566,4.356331449255618,0.9980287912914617,1989.5243745397752,2.643733557647697,1994.8118416550706,1984.2369074244798,0.005315307701639497,2001.015951118064,1982.0212668382176,2025-01-07 14:29:00+00:00,14,29,14:29,500.0,3.9816364489170155,Post-News,Squeeze,None,Other,-1.0,1.5
2025-01-07 14:30:00+00:00,1991.2594780003449,1993.4500824865931,1989.4671652388683,1991.458623862731,500,4.32168514197694,4.359040225161807,0.9914304339360667,1989.400936795451,2.4798912560348976,1994.3607193075206,1984.4411542833811,0.0049862070740340795,2000.5062964016583,1982.0212668382176,2025-01-07 14:30:00+00:00,14,30,14:30,500.0,3.9829172477247994,Post-News,Squeeze,None,Other,-1.0,1.5
2025-01-07 14:31:00+00:00,1989.1750562911263,1991.3633676841855,1987.3846196968047,1989.3739936904956,500,4.303993643687603,4.361682137537669,0.9867737968905195,1989.1736943031149,2.2408153331760428,1993.6553249694668,1984.692063636763,0.004506022454637442,1999.7796820823091,1982.0212668382176,2025-01-07 14:31:00+00:00,14,31,14:31,500.0,3.978747987380757,Post-News,Squeeze,None,Other,-1.0,-1.0
2025-01-07 14:32:00+00:00,1992.4250648142813,1994.6169515742529,1990.631702919759,1992.624327247006,500,4.371062517978295,4.363066460232375,1.0018326692519588,1989.2900420234644,2.3594969603162275,1994.009035944097,1984.5710481028318,0.004744400083391051,1999.7796820823091,1982.0212668382176,2025-01-07 14:32:00+00:00,14,32,14:32,500.0,3.985248654493944,Post-News,Squeeze,None,Other,-1.0,1.5
2025-01-07 14:33:00+00:00,1991.8616557995397,1994.0529227476131,1990.0688010238423,1992.060861885728,500,4.34342388982062,4.363740590411323,0.9953442006531401,1989.3663238254007,2.4256076167431835,1994.217539058887,1984.5151085919144,0.004877146230321001,1999.7796820823091,1982.0212668382176,2025-01-07 14:33:00+00:00,14,33,14:33,500.0,3.9841217237708406,Post-News,Squeeze,None,Other,-1.0,1.5
2025-01-07 14:34:00+00:00,1990.974438999047,1993.1647299110368,1989.182382798328,1991.1735563546824,500,4.31763269145549,4.363605976557724,0.9894643821304643,1989.564822705131,2.401627310035174,1994.3680773252015,1984.7615680850606,0.004828447472789206,1999.7796820823091,1982.0212668382176,2025-01-07 14:34:00+00:00,14,34,14:34,500.0,3.982347112708794,Post-News,Squeeze,None,Other,-1.0,1.5
2025-01-07 14:35:00+00:00,1985.368782314584,1987.5529063875367,1983.5817717094403,1985.567339048489,500,4.551500688154535,4.367770083290809,1.0420650815771186,1989.4130999610109,2.556524329851158,1994.5261486207132,1984.3000513013085,0.0051402583604205476,1999.7796820823091,1982.0212668382176,2025-01-07 14:35:00+00:00,14,35,14:35,500.0,3.971134678096405,Post-News,Squeeze,None,Other,-1.0,-1.0
2025-01-07 14:36:00+00:00,1986.64856544779,1988.83409742298,1984.8604029226344,1986.8472501728077,500,4.510228817596752,4.371620568171309,1.0317063769062245,1989.3491053275125,2.605949766214655,1994.5610048599417,1984.1372057950832,0.005239803831787676,1997.893884675868,1982.0212668382176,2025-01-07 14:36:00+00:00,14,36,14:36,500.0,3.973694500345573,Post-News,Squeeze,None,Other,-1.0,1.5
2025-01-07 14:37:00+00:00,1986.8691207911097,1989.0548954014407,1985.080759746293,1987.0678275738671,500,4.471936448850386,4.375177472021301,1.0221154404473523,1989.11096370128,2.5847772470613095,1994.2805181954027,1983.9414092071574,0.005197854306230623,1996.759019359689,1982.0212668382176,2025-01-07 14:37:00+00:00,14,37,14:37,500.0,3.97413565514762,Post-News,Squeeze,None,Other,-1.0,1.5
2025-01-07 14:38:00+00:00,1987.0875406885505,1989.273555584797,1985.2989830461663,1987.2862693154816,500,4.436410455263258,4.378463894081346,1.0132344499312287,1988.775996314232,2.342553669356633,1993.4611036529454,1984.0908889755187,0.004711548557903141,1996.759019359689,1982.0212668382176,2025-01-07 14:38:00+00:00,14,38,14:38,500.0,3.974572538630582,Post-News,Squeeze,None,Other,-1.0,1.5
2025-01-07 14:39:00+00:00,1986.307116973791,1988.4922733180963,1984.5192617829955,1986.505767550546,500,4.40331053239451,4.3799701717409265,1.005328885754559,1988.506702113728,2.274108730899398,1993.0549195755266,1983.9584846519292,0.00457450553922102,1995.9796026734969,1982.0212668382176,2025-01-07 14:39:00+00:00,14,39,14:39,500.0,3.9730115351007953,Post-News,Squeeze,None,Other,-1.0,1.5
2025-01-07 14:40:00+00:00,1985.1847379794908,1987.3686595834288,1983.3978930308144,1985.3832763071216,500,4.372414533838785,4.381338144811644,0.9979632681436774,1988.3813409491672,2.3766585862566516,1993.1346581216806,1983.628023776654,0.004781092112083798,1995.9796026734969,1982.0212668382176,2025-01-07 14:40:00+00:00,14,40,14:40,500.0,3.97076655261435,Post-News,Squeeze,None,Other,-1.0,-1.0
2025-01-07 14:41:00+00:00,1984.4710327289804,1986.6541691786272,1982.6848301792693,1984.6694996789483,500,4.343623424233006,4.382574696707485,0.9911122399114517,1988.2943223548082,2.4821599682183675,1993.258642291245,1983.3300024183714,0.00499354635842585,1995.9796026734969,1982.0212668382176,2025-01-07 14:41:00+00:00,14,41,14:41,500.0,3.9693389993578876,Post-News,Squeeze,None,Other,-1.0,-1.0
2025-01-07 14:42:00+00:00,1985.410228949482,1987.594398618293,1983.623181038636,1985.6087898284648,500,4.317023006763303,4.3836907986714255,0.9847918580552424,1988.3744982407152,2.3591793125379596,1993.0928568657912,1983.6561396156392,0.004745945624680605,1995.9796026734969,1982.0212668382176,2025-01-07 14:42:00+00:00,14,42,14:42,500.0,3.97121757965715,Post-News,Squeeze,None,Other,-1.0,-1.0
2025-01-07 14:43:00+00:00,1986.699412386529,1988.8850002989448,1984.911204094552,1986.8981021967488,500,4.29250680659398,4.382904761698043,0.9793748757914966,1988.3368667913928,2.3772650977094245,1993.0913969868116,1983.582336595974,0.004782419191463457,1995.9796026734969,1982.0212668382176,2025-01-07 14:43:00+00:00,14,43,14:43,500.0,3.9737962043927837,Post-News,Squeeze,None,Other,-1.0,1.5
2025-01-07 14:44:00+00:00,1986.2603375862743,1988.445442468107,1984.472524501138,1986.4589834846224,500,4.269679032335063,4.381131995988934,0.9745606925890592,1988.277310678097,2.4100694893341124,1993.097449656765,1983.4571716994287,0.004848558048499067,1995.9796026734969,1982.0212668382176,2025-01-07 14:44:00+00:00,14,44,14:44,500.0,3.972917966969135,Post-News,Squeeze,None,Other,-1.0,1.5
2025-01-07 14:45:00+00:00,1988.1659506333328,1990.353151899156,1986.376422324932,1988.364787112044,500,4.248754071041416,4.377430781478308,0.9706045128157489,1988.2192411808107,2.39232113104548,1993.0038834429017,1983.4345989187198,0.004812992614687067,1995.9796026734969,1982.0212668382176,2025-01-07 14:45:00+00:00,14,45,14:45,500.0,3.9767295742240094,Post-News,Squeeze,None,Other,-1.0,1.5
2025-01-07 14:46:00+00:00,1988.02882324434,1990.2158736549495,1986.239418362932,1988.227646008941,500,4.229304158254,4.373958527390681,0.9669282714431735,1988.1816699264214,2.3856512367395477,1992.9529723999005,1983.4103674529422,0.004799664483030625,1995.9796026734969,1982.0212668382176,2025-01-07 14:46:00+00:00,14,46,14:46,500.0,3.97645529201759,Post-News,Squeeze,None,Other,-1.0,1.5
2025-01-07 14:47:00+00:00,1987.0465296376212,1989.2324994172009,1985.258008908875,1987.2452541630375,500,4.211103183259141,4.3697575162499716,0.9636926460104852,1988.1118509025582,2.391906503033544,1992.8956639086252,1983.3280378964912,0.004812418379675446,1995.9796026734969,1982.0212668382176,2025-01-07 14:47:00+00:00,14,47,14:47,500.0,3.974490508325971,Post-News,Squeeze,None,Other,-1.0,1.5
2025-01-07 14:48:00+00:00,1987.4607042411835,1989.6471296583904,1985.671810718014,1987.6594701882025,500,4.194261451624658,4.365830000042994,0.9607019631051491,1988.0649925064517,2.391089084100801,1992.8471706746534,1983.28281433825,0.004810887155326371,1995.9796026734969,1982.0212668382176,2025-01-07 14:48:00+00:00,14,48,14:48,500.0,3.9753189403763827,Post-News,Squeeze,None,Other,-1.0,1.5
2025-01-07 14:49:00+00:00,1984.7806603736497,1986.964137447768,1982.9941791311887,1984.9791582894784,500,4.2279064234381645,4.361460108523948,0.9693786755438233,1987.7730391979724,2.3936999009147626,1992.5604389998018,1982.985639396143,0.004816847504643763,1994.6169515742529,1982.0212668382176,2025-01-07 14:49:00+00:00,14,49,14:49,500.0,3.969958316579323,Post-News,Squeeze,None,Other,-1.0,1.5
2025-01-07 14:50:00+00:00,1985.2624614480344,1987.446468556338,1983.4755465412409,1985.4610075487892,500,4.209550394270948,4.357375188473504,0.9660748070091383,1987.4731583822752,2.280692081600579,1992.0345425454764,1982.911774219074,0.004590134104667828,1994.6169515742529,1982.0212668382176,2025-01-07 14:50:00+00:00,14,50,14:50,500.0,3.9709220150971305,Post-News,Squeeze,None,Other,-1.0,1.5
2025-01-07 14:51:00+00:00,1982.2230069233613,1984.4036702973144,1980.438827799218,1982.4212490482664,500,4.267595348220969,4.354742822976701,0.979987917014084,1987.1255211501636,2.4954817191069076,1992.1164845883775,1982.1345577119498,0.005023299620574579,1994.6169515742529,1982.0212668382176,2025-01-07 14:51:00+00:00,14,51,14:51,500.0,3.964842498096459,Post-News,Squeeze,Downside Stop Hunt,Other,-1.0,1.5
2025-01-07 14:52:00+00:00,1980.2066713420943,1982.3851165250885,1978.4243071014623,1980.4047118132755,500,4.248262962405478,4.352306333842963,0.9760946579912226,1986.5145403784768,2.5730139073644085,1991.6605681932056,1981.368512563748,0.005180961639221962,1994.6169515742529,1980.438827799218,2025-01-07 14:52:00+00:00,14,52,14:52,500.0,3.9608094236261877,Post-News,Squeeze,None,Other,-1.0,-1.0
2025-01-07 14:53:00+00:00,1976.2330394540409,1978.407113204815,1974.454251839771,1976.430682522293,500,4.369848463198275,4.352030526554675,1.0040941662828147,1985.733031410305,3.116129451720203,1991.9652903137455,1979.5007725068647,0.006277036041460374,1994.6169515742529,1978.4243071014623,2025-01-07 14:53:00+00:00,14,53,14:53,500.0,3.9528613650441002,Post-News,Normal,Downside False Breakout,Other,1.5,-1.0
2025-01-07 14:54:00+00:00,1975.906756814936,1978.080471618913,1974.1282628844097,1976.1043672516612,500,4.340017054005776,4.351726725016501,0.9973091897192418,1984.9795719551541,3.526238724015663,1992.0320494031855,1977.9270945071228,0.0071058438562013595,1994.6169515742529,1974.454251839771,2025-01-07 14:54:00+00:00,14,54,14:54,500.0,3.9522087345033015,Post-News,Normal,Downside Stop Hunt,Other,1.5,-1.0
2025-01-07 14:55:00+00:00,1979.1095950030865,1981.286833281417,1977.328218229906,1979.3075257556616,500,4.400191980845072,4.352862747368339,1.010873127921469,1984.6665812905128,3.742502723314835,1992.1515867371425,1977.1815758438831,0.007542834163875118,1994.6169515742529,1974.1282628844097,2025-01-07 14:55:00+00:00,14,55,14:55,500.0,3.9586150515110603,Post-News,Normal,None,Other,1.5,-1.0
2025-01-07 14:56:00+00:00,1978.8976899009872,1981.0746950603937,1977.1165038614724,1979.0955994609333,500,4.368620496421939,4.35318637334444,1.0035454772099826,1984.2789987549193,3.9027407601632755,1992.0844802752458,1976.4735172345927,0.007867322614636643,1994.6169515742529,1974.1282628844097,2025-01-07 14:56:00+00:00,14,56,14:56,500.0,3.958191198921213,Post-News,Normal,None,Other,1.5,-1.0
2025-01-07 14:57:00+00:00,1980.191491257269,1982.3699197405,1978.40914068008,1980.38953021029,500,4.339488965278945,4.353458554234171,0.9967911514991593,1983.9450838867403,3.9371158290398083,1991.81931554482,1976.0708522286607,0.007937953244807863,1994.6169515742529,1974.1282628844097,2025-01-07 14:57:00+00:00,14,57,14:57,500.0,3.960779060420009,Post-News,Normal,None,Other,1.5,-1.0
2025-01-07 14:58:00+00:00,1984.874854745764,1987.0584354440537,1983.08828871989,1985.073362081972,500,4.505875841599274,4.353135921198651,1.035087330872629,1983.834438525065,3.8687777457190524,1991.5719940165031,1976.096883033627,0.007800606080002128,1994.6169515742529,1974.1282628844097,2025-01-07 14:58:00+00:00,14,58,14:58,500.0,3.970146724163669,Post-News,Normal,None,Other,-1.0,1.5
2025-01-07 14:59:00+00:00,1985.6968739563445,1987.881358966197,1983.909568039192,1985.8954635026944,500,4.467726919128257,4.352805091783092,1.026401785727118,1983.8039233226725,3.8489546449184444,1991.5018326125094,1976.1060140328357,0.007760756191008654,1994.6169515742529,1974.1282628844097,2025-01-07 14:59:00+00:00,14,59,14:59,500.0,3.9717909270050313,Post-News,Normal,None,Other,-1.0,1.5
2025-01-07 15:00:00+00:00,1984.197817884081,1986.3806537673413,1982.4118612523216,1984.396257509832,500,4.432088747406216,4.352464294156494,1.0182941083185044,1983.7545723828075,3.833936955173325,1991.422446293154,1976.086698472461,0.007730667913356032,1994.6169515742529,1974.1282628844097,2025-01-07 15:00:00+00:00,15,0,15:00,500.0,3.968792515019686,Other,Normal,None,Other,-1.0,1.5
2025-01-07 15:01:00+00:00,1982.9728179098336,1985.154306158359,1981.1879638883124,1983.171135023336,500,4.398821141880533,4.3521141855578716,1.0107320153679917,1983.6796541500273,3.8297549139103144,1991.3391639778479,1976.0201443222068,0.007722526983423163,1994.6169515742529,1974.1282628844097,2025-01-07 15:01:00+00:00,15,1,15:01,500.0,3.9663422700466526,Other,Normal,None,Other,-1.0,-1.0
2025-01-07 15:02:00+00:00,1982.993952959658,1985.1754644590635,1981.2090799146897,1983.1922721868768,500,4.367932813487195,4.351755636568478,1.0037173909267278,1983.5588282679478,3.8037199945951534,1991.166268257138,1975.9513882787576,0.00767049595986326,1994.6169515742529,1974.1282628844097,2025-01-07 15:02:00+00:00,15,2,15:02,500.0,3.9663845443737955,Other,Normal,None,Other,-1.0,-1.0
2025-01-07 15:03:00+00:00,1981.7591412634963,1983.9392943341932,1979.975379660199,1981.9573369971963,500,4.339074374951979,4.3513856437166725,0.9971707245064636,1983.31179000797,3.73525801285444,1990.7823060336789,1975.8412739822613,0.007533375300187929,1994.0529227476131,1974.1282628844097,2025-01-07 15:03:00+00:00,15,3,15:03,500.0,3.963914673994168,Other,Normal,None,Other,-1.0,-1.0
2025-01-07 15:04:00+00:00,1980.6732624466235,1982.8522209311627,1978.890478232,1980.8713495815812,500,4.312122112395598,4.351004383874753,0.9910636101348791,1983.0324083128185,3.6962337595026504,1990.4248758318238,1975.6399407938131,0.007455720328136139,1993.1647299110368,1974.1282628844097,2025-01-07 15:04:00+00:00,15,4,15:04,500.0,3.9617426991626417,Other,Normal,None,Other,1.5,-1.0
2025-01-07 15:05:00+00:00,1982.6455165380385,1984.826644719048,1980.860957117212,1982.84380091813,500,4.287376790212782,4.350614789975677,0.9854645830955656,1982.7563590031223,3.4766740061528094,1989.709707015428,1975.8030109908166,0.007013819908565726,1990.353151899156,1974.1282628844097,2025-01-07 15:05:00+00:00,15,5,15:05,500.0,3.96568760183618,Other,Normal,None,Other,-1.0,-1.0
2025-01-07 15:06:00+00:00,1984.7009118140136,1986.884301155943,1982.914502352435,1984.899401754189,500,4.26974275075565,4.350311005479432,0.9814798862374892,1982.5899467903848,3.2747982742053425,1989.1395433387954,1976.0403502419742,0.006607111630938847,1990.353151899156,1974.1282628844097,2025-01-07 15:06:00+00:00,15,6,15:06,500.0,3.969798803507956,Other,Normal,None,Other,-1.0,1.5
2025-01-07 15:07:00+00:00,1981.454827282834,1983.634645574674,1979.67133958951,1981.652992582092,500,4.3381941374644715,4.351505170074325,0.9969410509491303,1982.3103337113375,3.0899165205308017,1988.490166752399,1976.130500670276,0.006234980402378772,1990.353151899156,1974.1282628844097,2025-01-07 15:07:00+00:00,15,7,15:07,500.0,3.9633059851641974,Other,Normal,None,Other,-1.0,-1.0
2025-01-07 15:08:00+00:00,1979.854122797737,1982.0321801385485,1978.0720758825275,1980.052128010538,500,4.311187717361362,4.352579008324121,0.9904903987076167,1981.929966602454,2.8561728825177837,1987.6423123674895,1976.2176208374185,0.005764427463426403,1990.353151899156,1974.1282628844097,2025-01-07 15:08:00+00:00,15,8,15:08,500.0,3.9601042560209407,Other,Normal,None,Other,1.5,-1.0
2025-01-07 15:09:00+00:00,1978.9554643534125,1981.1325330710724,1977.17422631169,1979.1533796913811,500,4.285981934648577,4.353166588660733,0.9845664867990209,1981.6386776725496,2.825742820631176,1987.290163313812,1975.9871920312873,0.0057038507624407216,1990.353151899156,1974.1282628844097,2025-01-07 15:09:00+00:00,15,9,15:09,500.0,3.958306759382367,Other,Normal,None,Other,1.5,-1.0
2025-01-07 15:10:00+00:00,1980.161191411939,1982.3395865620068,1978.3788681073377,1980.3592273346724,500,4.262748828935763,4.353679893850886,0.9791139755029868,1981.3835886618435,2.689521643001462,1986.7626319478466,1976.0045453758405,0.005429582960900409,1990.353151899156,1974.1282628844097,2025-01-07 15:10:00+00:00,15,10,15:10,500.0,3.960718454669177,Other,Normal,None,Other,1.5,-1.0
2025-01-07 15:11:00+00:00,1982.445783843814,1984.6266922968875,1980.6614042003905,1982.644048248639,500,4.263085695598578,4.3544894239978635,0.9790093121146296,1981.3947286218622,2.6945026297562165,1986.7837338813747,1976.0057233623497,0.005439607950567984,1990.353151899156,1974.1282628844097,2025-01-07 15:11:00+00:00,15,11,15:11,500.0,3.9652880964970336,Other,Normal,None,Other,1.5,-1.0
2025-01-07 15:12:00+00:00,1987.829410052248,1990.0162410864089,1986.0401846606617,1988.0282128735355,500,4.485164777182248,4.357336874334012,1.0293362451733257,1981.7759036748753,3.0613347246325975,1987.8985731241405,1975.65323422561,0.006178972544687575,1990.353151899156,1974.1282628844097,2025-01-07 15:12:00+00:00,15,12,15:12,500.0,3.976056425747174,Other,Clustering,None,Other,-1.0,1.5
2025-01-07 15:13:00+00:00,1986.9238156157924,1989.109650396448,1985.1354053407103,1987.1225278685797,500,4.448670511364772,4.3599728098890616,1.0203436363810643,1982.3104959421896,3.0119311769744104,1988.3343582961384,1976.2866335882409,0.006077617372535385,1990.353151899156,1974.1282628844097,2025-01-07 15:13:00+00:00,15,13,15:13,500.0,3.9742450557375832,Other,Clustering,None,Other,-1.0,1.5
2025-01-07 15:14:00+00:00,1986.1178270879884,1988.3027751925956,1984.330142275128,1986.3164587338615,500,4.414667826086397,4.360817824156573,1.0123486015929224,1982.8211005162998,2.759483388192973,1988.3400672926857,1977.3021337399139,0.005566782373809578,1990.353151899156,1974.1282628844097,2025-01-07 15:14:00+00:00,15,14,15:14,500.0,3.9726329174675357,Other,Normal,None,Other,-1.0,1.5
2025-01-07 15:15:00+00:00,1987.307013536977,1989.4932698775008,1985.518258349275,1987.505764113388,500,4.383263804810646,4.361599870667317,1.0049669696408934,1983.2310124341861,2.818365825824137,1988.8677440858344,1977.594280782538,0.005684392404422719,1990.353151899156,1974.1282628844097,2025-01-07 15:15:00+00:00,15,15,15:15,500.0,3.9750115282258776,Other,Normal,None,Other,-1.0,1.5
2025-01-07 15:16:00+00:00,1985.971561443681,1988.156348639989,1984.1840082830656,1986.1701784615277,500,4.353912129961548,4.3623213972740045,0.9980722953339222,1983.5847413842155,2.7140483037862064,1989.0128379917878,1978.1566447766431,0.005473017103150758,1990.2158736549495,1974.1282628844097,2025-01-07 15:16:00+00:00,15,16,15:16,500.0,3.9723403569232687,Other,Normal,None,Other,-1.0,1.5
2025-01-07 15:17:00+00:00,1985.711491941092,1987.8959930323365,1983.9241728664376,1985.910082949387,500,4.326619846814213,4.3609395675160005,0.9921302003454875,1983.8607690211707,2.6520014242659373,1989.1647718697025,1978.5567661726388,0.0053471523116501605,1990.0162410864089,1974.1282628844097,2025-01-07 15:17:00+00:00,15,17,15:17,500.0,3.971820165898862,Other,Normal,None,Other,-1.0,1.5
2025-01-07 15:18:00+00:00,1984.9073659756305,1987.0909824398493,1983.1207706867235,1985.1058765632863,500,4.301162125836469,4.359443665095642,0.9866309685967934,1983.862394745236,2.6527937362297647,1989.1679822176957,1978.5568072727765,0.0053487454437493144,1990.0162410864089,1974.1282628844097,2025-01-07 15:18:00+00:00,15,18,15:18,500.0,3.9702117531257954,Other,Normal,None,Other,-1.0,1.5
2025-01-07 15:19:00+00:00,1979.730238244287,1981.9081592984608,1977.9483028363263,1979.9282310673937,500,4.50519152591672,4.361711418300058,1.032895369238477,1983.564033123471,2.746029283177554,1989.0560916898262,1978.071974557116,0.00553756619362261,1990.0162410864089,1974.1282628844097,2025-01-07 15:19:00+00:00,15,19,15:19,500.0,3.9598564621344394,Other,Clustering,None,Other,-1.0,1.5
2025-01-07 15:20:00+00:00,1979.9940216707255,1982.172232915688,1978.2118488339383,1980.192040874813,500,4.466276708476218,4.361402119632563,1.0240460718748148,1983.3538222917202,2.8383355211088164,1989.0304933339378,1977.6771512495027,0.0057243150247980315,1990.0162410864089,1974.1282628844097,2025-01-07 15:20:00+00:00,15,20,15:20,500.0,3.9603840817496803,Other,Clustering,None,Other,-1.0,1.5
2025-01-07 15:21:00+00:00,1979.6527774111755,1981.8306132499115,1977.8709117249368,1979.850762487424,500,4.430092766797535,4.361099296800656,1.0158202015825444,1983.1878036649246,2.9446975695215403,1989.0771988039676,1977.2984085258815,0.005939321659965268,1990.0162410864089,1974.1282628844097,2025-01-07 15:21:00+00:00,15,21,15:21,500.0,3.959701524974662,Other,Clustering,None,Other,-1.0,-1.0
2025-01-07 15:22:00+00:00,1982.1907955649635,1984.3714235028783,1980.4066454339415,1982.3890344684105,500,4.436561927415881,4.36097531403715,1.017332502006015,1983.1476417790013,2.950106014713911,1989.0478538084292,1977.2474297495735,0.005950350750622891,1990.0162410864089,1974.1282628844097,2025-01-07 15:22:00+00:00,15,22,15:22,500.0,3.9647780689367664,Other,Clustering,None,Other,-1.0,1.5
2025-01-07 15:23:00+00:00,1982.2215007460188,1984.4021624630109,1980.4373229775704,1982.4197427202907,500,4.402867467274784,4.358874151091745,1.010092816323229,1983.170762065156,2.9420875606528494,1989.0549371864615,1977.2865869438504,0.005934108382253638,1990.0162410864089,1974.1282628844097,2025-01-07 15:23:00+00:00,15,23,15:23,500.0,3.964839485440507,Other,Clustering,None,Other,-1.0,1.5
2025-01-07 15:24:00+00:00,1979.7556705178636,1981.933619550336,1977.9737122185672,1979.953665884452,500,4.405950541163977,4.3574834644165135,1.011122721897455,1983.1248778802994,2.9866545971802783,1989.09818707466,1977.1515686859389,0.006024138228496499,1990.0162410864089,1974.1282628844097,2025-01-07 15:24:00+00:00,15,24,15:24,500.0,3.959907331768818,Other,Normal,None,Other,-1.0,1.5
2025-01-07 15:25:00+00:00,1979.264556292195,1981.4419650449915,1977.4830400399069,1979.462502542449,500,4.374020145729741,4.356168151374001,1.004098095788637,1982.9558129615154,3.0970642966634916,1989.1499415548424,1976.7616843681885,0.006247369258396214,1990.0162410864089,1977.1165038614724,2025-01-07 15:25:00+00:00,15,25,15:25,500.0,3.958925005084666,Other,Normal,None,Other,-1.0,1.5
2025-01-07 15:26:00+00:00,1975.1498258146096,1977.3227079112155,1973.3720131901143,1975.347360550665,500,4.496625089058671,4.3574617073704065,1.0319367996861286,1982.478210901339,3.492799164229654,1989.4638092297982,1975.4926125728798,0.007047339325140121,1990.0162410864089,1977.1165038614724,2025-01-07 15:26:00+00:00,15,26,15:26,500.0,3.950694721101172,Other,Normal,None,Other,-1.0,1.5
2025-01-07 15:27:00+00:00,1972.77925687576,1974.9495310857444,1971.0035779766824,1972.9765545312132,500,4.4857077665532294,4.3590991752059995,1.0290446686937897,1982.0443889987953,4.0886861463920905,1990.2217612915795,1973.867016706011,0.008251452225966424,1990.0162410864089,1973.3720131901143,2025-01-07 15:27:00+00:00,15,27,15:27,500.0,3.945953109061975,Other,Normal,Downside False Breakout,Other,-1.0,-1.0
2025-01-07 15:28:00+00:00,1974.0531087551851,1976.2247843423745,1972.2762832747576,1974.2505338085664,500,4.44733585948635,4.360585523662142,1.0198941943354785,1981.7543092886967,4.4291016303476365,1990.612512549392,1972.8961060280014,0.00893975930232717,1990.0162410864089,1971.0035779766824,2025-01-07 15:28:00+00:00,15,28,15:28,500.0,3.9485010676169168,Other,Normal,None,Other,-1.0,-1.0
2025-01-07 15:29:00+00:00,1973.584641717147,1975.7558019390576,1971.80823789922,1973.7820199191387,500,4.411637872368577,4.361650418022192,1.0114606741842123,1981.4857413000846,4.7465880905112074,1990.978917481107,1971.9925651190622,0.009581876854479648,1990.0162410864089,1971.0035779766824,2025-01-07 15:29:00+00:00,15,29,15:29,500.0,3.9475640398375162,Other,Normal,None,Other,-1.0,-1.0
2025-01-07 15:30:00+00:00,1975.4258840102752,1977.5990698012656,1973.647822908556,1975.6234463549108,500,4.3787528023929365,4.362601545695792,1.0037022076226694,1981.2489522510969,4.920675813417172,1991.090303877931,1971.4076006242626,0.009934492700326716,1990.0162410864089,1971.0035779766824,2025-01-07 15:30:00+00:00,15,30,15:30,500.0,3.951246892709605,Other,Normal,None,Other,-1.0,1.5
2025-01-07 15:31:00+00:00,1971.5639683145312,1973.7329055734028,1969.7893832845448,1971.761144428974,500,4.482703535819586,4.3655800438979915,1.0268288499452218,1980.7048070601134,5.341980134566952,1991.3887673292472,1970.0208467909795,0.010788038915290647,1990.0162410864089,1971.0035779766824,2025-01-07 15:31:00+00:00,15,31,15:31,500.0,3.9435222888580483,Other,Clustering,Downside Stop Hunt,Other,1.5,-1.0
2025-01-07 15:32:00+00:00,1971.1057090654,1973.274142188684,1969.3315365099857,1971.302839349335,500,4.444125117453782,4.366797753889249,1.0177080249470365,1979.8685383839033,5.443374057920455,1990.7552864997442,1968.9817902680625,0.010997445441228477,1990.0162410864089,1969.7893832845448,2025-01-07 15:32:00+00:00,15,32,15:32,500.0,3.942605678698328,Other,Clustering,Downside Stop Hunt,Other,1.5,-1.0
2025-01-07 15:33:00+00:00,1970.188348260213,1972.3557721856916,1968.415001412094,1970.3853867988928,500,4.408171235749777,4.367876876321402,1.0092251591721402,1979.0316813304191,5.554890247319935,1990.141461825059,1967.9219008357793,0.011227491302384002,1990.0162410864089,1969.3315365099857,2025-01-07 15:33:00+00:00,15,33,15:33,500.0,3.9407707735977056,Other,Normal,Downside Stop Hunt,Other,1.5,-1.0
2025-01-07 15:34:00+00:00,1972.0921711381748,1974.2616894782605,1970.3171106781044,1972.2894000781823,500,4.3750574903502235,4.368833956302981,1.0014245297737314,1978.3303283976352,5.4716098058199885,1989.2735480092751,1967.3871087859952,0.01106308633553984,1990.0162410864089,1968.415001412094,2025-01-07 15:34:00+00:00,15,34,15:34,500.0,3.944578800156023,Other,Clustering,None,Other,1.5,-1.0
2025-01-07 15:35:00+00:00,1973.4391020128223,1975.610102125048,1971.662829193729,1973.6364656593885,500,4.3445014504194095,4.365383969007397,0.9952163386459828,1977.636863474935,5.114775389044374,1987.8664142530235,1967.4073126968462,0.010345226635909442,1990.0162410864089,1968.415001412094,2025-01-07 15:35:00+00:00,15,35,15:35,500.0,3.947272931318821,Other,Clustering,None,Other,1.5,-1.0
2025-01-07 15:36:00+00:00,1974.7267017843892,1976.8991183980131,1972.949270009606,1974.9241942038095,500,4.316311945989965,4.362152021147282,0.9894914081547161,1977.074564262049,4.731057076411581,1986.5366784148723,1967.6124501092258,0.009571833378327847,1990.0162410864089,1968.415001412094,2025-01-07 15:36:00+00:00,15,36,15:36,500.0,3.94984838840719,Other,Normal,None,Other,1.5,-1.0
2025-01-07 15:37:00+00:00,1977.7926902997365,1979.96847983802,1976.0124988593225,1977.9904893486712,500,4.368310066577138,4.360424914776062,1.0018083448184958,1976.6785845820134,4.2606624781094995,1985.1999095382323,1968.1572596257945,0.008621861968541351,1990.0162410864089,1968.415001412094,2025-01-07 15:37:00+00:00,15,37,15:37,500.0,3.9559809786974256,Other,Clustering,None,Other,-1.0,-1.0
2025-01-07 15:38:00+00:00,1977.0845950199607,1979.2596055755384,1975.3050409290345,1977.2823232522865,500,4.338756822286197,4.358797354226445,0.9954022795024376,1976.2874069164634,3.77802859493594,1983.8434641063352,1968.7313497265916,0.007646718957402331,1990.0162410864089,1968.415001412094,2025-01-07 15:38:00+00:00,15,38,15:38,500.0,3.954564646503968,Other,Normal,None,Other,-1.0,-1.0
2025-01-07 15:39:00+00:00,1979.7457229333504,1981.9236610223857,1977.963773587776,1979.943717305081,500,4.360369747129984,4.358081674472036,1.0005250183059557,1976.2881812283479,3.778815564834385,1983.8458123580167,1968.730550098679,0.0076483087855855544,1990.0162410864089,1968.415001412094,2025-01-07 15:39:00+00:00,15,39,15:39,500.0,3.9598874346097546,Other,Normal,None,Other,-1.0,1.5
2025-01-07 15:40:00+00:00,1977.6993161151745,1979.8750029315825,1975.919208719931,1977.8971058257569,500,4.336379664131413,4.357481093310246,0.9951574249602073,1976.1734344758947,3.6877797932356406,1983.548994062366,1968.7978748894234,0.007464486120295856,1990.0162410864089,1968.415001412094,2025-01-07 15:40:00+00:00,15,40,15:40,500.0,3.955794211651437,Other,Normal,None,Other,-1.0,-1.0
2025-01-07 15:41:00+00:00,1975.5825755093144,1977.7559336781912,1973.804373371142,1975.7801535246667,500,4.3189762920230885,4.357070307773414,0.991256965561845,1975.969904027757,3.5850428464032817,1983.1399897205636,1968.7998183349503,0.00725728228774271,1990.0162410864089,1968.415001412094,2025-01-07 15:41:00+00:00,15,41,15:41,500.0,3.951560307049249,Other,Normal,None,Other,1.5,-1.0
2025-01-07 15:42:00+00:00,1977.0900191711544,1979.2650356938948,1975.3104601980035,1977.2877479459487,500,4.2929476637279596,4.356669052056159,0.985373828590876,1975.714839701634,3.272118521609973,1982.259076744854,1969.170602658414,0.006624677723439306,1990.0162410864089,1968.415001412094,2025-01-07 15:42:00+00:00,15,42,15:42,500.0,3.9545754958912767,Other,Normal,None,Other,-1.0,-1.0
2025-01-07 15:43:00+00:00,1974.136989732517,1976.308757598009,1972.3600887516595,1974.3344231748345,500,4.338284201625188,4.3574320086400125,0.9956057129573433,1975.3105737243611,2.8755744365264935,1981.061722597414,1969.5594248513082,0.005823032539343279,1989.4932698775008,1968.415001412094,2025-01-07 15:43:00+00:00,15,43,15:43,500.0,3.948668846349392,Other,Clustering,None,Other,1.5,-1.0
2025-01-07 15:44:00+00:00,1975.2877842050864,1977.4608180710984,1973.509847405622,1975.4853327383605,500,4.310618949043137,4.358114340585146,0.9891018482237361,1975.0871570670565,2.6614556198358317,1980.4100683067281,1969.764245827385,0.005390051999098582,1989.4932698775008,1968.415001412094,2025-01-07 15:44:00+00:00,15,44,15:44,500.0,3.9509706654764614,Other,Clustering,None,Other,1.5,-1.0
2025-01-07 15:45:00+00:00,1975.507672034846,1977.680947801661,1973.729537316543,1975.705242559102,500,4.284961201619914,4.358717792761455,0.9830783742723538,1974.8992940678895,2.4614512816638774,1979.8221966312174,1969.9763915045617,0.004985471996587409,1989.4932698775008,1968.415001412094,2025-01-07 15:45:00+00:00,15,45,15:45,500.0,3.9514104851180036,Other,Squeeze,None,Other,1.5,-1.0
2025-01-07 15:46:00+00:00,1977.64603688968,1979.8216650930783,1975.865977450535,1977.8438212718067,500,4.27292272535965,4.359444768879882,0.9801529671535526,1975.0241171039463,2.547175596855367,1980.118468297657,1969.9297659102356,0.0051587736570840245,1988.156348639989,1968.415001412094,2025-01-07 15:46:00+00:00,15,46,15:46,500.0,3.955687642543353,Other,Squeeze,None,Other,-1.0,-1.0
2025-01-07 15:47:00+00:00,1977.54825664568,1979.7237772800531,1975.768285217556,1977.746031248805,500,4.250249106583754,4.360097200935292,0.9748060446157086,1975.2625909398255,2.5685637561405534,1980.3997184521065,1970.1254634275444,0.005201462869639835,1987.8959930323365,1968.415001412094,2025-01-07 15:47:00+00:00,15,47,15:47,500.0,3.9554920624971146,Other,Squeeze,None,Other,-1.0,-1.0
2025-01-07 15:48:00+00:00,1977.678875937865,1979.85454026783,1975.8987869406217,1977.876663604226,500,4.22921369377123,4.360679738304402,0.969851937674219,1975.4438974296088,2.620812961567526,1980.6855233527438,1970.2022715064738,0.005306782875438999,1987.0909824398493,1968.415001412094,2025-01-07 15:48:00+00:00,15,48,15:48,500.0,3.955753327208413,Other,Clustering,None,Other,-1.0,-1.0
2025-01-07 15:49:00+00:00,1978.7060820183856,1980.8828763880424,1976.925068443212,1978.903972415627,500,4.209827568846885,4.360378424061214,0.9654729840915718,1975.6999950544334,2.698958017176212,1981.0979110887858,1970.302079020081,0.005464307382562604,1984.4021624630109,1968.415001412094,2025-01-07 15:49:00+00:00,15,49,15:49,500.0,3.9578079448303924,Other,Normal,None,Other,-1.0,1.5
2025-01-07 15:50:00+00:00,1977.4151017089396,1979.590475858234,1975.6352501322435,1977.6128629952389,500,4.1916417229285665,4.3600799462055075,0.9613680883481209,1975.7994658864495,2.732440862924673,1981.264347612299,1970.3345841606001,0.005531818203420326,1984.4021624630109,1968.415001412094,2025-01-07 15:50:00+00:00,15,50,15:50,500.0,3.955225725990431,Other,Normal,None,Other,-1.0,-1.0
2025-01-07 15:51:00+00:00,1976.038891961144,1978.2127521283176,1974.2602790970925,1976.2365156127053,500,4.174558244949744,4.358529327817654,0.9577905598354606,1976.0232344456363,2.5622764675383545,1981.147787380713,1970.8986815105595,0.005186733481415165,1984.4021624630109,1968.415001412094,2025-01-07 15:51:00+00:00,15,51,15:51,500.0,3.952473031225054,Other,Squeeze,None,Other,1.5,-1.0
2025-01-07 15:52:00+00:00,1976.9963752725132,1979.1712887766637,1975.2169005872995,1977.1940946819816,500,4.158831812407919,4.357038808651027,0.9545087833852748,1976.3177972122685,2.3180458260767254,1980.953888864422,1971.681705560115,0.004691645907042892,1984.4021624630109,1968.415001412094,2025-01-07 15:52:00+00:00,15,52,15:52,500.0,3.954388189364181,Other,Squeeze,None,Other,-1.0,-1.0
2025-01-07 15:53:00+00:00,1976.9582437115132,1979.1331152667517,1975.1788033481369,1977.155959307444,500,4.144223248565557,4.3532783884071495,0.9519775394106864,1976.656325837696,1.8540195644854547,1980.364364966667,1972.948286708725,0.0037518298760403366,1984.4021624630109,1968.415001412094,2025-01-07 15:53:00+00:00,15,53,15:53,500.0,3.9543119186148488,Other,Squeeze,None,Other,-1.0,-1.0
2025-01-07 15:54:00+00:00,1976.172926706376,1978.3469343265149,1974.3941931989896,1976.370563762752,500,4.13054595420554,4.349787203410478,0.9495972471864738,1976.8603840219246,1.5473101769088362,1979.9550043757422,1973.765763668107,0.00313084361326682,1981.933619550336,1968.415001412094,2025-01-07 15:54:00+00:00,15,54,15:54,500.0,3.9527411275253144,Other,Squeeze,None,Other,-1.0,-1.0
2025-01-07 15:55:00+00:00,1976.0290979733447,1978.2029473660543,1974.250493924764,1976.2267206454087,500,4.117825060425884,4.345081088070159,0.9476980928461316,1976.9898967712256,1.3603717663226624,1979.710640303871,1974.2691532385802,0.0027524101535257054,1981.9236610223857,1968.415001412094,2025-01-07 15:55:00+00:00,15,55,15:55,500.0,3.952453441290345,Other,Squeeze,None,Other,1.5,-1.0
2025-01-07 15:56:00+00:00,1979.202299364681,1981.3796396280084,1977.4208391492311,1979.40023938862,500,4.191760340581153,4.342133418806145,0.9653688489686398,1977.2136990304662,1.3707948313010097,1979.9552886930683,1974.472109367864,0.0027731849763598724,1981.9236610223857,1968.415001412094,2025-01-07 15:56:00+00:00,15,56,15:56,500.0,3.9588004787772206,Other,Squeeze,None,Other,-1.0,1.5
2025-01-07 15:57:00+00:00,1978.345453866719,1980.521851505736,1976.5647648893412,1978.5433081975389,500,4.174997931710708,4.339391901580009,0.9621158969740797,1977.2413399729096,1.3926813937534075,1980.0267027604164,1974.4559771854028,0.002817423175609831,1981.9236610223857,1968.415001412094,2025-01-07 15:57:00+00:00,15,57,15:57,500.0,3.9570866163949177,Other,Squeeze,None,Other,-1.0,1.5
2025-01-07 15:58:00+00:00,1977.4316305835807,1979.607022916456,1975.65176412941,1977.629393522933,500,4.159302278520371,4.333615675528693,0.9597764522607195,1977.2586934864419,1.3953786670647723,1980.0494508205713,1974.4679361523124,0.0028228550399832675,1981.9236610223857,1968.415001412094,2025-01-07 15:58:00+00:00,15,58,15:58,500.0,3.9552587870459774,Other,Squeeze,None,Other,-1.0,-1.0
2025-01-07 15:59:00+00:00,1974.077897874954,1976.249600732902,1972.3010500820876,1974.2753254074948,500,4.242805218686444,4.32986698052133,0.9798927398401501,1976.9752738915624,1.3969732265470105,1979.7692203446566,1974.1813274384683,0.002826485985931831,1981.9236610223857,1968.415001412094,2025-01-07 15:59:00+00:00,15,59,15:59,500.0,3.948550650814468,Other,Squeeze,None,Other,1.5,-1.0
2025-01-07 16:00:00+00:00,1974.014031687942,1976.1856642860585,1972.237241380392,1974.2114528332247,500,4.22177791061358,4.326361799908119,0.9758263654008873,1976.790991241936,1.5076799979237168,1979.8063512377832,1973.7756312460886,0.0030507625836082167,1981.9236610223857,1968.415001412094,2025-01-07 16:00:00+00:00,16,0,16:00,500.0,3.948422905666348,Other,Squeeze,None,Other,1.5,-1.0
2025-01-07 16:01:00+00:00,1975.3309081494256,1977.503989456521,1973.5529325345296,1975.5284609955252,500,4.202440697140558,4.323088792495786,0.972092154210514,1976.7784066154788,1.5175794928044783,1979.8135656010877,1973.74324762987,0.00307081357773983,1981.9236610223857,1968.415001412094,2025-01-07 16:01:00+00:00,16,1,16:01,500.0,3.951056921991267,Other,Squeeze,None,Other,1.5,-1.0
2025-01-07 16:02:00+00:00,1977.003136860357,1979.1780578029973,1975.2236560891056,1977.2008569460515,500,4.184723626908496,4.320035306052808,0.9686781080342731,1976.774062065484,1.5161683181663548,1979.8063987018168,1973.7417254291513,0.003067964816539846,1981.9236610223857,1968.415001412094,2025-01-07 16:02:00+00:00,16,2,16:02,500.0,3.9544017138916843,Other,Squeeze,None,Other,1.5,-1.0
2025-01-07 16:03:00+00:00,1977.236867244863,1979.4120453166397,1975.457176095228,1977.4346107059337,500,4.168305455087291,4.3171891573883965,0.9655137412623425,1976.929071442039,1.4082555364787936,1979.7455825149966,1974.1125603690814,0.0028493799940967545,1981.9236610223857,1968.415001412094,2025-01-07 16:03:00+00:00,16,3,16:03,500.0,3.9548692214116272,Other,Squeeze,None,Other,1.5,-1.0
2025-01-07 16:04:00+00:00,1979.1474715075287,1981.324751454182,1977.3660606420856,1979.345406048134,500,4.15333298058794,4.314542671858269,0.9626357406726271,1977.1220751075277,1.4634093691158325,1980.0488938457595,1974.195256369296,0.0029606859132080463,1981.9236610223857,1970.3171106781044,2025-01-07 16:04:00+00:00,16,4,16:04,500.0,3.9586908120963926,Other,Squeeze,None,Other,1.5,-1.0
2025-01-07 16:05:00+00:00,1980.6150196116585,1982.793914022672,1978.832287820829,1980.813100921751,500,4.13963963924902,4.312080386008873,0.9600098487682743,1977.37746802566,1.638380440509438,1980.6542289066788,1974.100707144641,0.003314249235671298,1981.9236610223857,1971.662829193729,2025-01-07 16:05:00+00:00,16,5,16:05,500.0,3.961626201843046,Other,Squeeze,Upside Sweep,Other,1.5,-1.0
2025-01-07 16:06:00+00:00,1982.8404009652609,1985.02174354058,1981.0556661309083,1983.0387048357445,500,4.144568423504741,4.309994147221357,0.9616181094298548,1977.637212203857,2.0709049000572897,1981.7790220039715,1973.4954024037424,0.004188644686250547,1982.793914022672,1972.237241380392,2025-01-07 16:06:00+00:00,16,6,16:06,500.0,3.9660774096716978,Other,Squeeze,None,Other,1.5,-1.0
2025-01-07 16:07:00+00:00,1984.8129249217236,1986.9964374903936,1983.0264146382651,1985.0114260643295,500,4.132100882692154,4.306559259641819,0.9594900786378184,1978.0004819446335,2.647860957757371,1983.2962038601484,1972.7047600291187,0.0053546214612732995,1985.02174354058,1972.237241380392,2025-01-07 16:07:00+00:00,16,7,16:07,500.0,3.9700228521285226,Other,Normal,Upside Sweep,Other,1.5,-1.0
2025-01-07 16:08:00+00:00,1987.9513647468164,1990.1383299445567,1986.162029585028,1988.1501797647927,500,4.203158239658947,4.304758768346778,0.9763980900776816,1978.5141577526617,3.486333947865395,1985.4868256483926,1971.5414898569309,0.007048388173932423,1986.9964374903936,1972.237241380392,2025-01-07 16:08:00+00:00,16,8,16:08,500.0,3.97630035952875,Other,Normal,Upside False Breakout,Other,-1.0,-1.0
2025-01-07 16:09:00+00:00,1987.6339278453268,1989.8205438275545,1985.8448784053217,1987.8327111164383,500,4.1869087526999405,4.303107548647635,0.9729965392140355,1978.9605946877018,4.062882863626458,1987.0863604149547,1970.834828960449,0.008212155157677816,1990.1383299445567,1972.237241380392,2025-01-07 16:09:00+00:00,16,9,16:09,500.0,3.9756654222328507,Other,Normal,None,Other,-1.0,-1.0
2025-01-07 16:10:00+00:00,1985.0178217553373,1987.2015597330656,1983.2311270462865,1985.216343389676,500,4.216528418232218,4.302337208469242,0.9800553080618348,1979.3407687074239,4.280068196144918,1987.9009050997138,1970.780632315134,0.008649482219153161,1990.1383299445567,1972.237241380392,2025-01-07 16:10:00+00:00,16,10,16:10,500.0,3.970432686779077,Other,Normal,None,Other,1.5,-1.0
2025-01-07 16:11:00+00:00,1986.3556160663527,1988.540825764996,1984.567717222009,1986.5542714935025,500,4.1991412842861395,4.301271468280702,0.9762558153449018,1979.8566565014637,4.502257459245231,1988.8611714199542,1970.8521415829732,0.009096128135258088,1990.1383299445567,1972.237241380392,2025-01-07 16:11:00+00:00,16,11,16:11,500.0,3.97310854298712,Other,Normal,None,Other,1.5,-1.0
2025-01-07 16:12:00+00:00,1987.9265567080145,1990.1134946141835,1986.137243875694,1988.1253692449388,500,4.18322053101496,4.296239064177914,0.9736936116741494,1980.4032202296116,4.8146916563578595,1990.0326035423273,1970.773836916896,0.00972466941514988,1990.1383299445567,1972.237241380392,2025-01-07 16:12:00+00:00,16,12,16:12,500.0,3.9762507384896253,Other,Normal,None,Other,1.5,-1.0
2025-01-07 16:13:00+00:00,1991.0699541327908,1993.2603501219355,1989.277811959854,1991.269081040895,500,4.251203412870797,4.292947945869681,0.9902760216230792,1981.1088763162843,5.321293256889757,1991.7514628300637,1970.466289802505,0.010744070294176317,1990.1383299445567,1972.237241380392,2025-01-07 16:13:00+00:00,16,13,16:13,500.0,3.9825381620814824,Other,Normal,None,Other,1.5,-1.0
2025-01-07 16:14:00+00:00,1993.642664263428,1995.8358905167424,1991.8482064198065,1993.8420484682745,500,4.273746703083423,4.290599260486299,0.9960722136047341,1981.98245055156,5.904621316335022,1993.79169318423,1970.17320791889,0.011916596566618096,1993.2603501219355,1972.237241380392,2025-01-07 16:14:00+00:00,16,14,16:14,500.0,3.9876840969359364,Other,Normal,None,Other,1.5,-1.0
2025-01-07 16:15:00+00:00,1997.544991783721,1999.7425110266072,1995.7470214940863,1997.744766260347,500,4.389940692744087,4.290710541951855,1.0231267408560942,1983.0583528323073,6.706624220612269,1996.4716012735319,1969.6451043910827,0.013527840390644174,1995.8358905167424,1972.237241380392,2025-01-07 16:15:00+00:00,16,15,16:15,500.0,3.995489532520878,Other,Normal,None,Other,-1.0,-1.0
2025-01-07 16:16:00+00:00,1998.8035497599449,2001.00245355506,1997.0044466548504,1999.0034501049556,500,4.361945421848758,4.290844430149975,1.0165703960738324,1984.038513368124,7.526260691183391,1999.091034750491,1968.9859919857572,0.015173618133867334,1999.7425110266072,1972.237241380392,2025-01-07 16:16:00+00:00,16,16,16:16,500.0,3.998006900209475,Other,Normal,Upside Sweep,Other,-1.0,1.5
2025-01-07 16:17:00+00:00,1999.2809422197515,2001.4803711990908,1997.4814094184733,1999.480890308782,500,4.336018018903668,4.291001066351467,1.010491014067838,1985.0853924736862,8.151841923983325,2001.3890763216527,1968.7817086257196,0.0164261788533439,2001.00245355506,1972.237241380392,2025-01-07 16:17:00+00:00,16,17,16:17,500.0,3.998961780617492,Other,Normal,Upside Sweep,Other,-1.0,1.5
2025-01-07 16:18:00+00:00,1996.533853702382,1998.7302605821424,1994.7367935280324,1996.7335270550875,500,4.365166501892656,4.292067805952403,1.017031113963036,1986.040599150294,8.34908356550104,2002.738766281296,1969.342432019292,0.016815534524466588,2001.4803711990908,1972.237241380392,2025-01-07 16:18:00+00:00,16,18,16:18,500.0,3.993467054109942,Other,Normal,None,Other,-1.0,-1.0
2025-01-07 16:19:00+00:00,1997.1690452230396,1999.3661508833504,1995.3714133191484,1997.3687821012493,500,4.338707292057614,4.289293068721418,1.0115203653712863,1987.195271984982,8.232405183223761,2003.6600823514295,1970.7304616185343,0.016570903321444768,2001.4803711990908,1972.237241380392,2025-01-07 16:19:00+00:00,16,19,16:19,500.0,3.994737564202069,Other,Normal,None,Other,-1.0,-1.0
2025-01-07 16:20:00+00:00,1996.0858681519308,1998.2817821983024,1994.2892112048996,1996.285496701601,500,4.3139832707251236,4.2867548447588995,1.0063517572038239,1988.2989741784004,7.87189157336179,2004.042757325124,1972.5551910316767,0.015836434410704533,2001.4803711990908,1972.237241380392,2025-01-07 16:20:00+00:00,16,20,16:20,500.0,3.992570993402751,Other,Normal,None,Other,1.5,-1.0
2025-01-07 16:21:00+00:00,1996.528070133673,1998.724470650872,1994.731015165056,1996.727742907964,500,4.291088428945898,4.284438105794705,1.0015522042767284,1989.3589382740224,7.479285497730909,2004.3175092694842,1974.4003672785607,0.015038584247084008,2001.4803711990908,1972.237241380392,2025-01-07 16:21:00+00:00,16,21,16:21,500.0,3.993455485815957,Other,Normal,None,Other,-1.0,-1.0
2025-01-07 16:22:00+00:00,1996.6568766758492,1998.8534188944143,1994.8597057697505,1996.8565623320824,500,4.2698473357828926,4.281659529267489,0.9972412114032296,1990.341723543324,7.078256575420021,2004.498236694164,1976.185210392484,0.014225208649736584,2001.4803711990908,1972.237241380392,2025-01-07 16:22:00+00:00,16,22,16:22,500.0,3.9937131246638273,Other,Normal,None,Other,-1.0,-1.0
2025-01-07 16:23:00+00:00,1997.618965075296,1999.8165656969404,1995.8209282030405,1997.8187469499903,500,4.250260918505539,4.279116086788002,0.9932567456228741,1991.360930355527,6.571346387348717,2004.5036231302245,1978.2182375808295,0.013199709379003487,2001.4803711990908,1972.237241380392,2025-01-07 16:23:00+00:00,16,23,16:23,500.0,3.995637493899949,Other,Normal,None,Other,-1.0,-1.0
2025-01-07 16:24:00+00:00,1997.4445192110395,1999.6419279230429,1995.646639355764,1997.6442836394035,500,4.232048607703642,4.27621772123033,0.9896709858089312,1992.27587423509,6.064714735172246,2004.4053037054346,1980.1464447647454,0.012176455707974201,2001.4803711990908,1972.237241380392,2025-01-07 16:24:00+00:00,16,24,16:24,500.0,3.995288567278976,Other,Normal,None,Other,-1.0,-1.0
2025-01-07 16:25:00+00:00,1999.333036814648,2001.532523103773,1997.5334571235455,1999.5329901136597,500,4.2154069914553425,4.273574168659089,0.986389103146887,1993.2118686946858,5.63159965044683,2004.4750679955794,1981.9486693937922,0.011301557529124706,2001.4803711990908,1972.237241380392,2025-01-07 16:25:00+00:00,16,25,16:25,500.0,3.999065980227442,Other,Normal,Upside Sweep,Other,-1.0,1.5
2025-01-07 16:26:00+00:00,1993.9158898638084,1996.1094166953412,1992.1211860925537,1994.115301393948,500,4.443721065001821,4.272692434924808,1.0400283036239706,1993.765698522596,5.09784142147117,2003.9613813655383,1983.5700156796538,0.010227563700686951,2001.532523103773,1972.237241380392,2025-01-07 16:26:00+00:00,16,26,16:26,500.0,3.988230602787553,Other,Normal,None,Other,1.5,-1.0
2025-01-07 16:27:00+00:00,1994.3147001096,1996.508665676277,1992.519637373228,1994.5141515247528,500,4.411243010576607,4.271451355658531,1.032726968722912,1994.240834795617,4.663292049698907,2003.567418895015,1984.9142506962191,0.009353518328044623,2001.532523103773,1972.237241380392,2025-01-07 16:27:00+00:00,16,27,16:27,500.0,3.9890283030488263,Other,Normal,None,Other,1.5,-1.0
2025-01-07 16:28:00+00:00,1996.734252844956,1998.9308801858192,1994.9370122933403,1996.93394623958,500,4.411634842754448,4.270856338713,1.032962594120848,1994.6800231193563,4.469066810313137,2003.6181567399826,1985.74188949873,0.008961972363515766,2001.532523103773,1972.237241380392,2025-01-07 16:28:00+00:00,16,28,16:28,500.0,3.9938678924788746,Other,Normal,None,Other,1.5,-1.0
2025-01-07 16:29:00+00:00,2000.4917411221536,2002.6925021134869,1998.6911184928808,2000.691810303184,500,4.507843487836755,4.272459765637469,1.0550932566041766,1995.322978078694,4.355678005288702,2004.0343340892714,1986.6116220681165,0.008731775362969712,2001.532523103773,1972.237241380392,2025-01-07 16:29:00+00:00,16,29,16:29,500.0,4.0013836206060205,Other,Clustering,Upside Sweep,Other,1.5,-1.0
2025-01-07 16:30:00+00:00,2001.976579430016,2004.1789739068363,2000.1746203126168,2002.176797109727,500,4.471879924006954,4.274011884331036,1.046295622246939,1996.1710007646961,3.9129650077301927,2003.9969307801566,1988.3450707492357,0.007840941494954594,2002.6925021134869,1972.237241380392,2025-01-07 16:30:00+00:00,16,30,16:30,500.0,4.004353594219538,Lunch Session,Clustering,Upside Sweep,Other,1.5,-1.0
2025-01-07 16:31:00+00:00,2005.372572638765,2007.578703081712,2003.5675568218085,2005.57312995176,500,4.538310356005394,4.274938664667467,1.061608297100191,1997.1219436876095,3.760930108956597,2004.6438039055226,1989.6000834696963,0.007532699985284168,2004.1789739068363,1973.5529325345296,2025-01-07 16:31:00+00:00,16,31,16:31,500.0,4.011146259903626,Lunch Session,Clustering,None,Other,-1.0,1.5
2025-01-07 16:32:00+00:00,2005.7314380829328,2007.937963317347,2003.9260992547756,2005.9320312860611,500,4.500707049331543,4.275881696865429,1.0525798813916971,1998.0122767896653,3.624280266423563,2005.2608373225123,1990.7637162568183,0.0072557717658209295,2007.578703081712,1975.2236560891056,2025-01-07 16:32:00+00:00,16,32,16:32,500.0,4.011864062571476,Lunch Session,Normal,Upside Sweep,Other,-1.0,1.5
2025-01-07 16:33:00+00:00,2005.757237121765,2007.9637907379604,2003.9518750721504,2005.9578329050555,500,4.465793379080002,4.276842065920933,1.0441801007020308,1998.7467143828733,3.6738474243620454,2006.0944092315974,1991.3990195341491,0.00735230211597149,2007.937963317347,1975.457176095228,2025-01-07 16:33:00+00:00,16,33,16:33,500.0,4.0119156658099655,Lunch Session,Normal,Upside Sweep,Other,-1.0,1.5
2025-01-07 16:34:00+00:00,2006.8394658112868,2009.0472099980975,2005.033129658441,2007.0401698282697,500,4.433528161978316,4.277816577114734,1.0363997806022354,1999.406620450873,3.923358377257829,2007.2533372053888,1991.5599036963574,0.007849045486051478,2007.9637907379604,1977.3660606420856,2025-01-07 16:34:00+00:00,16,34,16:34,500.0,4.014080339656402,Lunch Session,Normal,Upside Sweep,Other,-1.0,1.5
2025-01-07 16:35:00+00:00,2006.8531238394503,2009.0608830515944,2005.0467753931505,2007.0538292223723,500,4.403569554583,4.2788010455174605,1.0291596893004056,1999.8720735989743,4.254082795289179,2008.3802391895526,1991.363908008396,0.008508709834891576,2009.0472099980975,1978.832287820829,2025-01-07 16:35:00+00:00,16,35,16:35,500.0,4.014107658443891,Lunch Session,Normal,Upside Sweep,Other,-1.0,1.5
2025-01-07 16:36:00+00:00,2005.3037142680887,2007.5097689592528,2003.498760429864,2005.5042646945583,500,4.375529481354847,4.279788004440209,1.0223706120058536,2000.1971143284547,4.42897890335379,2009.0550721351624,1991.339156521747,0.008857084877538795,2009.0608830515944,1981.0556661309083,2025-01-07 16:36:00+00:00,16,36,16:36,500.0,4.011008529388846,Lunch Session,Normal,None,Other,-1.0,1.5
2025-01-07 16:37:00+00:00,2004.290810031472,2006.495750416545,2002.4867678982305,2004.491259157388,500,4.349347555423393,4.279471962587647,1.0163280875413179,2000.4476327708846,4.526952859009754,2009.501538488904,1991.3937270528652,0.00905187975901033,2009.0608830515944,1983.0264146382651,2025-01-07 16:37:00+00:00,16,37,16:37,500.0,4.008982518314497,Lunch Session,Normal,None,Other,-1.0,1.5
2025-01-07 16:38:00+00:00,2002.0829919906032,2004.285503532947,2000.280937092322,2002.2832203126345,500,4.339417163255012,4.27948296827046,1.014005008415485,2000.725117433762,4.45685508165663,2009.6388275970753,1991.8114072704489,0.008910479591265822,2009.0608830515944,1983.2311270462865,2025-01-07 16:38:00+00:00,16,38,16:38,500.0,4.0045664406250125,Lunch Session,Normal,None,Other,-1.0,-1.0
2025-01-07 16:39:00+00:00,2003.1611578193613,2005.3648554627268,2001.3581324747895,2003.3614939687584,500,4.315653293589464,4.278737694044785,1.0086276846547662,2001.0247530271376,4.420630175084685,2009.8660133773071,1992.1834926769682,0.008836732615920393,2009.0608830515944,1983.2311270462865,2025-01-07 16:39:00+00:00,16,39,16:39,500.0,4.006722987937337,Lunch Session,Normal,None,Other,-1.0,1.5
2025-01-07 16:40:00+00:00,2003.204009525594,2005.4077543105504,2001.4009456106292,2003.40434996059,500,4.293592965470309,4.278024582400433,1.0036391523166845,2001.3806956900874,4.30400963125571,2009.9887149525987,1992.772676427576,0.008602080834544315,2009.0608830515944,1983.2311270462865,2025-01-07 16:40:00+00:00,16,40,16:40,500.0,4.006808699921294,Lunch Session,Normal,None,Other,-1.0,1.5
2025-01-07 16:41:00+00:00,2002.5024378546043,2004.7054108335424,2000.7000054172915,2002.702708125417,500,4.27300814052606,4.27725844654215,0.9990063013331528,2001.6794439509595,4.169300181286809,2010.018044313533,1993.340843588386,0.008331604131493303,2009.0608830515944,1984.567717222009,2025-01-07 16:41:00+00:00,16,41,16:41,500.0,4.005405416250824,Lunch Session,Normal,None,Other,-1.0,-1.0
2025-01-07 16:42:00+00:00,2001.387987501409,2003.5897344623563,1999.5865581697249,2001.5881463160408,500,4.253734437105017,4.276604892765101,0.994652193449347,2001.9160231501573,4.012526240809054,2009.9410756317754,1993.8909706685392,0.008017371746683074,2009.0608830515944,1986.137243875694,2025-01-07 16:42:00+00:00,16,42,16:42,500.0,4.003176292631451,Lunch Session,Normal,None,Other,-1.0,-1.0
2025-01-07 16:43:00+00:00,2002.419080598307,2004.621961875092,2000.6167231900272,2002.61934253256,500,4.235984740530715,4.274899901746859,0.9908968251630309,2002.156052929286,3.8964333882091036,2009.9489197057042,1994.363186152868,0.007784474906455614,2009.0608830515944,1989.277811959854,2025-01-07 16:43:00+00:00,16,43,16:43,500.0,4.005238685064796,Lunch Session,Normal,None,Other,-1.0,-1.0
2025-01-07 16:44:00+00:00,2004.0025148462996,2006.207138074953,2002.1987322046737,2004.2029351398132,500,4.219729106941334,4.273385071045163,0.9874441541747826,2002.483985504307,3.770694051774702,2010.0253736078564,1994.9425974007574,0.0075320333726916185,2009.0608830515944,1991.8482064198065,2025-01-07 16:44:00+00:00,16,44,16:44,500.0,4.0084058702793754,Lunch Session,Normal,None,Other,-1.0,1.5
2025-01-07 16:45:00+00:00,2001.7582595739195,2003.9604138748807,1999.956496964042,2001.9584554194612,500,4.22163689757205,4.272329665977698,0.9881346308995452,2002.6052587695965,3.7092927612648277,2010.0238442921261,1995.186673247067,0.007408934426835172,2009.0608830515944,1992.1211860925537,2025-01-07 16:45:00+00:00,16,45,16:45,500.0,4.003916910838825,Lunch Session,Normal,None,Other,-1.0,-1.0
2025-01-07 16:46:00+00:00,1999.2022769506875,2001.401619389577,1997.4028149552323,1999.4022171724048,500,4.245494295190395,4.271872525474877,0.9938251363711865,2002.8696045585195,3.22980143024327,2009.329207419006,1996.410001698033,0.006450347886636719,2009.0608830515944,1992.1211860925537,2025-01-07 16:46:00+00:00,16,46,16:46,500.0,3.99880443434472,Lunch Session,Normal,None,Other,1.5,-1.0
2025-01-07 16:47:00+00:00,2001.1314576575496,2003.3329224074475,1999.3302592258144,2001.3315908166312,500,4.22814921565059,4.271504193959324,0.9898501847733063,2003.2104765231131,2.5998860829602792,2008.4102486890338,1998.0107043571925,0.005191438669935145,2009.0608830515944,1992.1211860925537,2025-01-07 16:47:00+00:00,16,47,16:47,500.0,4.002663181633125,Lunch Session,Normal,None,Other,-1.0,-1.0
2025-01-07 16:48:00+00:00,1998.4015103849547,2000.5999718925289,1996.6027691514848,1998.6013705220068,500,4.263911533471718,4.272082491287666,0.9980873595412515,2003.2938477372347,2.4076496049650618,2008.1091469471648,1998.4785485273046,0.004807381818068383,2009.0608830515944,1992.1211860925537,2025-01-07 16:48:00+00:00,16,48,16:48,500.0,3.9972027410440205,Lunch Session,Squeeze,None,Other,1.5,-1.0
2025-01-07 16:49:00+00:00,1999.5159035165725,2001.7155909791868,1997.7161592289788,1999.715875104083,500,4.245020120381454,4.2726690338132425,0.993528889503732,2003.2450509772796,2.4721865738783513,2008.1894241250363,1998.3006778295228,0.004936363771715971,2009.0608830515944,1992.1211860925537,2025-01-07 16:49:00+00:00,16,49,16:49,500.0,3.999431750208032,Lunch Session,Squeeze,None,Other,1.5,-1.0
2025-01-07 16:50:00+00:00,2002.7715819615603,2004.9748510286247,2000.9689072703256,2002.9718791494756,500,4.317445534964336,4.2747657640138375,1.0099841192024575,2003.2848050792672,2.4604692686204617,2008.2057436165082,1998.3638665420262,0.004912869627687597,2009.0608830515944,1992.1211860925537,2025-01-07 16:50:00+00:00,16,50,16:50,500.0,4.005943758299054,Lunch Session,Squeeze,None,Other,1.5,-1.0
2025-01-07 16:51:00+00:00,2006.0372266547715,2008.2440882902551,2004.231612589376,2006.2378504398157,500,4.385642935379707,4.278283842187671,1.0250939622409763,2003.3180411036697,2.4972218766978895,2008.3124848570653,1998.323597350274,0.004986171592249155,2009.0608830515944,1992.1211860925537,2025-01-07 16:51:00+00:00,16,51,16:51,500.0,4.012475700879122,Lunch Session,Squeeze,None,Other,1.5,-1.0
2025-01-07 16:52:00+00:00,2007.538048054016,2009.7465607581455,2005.7310831142731,2007.7388219362097,500,4.359202557414897,4.281623354604453,1.0181191095959001,2003.4083806361773,2.6261173942648295,2008.660615424707,1998.1561458476476,0.005243299208783227,2009.0608830515944,1992.1211860925537,2025-01-07 16:52:00+00:00,16,52,16:52,500.0,4.015477643872373,Lunch Session,Normal,Upside Sweep,Other,1.5,-1.0
2025-01-07 16:53:00+00:00,2008.9816042641423,2011.1917050389104,2007.1733399938776,2009.182522516394,500,4.33485702081618,4.284800584141964,1.0116823258612022,2003.5696151167442,2.8778138196229692,2009.32524275599,1997.8139874774984,0.005745373253637098,2009.7465607581455,1992.1211860925537,2025-01-07 16:53:00+00:00,16,53,16:53,500.0,4.018365045032851,Lunch Session,Normal,Upside Sweep,Other,1.5,-1.0
2025-01-07 16:54:00+00:00,2013.5308778003955,2015.745983276523,2011.7185187744724,2013.7322510254976,500,4.494043002195662,4.290858868275133,1.0473527888374028,2003.9042191766052,3.6008014919086415,2011.1058221604226,1996.702616192788,0.007187572055491198,2011.1917050389104,1992.1211860925537,2025-01-07 16:54:00+00:00,16,54,16:54,500.0,4.027464502050634,Lunch Session,Normal,Upside False Breakout,Other,-1.0,1.5
2025-01-07 16:55:00+00:00,2008.856070516581,2011.0660331904164,2007.0479192379885,2009.0569762142025,500,4.650492201146623,4.299736653953812,1.0815760534706873,2004.004376526197,3.718940766380273,2011.4422580589573,1996.5664949934364,0.007423019250739872,2015.745983276523,1992.1211860925537,2025-01-07 16:55:00+00:00,16,55,16:55,500.0,4.018113952427939,Lunch Session,Normal,None,Other,1.5,-1.0
2025-01-07 16:56:00+00:00,2007.943582839184,2010.15254167619,2006.1362528816323,2008.1443972789116,500,4.605191957818834,4.306627180907773,1.0693268222136023,2004.1363831554147,3.820453819593018,2011.7772907946007,1996.4954755162287,0.007625137394248379,2015.745983276523,1992.1211860925537,2025-01-07 16:56:00+00:00,16,56,16:56,500.0,4.016288794557568,Lunch Session,Normal,None,Other,1.5,-1.0
2025-01-07 16:57:00+00:00,2009.6681261857432,2011.8789822101496,2007.859243983956,2009.8691130970528,500,4.563373834131315,4.313100112614783,1.058026411393638,2004.4052758523983,4.030238796127103,2012.4657534446526,1996.344798260144,0.008042762298983156,2015.745983276523,1992.519637373228,2025-01-07 16:57:00+00:00,16,57,16:57,500.0,4.019738226193567,Lunch Session,Normal,None,Other,1.5,-1.0
2025-01-07 16:58:00+00:00,2009.0104955408208,2011.220628099172,2007.202205265807,2009.2114166824892,500,4.524448762648014,4.319185887350244,1.0475235103677594,2004.7516856708905,4.134638945862347,2013.0209635626152,1996.482407779166,0.008249677953464173,2015.745983276523,1994.9370122933403,2025-01-07 16:58:00+00:00,16,58,16:58,500.0,4.0184228333650935,Lunch Session,Normal,None,Other,1.5,-1.0
2025-01-07 16:59:00+00:00,2011.522882916517,2013.735779377371,2009.7123312667272,2011.7240553220493,500,4.524442614950427,4.323879843954644,1.046384908515947,2005.1698137385551,4.400922325607029,2013.9716583897691,1996.3679690873412,0.008779151362550485,2015.745983276523,1996.6027691514848,2025-01-07 16:59:00+00:00,16,59,16:59,500.0,4.0234481106438125,Lunch Session,Normal,None,Other,-1.0,-1.0
2025-01-07 17:00:00+00:00,2011.4638374191131,2013.6766689234248,2009.653338915586,2011.6650039195051,500,4.488648857299606,4.328327693066077,1.0370399783940483,2005.5828464365009,4.6092181204078395,2014.8012826773165,1996.3644101956852,0.00919277531436299,2015.745983276523,1996.6027691514848,2025-01-07 17:00:00+00:00,17,0,17:00,500.0,4.023330007838922,Lunch Session,Normal,None,Other,-1.0,-1.0
2025-01-07 17:01:00+00:00,2011.7489702757969,2013.9621154576184,2009.9382151270336,2011.950165292326,500,4.455452533962839,4.332544557013116,1.0283685430887886,2006.0452192948464,4.766244916440846,2015.5777091277282,1996.5127294619647,0.00950376366514068,2015.745983276523,1996.6027691514848,2025-01-07 17:01:00+00:00,17,1,17:01,500.0,4.0239003305848655,Lunch Session,Normal,None,Other,-1.0,-1.0
2025-01-07 17:02:00+00:00,2011.2165817505277,2013.4291412464024,2009.4063057993567,2011.41772352288,500,4.4245513134687595,4.336541685122453,1.0202948881243883,2006.5366981551883,4.789198340811518,2016.1150948368113,1996.9583014735654,0.009547193121789747,2015.745983276523,1996.6027691514848,2025-01-07 17:02:00+00:00,17,2,17:02,500.0,4.022835447045736,Lunch Session,Normal,None,Other,-1.0,-1.0
2025-01-07 17:03:00+00:00,2010.1860753073229,2012.3975011327436,2008.3767269047064,2010.3871140187248,500,4.395710093080793,4.340331762422344,1.0127590086863643,2006.9250867294966,4.769724187987262,2016.464535105471,1997.3856383535222,0.009506531598067757,2015.745983276523,1996.6027691514848,2025-01-07 17:03:00+00:00,17,3,17:03,500.0,4.020774228037226,Lunch Session,Normal,None,Other,1.5,-1.0
2025-01-07 17:04:00+00:00,2009.1066742429769,2011.3169126084804,2007.2982973984736,2009.3076050034767,500,4.368774744289796,4.343922458484042,1.0057211623925781,2007.1803202226797,4.752940968150292,2016.6862021589802,1997.6744382863792,0.009471876383528824,2015.745983276523,1996.6027691514848,2025-01-07 17:04:00+00:00,17,4,17:04,500.0,4.018615210006828,Lunch Session,Normal,None,Other,1.5,-1.0
2025-01-07 17:05:00+00:00,2009.671646748416,2011.8825066458285,2007.862761377805,2009.872634011817,500,4.343844067413623,4.347325865620119,0.9991990942675746,2007.5760291522977,4.622983084911473,2016.8219953221205,1998.3300629824748,0.009211074485410123,2015.745983276523,1996.6027691514848,2025-01-07 17:05:00+00:00,17,5,17:05,500.0,4.019745268023371,Lunch Session,Normal,None,Other,1.5,-1.0
2025-01-07 17:06:00+00:00,2008.1357094512484,2010.3448796486643,2006.3282065624533,2008.336543105559,500,4.320474711613442,4.350257637088598,0.9931537559474091,2008.0227454489552,4.204280711123706,2016.4313068712027,1999.6141840267078,0.00837496631081979,2015.745983276523,1996.6027691514848,2025-01-07 17:06:00+00:00,17,6,17:06,500.0,4.016673086211085,Lunch Session,Normal,None,Other,1.5,-1.0
2025-01-07 17:07:00+00:00,2010.07088741012,2012.282186516181,2008.261642686978,2010.27191460158,500,4.299051077155554,4.353040140329654,0.9875973890812754,2008.469761638203,3.9211591449134615,2016.3120799280298,2000.6274433483761,0.007809247059244018,2015.745983276523,1996.6027691514848,2025-01-07 17:07:00+00:00,17,7,17:07,500.0,4.020543829203007,Lunch Session,Normal,None,Other,1.5,-1.0
2025-01-07 17:08:00+00:00,2011.4044607142505,2013.617226897654,2009.5940156551012,2011.6056212763776,500,4.27934823182679,4.354309973532452,0.9827844728185834,2009.1199741759215,3.212862613726635,2015.5456994033748,2002.6942489484682,0.006396557010079944,2015.745983276523,1996.6027691514848,2025-01-07 17:08:00+00:00,17,8,17:08,500.0,4.023211242552861,Lunch Session,Normal,None,Other,-1.0,-1.0
2025-01-07 17:09:00+00:00,2013.63718417346,2015.8524065982929,2011.8247294622324,2013.8385680302624,500,4.277022309690251,4.355811866148956,0.9819116254604531,2009.8261088222303,2.5129429502584273,2014.8519947227471,2004.8002229217134,0.0050013141718634226,2015.745983276523,1996.6027691514848,2025-01-07 17:09:00+00:00,17,9,17:09,500.0,4.027677136060447,Lunch Session,Normal,Upside Sweep,Other,-1.0,1.5
2025-01-07 17:10:00+00:00,2011.385336542476,2013.598081687187,2009.5749086968035,2011.5864951919957,500,4.276067811388013,4.35680418936822,0.9814688991125133,2010.2568396243562,1.9519312762891772,2014.1607021769346,2006.3529770717778,0.0038839440569274648,2015.8524065982929,1996.6027691514848,2025-01-07 17:10:00+00:00,17,10,17:10,500.0,4.0231729903835,Lunch Session,Squeeze,None,Other,-1.0,-1.0
2025-01-07 17:11:00+00:00,2007.9900171536892,2010.1990270735505,2006.182645401076,2008.190836237313,500,4.356623667068856,4.359428895747931,0.999356514638463,2010.354488914231,1.781721029219726,2013.9179309726705,2006.7910468557916,0.0035450882698444403,2015.8524065982929,1996.6027691514848,2025-01-07 17:11:00+00:00,17,11,17:11,500.0,4.016381672474608,Lunch Session,Squeeze,None,Other,1.5,-1.0
2025-01-07 17:12:00+00:00,2008.0016921322783,2010.2107148959,2006.194309871133,2008.2025123835167,500,4.332322335475865,4.3619139258222805,0.9932159160291462,2010.3776734365965,1.7486025322585224,2013.8748785011135,2006.8804683720796,0.0034791523112557513,2015.8524065982929,1996.6027691514848,2025-01-07 17:12:00+00:00,17,12,17:12,500.0,4.016405024766982,Lunch Session,Squeeze,None,Other,1.5,-1.0
2025-01-07 17:13:00+00:00,2013.8510719017545,2016.0665296266184,2012.03842467232,2014.0524771494693,500,4.584586257449137,4.367470306565253,1.0497120611346829,2010.6211711682504,1.9054572486227481,2014.4320856654958,2006.810256671005,0.003790783218532566,2015.8524065982929,1996.6027691514848,2025-01-07 17:13:00+00:00,17,13,17:13,500.0,4.028104954298442,Lunch Session,Squeeze,Upside Sweep,Other,1.5,-1.0
2025-01-07 17:14:00+00:00,2016.422807003896,2018.641093920292,2014.6078449813904,2016.6244694508407,500,4.584874151261534,4.372655764034888,1.0485330651848113,2010.7657820895176,2.2352099303365685,2015.236201950191,2006.2953622288444,0.004446484916833767,2016.0665296266184,1996.6027691514848,2025-01-07 17:14:00+00:00,17,14,17:14,500.0,4.033248938901579,Lunch Session,Squeeze,Upside False Breakout,Other,-1.0,-1.0
2025-01-07 17:15:00+00:00,2015.325271851826,2017.5423513588137,2013.511297709745,2015.5268245342795,500,4.545315543962052,4.375245344888521,1.038871008518921,2011.0892745055214,2.43420435501906,2015.9576832155594,2006.2208657954834,0.0048415639939555005,2018.641093920292,1996.6027691514848,2025-01-07 17:15:00+00:00,17,15,17:15,500.0,4.031053649068781,Lunch Session,Squeeze,None,Other,-1.0,-1.0
2025-01-07 17:16:00+00:00,2016.201145412336,2018.419188476596,2014.3863829052143,2016.4027856909051,500,4.50870768877774,4.377691382670671,1.0299281732434826,2011.502193926121,2.602961029260006,2016.708115984641,2006.296271867601,0.005176153497858079,2018.641093920292,1996.6027691514848,2025-01-07 17:16:00+00:00,17,16,17:16,500.0,4.032805571381687,Lunch Session,Normal,None,Other,-1.0,-1.0
2025-01-07 17:17:00+00:00,2017.688817556268,2019.9084972235464,2015.8727160103128,2017.8906066169293,500,4.474927226238871,4.380006536126257,1.0216713580972332,2011.9032686021146,2.934911117423908,2017.7730908369624,2006.0334463672668,0.0058350938899027534,2018.641093920292,1996.6027691514848,2025-01-07 17:17:00+00:00,17,17,17:17,500.0,4.035781213233577,Lunch Session,Normal,Upside Sweep,Other,-1.0,1.5
2025-01-07 17:18:00+00:00,2014.9498734889107,2017.166540016401,2013.1362372391457,2015.1513886277733,500,4.49488737992064,4.382168550760057,1.0257221573873585,2012.2002671993791,2.94868762676695,2018.097642452913,2006.3028919458452,0.005861618596981923,2019.9084972235464,1996.6027691514848,2025-01-07 17:18:00+00:00,17,18,17:18,500.0,4.030302777255429,Lunch Session,Normal,None,Other,-1.0,-1.0
2025-01-07 17:19:00+00:00,2017.731668936433,2019.9513957449435,2015.9155288203783,2017.933462282661,500,4.516681646867041,4.385134790006881,1.0299983610902763,2012.5107375474095,3.2111264383261853,2018.932990424062,2006.088484670757,0.006382329054779688,2019.9084972235464,1997.7161592289788,2025-01-07 17:19:00+00:00,17,19,17:19,500.0,4.035866924565198,Lunch Session,Normal,Upside Sweep,Other,-1.0,1.5
2025-01-07 17:20:00+00:00,2017.414054291052,2019.6334316885116,2015.5982000567665,2017.615815872639,500,4.482292360072616,4.387939941496005,1.0215026686405473,2012.8082781450662,3.398848707923315,2019.6059755609128,2006.0105807292196,0.00675444103609427,2019.9513957449435,2000.9689072703256,2025-01-07 17:20:00+00:00,17,20,17:20,500.0,4.035231631745091,Lunch Session,Normal,None,Other,-1.0,1.5
2025-01-07 17:21:00+00:00,2017.251294187128,2019.470492530568,2015.4355864515856,2017.4530394910769,500,4.450336197137603,4.390594070965867,1.013606843448999,2013.0834218550037,3.5453056235168128,2020.1740331020374,2005.9928106079701,0.007044527981358873,2019.9513957449435,2004.231612589376,2025-01-07 17:21:00+00:00,17,21,17:21,500.0,4.034906078982431,Lunch Session,Normal,None,Other,-1.0,1.5
2025-01-07 17:22:00+00:00,2017.319447486356,2019.5387208059224,2015.50367840671,2017.5211996063165,500,4.420672354428664,4.39310782127663,1.0062744950211633,2013.388595659176,3.6553590560190337,2020.699313771214,2006.0778775471379,0.007262103428816334,2019.9513957449435,2005.7310831142731,2025-01-07 17:22:00+00:00,17,22,17:22,500.0,4.035042399212443,Lunch Session,Normal,None,Other,-1.0,1.5
2025-01-07 17:23:00+00:00,2019.6498687858875,2021.8717058252555,2017.832002117313,2019.8518539712843,500,4.415660487607975,4.395864480761671,1.0045033250986104,2013.8618326568037,3.853618242314964,2021.5690691414336,2006.1545961721738,0.007654185962164115,2019.9513957449435,2006.1362528816323,2025-01-07 17:23:00+00:00,17,23,17:23,500.0,4.039703707942408,Lunch Session,Normal,Upside Sweep,Other,-1.0,1.5
2025-01-07 17:24:00+00:00,2018.1454223507928,2020.3656043335768,2016.328909819424,2018.3472570765005,500,4.388591489504028,4.398473528791677,0.9977533025439479,2014.3138152604547,3.82133467190206,2021.9564846042588,2006.6711459166506,0.007588360151137484,2021.8717058252555,2006.1362528816323,2025-01-07 17:24:00+00:00,17,24,17:24,500.0,4.036694514152714,Lunch Session,Normal,None,Other,-1.0,1.5
2025-01-07 17:25:00+00:00,2014.723594294712,2016.940011890196,2012.9101617165888,2014.9250868033923,500,4.46348462310457,4.40260815598583,1.0138273643626383,2014.5664379000336,3.676544236059275,2021.9195263721522,2007.213349427915,0.007299921545187001,2021.8717058252555,2006.1362528816323,2025-01-07 17:25:00+00:00,17,25,17:25,500.0,4.029850173607201,Lunch Session,Normal,None,Other,-1.0,-1.0
2025-01-07 17:26:00+00:00,2015.3945188669088,2017.6116745532304,2013.5804823962808,2015.596078474756,500,4.432606589807787,4.402422914732597,1.0068561507287683,2014.9294146684933,3.3751109201916782,2021.6796365088767,2008.17919282811,0.006700206757857002,2021.8717058252555,2006.1362528816323,2025-01-07 17:26:00+00:00,17,26,17:26,500.0,4.031192156949601,Lunch Session,Normal,None,Other,-1.0,1.5
2025-01-07 17:27:00+00:00,2011.300060282333,2013.512711613777,2009.4897091929704,2011.5012104033735,500,4.552161067806207,4.404771549019757,1.033461331001207,2014.990879458583,3.2960967342569822,2021.583072927097,2008.3986859900692,0.006543149684414606,2021.8717058252555,2006.182645401076,2025-01-07 17:27:00+00:00,17,27,17:27,500.0,4.023002420806506,Lunch Session,Normal,None,Other,1.5,-1.0
2025-01-07 17:28:00+00:00,2010.7146488157143,2012.9266561301424,2008.9048246493635,2010.9157403897527,500,4.514280383018543,4.406482308024158,1.024463521570956,2014.9563854142518,3.336747617841489,2021.6298806499349,2008.2828901785688,0.006623959986420307,2021.8717058252555,2006.182645401076,2025-01-07 17:28:00+00:00,17,28,17:28,500.0,4.021831480778928,Lunch Session,Normal,None,Other,1.5,-1.0
2025-01-07 17:29:00+00:00,2013.1226622403449,2015.3373186344488,2011.310670645169,2013.323994639809,500,4.507658801709797,4.406479229922042,1.0229615451494016,2014.9306567447293,3.3477860184878927,2021.626228781705,2008.2350847077535,0.0066459577798007345,2021.8717058252555,2006.182645401076,2025-01-07 17:29:00+00:00,17,29,17:29,500.0,4.026647989279809,Lunch Session,Normal,None,Other,1.5,-1.0
2025-01-07 17:30:00+00:00,2014.3089299049043,2016.5248913239416,2012.495870562056,2014.5103809429988,500,4.473470370293774,4.406505737360157,1.0151967651751508,2015.0768510322796,3.256665336381271,2021.5901817050421,2008.563520359517,0.00646459778387699,2021.8717058252555,2006.182645401076,2025-01-07 17:30:00+00:00,17,30,17:30,500.0,4.0290207618854765,Lunch Session,Normal,None,Other,1.5,-1.0
2025-01-07 17:31:00+00:00,2016.42981589342,2018.6481105203648,2014.6148475622829,2016.631479041324,500,4.449488885084642,4.405025379511477,1.0100938137110338,2015.49888317248,2.837242537295036,2021.1733682470701,2009.8243980978898,0.005630849138113426,2021.8717058252555,2006.182645401076,2025-01-07 17:31:00+00:00,17,31,17:31,500.0,4.0332629580818775,Lunch Session,Normal,None,Other,1.5,-1.0
2025-01-07 17:32:00+00:00,2017.7012758718704,2019.920969244666,2015.8851631123096,2017.903066178488,500,4.419940117032621,4.403679263973162,1.003692560716783,2015.9839108622284,2.303167054447297,2020.590244971123,2011.3775767533339,0.00456981237208826,2021.8717058252555,2006.182645401076,2025-01-07 17:32:00+00:00,17,32,17:32,500.0,4.035806132356356,Lunch Session,Squeeze,None,Other,1.5,-1.0
2025-01-07 17:33:00+00:00,2022.5907024950056,2024.8157747749776,2020.770188811392,2022.792981793185,500,4.59799500842241,4.405882624462202,1.0436036091596195,2016.4209360944144,2.710604718098463,2021.8421455306113,2010.9997266582175,0.005377061246643489,2021.8717058252555,2006.182645401076,2025-01-07 17:33:00+00:00,17,33,17:33,500.0,4.045585963585609,Lunch Session,Clustering,Upside False Breakout,Other,1.5,-1.0
2025-01-07 17:34:00+00:00,2021.42149847292,2023.6452844998423,2019.602037178165,2021.623660839004,500,4.558370173654912,4.407963324656811,1.0341216198775454,2016.6708956638224,2.9502676420228062,2022.571430947868,2010.7703603797768,0.005851758258358145,2024.8157747749776,2006.182645401076,2025-01-07 17:34:00+00:00,17,34,17:34,500.0,4.043247321677427,Lunch Session,Clustering,None,Other,1.5,-1.0
2025-01-07 17:35:00+00:00,2022.2466729975097,2024.471366807188,2020.4264689714091,2022.4489178892984,500,4.521693578092331,4.409932058381967,1.025343138676692,2017.0170003315732,3.2040958762480183,2023.4251920840693,2010.608808579077,0.006354127656279241,2024.8157747749776,2006.182645401076,2025-01-07 17:35:00+00:00,17,35,17:35,500.0,4.044897835778784,Lunch Session,Clustering,None,Other,1.5,-1.0
2025-01-07 17:36:00+00:00,2021.381093098416,2023.6048346749812,2019.5616681721344,2021.583251423558,500,4.487513072717652,4.411798451571347,1.0171618495217836,2017.2760236182062,3.3575516255737186,2023.9911268693536,2010.5609203670588,0.006657594868056911,2024.8157747749776,2006.182645401076,2025-01-07 17:36:00+00:00,17,36,17:36,500.0,4.043166502846816,Lunch Session,Normal,None,Other,1.5,-1.0
2025-01-07 17:37:00+00:00,2023.3363119079236,2025.562204440275,2021.515127108726,2023.5386657745007,500,4.456053376919906,4.413576881929623,1.0096240523563085,2017.5584265760845,3.6377975649860215,2024.8340217060565,2010.2828314461124,0.007212277011793114,2024.8157747749776,2006.182645401076,2025-01-07 17:37:00+00:00,17,37,17:37,500.0,4.04707733154919,Lunch Session,Normal,Upside Sweep,Other,1.5,-1.0
2025-01-07 17:38:00+00:00,2023.2319612793865,2025.4577390145669,2021.4108704051475,2023.434304709857,500,4.426825893527008,4.415033694100823,1.0026709194636365,2017.9725723801887,3.8164438432828747,2025.6054600667544,2010.339684693623,0.007564907264881956,2025.562204440275,2006.182645401076,2025-01-07 17:38:00+00:00,17,38,17:38,500.0,4.0468686094193345,Lunch Session,Normal,None,Other,1.5,-1.0
2025-01-07 17:39:00+00:00,2026.7328408624592,2028.9624699503163,2024.9085988814847,2026.9355344159007,500,4.50549298973645,4.418197689036605,1.0197581246571337,2018.4226759868511,4.31045804312297,2027.043592073097,2009.8017599006052,0.008542230711940367,2025.562204440275,2006.182645401076,2025-01-07 17:39:00+00:00,17,39,17:39,500.0,4.0538710688315405,Lunch Session,Normal,None,Other,1.5,-1.0
2025-01-07 17:40:00+00:00,2025.6775608887783,2027.9060290525724,2023.8542687547647,2025.880148903669,500,4.4730835117415415,4.421189198141126,1.011737636928597,2018.8358926384021,4.614444377385409,2028.064781393173,2009.6070038836313,0.009142782519791353,2028.9624699503163,2006.182645401076,2025-01-07 17:40:00+00:00,17,40,17:40,500.0,4.051760297807732,Lunch Session,Normal,None,Other,1.5,-1.0
2025-01-07 17:41:00+00:00,2028.5502372850704,2030.7818657089265,2026.7243594837337,2028.75311259633,500,4.503700175564116,4.42503406539176,1.0177775151580426,2019.4008962936653,5.102234946752027,2029.6053661871692,2009.1964264001613,0.01010643296458162,2028.9624699503163,2006.182645401076,2025-01-07 17:41:00+00:00,17,41,17:41,500.0,4.05750622519281,Lunch Session,Normal,Upside Sweep,Other,-1.0,-1.0
2025-01-07 17:42:00+00:00,2029.77410516732,2032.0070799804853,2027.9471257747305,2029.977102877608,500,4.472004034863453,4.428671892021068,1.009784455452763,2020.0236914572295,5.596938248250555,2031.2175679537306,2008.8298149607283,0.011082916050777589,2030.7818657089265,2006.194309871133,2025-01-07 17:42:00+00:00,17,42,17:42,500.0,4.059954205754821,Lunch Session,Normal,Upside Sweep,Other,-1.0,1.5
2025-01-07 17:43:00+00:00,2029.7285147829195,2031.9614394416465,2027.901576425779,2029.9315079337127,500,4.442565390649452,4.43211490285638,1.0023579009168597,2020.527674155351,6.018585099286909,2032.5648443539249,2008.490503956777,0.011914877833688518,2032.0070799804853,2008.9048246493635,2025-01-07 17:43:00+00:00,17,43,17:43,500.0,4.05986301586745,Lunch Session,Normal,None,Other,-1.0,-1.0
2025-01-07 17:44:00+00:00,2030.850132534888,2033.084291096532,2029.0221846208149,2031.0532378586736,500,4.415389753868578,4.4353759136385005,0.9954939197580825,2021.1629731944595,6.432668025513734,2034.028309245487,2008.297637143432,0.012730627091088811,2032.0070799804853,2008.9048246493635,2025-01-07 17:44:00+00:00,17,44,17:44,500.0,4.062106475717201,Lunch Session,Normal,Upside Sweep,Other,-1.0,1.5
2025-01-07 17:45:00+00:00,2031.4011045784216,2033.6358692699268,2029.5726607399167,2031.604265004922,500,4.390233952164402,4.438185864548373,0.9891956051757533,2021.996932104536,6.658610331436098,2035.3141527674081,2008.6797114416638,0.013172345072760641,2033.084291096532,2008.9048246493635,2025-01-07 17:45:00+00:00,17,45,17:45,500.0,4.063208530010115,Lunch Session,Normal,Upside Sweep,Other,-1.0,1.5
2025-01-07 17:46:00+00:00,2032.144641362196,2034.38022402596,2030.315528273661,2032.3478761498104,500,4.36698122360259,4.440210646688576,0.9835076691371389,2022.834521988289,6.861581521483848,2036.5576850312566,2009.1113589453214,0.013568250782549229,2033.6358692699268,2008.9048246493635,2025-01-07 17:46:00+00:00,17,46,17:46,500.0,4.064695752299031,Lunch Session,Normal,Upside Sweep,Other,-1.0,1.5
2025-01-07 17:47:00+00:00,2031.7446102445376,2033.979752830065,2029.9158572200151,2031.94780502504,500,4.345332251205972,4.442163697281166,0.978201738460368,2023.8568517193721,6.60242990831221,2037.0617115359964,2010.6519919027478,0.013049203361795181,2034.38022402596,2008.9048246493635,2025-01-07 17:47:00+00:00,17,47,17:47,500.0,4.06389561004994,Lunch Session,Normal,None,Other,-1.0,1.5
2025-01-07 17:48:00+00:00,2030.3399647961169,2032.5735621171243,2028.5124760789283,2030.5430190980264,500,4.325028950276687,4.443182320894582,0.9734079400563275,2024.8382156547857,6.009731150324421,2036.8576779554346,2012.8187533541368,0.011872022374648926,2034.38022402596,2008.9048246493635,2025-01-07 17:48:00+00:00,17,48,17:48,500.0,4.061086038195981,Lunch Session,Normal,None,Other,-1.0,1.5
2025-01-07 17:49:00+00:00,2029.6800671724968,2031.912938533522,2027.8531724225663,2029.8830554780443,500,4.306081604610903,4.444200012298407,0.9689216490470074,2025.6661686966975,5.455000120375902,2036.5761689374492,2014.7561684559457,0.010771765268480716,2034.38022402596,2008.9048246493635,2025-01-07 17:49:00+00:00,17,49,17:49,500.0,4.059766110955707,Lunch Session,Normal,None,Other,-1.0,1.5
2025-01-07 17:50:00+00:00,2026.286957535,2028.516096102145,2024.4631168891535,2026.4896064956492,500,4.385642817773752,4.445336633678563,0.986571587075642,2026.2651299743297,4.781735300042474,2035.8286005744146,2016.7016593742449,0.009439505678317665,2034.38022402596,2008.9048246493635,2025-01-07 17:50:00+00:00,17,50,17:50,500.0,4.052979212991431,Lunch Session,Normal,None,Other,-1.0,1.5
2025-01-07 17:51:00+00:00,2028.0139848942852,2030.2450233815173,2026.188589768368,2028.216806574943,500,4.362127874586286,4.444944715998673,0.9813683078859665,2026.8443963510108,4.222282231865596,2035.288960814742,2018.3998318872796,0.008332721030715771,2034.38022402596,2008.9048246493635,2025-01-07 17:51:00+00:00,17,51,17:51,500.0,4.056433613149238,Lunch Session,Normal,None,Other,-1.0,1.5
2025-01-07 17:52:00+00:00,2025.5308566551569,2027.7591634281544,2023.7076965681583,2025.7334299981565,500,4.372626598314735,4.445168450013671,0.9836807417953503,2027.2359145419946,3.6774333781984962,2034.5907812983917,2019.8810477855975,0.0072560541214156055,2034.38022402596,2008.9048246493635,2025-01-07 17:52:00+00:00,17,52,17:52,500.0,4.051466859996026,Lunch Session,Normal,None,Other,-1.0,-1.0
2025-01-07 17:53:00+00:00,2025.1103048021712,2027.3381489218648,2023.287523249694,2025.31283608578,500,4.3496265321615954,4.445414608536095,0.978452386377962,2027.3619072566241,3.5584436635474894,2034.478794583719,2020.2450199295292,0.00702083560080824,2034.38022402596,2008.9048246493635,2025-01-07 17:53:00+00:00,17,53,17:53,500.0,4.050625672170781,Lunch Session,Normal,None,Other,-1.0,-1.0
2025-01-07 17:54:00+00:00,2026.44335715284,2028.6726677767697,2024.61937573326,2026.646021755015,500,4.328459782972167,4.442654888215703,0.9742957515006527,2027.6130253024246,3.300013711851175,2034.213052726127,2021.0129978787222,0.006510145024066386,2034.38022402596,2008.9048246493635,2025-01-07 17:54:00+00:00,17,54,17:54,500.0,4.0532920435096,Lunch Session,Normal,None,Other,-1.0,1.5
2025-01-07 17:55:00+00:00,2028.1653427087024,2030.3965477061813,2026.339811347128,2028.3681795266548,500,4.309050966977961,4.436964200979558,0.9711710015660353,2027.9089883842928,3.0699056138514083,2034.0487996119957,2021.7691771565899,0.006055312405903114,2034.38022402596,2008.9048246493635,2025-01-07 17:55:00+00:00,17,55,17:55,500.0,4.056736359053275,Lunch Session,Normal,None,Other,-1.0,1.5
2025-01-07 17:56:00+00:00,2024.5894928016287,2026.816763970828,2022.76718002683,2024.791971998829,500,4.401333005038454,4.4335665517665515,0.9927296576352838,2028.0694244130561,2.7933015529212497,2033.6560275188986,2022.4828213072137,0.005509281919635699,2034.38022402596,2008.9048246493635,2025-01-07 17:56:00+00:00,17,56,17:56,500.0,4.049583943998186,Lunch Session,Normal,None,Other,-1.0,-1.0
2025-01-07 17:57:00+00:00,2024.4237908298087,2026.6508797086087,2022.601627201699,2024.6262534551545,500,4.376184398029252,4.430446727831518,0.9877524021536256,2028.1238037970884,2.7097936200482033,2033.5433910371848,2022.704216556992,0.00534443432886081,2034.38022402596,2008.9048246493635,2025-01-07 17:57:00+00:00,17,57,17:57,500.0,4.049252506909625,Lunch Session,Normal,None,Other,-1.0,-1.0
2025-01-07 17:58:00+00:00,2025.374976564727,2027.6031118524768,2023.5519567838403,2025.5775343181588,500,4.35296801735834,4.427588715410023,0.9831464250977132,2028.2309652775039,2.5523885893960383,2033.335742456296,2023.1261880987117,0.005033723738749527,2034.38022402596,2008.9048246493635,2025-01-07 17:58:00+00:00,17,58,17:58,500.0,4.05115506863649,Lunch Session,Normal,None,Other,-1.0,-1.0
2025-01-07 17:59:00+00:00,2025.5005863354447,2027.7288598077607,2023.677453494459,2025.7031566511105,500,4.3314278956400045,4.424371803421517,0.9789927447531341,2028.1693463892643,2.599744929806396,2033.3688362488772,2022.9698565296515,0.005127273882597115,2034.38022402596,2011.310670645169,2025-01-07 17:59:00+00:00,17,59,17:59,500.0,4.051406313301641,Lunch Session,Normal,None,Other,-1.0,-1.0
2025-01-07 18:00:00+00:00,2028.2451236914603,2030.4764164567976,2026.4195205198207,2028.4479684883092,500,4.3629873177862235,4.422277444429626,0.9865928523507531,2028.2977373684964,2.543540017336696,2033.3848174031698,2023.210657333823,0.005016107784326887,2034.38022402596,2012.495870562056,2025-01-07 18:00:00+00:00,18,0,18:00,500.0,4.056895936976844,Pre-News,Normal,None,Other,-1.0,1.5
2025-01-07 18:01:00+00:00,2026.5992484621531,2028.8287305836736,2024.775126726364,2026.8019286550189,500,4.340888499180747,4.420368043849924,0.9820196997442877,2028.2001781714305,2.562503317036409,2033.3251848055033,2023.0751715373576,0.005053748332369664,2034.38022402596,2014.6148475622829,2025-01-07 18:01:00+00:00,18,1,18:01,500.0,4.053603857309554,Pre-News,Normal,None,Other,-1.0,1.5
2025-01-07 18:02:00+00:00,2022.4711393625312,2024.6960801099044,2020.6507332964984,2022.6734067032012,500,4.470196131990726,4.42112879082529,1.0110983740775117,2027.83499336271,2.8049072065229073,2033.4448077757559,2022.2251789496643,0.005532811526980483,2034.38022402596,2015.8851631123096,2025-01-07 18:02:00+00:00,18,2,18:02,500.0,4.045346813406013,Pre-News,Clustering,None,Other,-1.0,1.5
2025-01-07 18:03:00+00:00,2024.1309057380072,2026.3576724109864,2022.3090057328425,2024.3333390719145,500,4.440086885287385,4.421868404028734,1.0041200867131306,2027.5550849196206,2.8633971267348315,2033.2818791730904,2021.828290666151,0.0056489653929148505,2034.38022402596,2019.5616681721344,2025-01-07 18:03:00+00:00,18,3,18:03,500.0,4.048666678143945,Pre-News,Clustering,None,Other,-1.0,1.5
2025-01-07 18:04:00+00:00,2023.0642955557068,2025.2898888401464,2021.243355595711,2023.266622217929,500,4.411975910940824,4.422588423472917,0.9976003843188828,2027.1657541375832,2.891949699319367,2032.949653536222,2021.3818547389444,0.005706390202018252,2034.38022402596,2019.5616681721344,2025-01-07 18:04:00+00:00,18,4,18:04,500.0,4.046533244435523,Pre-News,Clustering,None,Other,-1.0,1.5
2025-01-07 18:05:00+00:00,2019.5299763541896,2021.7516814986932,2017.7122175995955,2019.7319495491445,500,4.493577961468863,4.425083988373839,1.01547857018646,2026.5721383647947,3.1407136838126695,2032.85356573242,2020.2907109971693,0.006199066145944112,2034.38022402596,2019.5616681721344,2025-01-07 18:05:00+00:00,18,5,18:05,500.0,4.039463899097655,Pre-News,Clustering,Range Raid,Other,-1.0,-1.0
2025-01-07 18:06:00+00:00,2019.230073399784,2021.451448618045,2017.4125845848423,2019.432016601444,500,4.461098395164145,4.427427716433017,1.0076050205418723,2025.9263453873762,3.2175406337817547,2032.3614266549396,2019.4912641198127,0.006352729734933153,2034.38022402596,2017.7122175995955,2025-01-07 18:06:00+00:00,18,6,18:06,500.0,4.038864033202799,Pre-News,Normal,Downside Stop Hunt,Other,1.5,-1.0
2025-01-07 18:07:00+00:00,2021.7365997967795,2023.960732469823,2019.916854882471,2021.938793676147,500,4.465928214679482,4.430209002058416,1.0080626472937213,2025.4258948199317,3.0029140578983675,2031.4317229357284,2019.420066704135,0.005930434809939708,2034.38022402596,2017.4125845848423,2025-01-07 18:07:00+00:00,18,7,18:07,500.0,4.043877587351972,Pre-News,Normal,None,Other,-1.0,1.5
2025-01-07 18:08:00+00:00,2019.2044401598291,2021.4257871787067,2017.3869744171116,2019.4063807979087,500,4.472063289276339,4.4334209196825745,1.0087161517694403,2024.8690629049256,3.0364514997460277,2030.9419659044177,2018.7961599054336,0.0059983167413103855,2034.38022402596,2017.4125845848423,2025-01-07 18:08:00+00:00,18,8,18:08,500.0,4.038812761595182,Pre-News,Normal,Downside Stop Hunt,Other,1.5,-1.0
2025-01-07 18:09:00+00:00,2023.9470464991227,2026.173610906712,2022.125311983822,2024.1494614452672,500,4.636003776385404,4.439403944127494,1.0442851866449268,2024.5823832032868,2.7995743680888108,2030.1815319394643,2018.9832344671092,0.005531164137977519,2034.38022402596,2017.3869744171116,2025-01-07 18:09:00+00:00,18,9,18:09,500.0,4.048298922889899,Pre-News,Clustering,None,Other,-1.0,1.5
2025-01-07 18:10:00+00:00,2022.2721513940871,2024.4968732328043,2020.4519244351368,2022.4743988339703,500,4.593785563619841,4.444699239998025,1.0335424998569491,2024.3816228202031,2.7995743942775158,2029.9807716087582,2018.782474031648,0.005531712721986515,2034.38022402596,2017.3869744171116,2025-01-07 18:10:00+00:00,18,10,18:10,500.0,4.04494879766753,Pre-News,Clustering,None,Other,-1.0,1.5
2025-01-07 18:11:00+00:00,2022.468343258985,2024.6932809303369,2020.6479397096969,2022.670610320017,500,4.55461096769271,4.447999028341756,1.0239685167806118,2024.1043130074565,2.6714438604490365,2029.4472007283546,2018.7614252865585,0.00527926123823081,2034.38022402596,2017.3869744171116,2025-01-07 18:11:00+00:00,18,11,18:11,500.0,4.045341220640012,Pre-News,Normal,None,Other,-1.0,1.5
2025-01-07 18:12:00+00:00,2020.024389050966,2022.246638103827,2018.206185280443,2020.2264116921351,500,4.548169115684235,4.451596474678562,1.0216939341997855,2023.8289620921555,2.776436258018549,2029.3818346081925,2018.2760895761185,0.005487491897829842,2034.38022402596,2017.3869744171116,2025-01-07 18:12:00+00:00,18,12,18:12,500.0,4.0404528233841575,Pre-News,Clustering,None,Other,-1.0,-1.0
2025-01-07 18:13:00+00:00,2020.1286459044024,2022.351009651272,2018.3103482933277,2020.3306789723,500,4.511918561559959,4.450385346413741,1.0138264914960238,2023.5798542364814,2.8585824227415575,2029.2970190819644,2017.8626893909984,0.005650545327888886,2034.38022402596,2017.3869744171116,2025-01-07 18:13:00+00:00,18,13,18:13,500.0,4.040661357944373,Pre-News,Clustering,None,Other,-1.0,-1.0
2025-01-07 18:14:00+00:00,2019.878674851805,2022.1007636030167,2018.060602237177,2020.080682920097,500,4.478221619008521,4.448607804209526,1.0066568724649032,2023.2515872947356,2.8649057009686327,2028.9813986966728,2017.5217758927984,0.005663963333001508,2034.38022402596,2017.3869744171116,2025-01-07 18:14:00+00:00,18,14,18:14,500.0,4.040161365839822,Pre-News,Clustering,None,Other,-1.0,-1.0
2025-01-07 18:15:00+00:00,2016.8924862375425,2019.111289852765,2015.0771014614509,2017.094195657108,500,4.515747321839775,4.448115000507487,1.015204715103942,2022.687888101258,2.91389438209717,2028.5156768654524,2016.8600993370637,0.005762420191940747,2034.38022402596,2017.3869744171116,2025-01-07 18:15:00+00:00,18,15,18:15,500.0,4.034188391314046,Pre-News,Clustering,Downside False Breakout,Other,1.5,-1.0
2025-01-07 18:16:00+00:00,2022.620161853524,2024.8452665420316,2020.799621653836,2022.8224440979336,500,4.746841862060047,4.452083903395525,1.0662067393742773,2022.5894117062132,2.872023064624333,2028.333457835462,2016.8453655769645,0.005679893403973887,2034.38022402596,2015.0771014614509,2025-01-07 18:16:00+00:00,18,16,18:16,500.0,4.045644888195511,Pre-News,Clustering,None,Other,1.5,-1.0
2025-01-07 18:17:00+00:00,2021.6387472879176,2023.8627723124368,2019.8190904496748,2021.840931381056,500,4.696616147824473,4.455778718755285,1.054050581115138,2022.4501456025087,2.8353539714512426,2028.1208535454111,2016.7794376596062,0.005607760423892298,2033.979752830065,2015.0771014614509,2025-01-07 18:17:00+00:00,18,17,18:17,500.0,4.043681862762014,Pre-News,Clustering,None,Other,1.5,-1.0
2025-01-07 18:18:00+00:00,2020.659576215469,2022.8825240440888,2018.840800719326,2020.861662381708,500,4.649838089034359,4.458361230573847,1.0429478116639432,2022.214352005686,2.7565821427327863,2027.7275162911515,2016.7011877202203,0.005452601283338199,2032.5735621171243,2015.0771014614509,2025-01-07 18:18:00+00:00,18,18,18:18,500.0,4.04172332476287,Pre-News,Clustering,None,Other,1.5,-1.0
2025-01-07 18:19:00+00:00,2022.6388431691291,2024.8639684091395,2020.818286154576,2022.8411272818576,500,4.606684100857864,4.459861271473695,1.0329209409098175,2022.0712505372235,2.637659307939246,2027.3465691531019,2016.795931921345,0.0052177376187677454,2031.912938533522,2015.0771014614509,2025-01-07 18:19:00+00:00,18,19,18:19,500.0,4.045682254563417,Pre-News,Clustering,None,Other,1.5,-1.0
2025-01-07 18:20:00+00:00,2026.33201957937,2028.561207719721,2024.508138373628,2026.5346730466747,500,4.686212410643984,4.463259938983217,1.0499528314973199,2021.9755857651417,2.419920176676684,2026.815426118495,2017.1357454117883,0.0047872391609732326,2030.4764164567976,2015.0771014614509,2025-01-07 18:20:00+00:00,18,20,18:20,500.0,4.053069346093025,Pre-News,Squeeze,None,Other,-1.0,1.5
2025-01-07 18:21:00+00:00,2028.63612698156,2030.8678498935303,2026.8101718717653,2028.839010882648,500,4.660995584659101,4.466770928775242,1.0434821169432824,2022.0774398765232,2.664284173845602,2027.4060082242145,2016.7488715288318,0.005270389988641287,2030.4764164567976,2015.0771014614509,2025-01-07 18:21:00+00:00,18,21,18:21,500.0,4.057678021765014,Pre-News,Clustering,Range Raid,Other,-1.0,1.5
2025-01-07 18:22:00+00:00,2026.221094605087,2028.450160715764,2024.3973132418064,2026.423736978785,500,4.64533144581499,4.470515246965014,1.0391042618563167,2022.2649563903026,2.834947936075199,2027.934852262453,2016.5950605181522,0.005607470825456055,2030.8678498935303,2015.0771014614509,2025-01-07 18:22:00+00:00,18,22,18:22,500.0,4.052847473957627,Pre-News,Clustering,None,Other,-1.0,1.5
2025-01-07 18:23:00+00:00,2026.6748345597332,2028.9043998342763,2024.8506447896527,2026.8775223119649,500,4.603075988587032,4.473638838647999,1.0289333034264676,2022.3921655523045,2.985716701855223,2028.363598956015,2016.420732148594,0.0059053169859167925,2030.8678498935303,2015.0771014614509,2025-01-07 18:23:00+00:00,18,23,18:23,500.0,4.0537550446235855,Pre-News,Clustering,None,Other,-1.0,1.5
2025-01-07 18:24:00+00:00,2022.885717574028,2025.1111144030417,2021.064938350289,2023.0880263766653,500,4.689469415236241,4.478653470743535,1.047071278425501,2022.3832357602416,2.9832297338544103,2028.3496952279504,2016.4167762925329,0.005900424175011418,2030.8678498935303,2015.0771014614509,2025-01-07 18:24:00+00:00,18,24,18:24,500.0,4.046176052752799,Pre-News,Clustering,None,Other,-1.0,-1.0
2025-01-07 18:25:00+00:00,2024.730833734758,2026.958260394532,2022.9083937403973,2024.933327067465,500,4.643783503728995,4.481658452087276,1.0361752358808627,2022.6433046361576,2.9666077025139543,2028.5765200411856,2016.7100892311296,0.005866793607581062,2030.8678498935303,2015.0771014614509,2025-01-07 18:25:00+00:00,18,25,18:25,500.0,4.049866654134803,Pre-News,Clustering,None,Other,-1.0,-1.0
2025-01-07 18:26:00+00:00,2021.4429376485912,2023.6667472609656,2019.623457056648,2021.645102158807,500,4.691361111378131,4.485971027446782,1.0457849778062986,2022.7539589140258,2.8805483205309064,2028.5150555550877,2016.992862272964,0.005696290065999774,2030.8678498935303,2015.0771014614509,2025-01-07 18:26:00+00:00,18,26,18:26,500.0,4.0432902043176,Pre-News,Clustering,None,Other,1.5,-1.0
2025-01-07 18:27:00+00:00,2019.840162180694,2022.062208563731,2018.0221242309365,2020.0421663973336,500,4.644841341479304,4.487515698674667,1.035058516419475,2022.659127550085,2.939415251982624,2028.5379580540503,2016.7802970461198,0.005812972066218456,2030.8678498935303,2015.0771014614509,2025-01-07 18:27:00+00:00,18,27,18:27,500.0,4.0400843327945495,Pre-News,Clustering,None,Other,1.5,-1.0
2025-01-07 18:28:00+00:00,2019.853894102572,2022.0759555922332,2018.0358437928485,2020.055899692541,500,4.601646374186833,4.488971798527472,1.0251003082033892,2022.6916034948167,2.9049723121512647,2028.5015481191192,2016.8816588705142,0.005744765652128122,2030.8678498935303,2015.0771014614509,2025-01-07 18:28:00+00:00,18,28,18:28,500.0,4.040111799384704,Pre-News,Clustering,None,Other,1.5,-1.0
2025-01-07 18:29:00+00:00,2020.7731499948068,2022.996222767078,2018.9542722720391,2020.9752475195587,500,4.56166809710484,4.489871953450722,1.0159906884647207,2022.5328927985313,2.9078402627594233,2028.3485733240502,2016.7172122730124,0.005750888449059444,2030.8678498935303,2015.0771014614509,2025-01-07 18:29:00+00:00,18,29,18:29,500.0,4.041950495038918,Pre-News,Clustering,None,Other,1.5,-1.0
2025-01-07 18:30:00+00:00,2020.266131662333,2022.4886466586609,2018.447710301701,2020.468178480181,500,4.524472972808776,4.490721996825972,1.0075157126196321,2022.4325817808417,2.944339283830996,2028.3212603485038,2016.5439032131796,0.0058233620450050426,2030.8678498935303,2015.0771014614509,2025-01-07 18:30:00+00:00,18,30,18:30,500.0,4.040936356959946,Pre-News,Clustering,None,Other,1.5,-1.0
2025-01-07 18:31:00+00:00,2023.3576506201453,2025.583566627428,2021.5364466141868,2023.560006620808,500,4.566681199554357,4.492675202067134,1.0164725901959644,2022.4770515958814,2.9548213984962004,2028.3866943928738,2016.5674087988891,0.0058439652428483105,2030.8678498935303,2015.0771014614509,2025-01-07 18:31:00+00:00,18,31,18:31,500.0,4.047120013241056,Pre-News,Clustering,None,Other,1.5,-1.0
2025-01-07 18:32:00+00:00,2024.841800590769,2027.069349326292,2023.0192607162496,2025.0443050212712,500,4.529781728874931,4.494505895597839,1.0078486565812814,2022.7179462623383,2.958068589383688,2028.6340834411058,2016.8018090835708,0.005849690699288616,2030.8678498935303,2015.0771014614509,2025-01-07 18:32:00+00:00,18,32,18:32,500.0,4.050088610042394,Pre-News,Clustering,None,Other,1.5,-1.0
2025-01-07 18:33:00+00:00,2026.1679487243125,2028.3969563686733,2024.344215197108,2026.3705857828909,500,4.49570740335281,4.492801102180012,1.000646879553913,2023.0199416028677,3.0093882264236873,2029.038718055715,2017.0011651500204,0.005950288802470768,2030.8678498935303,2015.0771014614509,2025-01-07 18:33:00+00:00,18,33,18:33,500.0,4.052741171565231,Pre-News,Clustering,None,Other,1.5,-1.0
2025-01-07 18:34:00+00:00,2023.6987434815785,2025.9250347285329,2021.877232461343,2023.901133594938,500,4.495539254652454,4.491753920196639,1.0008427297049365,2023.21096413661,2.933288059894617,2029.0775402563993,2017.3443880168209,0.005799272763720645,2030.8678498935303,2015.0771014614509,2025-01-07 18:34:00+00:00,18,34,18:34,500.0,4.047802267189809,Pre-News,Clustering,None,Other,1.5,-1.0
2025-01-07 18:35:00+00:00,2027.1609473950723,2029.391047447212,2025.3363200796853,2027.3636837634488,500,4.566566011625419,4.492501794088857,1.0164861854109917,2023.7244385419267,2.695381062533375,2029.1152006669934,2018.33367641686,0.005327565376391509,2030.8678498935303,2015.0771014614509,2025-01-07 18:35:00+00:00,18,35,18:35,500.0,4.054727367526766,Pre-News,Clustering,None,Other,1.5,-1.0
2025-01-07 18:36:00+00:00,2025.5539140311528,2027.7822461698008,2023.7307331904408,2025.7564896801207,500,4.529776509320749,4.493206184698908,1.0081390265922754,2023.871140821036,2.723404497183526,2029.3179498154032,2018.424331826669,0.005382565010692761,2030.8678498935303,2015.0771014614509,2025-01-07 18:36:00+00:00,18,36,18:36,500.0,4.051512979360041,Pre-News,Clustering,None,Other,1.5,-1.0
2025-01-07 18:37:00+00:00,2029.0967501728476,2031.328979821002,2027.2703804607208,2029.2996801408613,500,4.60425605443221,4.495676229324114,1.0241520562356912,2024.2440782590263,2.9333594103354237,2030.1107970796972,2018.3773594383554,0.005796453978728372,2030.8678498935303,2015.0771014614509,2025-01-07 18:37:00+00:00,18,37,18:37,500.0,4.05859936028105,Pre-News,Clustering,Upside Sweep,Other,1.5,-1.0
2025-01-07 18:38:00+00:00,2033.2244632971176,2035.461233883803,2031.394378271648,2033.4278060777256,500,4.715491603611468,4.500487324492187,1.0477735550879572,2024.8723854438274,3.4678377328420678,2031.8080609095116,2017.9367099781432,0.006850481556805846,2031.328979821002,2015.0771014614509,2025-01-07 18:38:00+00:00,18,38,18:38,500.0,4.0668556121549955,Pre-News,Clustering,Upside False Breakout,Other,-1.0,-1.0
2025-01-07 18:39:00+00:00,2034.2874191008225,2036.5253590558284,2032.4563773194527,2034.490868187641,500,4.669312327380341,4.503217646786252,1.0368835560752039,2025.4548724891163,4.039902615416527,2033.5346777199493,2017.3750672582833,0.007978262404734406,2035.461233883803,2015.0771014614509,2025-01-07 18:39:00+00:00,18,39,18:39,500.0,4.06898173637569,Pre-News,Clustering,Upside Sweep,Other,-1.0,1.5
2025-01-07 18:40:00+00:00,2036.408278025457,2038.6485511585984,2034.57532728016,2036.6119392193796,500,4.632767373350136,4.5058790444797285,1.028160615857157,2025.9587357977518,4.748030360622863,2035.4547965189977,2016.462675076506,0.009374387102219654,2036.5253590558284,2015.0771014614509,2025-01-07 18:40:00+00:00,18,40,18:40,500.0,4.073223878438284,Pre-News,Clustering,Upside False Breakout,Other,-1.0,1.5
2025-01-07 18:41:00+00:00,2030.1601636759524,2032.393563195948,2028.332836795956,2030.363199995952,500,4.893219876926815,4.51237103950244,1.0844010463878806,2026.034945253417,4.808540737656951,2035.6520267287308,2016.417863778103,0.009493500097660899,2038.6485511585984,2015.0771014614509,2025-01-07 18:41:00+00:00,18,41,18:41,500.0,4.060726399992063,Pre-News,Clustering,None,Other,-1.0,-1.0
2025-01-07 18:42:00+00:00,2029.784613881721,2032.017600255628,2027.9576250303423,2029.9876126429851,500,4.833702401809585,4.518399345618209,1.0697820250211276,2026.2131390366267,4.889067161522888,2035.9912733596725,2016.4350047135808,0.009651634504447934,2038.6485511585984,2015.0771014614509,2025-01-07 18:42:00+00:00,18,42,18:42,500.0,4.059975225285598,Pre-News,Clustering,None,Other,-1.0,-1.0
2025-01-07 18:43:00+00:00,2032.0433263841164,2034.2787975902595,2030.2143044881807,2032.2465510392203,500,4.79495115505707,4.524272441691669,1.0598281197372348,2026.4815904729899,5.071467701347979,2036.6245258756858,2016.338655070294,0.010010389880056602,2038.6485511585984,2015.0771014614509,2025-01-07 18:43:00+00:00,18,43,18:43,500.0,4.0644931020788135,Pre-News,Clustering,None,Other,-1.0,1.5
2025-01-07 18:44:00+00:00,2033.9431793160545,2036.1807405694276,2032.1124473814768,2034.146593975452,500,4.743047014549476,4.5297333960363515,1.0470918705060612,2027.0345188529293,5.2805368238888875,2037.595592500707,2016.4734452051516,0.010420220819677053,2038.6485511585984,2015.0771014614509,2025-01-07 18:44:00+00:00,18,44,18:44,500.0,4.068293187950758,Pre-News,Clustering,None,Other,-1.0,1.5
2025-01-07 18:45:00+00:00,2031.4841584510157,2033.7190145109173,2029.65563985655,2031.6873271837335,500,4.7250403791461,4.535313503152713,1.0418332439116942,2027.3722188587424,5.354536229294985,2038.0812913173324,2016.6631464001523,0.010564485750543105,2038.6485511585984,2015.0771014614509,2025-01-07 18:45:00+00:00,18,45,18:45,500.0,4.063374654367408,Pre-News,Clustering,None,Other,-1.0,1.5
2025-01-07 18:46:00+00:00,2030.907863379293,2033.142085451217,2029.079863502264,2031.1109744767407,500,4.677696205560881,4.540492086185351,1.030217896380214,2027.845512474639,5.238764404971983,2038.323041284583,2017.367983664695,0.01033365583866199,2038.6485511585984,2018.0221242309365,2025-01-07 18:46:00+00:00,18,46,18:46,500.0,4.062221948953038,Pre-News,Clustering,None,Other,-1.0,1.5
2025-01-07 18:47:00+00:00,2025.7835235122664,2028.012108246603,2023.960136002354,2025.9861221244787,500,4.854349224762731,4.548975702411297,1.067130172225269,2028.1427102609964,4.932422215423975,2038.0075546918445,2018.2778658301484,0.009727958866936509,2038.6485511585984,2018.0221242309365,2025-01-07 18:47:00+00:00,18,47,18:47,500.0,4.0519722442491,Pre-News,Clustering,None,Other,-1.0,1.5
2025-01-07 18:48:00+00:00,2026.640596693582,2028.8701243027056,2024.8164377406624,2026.843281021684,500,4.797159034568474,4.556844537149494,1.0527370410510664,2028.4820793274534,4.566673171354725,2037.615425670163,2019.348732984744,0.00900510429526464,2038.6485511585984,2018.0221242309365,2025-01-07 18:48:00+00:00,18,48,18:48,500.0,4.05368656204314,Pre-News,Clustering,None,Other,-1.0,1.5
2025-01-07 18:49:00+00:00,2022.847587190184,2025.0729420715809,2021.0268422872225,2023.0498921794017,500,4.869964727417983,4.5662425891962775,1.06651467421821,2028.585811560446,4.40798616819902,2037.401783896844,2019.769839224048,0.008691742085701164,2038.6485511585984,2018.0221242309365,2025-01-07 18:49:00+00:00,18,49,18:49,500.0,4.0460997843583755,Pre-News,Clustering,None,Other,-1.0,-1.0
2025-01-07 18:50:00+00:00,2025.155916091492,2027.383810388622,2023.333093484749,2025.3584519366857,500,4.831675690403856,4.57367647040678,1.0564095912044538,2028.830325233271,4.055539705227849,2036.9414046437266,2020.7192458228153,0.007995818388137572,2038.6485511585984,2018.0221242309365,2025-01-07 18:50:00+00:00,18,50,18:50,500.0,4.050716903872853,Pre-News,Clustering,None,Other,-1.0,1.5
2025-01-07 18:51:00+00:00,2027.572810958218,2029.8033641055863,2025.7478129285528,2027.7755885170695,500,4.804049724582195,4.581041834573379,1.048680605430355,2029.0411043280842,3.8726320332920414,2036.7863683946682,2021.2958402615002,0.007634408243443499,2038.6485511585984,2018.0221242309365,2025-01-07 18:51:00+00:00,18,51,18:51,500.0,4.0555511770335215,Pre-News,Clustering,None,Other,-1.0,1.5
2025-01-07 18:52:00+00:00,2026.6314920065731,2028.86100959954,2024.807341248692,2026.834175424116,500,4.750451055029757,4.587338908851962,1.035557029776685,2029.1305978482262,3.7953173858376124,2036.7212326199015,2021.539963076551,0.007481662126355655,2038.6485511585984,2018.0221242309365,2025-01-07 18:52:00+00:00,18,52,18:52,500.0,4.053668350848056,Pre-News,Clustering,None,Other,-1.0,1.5
2025-01-07 18:53:00+00:00,2027.708478601372,2029.939180998073,2025.8833584586168,2027.911269728345,500,4.700834732488783,4.593192378857415,1.0234351938157105,2029.2076320454992,3.751734028824273,2036.7111001031476,2021.7041639878507,0.007395466032310083,2038.6485511585984,2018.0221242309365,2025-01-07 18:53:00+00:00,18,53,18:53,500.0,4.0558225394561305,Pre-News,Clustering,None,Other,-1.0,1.5
2025-01-07 18:54:00+00:00,2027.2885862437731,2029.518826712688,2025.4638440419335,2027.491335377311,500,4.654702442364905,4.598629756513961,1.0121933464575001,2029.3871421346175,3.5657502882372847,2036.518642711092,2022.255641558143,0.007028230768204478,2038.6485511585984,2018.0221242309365,2025-01-07 18:54:00+00:00,18,54,18:54,500.0,4.054982670754498,Pre-News,Clustering,None,Other,-1.0,1.5
2025-01-07 18:55:00+00:00,2027.7993415868443,2030.0301439428251,2025.974139659224,2028.002141801025,500,4.6119382881674955,4.603677878533786,1.001794306606947,2029.4190650364962,3.5495024703554465,2036.5180699772072,2022.3200600957853,0.006996095644329938,2038.6485511585984,2018.0221242309365,2025-01-07 18:55:00+00:00,18,55,18:55,500.0,4.056004283601169,Pre-News,Clustering,None,Other,-1.0,1.5
2025-01-07 18:56:00+00:00,2025.4945185164704,2027.722785313518,2023.6713911370675,2025.6970882252929,500,4.591853457866772,4.606853219414258,0.9967440331104376,2029.4160949637549,3.5527518220276404,2036.5215986078101,2022.3105913196996,0.007002510388764966,2038.6485511585984,2018.0221242309365,2025-01-07 18:56:00+00:00,18,56,18:56,500.0,4.051394176450458,Pre-News,Clustering,None,Other,-1.0,1.5
2025-01-07 18:57:00+00:00,2026.776034089696,2029.0057106948548,2024.9517532309292,2026.978731962892,500,4.553432315442403,4.609807351371144,0.987770630824307,2029.3000475548567,3.5944160687776527,2036.488879692412,2022.1112154173015,0.007085036188923539,2038.6485511585984,2018.0221242309365,2025-01-07 18:57:00+00:00,18,57,18:57,500.0,4.053957463925599,Pre-News,Clustering,None,Other,-1.0,1.5
2025-01-07 18:58:00+00:00,2023.4726818800373,2025.6987244343604,2021.6513743355904,2023.675049384976,500,4.608712694860916,4.6140697626628535,0.9988389712168448,2028.8124097202192,3.665795752392751,2036.1440012250048,2021.4808182154336,0.007227471075846432,2038.6485511585984,2018.0358437928485,2025-01-07 18:58:00+00:00,18,58,18:58,500.0,4.047350098770039,Pre-News,Clustering,None,Other,-1.0,1.5
2025-01-07 18:59:00+00:00,2019.7934518999532,2022.0154468965427,2017.9754559936528,2019.9954514450976,500,4.686632744608231,4.61998984347899,1.0144249020857279,2028.0876388830918,3.908904266974398,2035.9054474170407,2020.269830349143,0.007709537185734552,2038.6485511585984,2018.447710301701,2025-01-07 18:59:00+00:00,18,59,18:59,500.0,4.03999090288994,Pre-News,Clustering,Range Raid,Other,1.5,-1.0
2025-01-07 19:00:00+00:00,2019.567392470329,2021.7891387766767,2017.7496000378624,2019.7693694072696,500,4.640411744194385,4.624613583919127,1.0034161038513987,2027.2455103924865,3.7881909427402114,2034.821892277967,2019.669128507006,0.007474557814177776,2038.6485511585984,2017.9754559936528,2025-01-07 19:00:00+00:00,19,0,19:00,500.0,4.039538738814372,Post-News,Clustering,Downside Stop Hunt,Other,1.5,-1.0
2025-01-07 19:01:00+00:00,2019.1610089972155,2021.382308237036,2017.3435823464529,2019.3629452917448,500,4.59743418322216,4.628889345319817,0.9932045983926012,2026.695497657276,4.097637224705741,2034.8907721066876,2018.5002232078646,0.008087326842028994,2038.6485511585984,2017.7496000378624,2025-01-07 19:01:00+00:00,19,1,19:01,500.0,4.038725890583237,Post-News,Clustering,Downside Stop Hunt,Other,1.5,-1.0
2025-01-07 19:02:00+00:00,2019.731102109668,2021.9530285146288,2017.9131623237904,2019.9330954192096,500,4.557607898051894,4.630346208087504,0.9842909564929372,2026.1927717960873,4.284976096480461,2034.7627239890483,2017.6228196031263,0.008459167668794171,2038.6485511585984,2017.3435823464529,2025-01-07 19:02:00+00:00,19,2,19:02,500.0,4.039866190838438,Post-News,Clustering,None,Other,1.5,-1.0
2025-01-07 19:03:00+00:00,2018.4398818581224,2020.6603877787584,2016.6231042866928,2018.641746032726,500,4.520441869052875,4.6316854578169275,0.9759820502110509,2025.5125315457626,4.352703901278982,2034.2179393483207,2016.8071237432046,0.008595758028625531,2038.6485511585984,2017.3435823464529,2025-01-07 19:03:00+00:00,19,3,19:03,500.0,4.037283492065626,Post-News,Clustering,Downside Stop Hunt,Other,1.5,-1.0
2025-01-07 19:04:00+00:00,2022.2698505929927,2024.494569900576,2020.4496257049705,2022.472097802773,500,4.6156120118240995,4.63507939283165,0.9957999897396239,2024.9288067371285,3.892348121321086,2032.7135029797707,2017.1441104944863,0.007688859200127724,2038.6485511585984,2016.6231042866928,2025-01-07 19:04:00+00:00,19,4,19:04,500.0,4.044944195605467,Post-News,Clustering,None,Other,1.5,-1.0
2025-01-07 19:05:00+00:00,2022.6148893512052,2024.8399882393803,2020.794353897244,2022.8171710683123,500,4.574899321132113,4.636434748826037,0.9867278564182307,2024.4852989313574,3.574062461891849,2031.633423855141,2017.3371740075738,0.007061671356721434,2038.6485511585984,2016.6231042866928,2025-01-07 19:05:00+00:00,19,5,19:05,500.0,4.045634342136282,Post-News,Clustering,None,Other,1.5,-1.0
2025-01-07 19:06:00+00:00,2023.106205316217,2025.331844706004,2021.285227633664,2023.308536169834,500,4.5371648747898226,4.637702523486465,0.9783216693637647,2024.0951770160123,3.221194769648458,2030.5375665553092,2017.6527874767153,0.00636569822649799,2038.6485511585984,2016.6231042866928,2025-01-07 19:06:00+00:00,19,6,19:06,500.0,4.046617072340041,Post-News,Clustering,None,Other,1.5,-1.0
2025-01-07 19:07:00+00:00,2023.52550490459,2025.7516055700517,2021.7041498146668,2023.7278776923592,500,4.5021856519751795,4.638306814108059,0.9706528335471797,2023.9822647944063,3.1908592402474527,2030.3639832749013,2017.6005463139113,0.006306101186260402,2038.6485511585984,2016.6231042866928,2025-01-07 19:07:00+00:00,19,7,19:07,500.0,4.047455755384817,Post-News,Clustering,None,Other,1.5,-1.0
2025-01-07 19:08:00+00:00,2025.5761922639767,2027.804548911132,2023.75299137085,2025.778770140991,500,4.471791763889299,4.638302288684942,0.9641009760830288,2023.9290392503717,3.149230729519008,2030.2275007094097,2017.6305777913337,0.0062239943564136235,2038.6485511585984,2016.6231042866928,2025-01-07 19:08:00+00:00,19,8,19:08,500.0,4.051557540282147,Post-News,Clustering,None,Other,-1.0,-1.0
2025-01-07 19:09:00+00:00,2026.7635630630111,2028.9932259486689,2024.939293429291,2026.96625968898,500,4.441944674995627,4.635067970328446,0.9583343121246323,2024.1248576258502,3.2128061292924635,2030.5504698844352,2017.6992453672651,0.006349027565544355,2038.6485511585984,2016.6231042866928,2025-01-07 19:09:00+00:00,19,9,19:09,500.0,4.053932519377895,Post-News,Clustering,None,Other,-1.0,-1.0
2025-01-07 19:10:00+00:00,2027.679903557543,2029.9105745185525,2025.854809134899,2027.8826918267257,500,4.414360439899766,4.632077551599778,0.9529979562572696,2024.2510696203524,3.3118711110692596,2030.874811842491,2017.6273273982138,0.0065443880174220655,2038.6485511585984,2016.6231042866928,2025-01-07 19:10:00+00:00,19,10,19:10,500.0,4.055765383653579,Post-News,Clustering,None,Other,-1.0,1.5
2025-01-07 19:11:00+00:00,2029.1930848697823,2031.4254204967017,2027.3666284477576,2029.3960244722296,500,4.388962697688642,4.629316747099709,0.9480800164383545,2024.3320914181102,3.420667457265089,2031.1734263326402,2017.49075650358,0.006759103354171008,2036.1807405694276,2016.6231042866928,2025-01-07 19:11:00+00:00,19,11,19:11,500.0,4.058792048944042,Post-News,Clustering,None,Other,-1.0,1.5
2025-01-07 19:12:00+00:00,2025.5142202668496,2027.7425087379904,2023.6910751540984,2025.7167919460444,500,4.482961742005967,4.628229957538406,0.9686125761111269,2024.276222244207,3.3866059324916247,2031.0494341091903,2017.5030103792237,0.006691983821727844,2036.1807405694276,2016.6231042866928,2025-01-07 19:12:00+00:00,19,12,19:12,500.0,4.051433583892049,Post-News,Clustering,None,Other,-1.0,1.5
2025-01-07 19:13:00+00:00,2021.9183856545424,2024.142718312028,2020.0984771165995,2022.1205977143136,500,4.564058391108748,4.629098954697553,0.9859496277298626,2023.9866886435052,3.3060506561616854,2030.5987899558286,2017.3745873311818,0.00653373991975695,2036.1807405694276,2016.6231042866928,2025-01-07 19:13:00+00:00,19,13,19:13,500.0,4.0442411954284125,Post-News,Clustering,None,Other,-1.0,1.5
2025-01-07 19:14:00+00:00,2021.784824674368,2024.0090104000824,2019.965036353329,2021.9870233767056,500,4.526909509369082,4.629910419536896,0.977753152688834,2023.711473043475,3.2271112045290358,2030.165695452533,2017.257250634417,0.00637859941501591,2036.1807405694276,2016.6231042866928,2025-01-07 19:14:00+00:00,19,14,19:14,500.0,4.043974046753419,Post-News,Clustering,None,Other,-1.0,1.5
2025-01-07 19:15:00+00:00,2021.40542406928,2023.62919241259,2019.5859772429349,2021.6075848277624,500,4.492359913675236,4.629520629400819,0.9703725878540184,2023.391745194812,3.0936494978428764,2029.5790441904978,2017.2044461991263,0.006115769732064453,2033.7190145109173,2016.6231042866928,2025-01-07 19:15:00+00:00,19,15,19:15,500.0,4.043215169655241,Post-News,Clustering,None,Other,-1.0,1.5
2025-01-07 19:16:00+00:00,2022.598020555209,2024.8231008858525,2020.7775002846824,2022.8003005852677,500,4.4604485342105775,4.624747407269995,0.9644739790975085,2023.2469058128106,3.0475037964743485,2029.3419134057592,2017.151898219862,0.006024976561622391,2033.142085451217,2016.6231042866928,2025-01-07 19:16:00+00:00,19,16,19:16,500.0,4.045600601170008,Post-News,Clustering,None,Other,-1.0,1.5
2025-01-07 19:17:00+00:00,2022.6587335933525,2024.883880715017,2020.8381586756268,2022.861019695322,500,4.430825213151985,4.620317558358787,0.9589871599054953,2023.041020199432,2.9184793477924216,2028.877978895017,2017.2040615038472,0.005770479824486621,2031.4254204967017,2016.6231042866928,2025-01-07 19:17:00+00:00,19,17,19:17,500.0,4.045722039390284,Post-News,Clustering,None,Other,-1.0,1.5
2025-01-07 19:18:00+00:00,2023.8562287148625,2026.0826932128984,2022.0345759437416,2024.05863457832,500,4.403488931438044,4.616211739065515,0.9539183166518844,2023.0601994590993,2.924120214087742,2028.9084398872749,2017.2119590309237,0.0057815782543092055,2031.4254204967017,2016.6231042866928,2025-01-07 19:18:00+00:00,19,18,19:18,500.0,4.048117269156819,Post-News,Clustering,None,Other,-1.0,1.5
2025-01-07 19:19:00+00:00,2021.3571058025648,2023.5808209904665,2019.537702467009,2021.5592617287375,500,4.411877730000392,4.61296496621789,0.9564082455231896,2023.1383899732814,2.858016979556387,2028.8544239323942,2017.4223560141686,0.005650660367517697,2031.4254204967017,2016.6231042866928,2025-01-07 19:19:00+00:00,19,19,19:19,500.0,4.043118523457451,Post-News,Clustering,None,Other,-1.0,1.5
2025-01-07 19:20:00+00:00,2021.3556007604384,2023.579314292628,2019.536198779556,2021.557756536092,500,4.385537571648368,4.607953718901297,0.951732122147711,2023.2278093297223,2.7737979484305444,2028.7754052265834,2017.6802134328611,0.005483906331535656,2031.4254204967017,2016.6231042866928,2025-01-07 19:20:00+00:00,19,20,19:20,500.0,4.043115513072053,Post-News,Clustering,None,19h20-20h20,-1.0,1.5
2025-01-07 19:21:00+00:00,2018.666851604052,2020.8876072163775,2016.849869739422,2018.8687384779,500,4.408562516292769,4.603746501095191,0.9576032292924926,2023.2030989890304,2.81197868858481,2028.8270563662,2017.579141611861,0.00555945903797769,2031.4254204967017,2016.6231042866928,2025-01-07 19:21:00+00:00,19,21,19:21,500.0,4.037737476955499,Post-News,Clustering,None,19h20-20h20,-1.0,1.5
2025-01-07 19:22:00+00:00,2019.4681345481945,2021.6897716599085,2017.650431456792,2019.6701015583503,500,4.3821894939230415,4.599360801896992,0.9527822849026371,2023.1899492959874,2.828640625404234,2028.8472305467958,2017.532668045179,0.005592437084592065,2031.4254204967017,2016.6231042866928,2025-01-07 19:22:00+00:00,19,22,19:22,500.0,4.039340203116581,Post-News,Clustering,None,19h20-20h20,-1.0,1.5
2025-01-07 19:23:00+00:00,2015.6987147106656,2017.9162050458808,2013.8844044363989,2015.90030474114,500,4.482440038782213,4.597350202733578,0.975005131459631,2023.0528772314078,3.1127914174324904,2029.2784600662728,2016.8272943965428,0.0061546417347082445,2031.4254204967017,2016.6231042866928,2025-01-07 19:23:00+00:00,19,23,19:23,500.0,4.031800609481934,Post-News,Clustering,None,19h20-20h20,-1.0,1.5
2025-01-07 19:24:00+00:00,2016.4210893250931,2018.6393743518531,2014.6061288486533,2016.6227516002532,500,4.450354714812044,4.593364957726509,0.9688659089293772,2022.7604099212817,3.428966440092098,2029.618342801466,2015.9024770410974,0.0067807663691135745,2031.4254204967017,2013.8844044363989,2025-01-07 19:24:00+00:00,19,24,19:24,500.0,4.033245503199851,Post-News,Clustering,None,19h20-20h20,-1.0,1.5
2025-01-07 19:25:00+00:00,2013.481277317583,2015.6963282277227,2011.6689629365587,2013.6826455821408,500,4.486314282589361,4.590740470707514,0.9772528661150693,2022.3036836469735,3.984370860160491,2030.2724253672945,2014.3349419266524,0.007880855664516658,2031.4254204967017,2013.8844044363989,2025-01-07 19:25:00+00:00,19,25,19:25,500.0,4.02736529116396,Post-News,Clustering,Downside False Breakout,19h20-20h20,-1.0,1.5
2025-01-07 19:26:00+00:00,2012.729326545372,2014.94355022694,2010.9176889877256,2012.9306196073328,500,4.453424779491154,4.586774865176065,0.9709272659756341,2021.7847878188484,4.4902734365472465,2030.7653346919428,2012.804240945754,0.008883781228547962,2031.4254204967017,2011.6689629365587,2025-01-07 19:26:00+00:00,19,26,19:26,500.0,4.025861239214464,Post-News,Clustering,Downside Stop Hunt,19h20-20h20,-1.0,1.5
2025-01-07 19:27:00+00:00,2014.5515254031088,2016.767753703882,2012.738247702476,2014.7530007031792,500,4.423144866770781,4.583079923930923,0.9651031490144809,2021.3360439693893,4.728032672539007,2030.7921093144673,2011.8799786243112,0.00935625263626008,2031.4254204967017,2010.9176889877256,2025-01-07 19:27:00+00:00,19,27,19:27,500.0,4.0295060014059345,Post-News,Clustering,None,19h20-20h20,-1.0,1.5
2025-01-07 19:28:00+00:00,2015.029796384974,2017.2465508364423,2013.216088197409,2015.2313195169256,500,4.395096136218114,4.579637419964778,0.9597039532120683,2020.8086714381861,4.7941794488663145,2030.3970303359188,2011.2203125404535,0.009489625646656305,2031.4254204967017,2010.9176889877256,2025-01-07 19:28:00+00:00,19,28,19:28,500.0,4.030462639033431,Post-News,Clustering,None,19h20-20h20,-1.0,1.5
2025-01-07 19:29:00+00:00,2011.7365863179823,2013.949717876088,2009.925842315896,2011.937780095992,500,4.460123355133219,4.577945007598585,0.9742632005692943,2020.057247458537,4.95337755776511,2029.964002574067,2010.1504923430068,0.009808390458234749,2031.4254204967017,2010.9176889877256,2025-01-07 19:29:00+00:00,19,29,19:29,500.0,4.023875560191982,Post-News,Clustering,Downside Stop Hunt,19h20-20h20,-1.0,1.5
2025-01-07 19:30:00+00:00,2010.4044656290391,2012.6161317078388,2008.594920655476,2010.6055261816573,500,4.4287724763639025,4.576349999324503,0.9677521336911767,2019.1933891762833,5.022871207971872,2029.239131592227,2009.1476467603395,0.009950252877998845,2031.4254204967017,2009.925842315896,2025-01-07 19:30:00+00:00,19,30,19:30,500.0,4.021211052362787,Post-News,Clustering,Downside Stop Hunt,19h20-20h20,-1.0,1.5
2025-01-07 19:31:00+00:00,2007.4084262511903,2009.6167963570767,2005.6015779827376,2007.6091871699075,500,4.46985645654646,4.574736253607705,0.9770741325298185,2018.1040473111673,5.056117313274274,2028.2162819377158,2007.9918126846187,0.010021519594117722,2031.4254204967017,2008.594920655476,2025-01-07 19:31:00+00:00,19,31,19:31,500.0,4.015218374339156,Post-News,Clustering,None,19h20-20h20,-1.0,1.5
2025-01-07 19:32:00+00:00,2004.0292751689235,2006.233927836876,2002.2254684405984,2004.2296981387367,500,4.535132333172361,4.574825430345995,0.9913235821173985,2017.0296926208018,5.606298372999478,2028.2422893668008,2005.8170958748028,0.01111792928683173,2031.4254204967017,2005.6015779827376,2025-01-07 19:32:00+00:00,19,32,19:32,500.0,4.008459396277658,Post-News,Clustering,Downside False Breakout,19h20-20h20,-1.0,-1.0
2025-01-07 19:33:00+00:00,2004.2851322426725,2006.490066381553,2002.481095219952,2004.4855808007528,500,4.497549392345838,4.574856130162546,0.983101820993448,2016.1479417751239,6.126168129643796,2028.4002780344115,2003.8956055158362,0.012154203573473901,2031.4254204967017,2002.2254684405984,2025-01-07 19:33:00+00:00,19,33,19:33,500.0,4.008971161601039,Post-News,Clustering,None,19h20-20h20,-1.0,-1.0
2025-01-07 19:34:00+00:00,2005.4284987326316,2007.6346907004336,2003.6234325771568,2005.6290616387955,500,4.462814301698048,4.574310714279972,0.9756255270911403,2015.3300436882284,6.391777624673492,2028.1135989375755,2002.5464884388814,0.012686314372560072,2031.4254204967017,2002.2254684405984,2025-01-07 19:34:00+00:00,19,34,19:34,500.0,4.011258123276775,Post-News,Clustering,None,19h20-20h20,-1.0,1.5
2025-01-07 19:35:00+00:00,2006.332360315129,2008.539546630107,2004.5264806028745,2006.5330136164907,500,4.43068942495051,4.572046104502056,0.9690824028628335,2014.5763151276649,6.500444046883765,2027.5772032214325,2001.5754270338973,0.01290682114759569,2031.4254204967017,2002.2254684405984,2025-01-07 19:35:00+00:00,19,35,19:35,500.0,4.013066027232526,Post-News,Clustering,None,19h20-20h20,-1.0,1.5
2025-01-07 19:36:00+00:00,2007.561869895434,2009.7704088062096,2005.75488351389,2007.76264616005,500,4.401034844048302,4.569900410080849,0.9630483050221307,2013.824432406404,6.367455406780814,2026.5593432199655,2001.0895215928424,0.012647488637670437,2031.4254204967017,2002.2254684405984,2025-01-07 19:36:00+00:00,19,36,19:36,500.0,4.01552529231958,Post-News,Clustering,None,19h20-20h20,-1.0,1.5
2025-01-07 19:37:00+00:00,2007.5580337477215,2009.766568438313,2005.751050819056,2007.7588096286845,500,4.373497899420354,4.566054440830652,0.9578286803397664,2013.069321903072,6.130481698237558,2025.330285299547,2000.808358506597,0.012181362323761467,2031.4254204967017,2002.2254684405984,2025-01-07 19:37:00+00:00,19,37,19:37,500.0,4.015517619257025,Post-News,Clustering,None,19h20-20h20,-1.0,1.5
2025-01-07 19:38:00+00:00,2007.0293322285208,2009.2372852892777,2005.22282517881,2007.230055234044,500,4.347852343066599,4.5599271198215705,0.9534916301988462,2012.227892935858,5.681203075037515,2023.590299085933,2000.865486785783,0.011293359156747552,2031.4254204967017,2002.2254684405984,2025-01-07 19:38:00+00:00,19,38,19:38,500.0,4.01446011046778,Post-News,Clustering,None,19h20-20h20,-1.0,1.5
2025-01-07 19:39:00+00:00,2004.8968545935252,2007.102461694288,2003.0922669656284,2005.0973643299585,500,4.332847766305808,4.554319377136995,0.9513710847897515,2011.4047980659193,5.4457399602036265,2022.2962779863265,2000.5133181455121,0.010829724509835062,2031.4254204967017,2002.2254684405984,2025-01-07 19:39:00+00:00,19,39,19:39,500.0,4.010194728659599,Post-News,Clustering,None,19h20-20h20,-1.0,1.5
2025-01-07 19:40:00+00:00,2004.034774607235,2006.2394333251743,2002.2309629289205,2004.235198127048,500,4.309677954159242,4.548934553483814,0.9474038158800643,2010.538670145467,5.113360398138479,2020.765390941744,2000.31194934919,0.01017311524332643,2031.4254204967017,2002.2254684405984,2025-01-07 19:40:00+00:00,19,40,19:40,500.0,4.00847039625387,Post-News,Clustering,None,19h20-20h20,-1.0,1.5
2025-01-07 19:41:00+00:00,2001.4085091922232,2003.610278729288,1999.6070613891695,2001.608670059229,500,4.332425010139192,4.539587972370686,0.9543652499979401,2009.6756667245331,5.089938484222401,2019.855543692978,1999.4957897560882,0.010130865529199092,2031.4254204967017,2002.2254684405984,2025-01-07 19:41:00+00:00,19,41,19:41,500.0,4.003217340118454,Post-News,Clustering,None,19h20-20h20,-1.0,-1.0
2025-01-07 19:42:00+00:00,1999.7376995980512,2001.9376310607552,1997.9377556740203,1999.937693367388,500,4.308671465610312,4.530837456767364,0.9509657997496201,2008.6890463149855,4.9614991500161985,2018.6120446150178,1998.7660480149532,0.009880074089353364,2027.7425087379904,1999.6070613891695,2025-01-07 19:42:00+00:00,19,42,19:42,500.0,3.999875386734857,Post-News,Clustering,Downside Stop Hunt,19h20-20h20,1.5,-1.0
2025-01-07 19:43:00+00:00,1999.935537175934,2002.135686281738,1998.135415180276,2000.1355507310072,500,4.286642868171144,4.522365651985933,0.9478762218815113,2007.900808614479,5.00760825178228,2017.9160251180435,1997.8855921109146,0.00997580802856027,2026.0826932128984,1997.9377556740203,2025-01-07 19:43:00+00:00,19,43,19:43,500.0,4.000271101461976,Post-News,Clustering,None,19h20-20h20,1.5,-1.0
2025-01-07 19:44:00+00:00,1999.7199435716975,2001.9198555008195,1997.920015629689,1999.9199355652545,500,4.266156939811095,4.514417484073626,0.9450071808514903,2007.0656678127289,4.867288825299937,2016.8002454633288,1997.331090162129,0.009700308073336269,2026.0826932128984,1997.9377556740203,2025-01-07 19:44:00+00:00,19,44,19:44,500.0,3.9998398711304617,Post-News,Clustering,Downside Stop Hunt,19h20-20h20,1.5,-1.0
2025-01-07 19:45:00+00:00,2005.8780008743609,2008.084687343969,2004.072530126499,2006.0786087352344,500,4.544627999732776,4.511410611083405,1.0073629716984227,2006.6854659703833,4.613585953589761,2015.912637877563,1997.4582940632038,0.009196430694949544,2026.0826932128984,1997.920015629689,2025-01-07 19:45:00+00:00,19,45,19:45,500.0,4.012157217470076,Post-News,Clustering,None,19h20-20h20,-1.0,1.5
2025-01-07 19:46:00+00:00,2003.2003466691665,2005.4040874245777,2001.397286051102,2003.40068673784,500,4.554391905761329,4.5093555394200795,1.0099873176882037,2006.2089693269088,4.422818708903419,2015.0546067447156,1997.363331909102,0.00881826126096376,2026.0826932128984,1997.920015629689,2025-01-07 19:46:00+00:00,19,46,19:46,500.0,4.00680137347581,Post-News,Clustering,None,19h20-20h20,-1.0,1.5
2025-01-07 19:47:00+00:00,2002.9697941401,2005.173281262366,2001.166941040064,2003.1701111512152,500,4.51524535694279,4.503703808289746,1.0025626793289115,2005.6298248493106,3.9814781811955693,2013.5927812117018,1997.6668684869194,0.007940604256809434,2026.0826932128984,1997.920015629689,2025-01-07 19:47:00+00:00,19,47,19:47,500.0,4.006340222301787,Post-News,Clustering,None,19h20-20h20,-1.0,1.5
2025-01-07 19:48:00+00:00,2000.140132087696,2002.3405062704103,1998.339825938202,2000.3401661043065,500,4.537748203804963,4.499380294443688,1.008527376405292,2004.8852671786797,3.448078556681713,2011.781424292043,1997.9891100653163,0.00687935337373978,2026.0826932128984,1997.920015629689,2025-01-07 19:48:00+00:00,19,48,19:48,500.0,4.000680332208276,Post-News,Clustering,None,19h20-20h20,-1.0,1.5
2025-01-07 19:49:00+00:00,1999.384650110028,2001.584193179456,1997.5850239623144,1999.5846085708847,500,4.49927827618615,4.493202186923158,1.0013522848539234,2004.2676086024244,3.216934384252038,2010.7014773709284,1997.8337398339204,0.006420169383459063,2023.5808209904665,1997.920015629689,2025-01-07 19:49:00+00:00,19,49,19:49,500.0,3.9991692171415707,Post-News,Clustering,Downside Stop Hunt,19h20-20h20,-1.0,1.5
2025-01-07 19:50:00+00:00,1998.710784760139,2000.9095865035488,1996.9117651518936,1998.9106758277217,500,4.463459924433935,4.487065257490326,0.9947392489964378,2003.6828660847273,3.063483767582821,2009.809833619893,1997.5558985495616,0.0061157058722950824,2023.579314292628,1997.5850239623144,2025-01-07 19:50:00+00:00,19,50,19:50,500.0,3.9978213516551477,Post-News,Clustering,Downside Stop Hunt,19h20-20h20,-1.0,1.5
2025-01-07 19:51:00+00:00,2000.420173245179,2002.6208555039743,1998.6196150334367,2000.620235268706,500,4.4304442491556255,4.4808384995665484,0.9887533883634061,2003.3334184896673,2.9897646528404946,2009.3129477953482,1997.3538891839864,0.0059695797519206005,2021.6897716599085,1996.9117651518936,2025-01-07 19:51:00+00:00,19,51,19:51,500.0,4.001240470537596,Post-News,Clustering,None,19h20-20h20,-1.0,1.5
2025-01-07 19:52:00+00:00,1999.5408487495704,2001.7405636546853,1997.7410820090215,1999.7408228318536,500,4.399661206049064,4.474992002083538,0.9831662724761518,2003.1089747243234,3.0858854157472444,2009.280745555818,1996.9372038928288,0.006162191782245824,2021.6897716599085,1996.9117651518936,2025-01-07 19:52:00+00:00,19,52,19:52,500.0,3.9994816456637636,Post-News,Clustering,None,19h20-20h20,-1.0,1.5
2025-01-07 19:53:00+00:00,1999.1783256698425,2001.377641759688,1997.378885232696,1999.378263496192,500,4.371025157544996,4.469495175834473,0.977968424975178,2002.8536088590954,3.175979042245809,2009.205566943587,1996.5016507746038,0.0063429079952677095,2018.6393743518531,1996.9117651518936,2025-01-07 19:53:00+00:00,19,53,19:53,500.0,3.9987565269921106,Post-News,Clustering,None,19h20-20h20,-1.0,1.5
2025-01-07 19:54:00+00:00,1998.338211679247,2000.536603551281,1996.53952742031,1998.538065485796,500,4.344314512789709,4.464322043674887,0.9731185318372795,2002.499059051445,3.2448881240250484,2008.9888352994951,1996.009282803395,0.006481677201011155,2018.6393743518531,1996.9117651518936,2025-01-07 19:54:00+00:00,19,54,19:54,500.0,3.9970761309709815,Post-News,Clustering,Downside Stop Hunt,19h20-20h20,-1.0,1.5
2025-01-07 19:55:00+00:00,1995.5603523456452,1997.7556882668173,1993.7641684101409,1995.7599283384795,500,4.374998981565817,4.460373055231527,0.9808594320231633,2001.9604047875443,3.4289541510082975,2008.818313089561,1995.1024964855278,0.00685119274648624,2017.2465508364423,1996.53952742031,2025-01-07 19:55:00+00:00,19,55,19:55,500.0,3.9915198566764047,Post-News,Clustering,None,19h20-20h20,-1.0,1.5
2025-01-07 19:56:00+00:00,1994.2794096025448,1996.4733363457824,1992.4843786308056,1994.478857488294,500,4.347424605380885,4.456299241023428,0.9755683741701469,2001.296215353957,3.5309265057937886,2008.3580683655446,1994.2343623423694,0.007057279134801728,2017.2465508364423,1993.7641684101409,2025-01-07 19:56:00+00:00,19,56,19:56,500.0,3.9889577149767774,Post-News,Clustering,Downside Stop Hunt,19h20-20h20,-1.0,1.5
2025-01-07 19:57:00+00:00,1993.5378017941136,1995.730912687176,1991.7434383361533,1993.7371755116649,500,4.321713872926728,4.4524372669815016,0.9706400368570726,2000.595133648106,3.572004046154596,2007.739141740415,1993.4511255557968,0.007141882904895382,2017.2465508364423,1992.4843786308056,2025-01-07 19:57:00+00:00,19,57,19:57,500.0,3.9874743510226835,Post-News,Clustering,Downside Stop Hunt,19h20-20h20,-1.0,1.5
2025-01-07 19:58:00+00:00,1993.7049188657236,1995.8982136059492,1991.9104049873563,1993.904309296653,500,4.297863497617169,4.4472564470274385,0.966407840161742,1999.9288463512362,3.511568970224986,2006.9519842916861,1992.9057084107862,0.007023387810284634,2017.2465508364423,1991.7434383361533,2025-01-07 19:58:00+00:00,19,58,19:58,500.0,3.987808618592908,Post-News,Clustering,None,19h20-20h20,-1.0,1.5
2025-01-07 19:59:00+00:00,1994.8395546141971,1997.034097578569,1993.0440194615292,1995.0390585200491,500,4.275878827575924,4.440410548410233,0.9629467322805962,1999.4259310607408,3.4521479748863455,2006.3302270105135,1992.5216351109682,0.00690627828969863,2013.949717876088,1991.7434383361533,2025-01-07 19:59:00+00:00,19,59,19:59,500.0,3.9900781170397295,Post-News,Clustering,None,19h20-20h20,-1.0,1.5
2025-01-07 20:00:00+00:00,1994.391570922468,1996.5856210554955,1992.5964389954447,1994.5910300254704,500,4.255400487038414,4.4339936941243,0.9597218175292966,1998.943722655662,3.418416889338687,2005.7805564343394,1992.1068888769846,0.006840446482999948,2012.6161317078388,1991.7434383361533,2025-01-07 20:00:00+00:00,20,0,20:00,500.0,3.98918206005078,Post-News,Clustering,None,19h20-20h20,-1.0,1.5
2025-01-07 20:01:00+00:00,1993.908635103062,1996.1021539535604,1992.1139378617447,1994.108045907653,500,4.236315887379651,4.427975055860259,0.956716294454515,1998.5686914480834,3.520576832007918,2005.6098451120993,1991.5275377840676,0.007046196304530416,2009.7704088062096,1991.7434383361533,2025-01-07 20:01:00+00:00,20,1,20:01,500.0,3.9882160918157297,Post-News,Clustering,None,19h20-20h20,-1.0,1.5
2025-01-07 20:02:00+00:00,1990.5003462772968,1992.6901156351375,1988.7087168027003,1990.6994162189192,500,4.319388260063432,4.42400472856045,0.9763525414379338,1998.1067775906595,3.915413546183343,2005.9376046830262,1990.2759504982928,0.007838246864673762,2009.7704088062096,1991.7434383361533,2025-01-07 20:02:00+00:00,20,2,20:02,500.0,3.9813988324372076,Post-News,Clustering,Downside False Breakout,19h20-20h20,-1.0,-1.0
2025-01-07 20:03:00+00:00,1991.594893851983,1993.785867332568,1989.8022791860492,1991.7940732593088,500,4.295402537667383,4.420254073037359,0.9717546699110476,1997.6897037170747,4.1265131496768,2005.9427300164284,1989.436677417721,0.00826257079264851,2009.7704088062096,1988.7087168027003,2025-01-07 20:03:00+00:00,20,3,20:03,500.0,3.9835881465187413,Post-News,Clustering,None,19h20-20h20,-1.0,-1.0
2025-01-07 20:04:00+00:00,1990.2293314939357,1992.4188027057,1988.4379459570373,1990.4283743313688,500,4.272934981309909,4.414542789195456,0.967922429423013,1997.2151256553802,4.393671216006807,2006.002468087394,1988.4277832233665,0.008799595315632472,2009.7704088062096,1988.7087168027003,2025-01-07 20:04:00+00:00,20,4,20:04,500.0,3.9808567486627453,Post-News,Clustering,Downside Stop Hunt,19h20-20h20,-1.0,-1.0
2025-01-07 20:05:00+00:00,1991.736750949357,1993.927880488355,1989.9440085992676,1991.9359445438115,500,4.252287617579728,4.409165927469583,0.9644199577719482,1996.5079924458096,4.013728163987747,2004.535448773785,1988.4805361178342,0.008041496811782286,2009.7704088062096,1988.4379459570373,2025-01-07 20:05:00+00:00,20,5,20:05,500.0,3.983871889087368,Post-News,Clustering,None,19h20-20h20,-1.0,-1.0
2025-01-07 20:06:00+00:00,1994.3804230899775,1996.5744609591636,1992.5853011970075,1994.5798810780852,500,4.279875388849184,4.4048777693705725,0.9716218276496579,1996.0669521628217,3.687877081037796,2003.4427063248972,1988.6911980007462,0.007390287338892688,2009.7704088062096,1988.4379459570373,2025-01-07 20:06:00+00:00,20,6,20:06,500.0,3.9891597621560777,Post-News,Clustering,None,19h20-20h20,-1.0,1.5
2025-01-07 20:07:00+00:00,1994.0256244067125,1996.2192719583145,1992.230821864492,1994.2250469114035,500,4.25905929634727,4.400825663443441,0.967786416018751,1995.619698950831,3.3034698548820582,2002.2266386605952,1989.0127592410668,0.0066214416636974725,2009.766568438313,1988.4379459570373,2025-01-07 20:07:00+00:00,20,7,20:07,500.0,3.9884500938223937,Post-News,Clustering,None,19h20-20h20,-1.0,1.5
2025-01-07 20:08:00+00:00,1992.006079134174,1994.197504963804,1990.213094364476,1992.2052996641405,500,4.241408814245853,4.3969859476160496,0.9646173230427204,1995.2129556288226,3.190544074227463,2001.5940437772774,1988.8318674803677,0.006396398069141211,2009.2372852892777,1988.4379459570373,2025-01-07 20:08:00+00:00,20,8,20:08,500.0,3.98441059932793,Post-News,Clustering,None,19h20-20h20,-1.0,1.5
2025-01-07 20:09:00+00:00,1991.992735500876,1994.1841466510416,1990.1997627416488,1992.1919546963456,500,4.223049892470637,4.393337701240633,0.9612395357812105,1994.8433229350958,3.083866241595305,2001.0110554182863,1988.6755904519052,0.006183676093534711,2008.084687343969,1988.4379459570373,2025-01-07 20:09:00+00:00,20,9,20:09,500.0,3.984383909392818,Post-News,Clustering,None,19h20-20h20,-1.0,1.5
2025-01-07 20:10:00+00:00,1992.7073954424504,1994.8995927971723,1990.9137794249505,1992.9066861110616,500,4.206104426738581,4.389866767687947,0.958139426393993,1994.543123449263,2.95669798872588,2000.4565194267147,1988.6297274718113,0.005929574455352358,2008.084687343969,1988.4379459570373,2025-01-07 20:10:00+00:00,20,10,20:10,500.0,3.9858133722218554,Post-News,Clustering,None,19h20-20h20,-1.0,1.5
2025-01-07 20:11:00+00:00,1992.0986764691563,1994.2902041660416,1990.3056083535223,1992.2979062597824,500,4.190282382865774,4.386555429107566,0.9552557697232328,1994.1270069988168,2.623234755727908,1999.3734765102727,1988.880537487361,0.005261921124424132,2008.084687343969,1988.4379459570373,2025-01-07 20:11:00+00:00,20,11,20:11,500.0,3.9845958125192737,Post-News,Squeeze,None,19h20-20h20,-1.0,1.5
2025-01-07 20:12:00+00:00,1990.995282976531,1993.1855968191887,1989.203208014356,1991.1944024167728,500,4.175432841577695,4.381429947433761,0.9529840466862378,1993.699685978063,2.34160344772301,1998.382892873509,1989.0164790826168,0.004698006353096902,2008.084687343969,1988.4379459570373,2025-01-07 20:12:00+00:00,20,12,20:12,500.0,3.9823888048326808,Post-News,Squeeze,None,19h20-20h20,-1.0,1.5
2025-01-07 20:13:00+00:00,1992.1375104234708,1994.329080841978,1990.3444073537823,1992.3367440978805,500,4.161807173478986,4.3747257604732654,0.9513298435943,1993.3476100081468,1.9373237860639436,1997.2222575802748,1989.4729624360189,0.0038875784160015458,2008.084687343969,1988.4379459570373,2025-01-07 20:13:00+00:00,20,13,20:13,500.0,3.9846734881957673,Post-News,Squeeze,None,19h20-20h20,-1.0,1.5
2025-01-07 20:14:00+00:00,1993.148932810265,1995.3416159046656,1991.354919369392,1993.3482676370288,500,4.149299270750023,4.3684322564962805,0.9498371560139487,1993.0881201157088,1.5047944057933376,1996.0977089272953,1990.0785313041222,0.003020025839511662,2008.084687343969,1988.4379459570373,2025-01-07 20:14:00+00:00,20,14,20:14,500.0,3.986696535273495,Post-News,Squeeze,None,19h20-20h20,-1.0,1.5
2025-01-07 20:15:00+00:00,1992.4787701632256,1994.670716004989,1990.6853599290555,1992.6780379670224,500,4.137589042548836,4.362519408644174,0.9484402600823627,1992.9340255971358,1.3684109810243243,1995.6708475591845,1990.1972036350871,0.0027465254011393133,2008.084687343969,1988.4379459570373,2025-01-07 20:15:00+00:00,20,15,20:15,500.0,3.985356075933396,Post-News,Squeeze,None,19h20-20h20,-1.0,1.5
2025-01-07 20:16:00+00:00,1989.205694545887,1991.394039644397,1987.4152303743783,1989.404635009388,500,4.217961796127069,4.358477963009449,0.9677602667548293,1992.6803144731905,1.528004018103597,1995.7363225093977,1989.6243064369833,0.003067233629008028,2005.4040874245777,1988.4379459570373,2025-01-07 20:16:00+00:00,20,16,20:16,500.0,3.9788092700187008,Post-News,Squeeze,Downside Stop Hunt,19h20-20h20,-1.0,1.5
2025-01-07 20:17:00+00:00,1990.133633056376,1992.3229989893307,1988.342333656685,1990.332666323008,500,4.201012048735542,4.354647743602508,0.9647191451724941,1992.5100890137576,1.5923516496897128,1995.694792313137,1989.3253857143782,0.003196674703871392,2005.173281262366,1987.4152303743783,2025-01-07 20:17:00+00:00,20,17,20:17,500.0,3.9806653326456853,Post-News,Squeeze,None,19h20-20h20,-1.0,1.5
2025-01-07 20:18:00+00:00,1988.627021308512,1990.814729802801,1986.837077995003,1988.825903898902,500,4.185057745811424,4.351007223842064,0.9618595259687704,1992.2561687438701,1.7549321690781547,1995.7660330820265,1988.7463044057138,0.003523507060208394,2002.6208555039743,1987.4152303743783,2025-01-07 20:18:00+00:00,20,18,20:18,500.0,3.9776518077978835,Post-News,Squeeze,Downside Stop Hunt,19h20-20h20,-1.0,1.5
2025-01-07 20:19:00+00:00,1989.0732020794487,1991.26140142167,1987.2828571630853,1989.272129292378,500,4.1703067824380815,4.346981041382693,0.9593570210537622,1991.9678222824864,1.7473753814330197,1995.4625730453524,1988.4730715196204,0.003508842586484746,2002.6208555039743,1986.837077995003,2025-01-07 20:19:00+00:00,20,19,20:19,500.0,3.978544258584634,Post-News,Squeeze,None,19h20-20h20,-1.0,1.5
2025-01-07 20:20:00+00:00,1989.39378144145,1991.582333456237,1987.603147974806,1989.5927407155216,500,4.156655260937571,4.343166336204179,0.9570564282302818,1991.717907816989,1.7094742579725128,1995.136856332934,1988.298959301044,0.0034331654121564784,2002.6208555039743,1986.837077995003,2025-01-07 20:20:00+00:00,20,20,20:20,500.0,3.9791854814309318,Post-News,Squeeze,None,19h20-20h20,-1.0,1.5
2025-01-07 20:21:00+00:00,1985.6593246371283,1987.8437683385991,1983.872052517743,1985.8579104281712,500,4.268371899283359,4.3408298259206894,0.9833078168131223,1991.305401043015,2.0615185392761974,1995.4284381215675,1987.1823639644626,0.004141039417050603,2002.6208555039743,1986.837077995003,2025-01-07 20:21:00+00:00,20,21,20:21,500.0,3.9717158208561614,Post-News,Squeeze,Downside False Breakout,Other,-1.0,-1.0
2025-01-07 20:22:00+00:00,1985.8401900697231,1988.0248327430668,1984.0527551551688,1986.038793949118,500,4.247208019898688,4.33858013468695,0.9789396272624442,1991.072369929525,2.373440515649446,1995.8192509608239,1986.325488898226,0.0047681652389831965,2001.7405636546853,1983.872052517743,2025-01-07 20:22:00+00:00,20,22,20:22,500.0,3.9720775878979566,Post-News,Squeeze,None,Other,-1.0,-1.0
2025-01-07 20:23:00+00:00,1986.882101073827,1989.067889963897,1985.093728345588,1987.0808091547424,500,4.227704705499419,4.334334545798904,0.9753987978609457,1990.8367067242966,2.5270342148957066,1995.890775154088,1985.7826382945052,0.005077330966141698,2001.377641759688,1983.872052517743,2025-01-07 20:23:00+00:00,20,23,20:23,500.0,3.9741616183089263,Post-News,Squeeze,None,Other,-1.0,1.5
2025-01-07 20:24:00+00:00,1988.1683327735595,1990.3555366599987,1986.378802321018,1988.3671694905083,500,4.20977825074809,4.330324938064504,0.9721622074461935,1990.7336464822536,2.585909054024001,1995.9054645903016,1985.5618283742056,0.005195891592214674,2000.536603551281,1983.872052517743,2025-01-07 20:24:00+00:00,20,24,20:24,500.0,3.9767343389808048,Post-News,Squeeze,None,Other,-1.0,1.5
2025-01-07 20:25:00+00:00,1988.421573453321,1990.6090559323677,1986.631815061374,1988.6204354968709,500,4.19316843790849,4.32543917398649,0.9694202760095468,1990.5678710299064,2.6109294282415947,1995.7897298863895,1985.3460121734233,0.0052466021706472545,1997.7556882668173,1983.872052517743,2025-01-07 20:25:00+00:00,20,25,20:25,500.0,3.9772408709936826,Post-News,Squeeze,None,Other,-1.0,1.5
2025-01-07 20:26:00+00:00,1984.5138231806263,1986.6970067044767,1982.7275821156572,1984.7122944100677,500,4.314574505287428,4.323125002749761,0.9980221489184572,1990.0744916965057,2.741927738092868,1995.5583471726914,1984.59063622032,0.005511206237823575,1997.034097578569,1983.872052517743,2025-01-07 20:26:00+00:00,20,26,20:26,500.0,3.969424588819493,Post-News,Normal,Downside Stop Hunt,Other,-1.0,-1.0
2025-01-07 20:27:00+00:00,1987.069697796164,1989.2556930632657,1985.2811562139889,1987.2684246386275,500,4.330919087281039,4.3215879064249325,1.0021592019086858,1989.726660582867,2.62650819597219,1994.9796769748114,1984.4736441909226,0.005280138720567324,1997.034097578569,1982.7275821156572,2025-01-07 20:27:00+00:00,20,27,20:27,500.0,3.974536849276774,Post-News,Squeeze,None,Other,-1.0,1.5
2025-01-07 20:28:00+00:00,1987.906475319715,1990.093391134148,1986.1171805624515,1988.1052858483,500,4.305582764739293,4.320096016900285,0.9966405255567894,1989.521659892075,2.5825024526087237,1994.6866647972925,1984.3566549868574,0.005192207764652046,1997.034097578569,1982.7275821156572,2025-01-07 20:28:00+00:00,20,28,20:28,500.0,3.9762105716965834,Post-News,Squeeze,None,Other,-1.0,1.5
2025-01-07 20:29:00+00:00,1985.53568293526,1987.719990617257,1983.7485221045356,1985.7342563608963,500,4.309238548955365,4.317581270130654,0.9980677326833418,1989.198774975302,2.6342472930072063,1994.4672695613165,1983.9302803892876,0.005297102182339547,1997.034097578569,1982.7275821156572,2025-01-07 20:29:00+00:00,20,29,20:29,500.0,3.971468512721458,Post-News,Squeeze,None,Other,-1.0,1.5
2025-01-07 20:30:00+00:00,1983.9920070509984,1986.1746165197007,1982.2062356675144,1984.190426093608,500,4.28489157061472,4.315183255034834,0.9929802090363669,1988.7629619744298,2.7084877438113226,1994.1799374620525,1983.345986486807,0.005447582835356896,1996.5856210554955,1982.7275821156572,2025-01-07 20:30:00+00:00,20,30,20:30,500.0,3.9683808521863284,Other,Normal,Downside Stop Hunt,Other,-1.0,-1.0
2025-01-07 20:31:00+00:00,1984.470651682161,1986.6537877126143,1982.6844494754264,1984.6691185940208,500,4.26235204679852,4.311724848205702,0.9885491762240514,1988.3815225911417,2.7216095641086175,1993.8247417193588,1982.9383034629245,0.005475024854509681,1996.5744609591636,1982.2062356675144,2025-01-07 20:31:00+00:00,20,31,20:31,500.0,3.9693382371879125,Other,Normal,None,Other,-1.0,1.5
2025-01-07 20:32:00+00:00,1985.8399803861096,1988.0246228287783,1984.0525456602893,1986.038584244534,500,4.24161812691927,4.30683294476815,0.984857825068859,1988.1237316825295,2.685085100100356,1993.4939018827301,1982.753561482329,0.005402249482385985,1996.5744609591636,1982.2062356675144,2025-01-07 20:32:00+00:00,20,32,20:32,500.0,3.9720771684890224,Other,Normal,None,Other,-1.0,1.5
2025-01-07 20:33:00+00:00,1984.8910494317747,1987.0746479460008,1983.1044688292257,1985.0895583876131,500,4.222229626194691,4.302244281998965,0.9814016474752345,1987.7613723970164,2.573289997737024,1992.9079523924904,1982.6147924015424,0.0051782674388805424,1996.5744609591636,1982.2062356675144,2025-01-07 20:33:00+00:00,20,33,20:33,500.0,3.9701791167751708,Other,Squeeze,None,Other,-1.0,1.5
2025-01-07 20:34:00+00:00,1986.55016935636,1988.7355930850244,1984.7620953965431,1986.748844240784,500,4.204463059215163,4.297938427957583,0.978251114968429,1987.4314012272039,2.217737137653257,1991.8668755025103,1982.9959269518974,0.004463524398947914,1996.5744609591636,1982.2062356675144,2025-01-07 20:34:00+00:00,20,34,20:34,500.0,3.9734976884813022,Other,Squeeze,None,Other,-1.0,1.5
2025-01-07 20:35:00+00:00,1983.011768618982,1985.193299717572,1981.2268795383168,1983.2100896279449,500,4.298570319447447,4.2957364428658655,1.0006596951696811,1986.9580038102504,2.0424311426095207,1991.0428660954694,1982.8731415250313,0.004111674506844941,1996.5744609591636,1982.2062356675144,2025-01-07 20:35:00+00:00,20,35,20:35,500.0,3.9664201792552376,Other,Squeeze,Downside Stop Hunt,Other,-1.0,1.5
2025-01-07 20:36:00+00:00,1980.965446802842,1983.144726722317,1979.1823995959987,1981.163563159158,500,4.279221727483067,4.293706224256445,0.9966265748011472,1986.5459502177387,2.333426996886562,1991.2128042115119,1981.8790962239655,0.004698460655553106,1996.5744609591636,1981.2268795383168,2025-01-07 20:36:00+00:00,20,36,20:36,500.0,3.962327126318314,Other,Squeeze,None,Other,-1.0,1.5
2025-01-07 20:37:00+00:00,1976.900000067739,1979.0748075485612,1975.120612128884,1977.097709838723,500,4.405202391968136,4.2942346324655745,1.025841103013705,1985.8842023935244,2.9879104931547644,1991.860023379834,1979.9083814072148,0.006018297521181879,1996.2192719583145,1979.1823995959987,2025-01-07 20:37:00+00:00,20,37,20:37,500.0,3.954195419677262,Other,Normal,Downside False Breakout,Other,1.5,-1.0
2025-01-07 20:38:00+00:00,1975.146467002944,1977.319345404487,1973.368657401681,1975.344001403084,500,4.37273707845655,4.294649378055407,1.018182555437506,1985.2101072687335,3.7203474485016432,1992.6508021657369,1977.7694123717301,0.0074961283642065776,1995.3416159046656,1975.120612128884,2025-01-07 20:38:00+00:00,20,38,20:38,500.0,3.9506880028059186,Other,Normal,Downside Stop Hunt,Other,1.5,-1.0
2025-01-07 20:39:00+00:00,1978.1471688628756,1980.3233483665747,1976.3666583598483,1978.345003363212,500,4.416066355958996,4.296036354549627,1.0279397080246433,1984.6637509722755,3.890868136610972,1992.4454872454974,1976.8820146990536,0.007841868698825851,1995.3416159046656,1973.368657401681,2025-01-07 20:39:00+00:00,20,39,20:39,500.0,3.956690006726376,Other,Normal,None,Other,1.5,-1.0
2025-01-07 20:40:00+00:00,1982.241818002315,1984.422502070524,1980.4576219465075,1982.440062008516,500,4.534740095341344,4.299787390235995,1.0546428657470093,1984.306117036925,3.739758325696286,1991.7856336883174,1976.8266003855324,0.007538672170764976,1995.3416159046656,1973.368657401681,2025-01-07 20:40:00+00:00,20,40,20:40,500.0,3.9648801240164175,Other,Normal,None,Other,-1.0,1.5
2025-01-07 20:41:00+00:00,1982.7267147548707,1984.9079322628515,1980.9420822483407,1982.9250072555965,500,4.494105089567734,4.302482058226471,1.0445377874324597,1984.1594718782962,3.7332035051447723,1991.6258788885857,1976.6930648680068,0.007526015036706113,1995.3416159046656,1973.368657401681,2025-01-07 20:41:00+00:00,20,41,20:41,500.0,3.9658500145108064,Other,Normal,None,Other,-1.0,1.5
2025-01-07 20:42:00+00:00,1981.481102807745,1983.6609500055529,1979.697591464084,1981.6792707348184,500,4.45619462184638,4.304940777497071,1.0351349419578424,1983.9414957175813,3.7449519281514356,1991.4313995738842,1976.4515918612785,0.007550528957098866,1995.3416159046656,1973.368657401681,2025-01-07 20:42:00+00:00,20,42,20:42,500.0,3.9633585414687786,Other,Normal,None,Other,-1.0,1.5
2025-01-07 20:43:00+00:00,1981.0617867171816,1983.2411726211608,1979.278652795744,1981.2599127084525,500,4.420932136387127,4.307178931967339,1.026410141351576,1983.6504508952669,3.714198154913982,1991.078847205095,1976.2220545854389,0.007489622283477843,1995.3416159046656,1973.368657401681,2025-01-07 20:43:00+00:00,20,43,20:43,500.0,3.962519825416848,Other,Normal,None,Other,-1.0,-1.0
2025-01-07 20:44:00+00:00,1982.0195443474956,1984.199983890232,1980.235548357984,1982.217766124108,500,4.388325236091474,4.309215070238678,1.0183583702747088,1983.342980726947,3.5542745503354283,1990.4515298276178,1976.234431626276,0.007168249939367927,1995.3416159046656,1973.368657401681,2025-01-07 20:44:00+00:00,20,44,20:44,500.0,3.9644355322479896,Other,Normal,None,Other,-1.0,1.5
2025-01-07 20:45:00+00:00,1978.9438947781343,1981.1209507679887,1977.1626671500717,1979.1418089590304,500,4.435951931658966,4.307403802437448,1.029843528751304,1982.8690494000548,3.4437630987573304,1989.7565755975695,1975.98152320254,0.006947030818397852,1994.670716004989,1973.368657401681,2025-01-07 20:45:00+00:00,20,45,20:45,500.0,3.9582836179170044,Other,Normal,None,Other,1.5,-1.0
2025-01-07 20:46:00+00:00,1977.8310534835068,1980.0068852255129,1976.0508275127747,1978.028856369144,500,4.401673773164621,4.304858500227502,1.0224897689278294,1982.5348774980084,3.5771723656227863,1989.689222229254,1975.3805327667628,0.0072173708643900394,1992.3229989893307,1973.368657401681,2025-01-07 20:46:00+00:00,20,46,20:46,500.0,3.9560577127381293,Other,Normal,None,Other,1.5,-1.0
2025-01-07 20:47:00+00:00,1980.690873444605,1982.8698513031795,1978.9080733784976,1980.8889623408388,500,4.43305385608397,4.303488641879856,1.0301070189760086,1982.215904383119,3.4135548051374798,1989.043013993394,1975.3887947728442,0.006888361247812229,1992.3229989893307,1973.368657401681,2025-01-07 20:47:00+00:00,20,47,20:47,500.0,3.9617779246818827,Other,Normal,None,Other,-1.0,-1.0
2025-01-07 20:48:00+00:00,1978.6405139350304,1980.8172361725824,1976.8595593770333,1978.838397774808,500,4.404221649492652,4.301263199307984,1.0239367937775194,1981.7525599794444,3.1939395560339054,1988.1404390915122,1975.3646808673766,0.006446696970215171,1991.582333456237,1973.368657401681,2025-01-07 20:48:00+00:00,20,48,20:48,500.0,3.957676795549105,Other,Normal,None,Other,1.5,-1.0
2025-01-07 20:49:00+00:00,1977.1787895204416,1979.353903700332,1975.3991506459856,1977.3765271731588,500,4.372116749839347,4.299143840535537,1.0169738236287345,1981.334673520058,3.1923174477193825,1987.7193084154967,1974.9500386246193,0.006444781874326856,1991.582333456237,1973.368657401681,2025-01-07 20:49:00+00:00,20,49,20:49,500.0,3.9547530543463836,Other,Normal,None,Other,1.5,-1.0
2025-01-07 20:50:00+00:00,1977.224648056911,1979.3998126862364,1975.4449679056447,1977.4223902959409,500,4.342311609178798,4.2971247019479515,1.0105156145946526,1980.9962717301744,3.232135068257521,1987.4605418666895,1974.5320015936593,0.0065262819812066525,1991.582333456237,1973.368657401681,2025-01-07 20:50:00+00:00,20,50,20:50,500.0,3.9548447805916567,Other,Normal,None,Other,1.5,-1.0
2025-01-07 20:51:00+00:00,1977.804341119907,1979.980143475374,1976.0241391927063,1978.0021413340403,500,4.314718228713717,4.295195934940586,1.0045451462677921,1980.662922867175,3.1767231407314287,1987.0163691486378,1974.3094765857122,0.0064154745445182786,1990.6090559323677,1973.368657401681,2025-01-07 20:51:00+00:00,20,51,20:51,500.0,3.9560042826676636,Other,Normal,None,Other,1.5,-1.0
2025-01-07 20:52:00+00:00,1976.5883574033069,1978.7628220429144,1974.8092499709007,1976.786036006908,500,4.288922074663715,4.293350282750831,0.9989685891447275,1980.200295455294,3.0226501302070634,1986.245595715708,1974.15499519488,0.006105746246264516,1990.6090559323677,1973.368657401681,2025-01-07 20:52:00+00:00,20,52,20:52,500.0,3.953572072013685,Other,Normal,None,Other,1.5,-1.0
2025-01-07 20:53:00+00:00,1976.7602576652432,1978.9349114140496,1974.980995507129,1976.9579534605891,500,4.264993062682068,4.291583081169781,0.9938041468649687,1979.7937152089428,2.8735967013487103,1985.5409086116401,1974.0465218062454,0.005805850739445148,1990.6090559323677,1973.368657401681,2025-01-07 20:53:00+00:00,20,53,20:53,500.0,3.953915906920656,Other,Normal,None,Other,1.5,-1.0
2025-01-07 20:54:00+00:00,1977.982153467159,1980.1581514357688,1976.201791492841,1978.1799714643053,500,4.242947839842474,4.289893636620661,0.9890566525059188,1979.3652715701187,2.378109289119359,1984.1214901483575,1974.60905299188,0.004805801785605665,1990.6090559323677,1973.368657401681,2025-01-07 20:54:00+00:00,20,54,20:54,500.0,3.9563599429277474,Other,Squeeze,None,Other,1.5,-1.0
2025-01-07 20:55:00+00:00,1981.8854963529743,1984.06578842817,1980.1016210187236,1982.0837047234468,500,4.360295634415492,4.289648580834823,1.016469193746151,1979.3089523248939,2.294117050569966,1983.8971864260338,1974.720718223754,0.004636197998044344,1990.6090559323677,1973.368657401681,2025-01-07 20:55:00+00:00,20,55,20:55,500.0,3.964167409446418,Other,Squeeze,None,Other,-1.0,-1.0
2025-01-07 20:56:00+00:00,1981.6551266931883,1983.8351653364152,1979.8714587123663,1981.853312024391,500,4.331967847960735,4.289390968211153,1.0099260897561264,1979.3434397681558,2.328393223387245,1984.0002262149303,1974.6866533213813,0.004705384980910601,1990.093391134148,1973.368657401681,2025-01-07 20:56:00+00:00,20,56,20:56,500.0,3.963706624048882,Other,Squeeze,None,Other,-1.0,-1.0
2025-01-07 20:57:00+00:00,1981.5931071783195,1983.7730775932569,1979.809495020643,1981.79128630695,500,4.305654614007388,4.289123313895831,1.003854237545001,1979.578118591567,2.3266652419057174,1984.2314490753786,1974.9247881077556,0.004701335542264172,1990.093391134148,1973.368657401681,2025-01-07 20:57:00+00:00,20,57,20:57,500.0,3.963582572613859,Other,Squeeze,None,Other,-1.0,-1.0
2025-01-07 20:58:00+00:00,1984.6420553554096,1986.82537994876,1982.8556988699413,1984.8405394093504,500,4.357685973136141,4.290120355154481,1.0157491194624602,1980.0529454918803,2.385373904292393,1984.823693300465,1975.2821976832956,0.0048188083247436226,1990.093391134148,1973.368657401681,2025-01-07 20:58:00+00:00,20,58,20:58,500.0,3.9696810788186667,Other,Squeeze,None,Other,-1.0,1.5
2025-01-07 20:59:00+00:00,1983.5722925339292,1985.7544402704905,1981.7868989312883,1983.7706696008893,500,4.329818499283714,4.291019349682943,1.0090419423542423,1980.3242288037643,2.4872588815375773,1985.2987465668396,1975.349711040689,0.005023942736973091,1988.7355930850244,1973.368657401681,2025-01-07 20:59:00+00:00,20,59,20:59,500.0,3.967541339202171,Other,Squeeze,None,Other,-1.0,1.5
2025-01-07 21:00:00+00:00,1980.966890859405,1983.146172367501,1979.1838423527809,1981.165007360141,500,4.348176267056908,4.292565612683252,1.0129551087604445,1980.2604760713457,2.446173686055832,1985.1528234434575,1975.368128699234,0.004941115001010107,1988.7355930850244,1973.368657401681,2025-01-07 21:00:00+00:00,21,0,21:00,500.0,3.962330014720237,Other,Squeeze,None,Other,-1.0,-1.0
2025-01-07 21:01:00+00:00,1981.482502554363,1983.6623512920464,1979.698989950804,1981.6806706214247,500,4.320689486641592,4.293971839337617,1.00622212913909,1980.1982592396366,2.390016029344691,1984.978291298326,1975.4182271809473,0.004827831795514062,1988.7355930850244,1973.368657401681,2025-01-07 21:01:00+00:00,21,1,21:01,500.0,3.9633613412424893,Other,Squeeze,None,Other,-1.0,-1.0
2025-01-07 21:02:00+00:00,1983.635908637528,1985.8181263588008,1981.850457774668,1983.8342920667344,500,4.307601361694054,4.2937753910314616,1.0032200032380527,1980.3060103062326,2.5060609646653993,1985.3181322355633,1975.2938883769018,0.005061967093212721,1988.7355930850244,1973.368657401681,2025-01-07 21:02:00+00:00,21,2,21:02,500.0,3.9676685841327526,Other,Squeeze,None,Other,-1.0,1.5
2025-01-07 21:03:00+00:00,1984.372067625103,1986.555095202248,1982.5859541528928,1984.5705246775708,500,4.283425625098417,4.293575775821979,0.9976359679545614,1980.4715409046887,2.6759615592357227,1985.82346402316,1975.1196177862173,0.005404695808985592,1988.7355930850244,1973.368657401681,2025-01-07 21:03:00+00:00,21,3,21:03,500.0,3.9691410493551302,Other,Normal,None,Other,-1.0,1.5
2025-01-07 21:04:00+00:00,1984.1994036971616,1986.3822413249911,1982.4134456380284,1984.3978434815097,500,4.260952058088725,4.29337606043496,0.9924479006986986,1980.5805447725586,2.7926929807250502,1986.1659307340087,1974.9951588111085,0.005640150284412221,1988.7355930850244,1973.368657401681,2025-01-07 21:04:00+00:00,21,4,21:04,500.0,3.9687956869627214,Other,Normal,None,Other,-1.0,1.5
2025-01-07 21:05:00+00:00,1981.3473960700687,1983.5270961757567,1979.5640050745064,1981.545550625132,500,4.301872511582617,4.294202475335007,1.001786137540478,1980.7007318558638,2.7792078051669655,1986.2591474661976,1975.1423162455299,0.005612574904363072,1986.82537994876,1973.368657401681,2025-01-07 21:05:00+00:00,21,5,21:05,500.0,3.9630911012502565,Other,Normal,None,Other,-1.0,-1.0
2025-01-07 21:06:00+00:00,1981.2515621096331,1983.4311567874213,1979.468257373261,1981.449707080341,500,4.277660147481026,4.294165554645537,0.9961563179261556,1980.8717743914235,2.7105336312113733,1986.2928416538462,1975.4507071290009,0.005473415626903094,1986.82537994876,1973.368657401681,2025-01-07 21:06:00+00:00,21,6,21:06,500.0,3.962899414160347,Other,Normal,None,Other,-1.0,-1.0
2025-01-07 21:07:00+00:00,1983.7160963308727,1985.8984022674304,1981.9305732918715,1983.9144877796512,500,4.28987693602447,4.294679181973492,0.9988818149748696,1981.023050663364,2.794665763659696,1986.6123821906835,1975.4337191360446,0.0056428737923547466,1986.82537994876,1973.368657401681,2025-01-07 21:07:00+00:00,21,7,21:07,500.0,3.9678289755588594,Other,Normal,None,Other,-1.0,1.5
2025-01-07 21:08:00+00:00,1981.2892812283817,1983.46891740135,1979.5059425414076,1981.4874299713788,500,4.298353243325829,4.29562825579149,1.0006343629783758,1981.1555022731925,2.748061988883276,1986.651626250959,1975.659378295426,0.005548402406030428,1986.82537994876,1973.368657401681,2025-01-07 21:08:00+00:00,21,8,21:08,500.0,3.9629748599422783,Other,Normal,None,Other,-1.0,1.5
2025-01-07 21:09:00+00:00,1980.824233755552,1983.00335832514,1979.041313653162,1981.022335989151,500,4.2743312025152695,4.296482944292235,0.9948442151256778,1981.3377927139923,2.6011893388716034,1986.5401713917354,1976.1354140362491,0.0052513798473676964,1986.82537994876,1974.8092499709007,2025-01-07 21:09:00+00:00,21,9,21:09,500.0,3.962044671977992,Other,Squeeze,None,Other,-1.0,1.5
2025-01-07 21:10:00+00:00,1980.076643960964,1982.254946099535,1978.294396756679,1980.2746714281068,500,4.251918212539606,4.297246507388918,0.9894517815602685,1981.4804067706004,2.448959058638722,1986.3783248878779,1976.582488653323,0.004943695734302009,1986.82537994876,1974.8092499709007,2025-01-07 21:10:00+00:00,21,10,21:10,500.0,3.960549342855984,Other,Squeeze,None,Other,-1.0,1.5
2025-01-07 21:11:00+00:00,1978.715404321708,1980.8922089469245,1976.934382355622,1978.9132956512733,500,4.230911668165533,4.297923662143914,0.9844082865946128,1981.5259644864623,2.388578391221466,1986.3031212689052,1976.7488077040193,0.004821694863514953,1986.82537994876,1974.8092499709007,2025-01-07 21:11:00+00:00,21,11,21:11,500.0,3.9578265913025916,Other,Squeeze,None,Other,-1.0,-1.0
2025-01-07 21:12:00+00:00,1979.225826365843,1981.40319251146,1977.4443449739745,1979.423768742717,500,4.211478515974107,4.298524423383855,0.9797498167193792,1981.6578511232524,2.1764922424037714,1986.01083560806,1977.3048666384448,0.004393275541830031,1986.82537994876,1974.8092499709007,2025-01-07 21:12:00+00:00,21,12,21:12,500.0,3.9588475374855534,Other,Squeeze,None,Other,-1.0,-1.0
2025-01-07 21:13:00+00:00,1980.1232231885388,1982.301576569384,1978.340934058756,1980.3212553140704,500,4.19356165844939,4.299053664800028,0.975461574900916,1981.826016215927,1.9075626704658915,1985.6411415568587,1978.0108908749953,0.0038501112708331717,1986.82537994876,1974.8092499709007,2025-01-07 21:13:00+00:00,21,13,21:13,500.0,3.9606425106280767,Other,Squeeze,None,Other,-1.0,1.5
2025-01-07 21:14:00+00:00,1981.0002692020264,1983.1795874299712,1979.2171906518895,1981.1983890409304,500,4.17704988128027,4.299516174975532,0.9715162616649631,1981.976937094758,1.7134428683662728,1985.4038228314905,1978.5500513580253,0.0034580480454589574,1986.82537994876,1974.8092499709007,2025-01-07 21:14:00+00:00,21,14,21:14,500.0,3.962396778081711,Other,Squeeze,None,Other,-1.0,1.5
2025-01-07 21:15:00+00:00,1979.0859443431327,1981.2631566031364,1977.304588857676,1979.2838727304063,500,4.161444014435995,4.299913757840318,0.9677970882202366,1981.8369454951062,1.8155916272883241,1985.4681287496828,1978.2057622405296,0.0036644621676174046,1986.82537994876,1974.8092499709007,2025-01-07 21:15:00+00:00,21,15,21:15,500.0,3.958567745460414,Other,Squeeze,None,Other,-1.0,-1.0
2025-01-07 21:16:00+00:00,1975.85083901983,1978.0244923080804,1974.072395420352,1976.0484438642163,500,4.236446392694446,4.300221834449774,0.985169267026084,1981.5467020870972,2.22961814920742,1986.005938385512,1977.0874657886823,0.004500763261060809,1986.82537994876,1974.8092499709007,2025-01-07 21:16:00+00:00,21,16,21:16,500.0,3.9520968877284304,Other,Squeeze,Downside Stop Hunt,Other,1.5,-1.0
2025-01-07 21:17:00+00:00,1976.3891112469253,1978.5633566938416,1974.610183153994,1976.586769923918,500,4.216212617491093,4.300475177262367,0.9804062211039399,1981.2864762679455,2.4882830776718814,1986.2630424232893,1976.3099101126018,0.005023570508307217,1986.82537994876,1974.072395420352,2025-01-07 21:17:00+00:00,21,17,21:17,500.0,3.953173539847512,Other,Squeeze,None,Other,1.5,-1.0
2025-01-07 21:18:00+00:00,1975.4092252454248,1977.582392709941,1973.631179138093,1975.6067859240168,500,4.197284114230858,4.300678950069357,0.9759584853836087,1980.8247885936787,2.6457901837927316,1986.1163689612642,1975.5332082260932,0.005342805076003101,1986.82537994876,1974.072395420352,2025-01-07 21:18:00+00:00,21,18,21:18,500.0,3.951213571847802,Other,Normal,Downside Stop Hunt,Other,1.5,-1.0
2025-01-07 21:19:00+00:00,1979.063774905676,1981.240962776859,1977.282439374708,1979.2617010757835,500,4.299919309845961,4.302839158859489,0.9993214133957307,1980.5993401674234,2.5726537195992787,1985.744647606622,1975.4540327282248,0.005195707516254843,1986.82537994876,1973.631179138093,2025-01-07 21:19:00+00:00,21,19,21:19,500.0,3.9585234021510587,Other,Squeeze,None,Other,1.5,-1.0
2025-01-07 21:20:00+00:00,1982.8166842553571,1984.9980007396864,1981.0319707681788,1983.0149857539327,500,4.402517906564311,4.306936869619935,1.0221923468668839,1980.691839087113,2.6267514385865045,1985.9453419642862,1975.43833620994,0.005304715022801737,1986.82537994876,1973.631179138093,2025-01-07 21:20:00+00:00,21,20,21:20,500.0,3.9660299715076235,Other,Normal,None,Other,1.5,-1.0
2025-01-07 21:21:00+00:00,1986.7876563768336,1988.9733413673468,1984.9993686573223,1986.9863550123348,500,4.513649171339299,4.311024824154201,1.0470014336381959,1980.9571233066588,2.9765068529631624,1986.9101370125852,1975.0041096007324,0.006010239833954122,1986.82537994876,1973.631179138093,2025-01-07 21:21:00+00:00,21,21,21:21,500.0,3.9739727100245545,Other,Normal,Range Raid,Other,1.5,-1.0
2025-01-07 21:22:00+00:00,1984.9405826444624,1987.124235650672,1983.153957457564,1985.139096554118,500,4.474836958608493,4.3148186397993635,1.0370857577496166,1981.022363531028,3.0561236395144604,1987.134610810057,1974.9101162519992,0.00617080088700692,1988.9733413673468,1973.631179138093,2025-01-07 21:22:00+00:00,21,22,21:22,500.0,3.9702781931080153,Other,Normal,None,Other,1.5,-1.0
2025-01-07 21:23:00+00:00,1986.0909290624656,1988.2758475762853,1984.303268460249,1986.2895580182676,500,4.438961398424764,4.3183395846814525,1.0279324521330366,1981.1083151980627,3.182717134141679,1987.473749466346,1974.7428809297794,0.006426134522227639,1988.9733413673468,1973.631179138093,2025-01-07 21:23:00+00:00,21,23,21:23,500.0,3.972579116036286,Other,Normal,None,Other,1.5,-1.0
2025-01-07 21:24:00+00:00,1987.8413517723543,1990.028195943721,1986.0521156321447,1988.0401557879327,500,4.405898463649867,4.321608254896483,1.0195043612890828,1981.2904308133839,3.4719187358008474,1988.2342682849855,1974.3465933417822,0.007009408982761818,1988.9733413673468,1973.631179138093,2025-01-07 21:24:00+00:00,21,24,21:24,500.0,3.9760803115761973,Other,Normal,Range Raid,Other,1.5,-1.0
2025-01-07 21:25:00+00:00,1989.3693050201048,1991.557830108136,1987.578693584444,1989.56826184629,500,4.375415467938589,4.324645705396985,1.011739635105425,1981.6915663744417,3.935462122106305,1989.5624906186542,1973.820642130229,0.007943642065967555,1990.028195943721,1973.631179138093,2025-01-07 21:25:00+00:00,21,25,21:25,500.0,3.9791365236919773,Other,Normal,Range Raid,Other,-1.0,-1.0
2025-01-07 21:26:00+00:00,1988.684288287162,1990.872059781427,1986.8942934282177,1988.8831766048224,500,4.347011959743639,4.325186329637921,1.0050461710646221,1982.063239850666,4.2498750353460455,1990.562989921358,1973.563489779974,0.008576668897136108,1991.557830108136,1973.631179138093,2025-01-07 21:26:00+00:00,21,26,21:26,500.0,3.97776635320929,Other,Normal,None,Other,-1.0,-1.0
2025-01-07 21:27:00+00:00,1991.2496835281584,1993.4402772394103,1989.4573795825888,1991.448828411,500,4.362018293661085,4.325704649744255,1.0083948505173548,1982.4399568822332,4.729477315044501,1991.8989115123222,1972.9810022521442,0.00954274009384378,1991.557830108136,1973.631179138093,2025-01-07 21:27:00+00:00,21,27,21:27,500.0,3.9828976568214784,Other,Normal,Range Raid,Other,-1.0,1.5
2025-01-07 21:28:00+00:00,1991.2705419506915,1993.4611586085025,1989.478219230664,1991.4696889195832,500,4.334941228245181,4.3261939574693535,1.0020219321791444,1982.9390698296436,5.133161723240156,1993.205393276124,1972.6727463831633,0.010354653456258057,1993.4402772394103,1973.631179138093,2025-01-07 21:28:00+00:00,21,28,21:28,500.0,3.98293937783842,Other,Normal,Range Raid,Other,-1.0,1.5
2025-01-07 21:29:00+00:00,1991.545567599864,1993.736486816145,1989.7529973319972,1991.744742074072,500,4.30983753223823,4.326203940524067,0.9962169124454512,1983.4751901338896,5.471241231780017,1994.4176725974496,1972.5327076703295,0.011033646922320626,1993.4611586085025,1973.631179138093,2025-01-07 21:29:00+00:00,21,29,21:29,500.0,3.983489484147867,Other,Normal,Range Raid,Other,-1.0,1.5
2025-01-07 21:30:00+00:00,1988.5051408852005,1990.6927152976152,1986.715307275043,1988.7040112863288,500,4.361237337009007,4.327476369963972,1.0078015370065017,1983.8966571268006,5.536005085590866,1994.9686672979824,1972.8246469556188,0.011161881977478534,1993.736486816145,1973.631179138093,2025-01-07 21:30:00+00:00,21,30,21:30,500.0,3.977408022572263,Other,Normal,None,21h30-22h30,-1.0,-1.0
2025-01-07 21:31:00+00:00,1989.807570739459,1991.9965779679949,1988.0165648252016,1990.0065713965985,500,4.334007037422169,4.328670619807699,1.001232807502158,1984.451320914067,5.566080621881538,1995.58348215783,1973.319159670304,0.011219384548707759,1993.736486816145,1973.631179138093,2025-01-07 21:31:00+00:00,21,31,21:31,500.0,3.9800131427932683,Other,Normal,None,21h30-22h30,-1.0,-1.0
2025-01-07 21:32:00+00:00,1989.3093619972465,1991.4978211413572,1987.5188045157008,1989.5083128285287,500,4.3086505794389005,4.329787827349693,0.9951181792841496,1984.9555481183575,5.543397216094626,1996.0423425505467,1973.8687536861682,0.011170823893460946,1993.736486816145,1973.631179138093,2025-01-07 21:32:00+00:00,21,32,21:32,500.0,3.9790166256564135,Other,Normal,None,21h30-22h30,-1.0,-1.0
2025-01-07 21:33:00+00:00,1990.2540682780416,1992.44356670299,1988.4626604758116,1990.4531135894008,500,4.2852402685631485,4.330838004722501,0.9894713826493555,1985.462141032124,5.560526432478806,1996.5831938970816,1974.3410881671664,0.011202482923372635,1993.736486816145,1973.631179138093,2025-01-07 21:33:00+00:00,21,33,21:33,500.0,3.980906227178366,Other,Normal,None,21h30-22h30,-1.0,-1.0
2025-01-07 21:34:00+00:00,1990.7419666091089,1992.932001775895,1988.950119654465,1990.94106071518,500,4.263571829482216,4.3318231508936185,0.9842442041066882,1985.9492746158369,5.593994087660871,1997.1372627911587,1974.761286440515,0.011267143948060854,1993.736486816145,1973.631179138093,2025-01-07 21:34:00+00:00,21,34,21:34,500.0,3.9818821214300897,Other,Normal,None,21h30-22h30,-1.0,1.5
2025-01-07 21:35:00+00:00,1991.1221083555608,1993.3125617200883,1989.329919239129,1991.3212404796088,500,4.243505447444871,4.330905403026909,0.9798194725008417,1986.5511430032966,5.485618283214449,1997.5223795697254,1975.5799064368678,0.011045511317511181,1993.736486816145,1973.631179138093,2025-01-07 21:35:00+00:00,21,35,21:35,500.0,3.9826424809593846,Other,Normal,None,21h30-22h30,-1.0,1.5
2025-01-07 21:36:00+00:00,1991.0509995416364,1993.2413746786456,1989.2588744295376,1991.250124554092,500,4.224862218992233,4.329999411218728,0.9757188899485547,1987.3112270377903,4.984013045160806,1997.279253128112,1977.3432009474686,0.010031670887483142,1993.736486816145,1973.631179138093,2025-01-07 21:36:00+00:00,21,36,21:36,500.0,3.982500249107943,Other,Normal,None,21h30-22h30,-1.0,1.5
2025-01-07 21:37:00+00:00,1992.6377021390945,1994.8298228235155,1990.8441488518408,1992.8369858376784,500,4.207777344183839,4.326708993755657,0.972512214308043,1988.1237378334783,4.438372679006515,1997.0004831914914,1979.2469924754653,0.008929771511793666,1993.736486816145,1973.631179138093,2025-01-07 21:37:00+00:00,21,37,21:37,500.0,3.9856739716747143,Other,Normal,Range Raid,21h30-22h30,-1.0,1.5
2025-01-07 21:38:00+00:00,1992.261343295252,1994.4530499435407,1990.4681287648327,1992.4605893541875,500,4.1918590466498475,4.323694359892212,0.9695086418537571,1988.966428004987,3.4198764999471476,1995.8061810048812,1982.1266750050927,0.006877695775644429,1994.8298228235155,1973.631179138093,2025-01-07 21:38:00+00:00,21,38,21:38,500.0,3.984921178707964,Other,Normal,None,21h30-22h30,-1.0,1.5
2025-01-07 21:39:00+00:00,1989.3842118552757,1991.572753342465,1987.5935870021208,1989.5831701722927,500,4.240083568465339,4.320761313433985,0.9813278866578895,1989.4825014598125,2.545249032773692,1994.5729995253598,1984.3920033942652,0.005117409237640522,1994.8298228235155,1973.631179138093,2025-01-07 21:39:00+00:00,21,39,21:39,500.0,3.979166340344136,Other,Squeeze,None,21h30-22h30,-1.0,1.5
2025-01-07 21:40:00+00:00,1990.536310472757,1992.7261193951688,1988.744648627147,1990.7353840111584,500,4.221611225576518,4.315542498937903,0.9782341910931238,1989.8685213726737,2.050010114955525,1993.9685416025848,1985.7685011427627,0.00412089561282441,1994.8298228235155,1973.631179138093,2025-01-07 21:40:00+00:00,21,40,21:40,500.0,3.981470768021836,Other,Squeeze,None,21h30-22h30,-1.0,1.5
2025-01-07 21:41:00+00:00,1988.946496182932,1991.134556134728,1987.1562653132803,1989.1454107240045,500,4.204231196710172,4.310711267390277,0.9752987235573842,1989.9764741582574,1.9443740429656007,1993.8652222441885,1986.0877260723262,0.003908335738065536,1994.8298228235155,1973.631179138093,2025-01-07 21:41:00+00:00,21,41,21:41,500.0,3.978290821447672,Other,Squeeze,None,21h30-22h30,-1.0,1.5
2025-01-07 21:42:00+00:00,1986.3342166815105,1988.5194028384756,1984.5463370985387,1986.5328699685072,500,4.2324342273355695,4.306981927481764,0.9826914295436152,1990.0461628289765,1.7798917098092146,1993.605946248595,1986.486379409358,0.003577588787747557,1994.8298228235155,1973.631179138093,2025-01-07 21:42:00+00:00,21,42,21:42,500.0,3.9730657399368283,Other,Squeeze,None,21h30-22h30,-1.0,1.5
2025-01-07 21:43:00+00:00,1984.324580403354,1986.507555739331,1982.538509673918,1984.5230327066247,500,4.215428946425108,4.30355687431573,0.9795220719826935,1989.9578365633945,2.0056385193416486,1993.9691136020779,1985.9465595247111,0.004031519628185435,1994.8298228235155,1973.631179138093,2025-01-07 21:43:00+00:00,21,43,21:43,500.0,3.9690460654130675,Other,Squeeze,None,21h30-22h30,-1.0,1.5
2025-01-07 21:44:00+00:00,1984.9067324317857,1987.0903481990367,1983.1201377131251,1985.1052429560812,500,4.197913342102715,4.300383342749252,0.9761718915548985,1989.811090921802,2.24626720805555,1994.303625337913,1985.3185565056908,0.004515538622342152,1994.8298228235155,1973.631179138093,2025-01-07 21:44:00+00:00,21,44,21:44,500.0,3.9702104859115934,Other,Squeeze,None,21h30-22h30,-1.0,1.5
2025-01-07 21:45:00+00:00,1984.73500810584,1986.918434957441,1982.9485679545287,1984.9335014559847,500,4.181624317874823,4.296144549186182,0.9733434873989394,1989.5793529022867,2.4976459851240724,1994.574644872535,1984.5840609320385,0.005021455377450883,1994.8298228235155,1973.631179138093,2025-01-07 21:45:00+00:00,21,45,21:45,500.0,3.969867002912224,Other,Squeeze,None,21h30-22h30,-1.0,1.5
2025-01-07 21:46:00+00:00,1980.5265130165028,1982.705310060525,1978.7438608895757,1980.7245854750504,500,4.32505404991298,4.294867553798655,1.0070285045432021,1989.171423345798,3.188140756363509,1995.547704858525,1982.795141833071,0.006410992474446547,1994.8298228235155,1973.631179138093,2025-01-07 21:46:00+00:00,21,46,21:46,500.0,3.961449170949436,Other,Normal,None,21h30-22h30,1.5,-1.0
2025-01-07 21:47:00+00:00,1979.7866157566536,1981.9645988322927,1978.0046296038572,1979.9846142180756,500,4.298976562664589,4.2926329322416645,1.001477794752791,1988.5982126361519,3.739969504030988,1996.078151644214,1981.1182736280898,0.007522825838354136,1994.8298228235155,1973.631179138093,2025-01-07 21:47:00+00:00,21,47,21:47,500.0,3.9599692284355115,Other,Normal,None,21h30-22h30,1.5,-1.0
2025-01-07 21:48:00+00:00,1982.1226190260384,1984.3031719622604,1980.3385302600384,1982.3208511111493,500,4.30037521848746,4.290902158391579,1.0022077082501997,1988.1407707457304,3.925187866356425,1995.9911464784432,1980.2903950130176,0.007897203103750243,1994.8298228235155,1973.631179138093,2025-01-07 21:48:00+00:00,21,48,21:48,500.0,3.964641702222025,Other,Normal,None,21h30-22h30,1.5,-1.0
2025-01-07 21:49:00+00:00,1981.248109867748,1983.4277007476903,1979.464808238704,1981.446254493197,500,4.276269310665942,4.289304701072022,0.9969609549065558,1987.6258463666866,4.099164819524802,1995.8241760057363,1979.4275167276369,0.008249369119480873,1994.8298228235155,1977.282439374708,2025-01-07 21:49:00+00:00,21,49,21:49,500.0,3.962892508986215,Other,Normal,None,21h30-22h30,1.5,-1.0
2025-01-07 21:50:00+00:00,1980.940096185214,1983.1193482162207,1979.1570717962084,1981.1382100062144,500,4.253841247047829,4.287830195036506,0.992073159047198,1987.2475563026806,4.336654122806798,1995.920864548294,1978.574248057067,0.008728966069783864,1994.8298228235155,1978.0046296038572,2025-01-07 21:50:00+00:00,21,50,21:50,500.0,3.9622764200123584,Other,Normal,None,21h30-22h30,1.5,-1.0
2025-01-07 21:51:00+00:00,1983.027107754173,1985.2086557274995,1981.2422048669048,1983.2254302972024,500,4.240741566636204,4.286597250668548,0.9893025443374247,1986.908499247711,4.374513207332011,1995.657525662375,1978.159472833047,0.008806672695775009,1994.8298228235155,1978.0046296038572,2025-01-07 21:51:00+00:00,21,51,21:51,500.0,3.966450860594705,Other,Normal,None,21h30-22h30,1.5,-1.0
2025-01-07 21:52:00+00:00,1984.6250582677865,1986.8083641624703,1982.8387170812268,1984.823540621849,500,4.2213776748224365,4.285471510671192,0.9850439244108481,1986.6742606373768,4.35335090238412,1995.3809624421451,1977.9675588326086,0.00876510254074056,1994.8298228235155,1978.0046296038572,2025-01-07 21:52:00+00:00,21,52,21:52,500.0,3.9696470812434654,Other,Normal,None,21h30-22h30,-1.0,-1.0
2025-01-07 21:53:00+00:00,1986.6737540205324,1988.8593137059236,1984.885568823394,1986.8724412646588,500,4.2081202040547385,4.284523629694069,0.982167579819186,1986.4952270211397,4.2624437191509665,1995.0201144594416,1977.9703395828378,0.00858284210537515,1994.8298228235155,1978.0046296038572,2025-01-07 21:53:00+00:00,21,53,21:53,500.0,3.9737448825296724,Other,Normal,None,21h30-22h30,-1.0,1.5
2025-01-07 21:54:00+00:00,1981.1930351448227,1983.372565436511,1979.4097830879869,1981.391174262249,500,4.440587202098828,4.2878176190650095,1.035628750242211,1986.0177326984933,4.2730859272218975,1994.5639045529372,1977.4715608440495,0.008606339927118152,1994.8298228235155,1978.0046296038572,2025-01-07 21:54:00+00:00,21,54,21:54,500.0,3.962782348524115,Other,Normal,None,21h30-22h30,1.5,-1.0
2025-01-07 21:55:00+00:00,1984.650303883242,1986.83363755088,1982.863939973356,1984.848788762118,500,4.512149779708266,4.290348521486555,1.0516977250474886,1985.6941101126188,4.0915227320279985,1993.8771555766748,1977.5110646485628,0.008242000036543313,1994.8298228235155,1978.0046296038572,2025-01-07 21:55:00+00:00,21,55,21:55,500.0,3.9696975775239025,Other,Normal,None,21h30-22h30,1.5,-1.0
2025-01-07 21:56:00+00:00,1985.933597419911,1988.118342851616,1984.146078430334,1986.132210640975,500,4.473586539820678,4.292708833017555,1.0421360296817466,1985.4382144169626,3.880339041924283,1993.198892500811,1977.6775363331142,0.007817597170735869,1994.8298228235155,1978.0046296038572,2025-01-07 21:56:00+00:00,21,56,21:56,500.0,3.972264421282034,Other,Normal,None,21h30-22h30,1.5,-1.0
2025-01-07 21:57:00+00:00,1990.847855701032,1993.0380073574688,1989.0559134366747,1991.046960397072,500,4.647315838154473,4.298403186753339,1.0811726206783951,1985.3487131449328,3.7179478911502377,1992.7846089272334,1977.9128173626323,0.007490770495951406,1994.8298228235155,1978.0046296038572,2025-01-07 21:57:00+00:00,21,57,21:57,500.0,3.9820939207941137,Other,Normal,None,21h30-22h30,-1.0,1.5
2025-01-07 21:58:00+00:00,1989.3108656838624,1991.4993264821944,1987.5203068488636,1989.509816665529,500,4.599580394952785,4.302434760450284,1.069064529980555,1985.2011745104996,3.4712370025170656,1992.1436485155339,1978.2587005054654,0.006994227178760426,1994.8298228235155,1978.0046296038572,2025-01-07 21:58:00+00:00,21,58,21:58,500.0,3.979019633330836,Other,Normal,None,21h30-22h30,-1.0,-1.0
2025-01-07 21:59:00+00:00,1985.8257637116253,1988.010390514388,1984.038341782092,1986.02436614824,500,4.661858572701654,4.307968761673917,1.0821477198665268,1985.023234309297,3.322829678813295,1991.6688936669236,1978.3775749516706,0.006695800072021758,1994.8298228235155,1978.0046296038572,2025-01-07 21:59:00+00:00,21,59,21:59,500.0,3.972048732296116,Other,Clustering,None,21h30-22h30,1.5,-1.0
2025-01-07 22:00:00+00:00,1985.859956860977,1988.044621279966,1984.0725041545315,1986.0585627172488,500,4.612591326468275,4.312375679330772,1.0696172294488249,1984.7893932446016,3.053318834858727,1990.896030914319,1978.6827555748841,0.006153436420510797,1994.8298228235155,1978.0046296038572,2025-01-07 22:00:00+00:00,22,0,22:00,500.0,3.9721171254343517,Other,Clustering,None,21h30-22h30,1.5,-1.0
2025-01-07 22:01:00+00:00,1985.3330344960532,1987.5171192424732,1983.546056067164,1985.5315876548188,500,4.5667678870997666,4.316476986005075,1.0579849960757783,1984.6087020911423,2.884216035430993,1990.3771341620043,1978.8402700202803,0.005813168172430072,1994.8298228235155,1978.0046296038572,2025-01-07 22:01:00+00:00,22,1,22:01,500.0,3.9710631753091548,Other,Normal,None,21h30-22h30,1.5,-1.0
2025-01-07 22:02:00+00:00,1986.6510658431196,1988.836600569019,1984.8629010673828,1986.849750818201,500,4.5244058595666585,4.320090394302952,1.0472942569750727,1984.6245461336268,2.8961880331587793,1990.4169221999443,1978.8321700673093,0.005837251260045128,1994.8298228235155,1978.0046296038572,2025-01-07 22:02:00+00:00,22,2,22:02,500.0,3.973699501636247,Other,Normal,None,21h30-22h30,1.5,-1.0
2025-01-07 22:03:00+00:00,1988.8076095314088,1990.995516692609,1987.0175036722444,1989.0065101824268,500,4.497360146341038,4.323655969656996,1.0401753002327385,1984.8487200074171,3.056971521483937,1990.962663050385,1978.7347769644493,0.006160613634015321,1994.8298228235155,1978.0046296038572,2025-01-07 22:03:00+00:00,22,3,22:03,500.0,3.978013020364642,Other,Clustering,None,21h30-22h30,1.5,-1.0
2025-01-07 22:04:00+00:00,1988.6538922886984,1990.841630344021,1986.863924788888,1988.8527775664547,500,4.460241961254755,4.326977468043096,1.0307985179483563,1985.0360967379358,3.1856660454554366,1991.4074288288468,1978.6647646470249,0.006419361442727582,1994.8298228235155,1978.0046296038572,2025-01-07 22:04:00+00:00,22,4,22:04,500.0,3.9777055551330704,Other,Normal,None,21h30-22h30,1.5,-1.0
2025-01-07 22:05:00+00:00,1988.195146755588,1990.382380140357,1986.4055921680488,1988.393986154203,500,4.425709533472868,4.329041418407934,1.022330143263098,1985.2091209728467,3.272589854283564,1991.7543006814137,1978.6639412642796,0.006593944828703587,1994.8298228235155,1978.0046296038572,2025-01-07 22:05:00+00:00,22,5,22:05,500.0,3.9767879723083297,Other,Normal,None,21h30-22h30,1.5,-1.0
2025-01-07 22:06:00+00:00,1989.254579880787,1991.4429787585436,1987.464071708077,1989.4535252333103,500,4.393795070400996,4.3309770004566,1.0145043647051863,1985.6455679607595,3.2247499467552263,1992.09506785427,1979.1960680672491,0.006496123978595003,1994.8298228235155,1978.0046296038572,2025-01-07 22:06:00+00:00,22,6,22:06,500.0,3.9789070504666597,Other,Normal,None,21h30-22h30,1.5,-1.0
2025-01-07 22:07:00+00:00,1988.7646298012544,1990.9524896800235,1986.974562627716,1988.9635261538697,500,4.364090211965743,4.332213888388954,1.0073579754827486,1986.0945135575494,3.0132395443379774,1992.1209926462252,1980.0680344688735,0.006068673013834613,1994.8298228235155,1978.0046296038572,2025-01-07 22:07:00+00:00,22,7,22:07,500.0,3.97792705230745,Other,Normal,None,21h30-22h30,1.5,-1.0
2025-01-07 22:08:00+00:00,1988.108481335102,1990.2956193783743,1986.319004754242,1988.3073120663084,500,4.336413384263351,4.332848224071246,1.0008228213885495,1986.3938366053073,2.9143628149152674,1992.222562235138,1980.5651109754767,0.005868650538899927,1994.4530499435407,1978.0046296038572,2025-01-07 22:08:00+00:00,22,8,22:08,500.0,3.976614624132253,Other,Normal,None,21h30-22h30,1.5,-1.0
2025-01-07 22:09:00+00:00,1990.1913895404384,1992.38081901188,1988.400038154713,1990.3904285832964,500,4.317634352928224,4.333569943244796,0.9963227568666772,1986.8410453098124,2.7991631070445906,1992.4393715239016,1981.2427190957233,0.005635404228541317,1993.0380073574688,1978.0046296038572,2025-01-07 22:09:00+00:00,22,9,22:09,500.0,3.9807808571670193,Other,Normal,None,21h30-22h30,1.5,-1.0
2025-01-07 22:10:00+00:00,1992.7200956056008,1994.9123069318991,1990.9264681568104,1992.919387544355,500,4.332223209762119,4.33490835986517,0.9993805751171324,1987.4301041867195,2.775409637929037,1992.9809234625775,1981.8792849108615,0.00558592653312901,1993.0380073574688,1978.0046296038572,2025-01-07 22:10:00+00:00,22,10,22:10,500.0,3.985838775088723,Other,Normal,Upside Sweep,21h30-22h30,-1.0,1.5
2025-01-07 22:11:00+00:00,1994.901256964583,1997.095867808328,1993.1056662742456,1995.1007670412869,500,4.321098713634322,4.3364114772896505,0.9964687936706369,1988.0238710239234,3.08189688238806,1994.1876647886995,1981.8600772591474,0.006200925305390259,1994.9123069318991,1978.0046296038572,2025-01-07 22:11:00+00:00,22,11,22:11,500.0,3.9902015340824164,Other,Normal,Upside False Breakout,21h30-22h30,-1.0,1.5
2025-01-07 22:12:00+00:00,1994.5856292832743,1996.779892901848,1992.79032268626,1994.7851077940536,500,4.29741810663101,4.337843803800599,0.9906806932204038,1988.5219493825339,3.33225264753225,1995.1864546775985,1981.8574440874693,0.006702973831527512,1997.095867808328,1978.0046296038572,2025-01-07 22:12:00+00:00,22,12,22:12,500.0,3.9895702155879462,Other,Normal,None,21h30-22h30,-1.0,1.5
2025-01-07 22:13:00+00:00,1990.342103286418,1992.5316985595605,1988.550616244756,1990.5411574021584,500,4.4357804953929145,4.3418807844163245,1.0216265060325034,1988.7053851894088,3.3376449034060074,1995.380674996221,1982.0300953825968,0.006713201318330335,1997.095867808328,1978.0046296038572,2025-01-07 22:13:00+00:00,22,13,22:13,500.0,3.981082314804553,Other,Clustering,None,21h30-22h30,-1.0,1.5
2025-01-07 22:14:00+00:00,1990.0670449015493,1992.2563375802088,1988.2758054371916,1990.2660715087,500,4.403262755937504,4.3456509989939445,1.013257336347741,1989.1491300517312,2.8714334103081325,1994.8919968723474,1983.406263231115,0.005774194336516989,1997.095867808328,1978.0046296038572,2025-01-07 22:14:00+00:00,22,14,22:14,500.0,3.9805321430171716,Other,Normal,None,21h30-22h30,-1.0,1.5
2025-01-07 22:15:00+00:00,1988.5790710847864,1990.7667268285536,1986.7891709307944,1988.7779488796743,500,4.372855123210483,4.34917451747352,1.0054448506588602,1989.345588057609,2.690435222673913,1994.7264585029568,1983.964717612261,0.005409688972745832,1997.095867808328,1978.0046296038572,2025-01-07 22:15:00+00:00,22,15,22:15,500.0,3.9775558977592027,Other,Normal,None,21h30-22h30,-1.0,1.5
2025-01-07 22:16:00+00:00,1988.3410026693537,1990.528396511674,1986.5513167983645,1988.5398566550195,500,4.3445854510746935,4.35097683511319,0.9985310461809593,1989.4659703583116,2.591118055422638,1994.6482064691568,1984.2837342474663,0.005209675549174516,1997.095867808328,1978.0046296038572,2025-01-07 22:16:00+00:00,22,16,22:16,500.0,3.977079713309422,Other,Squeeze,None,21h30-22h30,-1.0,1.5
2025-01-07 22:17:00+00:00,1987.0269629385791,1989.2129111926367,1985.2384598216229,1987.2256855071296,500,4.31814730249892,4.352675746529988,0.992067306171705,1989.2749066138142,2.609226568082658,1994.4933597499796,1984.0564534776488,0.0052465882104232335,1997.095867808328,1978.0046296038572,2025-01-07 22:17:00+00:00,22,17,22:17,500.0,3.9744513710138563,Other,Squeeze,None,21h30-22h30,-1.0,1.5
2025-01-07 22:18:00+00:00,1987.0056226707868,1989.191547448202,1985.217138761992,1987.2043431050968,500,4.29359454419258,4.354280920362683,0.9860628247740505,1989.1596329357926,2.6489272156512293,1994.4574873670952,1983.86177850449,0.005326726265285665,1997.095867808328,1979.1570717962084,2025-01-07 22:18:00+00:00,22,18,22:18,500.0,3.974408686210154,Other,Normal,None,21h30-22h30,-1.0,1.5
2025-01-07 22:19:00+00:00,1984.961498372351,1987.1451743881616,1983.1748543594144,1985.1600143737885,500,4.2747298442989905,4.3538610959369,0.981825039914168,1989.1164153470697,2.709138415140809,1994.5346921773514,1983.698138516788,0.005447923297477065,1997.095867808328,1979.1570717962084,2025-01-07 22:19:00+00:00,22,19,22:19,500.0,3.97032002874721,Other,Normal,None,21h30-22h30,-1.0,-1.0
2025-01-07 22:20:00+00:00,1982.4407750878588,1984.6216780307493,1980.6563999527664,1982.639038991758,500,4.2910787426363575,4.3520037765381,0.9860006936965007,1988.9454391607956,3.004124118893661,1994.9536873985828,1982.9371909230083,0.006041642087801406,1997.095867808328,1979.1570717962084,2025-01-07 22:20:00+00:00,22,20,22:20,500.0,3.96527807798293,Other,Normal,None,21h30-22h30,1.5,-1.0
2025-01-07 22:21:00+00:00,1984.8860197525116,1987.069612733537,1983.0994436771264,1985.084528205332,500,4.301042671146544,4.348460334868221,0.9890955280558829,1988.9230861883211,3.032392931300703,1994.9878720509225,1982.8583003257197,0.006098562488129486,1997.095867808328,1979.4097830879869,2025-01-07 22:21:00+00:00,22,21,22:21,500.0,3.9701690564106684,Other,Normal,None,21h30-22h30,1.5,-1.0
2025-01-07 22:22:00+00:00,1982.9821224628688,1985.163620947426,1981.1972600664124,1983.1804405069192,500,4.277136828994188,4.345165332707983,0.9843438630052315,1988.7396206727572,3.2664063535472274,1995.2724333798517,1982.2068079656626,0.006569801938058231,1997.095867808328,1979.4097830879869,2025-01-07 22:22:00+00:00,22,22,22:22,500.0,3.966360881013543,Other,Normal,None,21h30-22h30,1.5,-1.0
2025-01-07 22:23:00+00:00,1983.0026099968825,1985.184131019981,1981.2177291598016,1983.2009300898917,500,4.254941474078839,4.3420983339688854,0.9799274790236312,1988.4493416681303,3.4916398214745126,1995.4326213110794,1981.4660620251811,0.007023844657858655,1997.095867808328,1979.4097830879869,2025-01-07 22:23:00+00:00,22,23,22:23,500.0,3.966401860179303,Other,Normal,None,21h30-22h30,1.5,-1.0
2025-01-07 22:24:00+00:00,1984.9161681343464,1987.0997942819088,1983.1295649227045,1985.1146796023068,500,4.234604894444941,4.3392434411488034,0.9758855320926269,1988.2624367699232,3.568118817092899,1995.398674404109,1981.1261991357374,0.007178365895982177,1997.095867808328,1979.4097830879869,2025-01-07 22:24:00+00:00,22,24,22:24,500.0,3.970229359204268,Other,Normal,None,21h30-22h30,1.5,-1.0
2025-01-07 22:25:00+00:00,1986.7516824948425,1988.937327910128,1984.963427155063,1986.950377532596,500,4.215983170203514,4.336586236186551,0.9721893998148435,1988.1902563388426,3.57989973304235,1995.3500558049273,1981.030456872758,0.007202328291527901,1997.095867808328,1980.6563999527664,2025-01-07 22:25:00+00:00,22,25,22:25,500.0,3.9739007550649603,Other,Normal,None,21h30-22h30,1.5,-1.0
2025-01-07 22:26:00+00:00,1988.3513596824137,1990.538764918588,1986.56166448918,1988.550214703884,500,4.198920117289547,4.334118038812316,0.9688061284182704,1988.145090812371,3.568804038973721,1995.2826988903184,1981.0074827344238,0.0071801681989223974,1997.095867808328,1980.6563999527664,2025-01-07 22:26:00+00:00,22,26,22:26,500.0,3.977100429407983,Other,Normal,None,21h30-22h30,1.5,-1.0
2025-01-07 22:27:00+00:00,1988.9735455674115,1991.1616352765063,1987.1832903508791,1989.1724628136928,500,4.183164746456522,4.331137146358907,0.9658352079599275,1988.1555376453623,3.5716305961946504,1995.2987988377515,1981.012276452973,0.007185817263421167,1997.095867808328,1980.6563999527664,2025-01-07 22:27:00+00:00,22,27,22:27,500.0,3.978344925627198,Other,Normal,None,21h30-22h30,1.5,-1.0
2025-01-07 22:28:00+00:00,1990.433994652111,1992.6236910158648,1988.642424899949,1990.6330579579069,500,4.168743415703612,4.328367182816548,0.9631214819882574,1988.2718249399422,3.614437234527145,1995.5006994089965,1981.042950470888,0.0072715152710798436,1997.095867808328,1980.6563999527664,2025-01-07 22:28:00+00:00,22,28,22:28,500.0,3.981266115915787,Other,Normal,None,21h30-22h30,1.5,-1.0
2025-01-07 22:29:00+00:00,1993.1888449500732,1995.3815719522183,1991.3947955846816,1993.3881837684503,500,4.2101555998898865,4.326705817277409,0.9730625972022147,1988.4217126992,3.7659016770383182,1995.9535160532766,1980.8899093451234,0.007575659937702541,1997.095867808328,1980.6563999527664,2025-01-07 22:29:00+00:00,22,29,22:29,500.0,3.986776367536777,Other,Normal,None,21h30-22h30,-1.0,-0.384913689724005
2025-01-07 22:30:00+00:00,1994.056115759248,1996.249796854692,1992.2612857720655,1994.2555413133791,500,4.1943238486567855,4.323923925804872,0.9700272069139233,1988.488520387651,3.860552900975809,1996.2096261896027,1980.7674145856995,0.007765803747709209,1997.095867808328,1980.6563999527664,2025-01-07 22:30:00+00:00,22,30,22:30,500.0,3.9885110826264736,Other,Normal,None,21h30-22h30,-1.0,1.5
2025-01-07 22:31:00+00:00,1990.4158984644357,1992.6055749203915,1988.6243450004708,1990.6149599604312,500,4.296957596103321,4.323306435116224,0.9939053963885413,1988.2642300336083,3.5759968909182964,1995.416223815445,1981.1122362517717,0.007194208570272087,1997.095867808328,1980.6563999527664,2025-01-07 22:31:00+00:00,22,31,22:31,500.0,3.981229919920679,Other,Normal,None,Other,1.5,-1.0
2025-01-07 22:32:00+00:00,1989.3840692690023,1991.572610599331,1987.593444544188,1989.5830275717597,500,4.274258200320439,4.322733228797583,0.9887860235847522,1988.004126022494,3.2511667521978067,1994.5064595268896,1981.5017925180982,0.006541569425618076,1997.095867808328,1980.6563999527664,2025-01-07 22:32:00+00:00,22,32,22:32,500.0,3.9791660551429686,Other,Normal,None,Other,1.5,-1.0
2025-01-07 22:33:00+00:00,1990.7898070637973,1992.9798948603477,1988.9979170484387,1990.988905954393,500,4.253381029719623,4.322202241483524,0.984077280997319,1988.0265134501053,3.271037006367544,1994.5685874628405,1981.4844394373702,0.006581475617628222,1997.095867808328,1980.6563999527664,2025-01-07 22:33:00+00:00,22,33,22:33,500.0,3.981977811909019,Other,Normal,None,Other,0.9450891684134146,-1.0
2025-01-07 22:34:00+00:00,1989.5616777447665,1991.7504144639568,1987.770893156337,1989.7606538101472,500,4.233819620998203,4.321706371342123,0.9796638774612939,1988.0012425651778,3.254736055120344,1994.5107146754185,1981.491770454937,0.006548760605241227,1997.095867808328,1980.6563999527664,2025-01-07 22:34:00+00:00,22,34,22:34,500.0,3.979521307619734,Other,Normal,None,Other,1.5,-1.0
2025-01-07 22:35:00+00:00,1992.8075192648344,1994.999826766776,1991.0138131268825,1993.0068199468287,500,4.30563057354325,4.32274179011043,0.996041582542282,1988.2126861185357,3.439944871659429,1995.0925758618546,1981.3327963752167,0.006920677844330738,1997.095867808328,1980.6563999527664,2025-01-07 22:35:00+00:00,22,35,22:35,500.0,3.9860136398935992,Other,Normal,None,Other,0.4649517216336375,-1.0
2025-01-07 22:36:00+00:00,1992.701544921265,1994.89373583977,1990.907934169761,1992.9008350047652,500,4.282785651862239,4.323707180658263,0.9905355457513213,1988.4307350360227,3.596430880544888,1995.6235967971124,1981.237873274933,0.007234711910605636,1997.095867808328,1980.6563999527664,2025-01-07 22:36:00+00:00,22,36,22:36,500.0,3.9858016700090957,Other,Normal,None,Other,0.49217856350908445,-1.0
2025-01-07 22:37:00+00:00,1992.8913563346127,1995.0837560665543,1991.097574735752,1993.0906654011533,500,4.261599628929387,4.324604218737355,0.9854311315854094,1988.723984030724,3.7296457689499314,1996.183275568624,1981.2646924928242,0.007501585537055206,1997.095867808328,1980.6563999527664,2025-01-07 22:37:00+00:00,22,37,22:37,500.0,3.98618133080231,Other,Normal,None,Other,0.45008096972372713,-0.45008096972372713
2025-01-07 22:38:00+00:00,1995.1540617934047,1997.3489507502732,1993.3582435559676,1995.3535971531203,500,4.26136289465728,4.3257626162041465,0.9851125160438468,1989.1314467331254,3.9908898770751073,1997.1132264872756,1981.1496669789751,0.008025391954120692,1997.095867808328,1980.6563999527664,2025-01-07 22:38:00+00:00,22,38,22:38,500.0,3.9907071943055143,Other,Normal,Upside Sweep,Other,-0.08092877019147612,0.08092877019147612
2025-01-07 22:39:00+00:00,1994.8092294216865,1997.0037390250104,1993.013721564421,1995.008730294716,500,4.241981077938141,4.3257942413620265,0.9806247919463004,1989.6238825291719,4.081648048352748,1997.7871786258775,1981.4605864324662,0.008205868625107759,1997.3489507502732,1980.6563999527664,2025-01-07 22:39:00+00:00,22,39,22:39,500.0,3.9900174605893426,Other,Normal,None,Other,0.0,0.0
