timestamp,open,high,low,close,volume,atr,atr_h1,atr_ratio,bb_mid,bb_std,bb_upper,bb_lower,bb_width,roll_high,roll_low,dt,hour,minute,time_str,vol_sma,range,session_type,volatility_state,liquidity_pattern,time_window,long_pnl_atr,short_pnl_atr
2025-01-21 03:20:00+00:00,1452.0298002044733,1452.2762572669387,1449.497967306497,1449.7444243689624,954,2.574946902641408,2.4081572028218967,1.0692603039469624,1451.7271149469586,3.610472711294948,1458.9480603695486,1444.5061695243687,0.009948075431316513,1460.3083840637432,1446.5638608979098,2025-01-21 03:20:00+00:00,3,20,03:20,579.8,2.7782899604417253,Other,Clustering,None,Other,1.5,-1.0
2025-01-21 03:21:00+00:00,1449.7444243689624,1449.8871890727987,1448.8917169221668,1449.034481626003,722,2.4621272774978746,2.4066808014311047,1.0230385666573645,1451.1879080070266,3.1088810104499243,1457.4056700279266,1444.9701459861267,0.008569203183947488,1460.3083840637432,1446.5638608979098,2025-01-21 03:21:00+00:00,3,21,03:21,572.65,0.9954721506319402,Other,Clustering,None,Other,1.5,-1.0
2025-01-21 03:22:00+00:00,1449.034481626003,1449.4040507033756,1448.3607170055552,1448.7302860829277,846,2.36078487894948,2.405887939716025,0.9812530500602333,1450.674850477269,2.5496952019168178,1455.7742408811027,1445.5754600734354,0.007030369902884862,1460.3083840637432,1446.5638608979098,2025-01-21 03:22:00+00:00,3,22,03:22,571.8,1.0433336978203442,Other,Clustering,None,Other,1.5,-1.0
2025-01-21 03:23:00+00:00,1448.7302860829277,1454.6351188059502,1448.5783151903952,1454.4831479134175,421,2.6247862172784497,2.407214298943773,1.0903832776459255,1450.5204108026255,2.1761167810161792,1454.8726443646578,1446.1681772405932,0.006000927018495488,1460.3083840637432,1446.5638608979098,2025-01-21 03:23:00+00:00,3,23,03:23,555.4,6.056803615555054,Other,Squeeze,None,Other,-1.0,1.5
2025-01-21 03:24:00+00:00,1454.4831479134175,1455.2211121348605,1451.8089682460902,1452.5469324675328,239,2.6810260509564383,2.409912834062332,1.1124991796641448,1450.4870605725,2.1374315894979175,1454.761923751496,1446.212197393504,0.0058943830595891865,1460.3083840637432,1446.5638608979098,2025-01-21 03:24:00+00:00,3,24,03:24,551.8,3.412143888770288,Other,Squeeze,None,Other,-1.0,1.5
2025-01-21 03:25:00+00:00,1452.5469324675328,1452.9841419167574,1449.2707798908216,1449.7079893400462,351,2.7547643348835353,2.4126597584948524,1.1417956158899532,1450.4201176618121,2.1399412885562277,1454.7000002389245,1446.1402350846997,0.005901576412235512,1460.3083840637432,1446.5638608979098,2025-01-21 03:25:00+00:00,3,25,03:25,521.2,3.713362025935794,Other,Squeeze,None,Other,1.5,-1.0
2025-01-21 03:26:00+00:00,1449.7079893400462,1450.079809368668,1447.3025659881143,1447.6743860167362,751,2.756369981002835,2.416944213992109,1.1404359128546415,1450.2447304587317,2.216573832869575,1454.677878124471,1445.8115827929926,0.006113654575165264,1460.3083840637432,1446.5638608979098,2025-01-21 03:26:00+00:00,3,26,03:26,518.35,2.7772433805537275,Other,Squeeze,None,Other,1.5,-1.0
2025-01-21 03:27:00+00:00,1447.6743860167362,1448.4936524415548,1447.3592869595475,1448.178553384366,233,2.640512516788868,2.4178413076729397,1.0920950471022595,1450.1708505073043,2.2613955893239783,1454.6936416859523,1445.6480593286562,0.006237597696941528,1460.3083840637432,1446.5638608979098,2025-01-21 03:27:00+00:00,3,27,03:27,484.75,1.134365482007297,Other,Clustering,None,Other,1.5,-1.0
2025-01-21 03:28:00+00:00,1448.178553384366,1449.3169252982875,1448.109409456084,1449.2477813700054,548,2.538155611461343,2.417352861473506,1.0499731553109715,1450.2743694212006,2.1623731616059936,1454.5991157444125,1445.9496230979887,0.005964038825202299,1460.3083840637432,1446.5638608979098,2025-01-21 03:28:00+00:00,3,28,03:28,479.2,1.2075158422035202,Other,Squeeze,None,Other,1.5,-1.0
2025-01-21 03:29:00+00:00,1449.2477813700054,1449.4548193787816,1447.504441631968,1447.711479640744,136,2.496171478272228,2.417495175787691,1.0325445540791627,1450.2956003710522,2.133387180508518,1454.5623747320692,1446.0288260100351,0.0058840064879537735,1460.3083840637432,1446.5638608979098,2025-01-21 03:29:00+00:00,3,29,03:29,439.0,1.9503777468137287,Other,Squeeze,None,Other,1.5,-1.0
2025-01-21 03:30:00+00:00,1447.711479640744,1448.2252898314543,1447.2433515703672,1447.7571617610774,199,2.38801196275901,2.417250666218737,0.9879041491772698,1450.1731968280503,2.2077772589409523,1454.5887513459322,1445.7576423101684,0.006089692634700462,1460.3083840637432,1446.5638608979098,2025-01-21 03:30:00+00:00,3,30,03:30,436.8,0.9819382610871799,Other,Squeeze,None,Other,1.5,-1.0
2025-01-21 03:31:00+00:00,1447.7571617610774,1452.4708322833842,1447.2739309595024,1451.9876014818092,979,2.5886469171249216,2.4205116041357124,1.0694627171800917,1450.2684075998613,2.244455443583086,1454.7573184870275,1445.7794967126952,0.006190455316606063,1460.3083840637432,1446.5638608979098,2025-01-21 03:31:00+00:00,3,31,03:31,461.45,5.196901323881775,Other,Clustering,None,Other,1.5,-1.0
2025-01-21 03:32:00+00:00,1451.9876014818092,1452.5103226494714,1451.5414786339516,1452.0641998016138,460,2.4729467098674154,2.4188093464009603,1.0223818233326278,1450.4905448884697,2.187832759104717,1454.866210406679,1446.1148793702603,0.006033359588077656,1459.914376419719,1446.5638608979098,2025-01-21 03:32:00+00:00,3,32,03:32,477.1,0.968844015519835,Other,Squeeze,None,Other,1.5,-1.0
2025-01-21 03:33:00+00:00,1452.0641998016138,1453.809148545076,1451.018566581509,1452.7635153249712,494,2.495634942274519,2.418155110560616,1.032040885787488,1450.6093668324004,2.245685304544432,1455.1007374414892,1446.1179962233116,0.006192391572510384,1459.5491685214542,1446.5638608979098,2025-01-21 03:33:00+00:00,3,33,03:33,485.9,2.790581963566865,Other,Clustering,None,Other,1.5,-1.0
2025-01-21 03:34:00+00:00,1452.7635153249712,1457.0012119300852,1452.6480358129545,1456.8857324180683,368,2.628316454764248,2.4204279553253136,1.0858891498842376,1451.0184585056509,2.597911959501096,1456.214282424653,1445.8226345866487,0.00716162346322335,1457.6818233032557,1446.5638608979098,2025-01-21 03:34:00+00:00,3,34,03:34,498.5,4.353176117130715,Other,Clustering,None,Other,-1.0,1.5
2025-01-21 03:35:00+00:00,1456.8857324180683,1457.3922673075824,1454.854580277139,1455.3611151666526,361,2.621842924455625,2.4254111746072726,1.0809890512193912,1451.1904029723237,2.7690427562950592,1456.728488484914,1445.6523174597335,0.007632472625572943,1457.0012119300852,1446.5638608979098,2025-01-21 03:35:00+00:00,3,35,03:35,466.7,2.5376870304435215,Other,Clustering,Upside Stop Hunt,Other,-1.0,1.5
2025-01-21 03:36:00+00:00,1455.3611151666526,1455.4111151666525,1453.6455159523853,1453.6955159523852,720,2.5606826594421688,2.431171360699611,1.0532711518554942,1451.3077155380713,2.8252570184913632,1456.958229575054,1445.6572015010886,0.007786789771027695,1457.3922673075824,1446.5638608979098,2025-01-21 03:36:00+00:00,3,36,03:36,490.25,1.7655992142672403,Other,Clustering,None,Other,-1.0,1.5
2025-01-21 03:37:00+00:00,1453.6955159523852,1454.1994417687592,1452.167788679475,1452.671714495849,266,2.5228948330023133,2.4372497553350154,1.03514004975478,1451.3626113272217,2.84132001511652,1457.0452513574546,1445.6799712969887,0.00783076535923215,1457.3922673075824,1446.5638608979098,2025-01-21 03:37:00+00:00,3,37,03:37,492.3,2.031653089284191,Other,Clustering,None,Other,-1.0,1.5
2025-01-21 03:38:00+00:00,1452.671714495849,1452.8897090702492,1451.303854236105,1451.5218488105052,561,2.455963404512443,2.44404204066994,1.0048777245416103,1451.1898833814073,2.7121366837065737,1456.6141567488205,1445.765610013994,0.007475621804603745,1457.3922673075824,1446.5638608979098,2025-01-21 03:38:00+00:00,3,38,03:38,511.65,1.5858548341441292,Other,Clustering,None,Other,-1.0,1.5
2025-01-21 03:39:00+00:00,1451.5218488105052,1451.5718488105051,1447.5123984513166,1447.5623984513163,308,2.570498186989307,2.450094831602378,1.0491423245475704,1450.9665132937496,2.8210983784621275,1456.6087100506738,1445.3243165368253,0.00777715640606515,1457.3922673075824,1446.5638608979098,2025-01-21 03:39:00+00:00,3,39,03:39,495.85,4.059450359188531,Other,Clustering,None,Other,-1.0,1.5
2025-01-21 03:40:00+00:00,1447.5623984513163,1447.9638897528196,1447.4605708615327,1447.8620621630355,137,2.422842523010562,2.453238695445297,0.987609777845438,1450.8723951834531,2.8944618286024193,1456.661318840658,1445.0834715262483,0.007979921151470849,1457.3922673075824,1446.5638608979098,2025-01-21 03:40:00+00:00,3,40,03:40,455.0,0.5033188912868809,Other,Clustering,None,Other,-1.0,1.5
2025-01-21 03:41:00+00:00,1447.8620621630355,1448.8353295675497,1447.3600230478917,1448.3332904524054,573,2.355161379913953,2.454619022380451,0.9594814341616055,1450.8373356247732,2.9220110180722627,1456.6813576609177,1444.9933135886288,0.008056067889413453,1457.3922673075824,1447.1825245503885,2025-01-21 03:41:00+00:00,3,41,03:41,447.55,1.4753065196580337,Other,Normal,None,Other,-1.0,1.5
2025-01-21 03:42:00+00:00,1448.3332904524054,1448.3832904524054,1447.8795690437717,1447.9295690437716,261,2.222915667679652,2.4516333319495387,0.9067080459017864,1450.7972997728154,2.95766809580534,1456.7126359644262,1444.8819635812047,0.008154600497998,1457.3922673075824,1447.1825245503885,2025-01-21 03:42:00+00:00,3,42,03:42,418.3,0.5037214086337372,Other,Normal,None,Other,-1.0,1.5
2025-01-21 03:43:00+00:00,1447.9295690437716,1448.5171493404089,1447.8795690437717,1448.467149340409,320,2.1096774268909075,2.4478108523097437,0.8618629273990779,1450.496499844165,2.867629897159691,1456.2317596384844,1444.7612400498458,0.007907995358741591,1457.3922673075824,1447.2202360618926,2025-01-21 03:43:00+00:00,3,43,03:43,413.25,0.6375802966372248,Other,Normal,None,Other,-1.0,1.5
2025-01-21 03:44:00+00:00,1448.467149340409,1449.1179821628205,1448.377218354933,1449.0280511773444,848,2.011897882676383,2.444201963872542,0.8231307855954647,1450.3205557796555,2.843049369048123,1456.0066545177517,1444.6344570415592,0.007841161342486153,1457.3922673075824,1447.2433515703672,2025-01-21 03:44:00+00:00,3,44,03:44,443.7,0.7407638078875607,Other,Normal,None,Other,-1.0,1.5
2025-01-21 03:45:00+00:00,1449.0280511773444,1449.3745325153388,1445.8236801454775,1446.1701614834722,344,2.1218232031895936,2.4425159422482845,0.8687039320760789,1450.143664386827,2.989458571431799,1456.1225815296905,1444.1647472439633,0.008245965264954169,1457.3922673075824,1447.2433515703672,2025-01-21 03:45:00+00:00,3,45,03:45,443.35,3.5508523698613317,Other,Normal,Range Raid,Other,-1.0,1.5
2025-01-21 03:46:00+00:00,1446.1701614834722,1447.2205666454051,1445.7460256049044,1446.7964307668374,679,2.075588762997534,2.4393295212491424,0.8508849439638878,1450.099766624332,3.033744302990322,1456.1672552303125,1444.0322780183515,0.00836837401898901,1457.3922673075824,1445.8236801454775,2025-01-21 03:46:00+00:00,3,46,03:46,439.75,1.4745410405007533,Other,Normal,Range Raid,Other,-1.0,1.5
2025-01-21 03:47:00+00:00,1446.7964307668374,1448.1731060123286,1446.6323433071918,1448.009018552683,988,2.0373869017217663,2.4344392356439863,0.8369019328522336,1450.0912898827478,3.0396261500157067,1456.1705421827792,1444.0120375827164,0.00838464770107397,1457.3922673075824,1445.7460256049044,2025-01-21 03:47:00+00:00,3,47,03:47,477.5,1.5407627051367854,Other,Normal,None,Other,-1.0,1.5
2025-01-21 03:48:00+00:00,1448.009018552683,1448.059018552683,1444.4942444199908,1444.5442444199907,462,2.1464859896482302,2.43216894747813,0.8825398383092922,1449.856113035247,3.280719266998303,1456.4175515692436,1443.2946745012505,0.009051158214949107,1457.3922673075824,1445.7460256049044,2025-01-21 03:48:00+00:00,3,48,03:48,473.2,3.564774132692264,Other,Normal,Range Raid,Other,1.5,-1.0
2025-01-21 03:49:00+00:00,1444.5442444199907,1448.0578422335054,1444.2044317880836,1447.7180296015983,633,2.268409165060627,2.4327160363256235,0.9324594943217599,1449.8564405332897,3.2804942302193774,1456.4174289937284,1443.295452072851,0.0090505353178628,1457.3922673075824,1444.4942444199908,2025-01-21 03:49:00+00:00,3,49,03:49,498.05,3.853410445421787,Other,Normal,Range Raid,Other,-1.0,1.5
2025-01-21 03:50:00+00:00,1447.7180296015983,1448.241445181866,1444.5134729143267,1445.0368884945942,194,2.372663672380537,2.4319479613181607,0.9756227148439927,1449.7204268699656,3.4253107554268207,1456.5710483808193,1442.869805359112,0.009450955348190241,1457.3922673075824,1444.2044317880836,2025-01-21 03:50:00+00:00,3,50,03:50,497.8,3.7279722675393714,Other,Clustering,None,Other,-1.0,-1.0
2025-01-21 03:51:00+00:00,1445.0368884945942,1445.1563291839047,1442.4523586951077,1442.571799384418,192,2.396328444981716,2.431179025515597,0.98566515251731,1449.249636765096,3.7307558808217918,1456.7111485267396,1441.7881250034525,0.010297069010551685,1457.3922673075824,1444.2044317880836,2025-01-21 03:51:00+00:00,3,51,03:51,458.45,2.70397048879704,Other,Clustering,Range Raid,Other,1.5,-1.0
2025-01-21 03:52:00+00:00,1442.571799384418,1443.4684916828612,1442.1121758403383,1443.0088681387815,773,2.3220418305203734,2.4316173507727825,0.9549371860594821,1448.7968701819543,3.91607836723408,1456.6290269164224,1440.9647134474862,0.01081194596104343,1457.3922673075824,1442.4523586951077,2025-01-21 03:52:00+00:00,3,52,03:52,474.1,1.3563158425229176,Other,Clustering,Range Raid,Other,1.5,-1.0
2025-01-21 03:53:00+00:00,1443.0088681387815,1444.3198224308337,1442.8557407464705,1444.1666950385222,778,2.2607589629377207,2.4330808006892295,0.9291754561941821,1448.3670291676322,3.9295554054435606,1456.2261399785193,1440.507918356745,0.010852374643468297,1457.3922673075824,1442.1121758403383,2025-01-21 03:53:00+00:00,3,53,03:53,488.3,1.4640816843632365,Other,Normal,None,Other,1.5,-1.0
2025-01-21 03:54:00+00:00,1444.1666950385222,1446.3435939780472,1443.675409544439,1445.852308483964,340,2.289860782271334,2.433380084743817,0.9410205979031868,1447.815357970927,3.410937522512087,1454.637233015951,1440.9934829259028,0.00942368100665107,1457.3922673075824,1442.1121758403383,2025-01-21 03:54:00+00:00,3,54,03:54,486.9,2.668184433608303,Other,Normal,None,Other,-1.0,1.5
2025-01-21 03:55:00+00:00,1445.852308483964,1447.339367564401,1445.5824295476057,1447.0694886280428,170,2.2517948704516244,2.4330459027162523,0.9255044748386049,1447.400776643996,2.9130894863510584,1453.2269556166982,1441.574597671294,0.008050540067017142,1457.3922673075824,1442.1121758403383,2025-01-21 03:55:00+00:00,3,55,03:55,477.35,1.7569380167954023,Other,Normal,None,Other,-1.0,1.5
2025-01-21 03:56:00+00:00,1447.0694886280428,1447.5800978416853,1445.431249433195,1445.9418586468375,388,2.244441551740099,2.430051032791543,0.9236191015963054,1447.013093778719,2.52080245614976,1452.0546986910185,1441.9714888664193,0.006968292040998719,1457.3922673075824,1442.1121758403383,2025-01-21 03:56:00+00:00,3,56,03:56,460.75,2.1488484084902666,Other,Normal,None,Other,-1.0,1.5
2025-01-21 03:57:00+00:00,1445.9418586468375,1446.2736751175494,1445.8455213262669,1446.1773377969787,386,2.1147067117074143,2.423193962870101,0.8726939502617012,1446.6883749437754,2.14358416825072,1450.975543280277,1442.401206607274,0.0059268718968839805,1457.3922673075824,1442.1121758403383,2025-01-21 03:57:00+00:00,3,57,03:57,466.75,0.4281537912825115,Other,Squeeze,None,Other,-1.0,1.5
2025-01-21 03:58:00+00:00,1446.1773377969787,1446.2529690160538,1445.4149274265462,1445.4905586456214,412,2.0235163458359997,2.4172398348609545,0.8371185666615482,1446.386810435531,1.8289712358870232,1450.044752907305,1442.728867963757,0.005058041798200002,1457.3922673075824,1442.1121758403383,2025-01-21 03:58:00+00:00,3,58,03:58,459.3,0.8380415895076112,Other,Squeeze,None,Other,-1.0,1.5
2025-01-21 03:59:00+00:00,1445.4905586456214,1446.3178396702665,1445.041161695061,1445.868442719706,405,1.9701707479338233,2.4100635988977834,0.8174766627880109,1446.3021126489507,1.8107980714719956,1449.9237087918948,1442.6805165060066,0.005008076958846482,1457.3922673075824,1442.1121758403383,2025-01-21 03:59:00+00:00,3,59,03:59,464.15,1.27667797520553,Other,Squeeze,None,Other,-1.0,1.5
2025-01-21 04:00:00+00:00,1445.868442719706,1446.0933115528603,1445.7920504953076,1446.0169193284623,914,1.8509629129065979,2.400436015694112,0.7710944598418601,1446.209855507222,1.773763002576521,1449.757381512375,1442.662329502069,0.004905962978531667,1457.3922673075824,1442.1121758403383,2025-01-21 04:00:00+00:00,4,0,04:00,503.0,0.3012610575526651,Other,Squeeze,None,Other,-1.0,1.5
2025-01-21 04:01:00+00:00,1446.0169193284623,1446.1632775114706,1444.7758161691634,1444.9221743521716,724,1.8178556578637863,2.3892987800535317,0.760832288133951,1446.0392997022104,1.7220830369231825,1449.4834657760568,1442.595133628364,0.004763585712443211,1457.3922673075824,1442.1121758403383,2025-01-21 04:01:00+00:00,4,1,04:01,510.55,1.3874613423072333,Other,Squeeze,None,Other,-1.0,1.5
2025-01-21 04:02:00+00:00,1444.9221743521716,1444.9721743521716,1444.1198159938103,1444.1698159938103,238,1.7488915650421761,2.3787590405559027,0.7352117365504452,1445.8513120497123,1.710046071057815,1449.271404191828,1442.4312199075966,0.0047309043656324065,1457.3922673075824,1442.1121758403383,2025-01-21 04:02:00+00:00,4,2,04:02,509.4,0.8523583583612435,Other,Squeeze,None,Other,-1.0,1.5
2025-01-21 04:03:00+00:00,1444.1698159938103,1444.8274881564212,1439.5053660673998,1440.163038230011,167,2.004122316754976,2.3722901909396312,0.8448048743822404,1445.4361064941925,2.02129238213689,1449.4786912584661,1441.3935217299188,0.005593584864956343,1457.3922673075824,1442.1121758403383,2025-01-21 04:03:00+00:00,4,3,04:03,501.75,5.322122089021377,Other,Squeeze,Downside False Breakout,Other,-1.0,-1.0
2025-01-21 04:04:00+00:00,1440.163038230011,1442.1117593975123,1440.0087178770036,1441.9574390445057,949,2.011187974165954,2.3633372989034895,0.8509948939997177,1445.0825758875503,1.9778539381140892,1449.0382837637785,1441.1268680113221,0.005474715344621253,1457.3922673075824,1439.5053660673998,2025-01-21 04:04:00+00:00,4,4,04:04,506.8,2.1030415205086683,Other,Squeeze,None,Other,-1.0,1.5
2025-01-21 04:05:00+00:00,1441.9574390445057,1442.6957405883786,1441.8628790436603,1442.6011805875337,620,1.9270218006339788,2.352482359502508,0.8191439960644366,1444.9041268427534,2.0347483587401927,1448.9736235602338,1440.834630125273,0.005632895140762942,1457.3922673075824,1439.5053660673998,2025-01-21 04:05:00+00:00,4,5,04:05,520.6,0.8328615447182983,Other,Squeeze,None,Other,-1.0,1.5
2025-01-21 04:06:00+00:00,1442.6011805875337,1442.743692998722,1437.475864188593,1437.6183765997814,281,2.165650872740766,2.347934187261211,0.9223643850370984,1444.4452241344006,2.554184650332225,1449.553593435065,1439.3368548337362,0.007073122906028757,1455.4111151666525,1439.5053660673998,2025-01-21 04:06:00+00:00,4,6,04:06,500.7,5.267828810129004,Other,Normal,None,Other,-1.0,-1.0
2025-01-21 04:07:00+00:00,1437.6183765997814,1440.2858659598978,1436.6622977718023,1439.329787131919,575,2.2697878238375355,2.3451546291781917,0.9678627565095497,1444.0112625633624,2.652247681335274,1449.315757926033,1438.7067672006917,0.007346889183196924,1454.1994417687592,1437.475864188593,2025-01-21 04:07:00+00:00,4,7,04:07,480.05,3.6235681880955326,Other,Normal,Downside Stop Hunt,Other,-1.0,1.5
2025-01-21 04:08:00+00:00,1439.329787131919,1439.5630654539732,1438.9820266063778,1439.215304928432,282,2.1491628969631,2.3392888307093362,0.9187248999566312,1443.7448155887846,2.855753174422132,1449.456321937629,1438.0333092399403,0.007912071838699615,1452.8897090702492,1436.6622977718023,2025-01-21 04:08:00+00:00,4,8,04:08,471.05,0.5810388475954369,Other,Normal,None,Other,-1.0,1.5
2025-01-21 04:09:00+00:00,1439.215304928432,1439.53793749511,1436.871659599621,1437.1942921662987,402,2.1860996825721073,2.336766803969034,0.9355232532655735,1443.2186287170196,3.048180412431939,1449.3149895418835,1437.1222678921556,0.008448284554480068,1451.5718488105051,1436.6622977718023,2025-01-21 04:09:00+00:00,4,9,04:09,459.5,2.666277895489202,Other,Normal,None,Other,-1.0,1.5
2025-01-21 04:10:00+00:00,1437.1942921662987,1437.6168256492456,1434.562855095627,1434.9853885785735,430,2.2480904590754345,2.3328649209061463,0.9636607927570092,1442.7160537212185,3.524091631661487,1449.7642369845414,1435.6678704578956,0.009770714403771199,1449.3745325153388,1436.6622977718023,2025-01-21 04:10:00+00:00,4,10,04:10,471.3,3.053970553618683,Other,Normal,None,Other,-1.0,1.5
2025-01-21 04:11:00+00:00,1434.9853885785735,1435.443589713425,1433.0465686868315,1433.5047698216824,533,2.258728356755289,2.330996749573189,0.9689967852459972,1442.262702243082,4.0825791979833355,1450.4278606390487,1434.0975438471153,0.011322706166176035,1449.3745325153388,1434.562855095627,2025-01-21 04:11:00+00:00,4,11,04:11,488.35,2.397021026593393,Other,Normal,None,Other,-1.0,1.5
2025-01-21 04:12:00+00:00,1433.5047698216824,1434.2394042812125,1430.768515093609,1431.5031495531389,726,2.345311273244444,2.32941808835133,1.006822813376693,1441.6874163137995,4.7310493872293025,1451.149515088258,1432.225317539341,0.013126422090375033,1449.3745325153388,1433.0465686868315,2025-01-21 04:12:00+00:00,4,12,04:12,486.0,3.4708891876034613,Other,Normal,Downside False Breakout,Other,-1.0,-1.0
2025-01-21 04:13:00+00:00,1431.5031495531389,1431.6762908559244,1429.6192655917237,1429.7924068945092,519,2.324719415455611,2.3261533397312504,0.9993835641652905,1440.968701906599,5.381680210588062,1451.7320623277753,1430.2053414854229,0.014939062044768674,1449.3745325153388,1430.768515093609,2025-01-21 04:13:00+00:00,4,13,04:13,473.05,2.0570252642007745,Other,Normal,Downside False Breakout,Other,1.5,-1.0
2025-01-21 04:14:00+00:00,1429.7924068945092,1434.3279018046003,1428.9088988585752,1433.4443937686665,239,2.545739667639146,2.32658980849769,1.0941935954249555,1440.3483061708341,5.502893680241689,1451.3540935313174,1429.3425188103508,0.015282119350342651,1449.3745325153388,1429.6192655917237,2025-01-21 04:14:00+00:00,4,14,04:14,468.0,5.419002946025103,Other,Normal,Downside Stop Hunt,Other,1.5,-1.0
2025-01-21 04:15:00+00:00,1433.4443937686665,1434.460059846516,1433.226932560179,1434.2425986380288,976,2.451981640403285,2.323750457126487,1.0551828544599262,1439.7069616713336,5.425252134705034,1450.5574659407437,1428.8564574019235,0.015073212199813056,1449.3745325153388,1428.9088988585752,2025-01-21 04:15:00+00:00,4,15,04:15,508.3,1.2331272863370941,Other,Normal,None,Other,1.5,-1.0
2025-01-21 04:16:00+00:00,1434.2425986380288,1438.9373713885425,1433.9347203933971,1438.6294931439108,364,2.6341723085991475,2.3261150330512925,1.132434239567146,1439.3413433961873,5.225682113357577,1449.7927076229025,1428.889979169472,0.01452242621205443,1448.241445181866,1428.9088988585752,2025-01-21 04:16:00+00:00,4,16,04:16,507.1,5.002650995145359,Other,Clustering,None,Other,-1.0,-1.0
2025-01-21 04:17:00+00:00,1438.6294931439108,1439.166706971746,1438.579493143911,1439.116706971746,704,2.4879609885445695,2.328178585201937,1.0686297882637614,1438.9883118549255,4.971891169049487,1448.9320941930246,1429.0445295168265,0.013820518563185563,1448.241445181866,1428.9088988585752,2025-01-21 04:17:00+00:00,4,17,04:17,523.0,0.5872138278350576,Other,Clustering,None,Other,-1.0,-1.0
2025-01-21 04:18:00+00:00,1439.116706971746,1440.471099956245,1439.013303863527,1440.367696848026,468,2.4143777816998235,2.326911459872274,1.0375890201822937,1438.7321687650458,4.746109975675182,1448.224388716396,1429.2399488136955,0.01319525643122038,1448.241445181866,1428.9088988585752,2025-01-21 04:18:00+00:00,4,18,04:18,525.8,1.4577960927181266,Other,Clustering,None,Other,-1.0,1.5
2025-01-21 04:19:00+00:00,1440.367696848026,1440.417696848026,1438.4161441892388,1438.4661441892388,366,2.3848902729203507,2.3240045456048724,1.0261986266036462,1438.3620538385223,4.439003563302559,1447.2400609651274,1429.4840467119172,0.012344606982522339,1448.241445181866,1428.9088988585752,2025-01-21 04:19:00+00:00,4,19,04:19,523.85,2.0015526587872046,Other,Normal,None,Other,1.5,-1.0
2025-01-21 04:20:00+00:00,1438.4661441892388,1438.759511368626,1437.8102679865078,1438.103635165895,638,2.2823440664344745,2.3191278316680908,0.9841389660667568,1437.966389630394,4.057021926271984,1446.080433482938,1429.85234577785,0.011285442985394929,1448.241445181866,1428.9088988585752,2025-01-21 04:20:00+00:00,4,20,04:20,510.05,0.9492433821180839,Other,Normal,None,Other,1.5,-1.0
2025-01-21 04:21:00+00:00,1438.103635165895,1438.5566951137564,1437.4743891848805,1437.927449132742,816,2.196627056608865,2.3147028279866073,0.9489887989291274,1437.6166533694225,3.7127190881075913,1445.0420915456377,1430.1912151932072,0.010330206121098907,1447.5800978416853,1428.9088988585752,2025-01-21 04:21:00+00:00,4,21,04:21,514.65,1.0823059288759396,Other,Normal,None,Other,1.5,-1.0
2025-01-21 04:22:00+00:00,1437.927449132742,1439.3155432650908,1437.877449132742,1439.2655432650909,526,2.1424461334474354,2.3110638488949062,0.9270389195313233,1437.3714397329866,3.406446523820539,1444.1843327806278,1430.5585466853454,0.009479655514661931,1447.5800978416853,1428.9088988585752,2025-01-21 04:22:00+00:00,4,22,04:22,529.05,1.4380941323488514,Other,Normal,None,Other,-1.0,-1.0
2025-01-21 04:23:00+00:00,1439.2655432650909,1439.6910993428469,1438.733161132885,1439.1587172106408,504,2.057838424627038,2.3016147190173823,0.8940846648328619,1437.321223682018,3.370339558493618,1444.061902799005,1430.5805445650308,0.00937950265525116,1447.5800978416853,1428.9088988585752,2025-01-21 04:23:00+00:00,4,23,04:23,545.9,0.957938209961867,Other,Normal,None,Other,-1.0,-1.0
2025-01-21 04:24:00+00:00,1439.1587172106408,1440.1802775432516,1438.8957807880329,1439.9173411206434,604,2.0025997339550137,2.2903076137340252,0.874380245669295,1437.219218785825,3.2514111830359,1443.7220411518967,1430.7163964197532,0.009049172570299203,1447.5800978416853,1428.9088988585752,2025-01-21 04:24:00+00:00,4,24,04:24,528.65,1.2844967552186972,Other,Normal,None,Other,-1.0,-1.0
2025-01-21 04:25:00+00:00,1439.9173411206434,1440.721382738998,1439.7949618948564,1440.599003513211,186,1.925729813254056,2.276490371706868,0.8459204735446263,1437.1191099321088,3.1044858482597273,1443.3280816286283,1430.9101382355893,0.008640858859378472,1447.5800978416853,1428.9088988585752,2025-01-21 04:25:00+00:00,4,25,04:25,506.95,0.9264208441416031,Other,Normal,None,Other,-1.0,1.5
2025-01-21 04:26:00+00:00,1440.599003513211,1440.649003513211,1439.894707451542,1439.944707451542,258,1.842055973855126,2.2612518049210726,0.8146178014524224,1437.2354264746969,3.16712520013772,1443.5696768749724,1430.9011760744213,0.008814492439575373,1447.5800978416853,1428.9088988585752,2025-01-21 04:26:00+00:00,4,26,04:26,505.8,0.754296061669038,Other,Normal,None,Other,-1.0,1.5
2025-01-21 04:27:00+00:00,1439.944707451542,1440.0800349548688,1438.933387460374,1439.0687149637008,226,1.792383939615103,2.247116328634843,0.7976373616153656,1437.222372866286,3.1585652207520845,1443.53950330779,1430.9052424247818,0.008790748823239795,1446.3178396702665,1428.9088988585752,2025-01-21 04:27:00+00:00,4,27,04:27,488.35,1.1466474944948004,Other,Normal,None,Other,-1.0,-1.0
2025-01-21 04:28:00+00:00,1439.0687149637008,1439.2009906336114,1437.49307298053,1437.6253486504406,413,1.7863506334341148,2.234586245667723,0.7994100191466678,1437.1428750523864,3.1256019550864425,1443.3940789625594,1430.8916711422135,0.008699488434572133,1446.3178396702665,1428.9088988585752,2025-01-21 04:28:00+00:00,4,28,04:28,494.9,1.7079176530812674,Other,Normal,None,Other,1.5,-1.0
2025-01-21 04:29:00+00:00,1437.6253486504406,1440.543655222281,1437.0428584400029,1439.9611650118431,609,1.9088110726372518,2.224796905573806,0.8579709311241346,1437.2812186946635,3.1885956268512214,1443.658409948366,1430.904027440961,0.008873964497350357,1446.3178396702665,1428.9088988585752,2025-01-21 04:29:00+00:00,4,29,04:29,505.25,3.50079678227803,Other,Normal,None,Other,-1.0,-1.0
2025-01-21 04:30:00+00:00,1439.9611650118431,1440.1498575976836,1439.1193859096527,1439.3080784954932,590,1.8460725451653737,2.215764581947246,0.8331537385361664,1437.4973531905096,3.1712420087589326,1443.8398372080273,1431.1548691729918,0.00882434183748682,1446.1632775114706,1428.9088988585752,2025-01-21 04:30:00+00:00,4,30,04:30,513.25,1.030471688030957,Other,Normal,None,Other,-1.0,-1.0
2025-01-21 04:31:00+00:00,1439.3080784954932,1440.53014139283,1438.7962680366925,1440.018330934029,247,1.838058317377673,2.203254771951458,0.8342468337194047,1437.823031246127,3.0725612887741485,1443.9681538236753,1431.6779086685785,0.008547814917420724,1446.1632775114706,1428.9088988585752,2025-01-21 04:31:00+00:00,4,31,04:31,498.95,1.7338733561375648,Other,Normal,None,Other,-1.0,-1.0
2025-01-21 04:32:00+00:00,1440.018330934029,1440.1285959230856,1439.5699422522189,1439.6802072412752,711,1.7466722711983222,2.19115019797364,0.7971485810573973,1438.2318841305337,2.7099913481498716,1443.6518668268334,1432.811901434234,0.007537008122408995,1444.9721743521716,1428.9088988585752,2025-01-21 04:32:00+00:00,4,32,04:32,498.2,0.5586536708667609,Other,Normal,None,Other,-1.0,-1.0
2025-01-21 04:33:00+00:00,1439.6802072412752,1442.0267808819667,1439.6302072412752,1441.9767808819668,849,1.793093797590691,2.179441178895576,0.8227309894637005,1438.8411028299065,1.9856529646163255,1442.812408759139,1434.869796900674,0.005520145235525782,1444.8274881564212,1428.9088988585752,2025-01-21 04:33:00+00:00,4,33,04:33,514.7,2.3965736406914857,Other,Squeeze,None,Other,-1.0,1.5
2025-01-21 04:34:00+00:00,1441.9767808819668,1442.2014349578187,1437.458367898845,1437.6830219746969,825,2.0038061734037695,2.169032674206235,0.9238247985992509,1439.053034240208,1.5598906902309746,1442.17281562067,1435.933252859746,0.004335881035974684,1442.743692998722,1428.9088988585752,2025-01-21 04:34:00+00:00,4,34,04:34,544.0,4.743067058973793,Other,Squeeze,None,Other,-1.0,1.5
2025-01-21 04:35:00+00:00,1437.6830219746969,1439.1309551071977,1436.888599231182,1438.3365323636829,245,2.020845437876044,2.1590160494299084,0.9360029715432876,1439.2577309264907,1.0946518295954182,1441.4470345856814,1437.0684272673,0.003042267708065617,1442.743692998722,1428.9088988585752,2025-01-21 04:35:00+00:00,4,35,04:35,507.45,2.2423558760156084,Other,Squeeze,None,Other,-1.0,1.5
2025-01-21 04:36:00+00:00,1438.3365323636829,1438.5267253292636,1435.441410604593,1435.631603570174,395,2.096878958361364,2.1512859877452284,0.9747095320223376,1439.107836447804,1.3586320467505815,1441.8251005413051,1436.3905723543028,0.0037763175554769842,1442.743692998722,1428.9088988585752,2025-01-21 04:36:00+00:00,4,36,04:36,509.0,3.085314724670525,Other,Squeeze,None,Other,-1.0,1.5
2025-01-21 04:37:00+00:00,1435.631603570174,1436.5232052876736,1435.581603570174,1436.4732052876736,433,2.0143591554426723,2.1428103931192344,0.9400547812867479,1438.9756613636005,1.480816583702342,1441.9372945310051,1436.0140281961958,0.004116307519194829,1442.2014349578187,1428.9088988585752,2025-01-21 04:37:00+00:00,4,37,04:37,495.45,0.9416017174996796,Other,Squeeze,None,Other,-1.0,1.5
2025-01-21 04:38:00+00:00,1436.4732052876736,1437.113243381508,1435.517436605511,1436.1574746993454,211,1.984462556910843,2.1349520456592077,0.92951153677932,1438.7651502561662,1.569137411286546,1441.9034250787392,1435.626875433593,0.004362455988059357,1442.2014349578187,1428.9088988585752,2025-01-21 04:38:00+00:00,4,38,04:38,482.6,1.5958067759970618,Other,Squeeze,None,Other,-1.0,1.5
2025-01-21 04:39:00+00:00,1436.1574746993454,1436.2176587241977,1432.9160801771714,1432.9762642020237,600,2.078542270490521,2.126752780384228,0.9773313991459802,1438.4906562568056,2.0351711437236104,1442.5609985442527,1434.4203139693584,0.005659184882074746,1442.2014349578187,1428.9088988585752,2025-01-21 04:39:00+00:00,4,39,04:39,494.3,3.301578547026338,Other,Squeeze,None,Other,1.5,-1.0
2025-01-21 04:40:00+00:00,1432.9762642020237,1434.3962248600408,1432.282232055788,1433.7021927138053,916,2.0810744514735413,2.121056645858611,0.981149869588285,1438.270584134201,2.2999710878687902,1442.8705263099387,1433.6706419584634,0.006396490655486306,1442.2014349578187,1428.9088988585752,2025-01-21 04:40:00+00:00,4,40,04:40,508.2,2.1139928042528027,Other,Normal,None,Other,1.5,-1.0
2025-01-21 04:41:00+00:00,1433.7021927138053,1434.4435597543013,1433.4430216930675,1434.1843887335638,997,2.00389328074213,2.1152021775390804,0.9473767103783659,1438.083431114242,2.4749928150990534,1443.0334167444403,1433.133445484044,0.006884142495630966,1442.2014349578187,1428.9088988585752,2025-01-21 04:41:00+00:00,4,41,04:41,517.25,1.000538061233783,Other,Normal,None,Other,1.5,-1.0
2025-01-21 04:42:00+00:00,1434.1843887335638,1434.2690842742934,1433.60235878203,1433.6870543227596,527,1.90838129585079,2.1099599380085996,0.9044632845739898,1437.8045066671255,2.64337266696463,1443.0912520010547,1432.5177613331962,0.007353913984014575,1442.2014349578187,1428.9088988585752,2025-01-21 04:42:00+00:00,4,42,04:42,517.3,0.6667254922633674,Other,Normal,None,Other,1.5,-1.0
2025-01-21 04:43:00+00:00,1433.6870543227596,1433.7586257676817,1433.390629040097,1433.4622004850194,142,1.7983538266889172,2.1047712113385666,0.8544177234091026,1437.5196808308444,2.792472812057075,1443.1046264549586,1431.9347352067302,0.0077702527465728505,1442.2014349578187,1428.9088988585752,2025-01-21 04:43:00+00:00,4,43,04:43,499.2,0.36799672758456836,Other,Normal,None,Other,1.5,-1.0
2025-01-21 04:44:00+00:00,1433.4622004850194,1434.0950609646404,1433.1766621235586,1433.8095226031796,832,1.7354998991455555,2.100164578279719,0.8263637607711359,1437.214289904971,2.849851432623551,1442.913992770218,1431.5145870397241,0.007931597821259982,1442.2014349578187,1428.9088988585752,2025-01-21 04:44:00+00:00,4,44,04:44,510.6,0.9183988410818529,Other,Normal,None,Other,1.5,-1.0
2025-01-21 04:45:00+00:00,1433.8095226031796,1436.4009145743892,1433.7543861930571,1436.345778164267,669,1.8005733621588744,2.0948104142625406,0.8595400089190173,1437.0016286375242,2.7405813896542996,1442.4827914168327,1431.5204658582156,0.007628610392745946,1442.2014349578187,1432.282232055788,2025-01-21 04:45:00+00:00,4,45,04:45,534.75,2.6465283813320184,Other,Normal,None,Other,1.5,-1.0
2025-01-21 04:46:00+00:00,1436.345778164267,1436.5240491230018,1435.490443726636,1435.668714685371,836,1.7457899360307998,2.0893137671464284,0.8355805449055116,1436.7878289992157,2.664638631613468,1442.1171062624426,1431.4585517359887,0.007418321836619376,1442.2014349578187,1432.282232055788,2025-01-21 04:46:00+00:00,4,46,04:46,563.65,1.0336053963658287,Other,Normal,None,Other,1.5,-1.0
2025-01-21 04:47:00+00:00,1435.668714685371,1437.958271031198,1435.562384107716,1437.8519404535432,547,1.7922254351344455,2.085227742703306,0.8594866634619919,1436.7269902737075,2.6233922103631717,1441.9737746944338,1431.4802058529813,0.007303801565983971,1442.2014349578187,1432.282232055788,2025-01-21 04:47:00+00:00,4,47,04:47,579.7,2.3958869234818394,Other,Normal,None,Other,1.5,-1.0
2025-01-21 04:48:00+00:00,1437.8519404535432,1438.1744425129762,1437.4486687464184,1437.7711708058514,675,1.716050315950394,2.0780538148083427,0.8257968603708484,1436.734281381478,2.626221511322202,1441.9867244041225,1431.4818383588336,0.00731164153415205,1442.2014349578187,1432.282232055788,2025-01-21 04:48:00+00:00,4,48,04:48,592.8,0.7257737665577224,Other,Normal,None,Other,1.5,-1.0
2025-01-21 04:49:00+00:00,1437.7711708058514,1441.1564415618288,1437.183072296245,1440.5683430522224,507,1.8772873837813564,2.071535118453688,0.9062300547348049,1436.764640283497,2.668653975485371,1442.101948234468,1431.4273323325262,0.00742962041426314,1442.2014349578187,1432.282232055788,2025-01-21 04:49:00+00:00,4,49,04:49,587.7,3.9733692655838695,Other,Normal,None,Other,-1.0,1.5
2025-01-21 04:50:00+00:00,1440.5683430522224,1441.0354954040747,1439.5931738320126,1440.0603261838648,320,1.846218397229985,2.062761030534512,0.8950229182638693,1436.8022526679156,2.711347893217045,1442.2249484543497,1431.3795568814814,0.007548284082051014,1442.2014349578187,1432.282232055788,2025-01-21 04:50:00+00:00,4,50,04:50,574.2,1.4423215720621556,Other,Normal,None,Other,-1.0,1.5
2025-01-21 04:51:00+00:00,1440.0603261838648,1440.221091976077,1438.4609588399192,1438.6217246321316,314,1.8400694500105539,2.053490047284993,0.896069329599814,1436.7324223528208,2.6412370897355406,1442.014896532292,1431.4499481733496,0.007353455796341612,1442.2014349578187,1432.282232055788,2025-01-21 04:51:00+00:00,4,51,04:51,577.55,1.7601331361579469,Other,Normal,None,Other,-1.0,1.5
2025-01-21 04:52:00+00:00,1438.6217246321316,1438.678112218933,1436.198574135893,1436.2549617226944,795,1.8857457809412195,2.0462184464586737,0.9215759853034365,1436.5611600768918,2.5494937730887934,1441.6601476230694,1431.4621725307143,0.007098879863777809,1442.2014349578187,1432.282232055788,2025-01-21 04:52:00+00:00,4,52,04:52,581.75,2.47953808303987,Other,Normal,None,Other,-1.0,-1.0
2025-01-21 04:53:00+00:00,1436.2549617226944,1436.5363357638596,1435.9007380364662,1436.1821120776317,107,1.7964494914020868,2.038479955266413,0.8812691470234768,1436.2714266366752,2.20805071017332,1440.6875280570218,1431.8553252163285,0.006149396748340053,1442.2014349578187,1432.282232055788,2025-01-21 04:53:00+00:00,4,53,04:53,544.65,0.6355977273933604,Other,Squeeze,None,Other,-1.0,-1.0
2025-01-21 04:54:00+00:00,1436.1821120776317,1436.6546697201882,1434.00185903911,1434.4744166816668,868,1.8576181478075169,2.0312759113586827,0.9145080377411607,1436.1109963720235,2.216637529648168,1440.5442714313199,1431.677721312727,0.006174000575855188,1442.2014349578187,1432.282232055788,2025-01-21 04:54:00+00:00,4,54,04:54,546.8,2.6528106810781082,Other,Normal,None,Other,1.5,-1.0
2025-01-21 04:55:00+00:00,1434.4744166816668,1438.2136772198266,1433.7603956004032,1437.499656138563,826,2.0430226814943713,2.0277963748760617,1.007508794673351,1436.0691525607676,2.1800109152948735,1440.4291743913575,1431.7091307301778,0.006072161389742494,1442.2014349578187,1432.282232055788,2025-01-21 04:55:00+00:00,4,55,04:55,575.85,4.453281619423478,Other,Squeeze,None,Other,-1.0,1.5
2025-01-21 04:56:00+00:00,1437.499656138563,1437.7027216844483,1435.419265927638,1435.6223314735234,782,2.060196472588368,2.0247256235568662,1.017518842365016,1436.0686889559352,2.1801098462371,1440.4289086484093,1431.708469263461,0.006072438910487192,1442.2014349578187,1432.282232055788,2025-01-21 04:56:00+00:00,4,56,04:56,595.2,2.2834557568103264,Other,Squeeze,None,Other,1.5,-1.0
2025-01-21 04:57:00+00:00,1435.6223314735234,1436.0145130826102,1433.7449991508772,1434.137180759964,778,2.0751477196701233,2.0240663070229115,1.0252370253237133,1435.9518877295498,2.2195179634366067,1440.390923656423,1431.5128518026766,0.006182708438639916,1442.2014349578187,1432.282232055788,2025-01-21 04:57:00+00:00,4,57,04:57,612.45,2.269513931732945,Other,Normal,None,Other,1.5,-1.0
2025-01-21 04:58:00+00:00,1434.137180759964,1435.4377550341233,1434.087180759964,1435.3877550341233,862,2.0233924735622053,2.024064242485015,0.9996681088926384,1435.9134017462886,2.2224369754618376,1440.3582756972123,1431.468527795365,0.006191005593398671,1442.2014349578187,1432.282232055788,2025-01-21 04:58:00+00:00,4,58,04:58,645.0,1.3505742741592712,Other,Normal,None,Other,1.5,-1.0
2025-01-21 04:59:00+00:00,1435.3877550341233,1438.5465692585858,1434.7843196185663,1437.943133843029,200,2.147596556880583,2.027021339300794,1.0594839409146923,1436.1617452283385,2.153391961009693,1440.4685291503579,1431.8549613063192,0.005997630749222615,1442.2014349578187,1432.282232055788,2025-01-21 04:59:00+00:00,4,59,04:59,625.0,3.7622496400194905,Other,Squeeze,None,Other,1.5,-1.0
2025-01-21 05:00:00+00:00,1437.943133843029,1439.8350757324265,1437.628859317654,1439.5208012070516,549,2.151783689587156,2.032035018912137,1.0589304168287057,1436.452675653001,2.1962394902660045,1440.845154633533,1432.0601966724691,0.006115730862536235,1442.2014349578187,1432.282232055788,2025-01-21 05:00:00+00:00,5,0,05:00,606.65,2.206216414772598,Other,Normal,None,Other,1.5,-1.0
2025-01-21 05:01:00+00:00,1439.5208012070516,1442.3588689353944,1438.9705474736304,1441.8086152019732,591,2.240107816171217,2.0390725548839272,1.0985915193678497,1436.8338869764216,2.4309453599113144,1441.6957776962442,1431.971996256599,0.006767505644029193,1442.2014349578187,1432.282232055788,2025-01-21 05:01:00+00:00,5,1,05:01,586.35,3.388321461764008,Other,Normal,Upside Sweep,Other,1.5,-1.0
2025-01-21 05:02:00+00:00,1441.8086152019732,1442.1735003769206,1441.2702560678374,1441.6351412427848,548,2.1446175656649316,2.04566798822764,1.0483703015380423,1437.2312913224227,2.536795471395656,1442.304882265214,1432.1577003796315,0.007060228890679059,1442.3588689353944,1432.282232055788,2025-01-21 05:02:00+00:00,5,2,05:02,587.4,0.9032443090832203,Other,Normal,None,Other,1.5,-1.0
2025-01-21 05:03:00+00:00,1441.6351412427848,1441.6985505224322,1441.428746569458,1441.4921558491055,402,2.0107023076155897,2.0457776547419835,0.9828547608558088,1437.632789090627,2.5443043266616874,1442.7213977439503,1432.5441804373038,0.007079149407189101,1442.3588689353944,1432.282232055788,2025-01-21 05:03:00+00:00,5,3,05:03,600.4,0.2698039529741436,Other,Normal,None,Other,1.5,-1.0
2025-01-21 05:04:00+00:00,1441.4921558491055,1445.9939486109597,1441.3468326805344,1445.8486254423883,883,2.199017566387715,2.048908147945679,1.0732631272868633,1438.2347442325877,2.979153942884991,1444.1930521183576,1432.2764363468177,0.008285584685897969,1442.3588689353944,1432.282232055788,2025-01-21 05:04:00+00:00,5,4,05:04,602.95,4.647115930425343,Other,Normal,None,Other,1.5,-1.0
2025-01-21 05:05:00+00:00,1445.8486254423883,1449.781155773556,1445.5865552378095,1449.519085568977,197,2.341559207056202,2.055817104719383,1.1389919860482056,1438.8934096028229,3.864297929579092,1446.622005461981,1431.1648137436648,0.010742416092226592,1445.9939486109597,1432.282232055788,2025-01-21 05:05:00+00:00,5,5,05:05,579.35,4.194600535746531,Other,Normal,None,Other,1.5,-1.0
2025-01-21 05:06:00+00:00,1449.519085568977,1451.2876522379936,1449.304225928081,1451.0727925970975,437,2.3159782858316595,2.0583225616042315,1.1251775251526244,1439.6636134984094,4.644167838195244,1448.9519491748,1430.375277822019,0.012903480492668228,1449.781155773556,1432.282232055788,2025-01-21 05:06:00+00:00,5,6,05:06,559.4,1.983426309912602,Other,Normal,None,Other,1.5,-1.0
2025-01-21 05:07:00+00:00,1451.0727925970975,1453.9447222815377,1450.6115130484447,1453.483442732885,513,2.388637639207465,2.060303391860397,1.1593620864986256,1440.4451886123763,5.550182220574555,1451.5455530535255,1429.3448241712272,0.01541240795401938,1451.2876522379936,1432.282232055788,2025-01-21 05:07:00+00:00,5,7,05:07,557.7,3.33320923309293,Other,Normal,None,Other,1.5,-1.0
2025-01-21 05:08:00+00:00,1453.483442732885,1455.710061867084,1453.1298238609472,1455.3564429951466,260,2.4023233797024193,2.0645227332393854,1.16362166471909,1441.3244522218413,6.427813646011737,1454.1800795138647,1428.4688249298179,0.017838630673622617,1453.9447222815377,1432.282232055788,2025-01-21 05:08:00+00:00,5,8,05:08,536.95,2.580238006136824,Other,Normal,Upside False Breakout,Other,-1.0,-1.0
2025-01-21 05:09:00+00:00,1455.3564429951466,1455.573503867109,1452.5090778580466,1452.7261387300089,103,2.4496164246567,2.0689146789407955,1.184010365236912,1441.9323420057306,6.909395325268626,1455.7511326562678,1428.1135513551933,0.019167044455519047,1455.710061867084,1432.282232055788,2025-01-21 05:09:00+00:00,5,9,05:09,516.75,3.0644260090623447,Other,Normal,None,Other,1.5,-1.0
2025-01-21 05:10:00+00:00,1452.7261387300089,1452.7761387300088,1452.5897358146813,1452.6397358146812,844,2.287958316847476,2.069579143236996,1.105518638571568,1442.5613124872714,7.291981512035409,1457.145275511342,1427.9773494632007,0.02021953992225812,1455.710061867084,1432.282232055788,2025-01-21 05:10:00+00:00,5,10,05:10,542.95,0.18640291532756237,Other,Normal,None,Other,1.5,-1.0
2025-01-21 05:11:00+00:00,1452.6397358146812,1456.0941007365363,1452.4504455427843,1455.9048104646397,522,2.384793808054943,2.0716802340919904,1.1511399147466352,1443.4254667788969,7.8064758073164535,1459.0384183935298,1427.812515164264,0.021633194056738272,1455.710061867084,1433.1766621235586,2025-01-21 05:11:00+00:00,5,11,05:11,553.35,3.6436551937520107,Other,Normal,None,Other,1.5,-1.0
2025-01-21 05:12:00+00:00,1455.9048104646397,1457.539239104993,1455.8443499266616,1457.478778567015,129,2.335514905931827,2.0715169613034465,1.1274418455460133,1444.4866576211127,8.212433242393796,1460.9115241059003,1428.0617911363252,0.02274145821718735,1456.0941007365363,1433.1766621235586,2025-01-21 05:12:00+00:00,5,12,05:12,520.05,1.694889178331323,Other,Normal,None,Other,1.5,-1.0
2025-01-21 05:13:00+00:00,1457.478778567015,1458.1795993060878,1456.6389435867288,1457.3397643258015,227,2.278739249748049,2.0707506252083205,1.100441174329625,1445.5445402335213,8.445776578609456,1462.43609339074,1428.6529870763025,0.023370505283068024,1457.539239104993,1433.1766621235586,2025-01-21 05:13:00+00:00,5,13,05:13,526.05,1.5406557193589379,Other,Normal,Upside Stop Hunt,Other,1.5,-1.0
2025-01-21 05:14:00+00:00,1457.3397643258015,1461.3647531815138,1456.616669485072,1460.6416583407845,349,2.4551209959404656,2.0692403140133426,1.1864842277206062,1446.8529023164772,8.664600732406889,1464.182103781291,1429.5237008516633,0.023954337634557097,1458.1795993060878,1433.1766621235586,2025-01-21 05:14:00+00:00,5,14,05:14,500.1,4.748083696441881,Other,Normal,None,Other,1.5,-1.0
2025-01-21 05:15:00+00:00,1460.6416583407845,1461.7433902662417,1460.349277192558,1461.4510091180152,417,2.379334715779267,2.068029531936276,1.1505322719214357,1448.0504699654498,8.95417854187345,1465.9588270491968,1430.1421128817028,0.024734437721876182,1461.3647531815138,1433.7449991508772,2025-01-21 05:15:00+00:00,5,15,05:15,479.65,1.394113073683684,Other,Normal,None,Other,1.5,-1.0
2025-01-21 05:16:00+00:00,1461.4510091180152,1463.3007455530026,1461.2585756111575,1463.1083120461449,356,2.3552515176411073,2.063380852086975,1.141452638401158,1449.4247689940808,9.055021808760433,1467.5348126116016,1431.3147253765599,0.024989284031746592,1461.7433902662417,1433.7449991508772,2025-01-21 05:16:00+00:00,5,16,05:16,458.35,2.0421699418450316,Other,Normal,None,Other,1.5,-1.0
2025-01-21 05:17:00+00:00,1463.1083120461449,1463.980513086775,1463.058312046145,1463.9305130867754,438,2.252890769283183,2.0594630150992854,1.0939214507693273,1450.9144356104214,8.85615784666211,1468.6267513037456,1433.2021199170972,0.02441538282148573,1463.3007455530026,1433.7449991508772,2025-01-21 05:17:00+00:00,5,17,05:17,441.35,0.9222010406301706,Other,Normal,None,Other,1.5,-1.0
2025-01-21 05:18:00+00:00,1463.9305130867754,1465.6359665607788,1463.4138779833552,1465.1193314573586,316,2.250690612721786,2.056734895616318,1.0943027307597402,1452.401014431583,8.604472609202341,1469.6099596499878,1435.1920692131782,0.023697236572283356,1463.980513086775,1433.7449991508772,2025-01-21 05:18:00+00:00,5,18,05:18,414.05,2.2220885774236194,Other,Normal,None,Other,1.5,-1.0
2025-01-21 05:19:00+00:00,1465.1193314573586,1466.5921693258094,1464.9935626351755,1466.4664005036266,165,2.204113189715509,2.053721944229571,1.0732286305400294,1453.8271777646132,8.444331533670752,1470.7158408319547,1436.9385146972718,0.02323338471813306,1465.6359665607788,1433.7449991508772,2025-01-21 05:19:00+00:00,5,19,05:19,412.3,1.5986066906339147,Other,Normal,None,Other,1.5,-1.0
2025-01-21 05:20:00+00:00,1466.4664005036266,1469.3913080944828,1466.40317399411,1469.3280815849664,987,2.2601146833338954,2.053351454511228,1.100695489010616,1455.3175417835087,8.416806110160087,1472.1511540038289,1438.4839295631884,0.023133937078351204,1466.5921693258094,1433.7449991508772,2025-01-21 05:20:00+00:00,5,20,05:20,434.2,2.9881341003729176,Other,Normal,None,Other,1.5,-1.0
2025-01-21 05:21:00+00:00,1469.3280815849664,1473.1013220986033,1468.7098364012602,1472.483076914897,656,2.4123554700488397,2.0569469280685606,1.1727844978061743,1456.851264869155,8.61799905252368,1474.0872629742025,1439.6152667641077,0.023661987356815666,1469.3913080944828,1433.7449991508772,2025-01-21 05:21:00+00:00,5,21,05:21,437.45,4.391485697343114,Other,Normal,None,Other,-1.0,-1.0
2025-01-21 05:22:00+00:00,1472.483076914897,1472.5363599674229,1471.4337948067723,1471.4870778592983,275,2.3187990193775336,2.059886142834062,1.1256928095002623,1458.3438616999806,8.426924092010925,1475.1977098840025,1441.4900135159587,0.023113682069982443,1473.1013220986033,1433.7449991508772,2025-01-21 05:22:00+00:00,5,22,05:22,423.8,1.1025651606505562,Other,Normal,None,Other,1.5,-1.0
2025-01-21 05:23:00+00:00,1471.4870778592983,1472.424098203293,1471.3349617318293,1472.271982075824,560,2.23096598024083,2.062771602094292,1.0815380519955644,1459.8828530113165,7.986470814641853,1475.8557946406002,1443.9099113820328,0.021882497758414155,1473.1013220986033,1433.7449991508772,2025-01-21 05:23:00+00:00,5,23,05:23,431.7,1.0891364714636893,Other,Normal,None,Other,1.5,-1.0
2025-01-21 05:24:00+00:00,1472.271982075824,1475.5036786203625,1471.849869164274,1475.0815657088126,461,2.332597657087095,2.068271567479827,1.1278004754130753,1461.344500024638,7.957795548234042,1477.260091121106,1445.42890892817,0.02178212063780946,1473.1013220986033,1433.7449991508772,2025-01-21 05:24:00+00:00,5,24,05:24,410.6,3.6538094560885384,Other,Normal,Upside False Breakout,Other,-1.0,1.5
2025-01-21 05:25:00+00:00,1475.0815657088126,1475.8834308811688,1473.9886379833551,1474.7905031557111,694,2.301325888567564,2.074531502068385,1.109323182739359,1462.6080709039747,7.987575996088259,1478.5832228961513,1446.6329189117982,0.021844747489056255,1475.5036786203625,1433.7449991508772,2025-01-21 05:25:00+00:00,5,25,05:25,435.45,1.8947928978136588,Other,Normal,Upside Stop Hunt,Other,-1.0,1.5
2025-01-21 05:26:00+00:00,1474.7905031557111,1474.8405031557113,1471.847822295765,1471.8978222957649,560,2.3507083865231952,2.0830090422795196,1.1285156899514568,1463.6493223889079,7.758793916645974,1479.1669102222,1448.1317345556158,0.021203969551893603,1475.8834308811688,1433.7449991508772,2025-01-21 05:26:00+00:00,5,26,05:26,441.6,2.992680859946404,Other,Normal,None,Other,-1.0,1.5
2025-01-21 05:27:00+00:00,1471.8978222957649,1471.9478222957648,1469.8430328980005,1469.8930328980005,841,2.333142744468989,2.0920216890270846,1.1152574357649419,1464.4698018971637,7.490182546611167,1479.4501669903862,1449.4894368039413,0.02045841447029626,1475.8834308811688,1433.7449991508772,2025-01-21 05:27:00+00:00,5,27,05:27,458.0,2.104789397764307,Other,Normal,None,Other,-1.0,1.5
2025-01-21 05:28:00+00:00,1469.8930328980005,1470.4073365922798,1467.5287572768748,1468.043060971154,228,2.3721024995358455,2.10178422012878,1.1286137162979093,1465.104132795964,7.209720095299673,1479.5235729865633,1450.6846926053647,0.019683843445423406,1475.8834308811688,1434.087180759964,2025-01-21 05:28:00+00:00,5,28,05:28,456.4,2.878579315404977,Other,Normal,None,Other,-1.0,-1.0
2025-01-21 05:29:00+00:00,1468.043060971154,1468.2398373747285,1466.837691433871,1467.0344678374452,391,2.3028198882016784,2.10835103372152,1.0922374174744967,1465.8195492513357,6.6010216728438245,1479.0215925970233,1452.6175059056482,0.018013190440024474,1475.8834308811688,1434.7843196185663,2025-01-21 05:29:00+00:00,5,29,05:29,470.8,1.4021459408575083,Other,Normal,None,Other,1.5,-1.0
2025-01-21 05:30:00+00:00,1467.0344678374452,1467.254994710109,1465.1727456906929,1465.3932725633567,620,2.2870648261455706,2.1157009050711904,1.080996288588634,1466.4572260887694,5.832025241765339,1478.1212765723,1454.7931756052387,0.015907795026030454,1475.8834308811688,1437.628859317654,2025-01-21 05:30:00+00:00,5,30,05:30,459.6,2.0822490194161674,Other,Normal,None,Other,1.5,-1.0
2025-01-21 05:31:00+00:00,1465.3932725633567,1468.2089647206567,1464.8413949321591,1467.6570870894593,555,2.364243752027857,2.12447066231536,1.1128625092196753,1467.0448399200106,5.27864735771051,1477.6021346354316,1456.4875452045897,0.014392599909893172,1475.8834308811688,1438.9705474736304,2025-01-21 05:31:00+00:00,5,31,05:31,461.25,3.367569788497576,Other,Normal,None,Other,1.5,-1.0
2025-01-21 05:32:00+00:00,1467.6570870894593,1467.8312325154343,1466.8736439311058,1467.047789357081,438,2.2637683829064748,2.133088930843829,1.0612630116696309,1467.5232904595136,4.77565328200684,1477.0745970235273,1457.9719838955,0.013016906274820259,1475.8834308811688,1441.2702560678374,2025-01-21 05:32:00+00:00,5,32,05:32,476.7,0.957588584328505,Other,Normal,None,Other,1.5,-1.0
2025-01-21 05:33:00+00:00,1467.047789357081,1469.8755605373055,1466.997789357081,1469.8255605373056,798,2.307625725572048,2.1416644629768524,1.0774917198581677,1468.147580270089,4.149393797018604,1476.4463678641264,1459.8487926760517,0.011305113607871257,1475.8834308811688,1441.3468326805344,2025-01-21 05:33:00+00:00,5,33,05:33,505.25,2.8777711802244994,Other,Normal,None,Other,-1.0,-1.0
2025-01-21 05:34:00+00:00,1469.8255605373056,1470.3216117379957,1466.8396195804676,1467.3356707811574,442,2.3915090421403384,2.1481261774557945,1.113300078570246,1468.4822808921076,3.7641784708910033,1476.0106378338896,1460.9539239503256,0.010253248595152979,1475.8834308811688,1441.3468326805344,2025-01-21 05:34:00+00:00,5,34,05:34,509.9,3.4819921575281114,Other,Normal,None,Other,1.5,-1.0
2025-01-21 05:35:00+00:00,1467.3356707811574,1467.3856707811574,1466.5082121474557,1466.5582121474556,418,2.283362584394724,2.152501463231106,1.0607949046256087,1468.7376410435797,3.419532387910181,1475.5767058194,1461.8985762677594,0.009312847420402478,1475.8834308811688,1445.5865552378095,2025-01-21 05:35:00+00:00,5,35,05:35,509.95,0.8774586337017354,Other,Normal,None,Other,1.5,-1.0
2025-01-21 05:36:00+00:00,1466.5582121474556,1466.8678042414267,1466.4780312092998,1466.787623303271,526,2.148106187804163,2.1533552503884863,0.9975623796475867,1468.921606606436,3.1921547824488563,1475.3059161713336,1462.5372970415383,0.008692512297707905,1475.8834308811688,1449.304225928081,2025-01-21 05:36:00+00:00,5,36,05:36,518.45,0.3897730321268682,Other,Normal,None,Other,1.5,-1.0
2025-01-21 05:37:00+00:00,1466.787623303271,1468.6223107695614,1466.737623303271,1468.5723107695617,599,2.1292905648388953,2.155270773878423,0.9879457331513033,1469.1536964905754,2.9712736035887284,1475.096243697753,1463.2111492833978,0.00808975564826571,1475.8834308811688,1450.6115130484447,2025-01-21 05:37:00+00:00,5,37,05:37,526.5,1.8846874662904156,Other,Normal,None,Other,1.5,-1.0
2025-01-21 05:38:00+00:00,1468.5723107695617,1471.8324853097715,1467.833546176813,1471.093720717023,263,2.262836891133163,2.1599103461154616,1.0476531561612323,1469.4524159535586,2.841828508352572,1475.1360729702637,1463.7687589368534,0.007735748303243884,1475.8834308811688,1452.4504455427843,2025-01-21 05:38:00+00:00,5,38,05:38,523.85,3.9989391329586397,Other,Normal,None,Other,-1.0,1.5
2025-01-21 05:39:00+00:00,1471.093720717023,1471.4348082677514,1469.5652398447533,1469.9063273954816,604,2.2347462862663727,2.162513746378393,1.0334021182565656,1469.6244122981511,2.75434478430337,1475.133101866758,1464.1157227295444,0.007496731168193455,1475.8834308811688,1452.4504455427843,2025-01-21 05:39:00+00:00,5,39,05:39,545.8,1.8695684229980998,Other,Normal,None,Other,-1.0,-1.0
2025-01-21 05:40:00+00:00,1469.9063273954816,1472.2842628557469,1469.7203729223663,1472.0983083826316,331,2.258256546774528,2.1654667813000756,1.042849775519874,1469.7629236380346,2.8077948900311274,1475.3785134180969,1464.1473338579724,0.007641490596540881,1475.8834308811688,1452.4504455427843,2025-01-21 05:40:00+00:00,5,40,05:40,513.0,2.563889933380551,Other,Normal,None,Other,-1.0,1.5
2025-01-21 05:41:00+00:00,1472.0983083826316,1472.285885504425,1468.201544697234,1468.3891218190274,332,2.388691136804275,2.1718800789011117,1.0998264406996456,1469.5582258832412,2.7476363518412246,1475.0534985869238,1464.0629531795587,0.007478809082749661,1475.8834308811688,1452.4504455427843,2025-01-21 05:41:00+00:00,5,41,05:41,496.8,4.0843408071909835,Other,Normal,None,Other,1.5,-1.0
2025-01-21 05:42:00+00:00,1468.3891218190274,1471.0334571848496,1467.6652210288794,1470.3095563947015,675,2.4586586381732682,2.1810513679398196,1.1272813993811028,1469.4993498100114,2.716570057503665,1474.9324899250187,1464.066209695004,0.0073945457896388055,1475.8834308811688,1455.8443499266616,2025-01-21 05:42:00+00:00,5,42,05:42,516.8,3.3682361559701803,Other,Normal,None,Other,-1.0,-1.0
2025-01-21 05:43:00+00:00,1470.3095563947015,1470.8277011000423,1466.8367134181324,1467.3548581234734,579,2.568110712725887,2.193880649373769,1.170579043786607,1469.2534936123939,2.67461511430148,1474.6027238409968,1463.904263383791,0.0072815620338610955,1475.8834308811688,1456.616669485072,2025-01-21 05:43:00+00:00,5,43,05:43,517.75,3.990987681909928,Other,Normal,None,Other,1.5,-1.0
2025-01-21 05:44:00+00:00,1467.3548581234734,1468.8040029419187,1466.8891204268125,1468.3382652452576,931,2.521451555753054,2.2069798436505605,1.1424896167526055,1468.916328589216,2.3000614148476726,1473.5164514189112,1464.3162057595207,0.00626328775868849,1475.8834308811688,1456.616669485072,2025-01-21 05:44:00+00:00,5,44,05:44,541.25,1.9148825151062283,Other,Normal,None,Other,1.5,-1.0
2025-01-21 05:45:00+00:00,1468.3382652452576,1471.2003157401402,1467.9653638725592,1470.827414367442,318,2.572415863740765,2.2198438853435922,1.15882737553078,1468.7181741498025,1.9039624347566646,1472.5260990193158,1464.9102492802892,0.005185371756862159,1475.8834308811688,1460.349277192558,2025-01-21 05:45:00+00:00,5,45,05:45,522.45,3.234951867581003,Other,Squeeze,None,Other,-1.0,-1.0
2025-01-21 05:46:00+00:00,1470.827414367442,1473.7120481203794,1469.9015277794267,1472.7861615323643,553,2.6608518978273343,2.2350949180402013,1.1904872031835003,1468.7625911116324,1.9904414716458072,1472.743474054924,1464.7817081683409,0.005420730303702329,1475.8834308811688,1461.2585756111575,2025-01-21 05:46:00+00:00,5,46,05:46,522.1,3.810520340952735,Other,Squeeze,None,Other,-1.0,1.5
2025-01-21 05:47:00+00:00,1472.7861615323643,1472.875541352538,1469.0799921410687,1469.1693719612424,233,2.741901705944616,2.2509228558870373,1.2181233571703616,1468.7264080647944,1.9753304261711335,1472.6770689171367,1464.7757472124522,0.005379709700389571,1475.8834308811688,1463.058312046145,2025-01-21 05:47:00+00:00,5,47,05:47,491.7,3.795549211469279,Other,Squeeze,None,Other,1.5,-1.0
2025-01-21 05:48:00+00:00,1469.1693719612424,1469.2193719612424,1468.134112235432,1468.184112235432,428,2.6235701359350276,2.266048186220114,1.1577733218071053,1468.7334606280087,1.9730126883816905,1472.6794860047721,1464.7874352512454,0.005373371660064326,1475.8834308811688,1463.4138779833552,2025-01-21 05:48:00+00:00,5,48,05:48,501.7,1.0852597258103742,Other,Squeeze,None,Other,1.5,-1.0
2025-01-21 05:49:00+00:00,1468.184112235432,1469.9866301404345,1467.9613283281049,1469.7638462331074,817,2.5808366842489288,2.277774007894574,1.1330521269028293,1468.8699295477916,1.9434836461365699,1472.7568968400647,1464.9829622555185,0.0052924594806971524,1475.8834308811688,1464.8413949321591,2025-01-21 05:49:00+00:00,5,49,05:49,523.0,2.0253018123296442,Other,Squeeze,None,Other,-1.0,-1.0
2025-01-21 05:50:00+00:00,1469.7638462331074,1471.4388621447574,1469.6070603996338,1471.2820763112838,554,2.5273341885971186,2.2891259377506925,1.1040607888443617,1469.1643697351878,1.8319223827963103,1472.8282145007804,1465.5005249695953,0.004987658074301044,1475.8834308811688,1464.8413949321591,2025-01-21 05:50:00+00:00,5,50,05:50,519.7,1.8318017451235846,Other,Squeeze,None,Other,-1.0,1.5
2025-01-21 05:51:00+00:00,1471.2820763112838,1471.9411612775448,1471.232076311284,1471.8911612775448,875,2.397459244144531,2.298415767652926,1.0430920627527478,1469.3760734445923,1.8922275183799029,1473.160528481352,1465.5916184078326,0.005151104751403746,1475.8834308811688,1464.8413949321591,2025-01-21 05:51:00+00:00,5,51,05:51,535.7,0.7090849662608889,Other,Squeeze,None,Other,-1.0,1.5
2025-01-21 05:52:00+00:00,1471.8911612775448,1472.2978578881637,1466.6316926180991,1467.038389228718,686,2.63093824599596,2.310835642070505,1.1385224453430376,1469.3756034381743,1.8928373429136278,1473.1612781240015,1465.589928752347,0.005152766490704125,1475.8834308811688,1464.8413949321591,2025-01-21 05:52:00+00:00,5,52,05:52,548.1,5.666165270064539,Other,Squeeze,None,Other,1.5,-1.0
2025-01-21 05:53:00+00:00,1467.038389228718,1469.841076876029,1466.8744473880731,1469.6771350353847,822,2.6549161918502464,2.3251434204113077,1.1418290022645585,1469.3681821630782,1.8912706579999217,1473.1507234790781,1465.5856408470784,0.00514852759426374,1475.8834308811688,1464.8413949321591,2025-01-21 05:53:00+00:00,5,53,05:53,549.3,2.96662948795597,Other,Squeeze,None,Other,1.5,-1.0
2025-01-21 05:54:00+00:00,1469.6771350353847,1472.848242449718,1469.5431490850965,1472.7142564994297,216,2.7013574184767717,2.339205741589128,1.1548182233178077,1469.6371114489916,1.967898171635792,1473.572907792263,1465.7013151057201,0.005356147191181054,1475.8834308811688,1464.8413949321591,2025-01-21 05:54:00+00:00,5,54,05:54,538.0,3.305093364621598,Other,Squeeze,None,Other,1.5,-1.0
2025-01-21 05:55:00+00:00,1472.7142564994297,1473.3888079557253,1472.4014624858305,1473.076013942126,656,2.578927993578057,2.3481374967905233,1.0982866195454832,1469.9630015387252,1.9708692111410002,1473.9047399610072,1466.0212631164432,0.0053630444006493895,1475.8834308811688,1464.8413949321591,2025-01-21 05:55:00+00:00,5,55,05:55,549.9,0.9873454698947626,Other,Squeeze,None,Other,1.5,-1.0
2025-01-21 05:56:00+00:00,1473.076013942126,1474.1210064912202,1472.5361770025706,1473.5811695516647,887,2.507920957511737,2.355599571539246,1.064663531023211,1470.3026788511447,1.9802004523880734,1474.263079755921,1466.3422779463685,0.005387191306582847,1474.8405031557113,1464.8413949321591,2025-01-21 05:56:00+00:00,5,56,05:56,567.95,1.584829488649575,Other,Squeeze,None,Other,1.5,-1.0
2025-01-21 05:57:00+00:00,1473.5811695516647,1474.8649921276578,1473.40971707026,1474.6935396462532,167,2.4327319646464547,2.3615593089555187,1.0301379920550946,1470.6087402949793,2.163266237565348,1474.93527277011,1466.2822078198485,0.005884002123179184,1474.1210064912202,1464.8413949321591,2025-01-21 05:57:00+00:00,5,57,05:57,546.35,1.4552750573977846,Other,Squeeze,None,Other,1.5,-1.0
2025-01-21 05:58:00+00:00,1474.6935396462532,1477.9776391167034,1474.6435396462532,1477.9276391167034,219,2.4971153579181475,2.369454690361451,1.0538776571993544,1470.9504362149635,2.7136171955457242,1476.3776706060548,1465.5232018238721,0.007379221294575597,1474.8649921276578,1464.8413949321591,2025-01-21 05:58:00+00:00,5,58,05:58,544.15,3.3340994704501554,Other,Normal,None,Other,-1.0,-1.0
2025-01-21 05:59:00+00:00,1477.9276391167034,1478.7308122910913,1477.680021763042,1478.4831949374295,577,2.3938064414989384,2.373558188438423,1.0085307590768764,1471.379279592061,3.1779238944338317,1477.7351273809286,1465.0234318031935,0.00863930582280553,1477.9776391167034,1464.8413949321591,2025-01-21 05:59:00+00:00,5,59,05:59,542.8,1.0507905280492196,Other,Normal,None,Other,-1.0,1.5
2025-01-21 06:00:00+00:00,1478.4831949374295,1478.8933864746325,1477.649091433458,1478.059282970661,792,2.311698484332915,2.3762234350175193,0.9728455877786052,1471.6773283214623,3.5109871691127785,1478.6993026596879,1464.6553539832366,0.00954281784884817,1478.7308122910913,1464.8413949321591,2025-01-21 06:00:00+00:00,6,0,06:00,565.85,1.2442950411746097,Other,Normal,Upside Stop Hunt,Other,-1.0,1.5
2025-01-21 06:01:00+00:00,1478.059282970661,1479.0221407654765,1477.942531275685,1478.9053890705004,956,2.2236921275799526,2.375949840207665,0.9359171182610468,1472.203141684036,3.7704987348144843,1479.744139153665,1464.662144214407,0.010244506693557195,1478.8933864746325,1464.8413949321591,2025-01-21 06:01:00+00:00,6,1,06:01,597.05,1.0796094897914372,Other,Normal,Upside False Breakout,Other,-1.0,1.5
2025-01-21 06:02:00+00:00,1478.9053890705004,1479.1258603419428,1478.6602723167969,1478.8807435882393,632,2.098113263120382,2.375174768498589,0.8833511078625406,1472.6317010437128,4.02262020475949,1480.6769414532318,1464.5864606341938,0.010926344182074891,1479.0221407654765,1466.4780312092998,2025-01-21 06:02:00+00:00,6,2,06:02,594.9,0.4655880251459621,Other,Normal,Upside Stop Hunt,Other,-1.0,1.5
2025-01-21 06:03:00+00:00,1478.8807435882393,1478.9312970055469,1478.830743588239,1478.881297005547,915,1.9554304169909096,2.3742535703215113,0.823597968403229,1473.2080229878165,4.052403002111984,1481.3128289920405,1465.1032169835926,0.011002934925356433,1479.1258603419428,1466.4780312092998,2025-01-21 06:03:00+00:00,6,3,06:03,611.7,0.1005534173077649,Other,Normal,None,Other,-1.0,1.5
2025-01-21 06:04:00+00:00,1478.881297005547,1479.5086836418395,1474.34184917342,1474.9692358097127,529,2.184816420664376,2.3740168845594547,0.9203036570103466,1473.5395715160394,3.901459061349469,1481.3424896387382,1465.7366533933405,0.010590714051433196,1479.1258603419428,1466.4780312092998,2025-01-21 06:04:00+00:00,6,4,06:04,591.6,5.166834468419438,Other,Normal,Upside Stop Hunt,Other,1.5,-1.0
2025-01-21 06:05:00+00:00,1474.9692358097127,1476.3293222269265,1474.7663438760153,1476.126430293229,826,2.1403994156820048,2.3706642213698856,0.9028690762647008,1473.8045223123286,3.8874855679920075,1481.5794934483126,1466.0295511763445,0.010550885165945215,1479.5086836418395,1466.4780312092998,2025-01-21 06:05:00+00:00,6,5,06:05,617.0,1.5629783509111803,Other,Normal,None,Other,1.5,-1.0
2025-01-21 06:06:00+00:00,1476.126430293229,1478.8387117175882,1476.010252754216,1478.7225341785752,216,2.189546526231305,2.3685570253765458,0.9244221282294092,1474.101340944639,4.029666910709654,1482.1606747660585,1466.0420071232197,0.010934572267948382,1479.5086836418395,1466.4780312092998,2025-01-21 06:06:00+00:00,6,6,06:06,600.15,2.8284589633722135,Other,Normal,None,Other,1.5,-1.0
2025-01-21 06:07:00+00:00,1478.7225341785752,1482.0253778612805,1477.6846957144992,1480.9875393972045,724,2.3431990705563064,2.3677997158990265,0.9896103352080269,1474.6922493164373,4.133547283868555,1482.9593438841744,1466.4251547487002,0.011211959066807522,1479.5086836418395,1466.6316926180991,2025-01-21 06:07:00+00:00,6,7,06:07,624.7,4.340682146781319,Other,Normal,None,Other,1.5,-1.0
2025-01-21 06:08:00+00:00,1480.9875393972045,1483.3334813922183,1480.755714698487,1483.1016566935011,367,2.3599539007830908,2.367093557917038,0.9969837875186354,1475.4381265393408,4.2418570743596495,1483.9218406880602,1466.9544123906214,0.01149992533894737,1482.0253778612805,1466.6316926180991,2025-01-21 06:08:00+00:00,6,8,06:08,621.65,2.5777666937312915,Other,Normal,None,Other,1.5,-1.0
2025-01-21 06:09:00+00:00,1483.1016566935011,1483.2019074126138,1482.8834989380657,1482.9837496571784,554,2.214129227480588,2.3631687712974365,0.9369323318642949,1476.0991217105443,4.339987607682978,1484.7790969259102,1467.4191464951784,0.011760694234825184,1483.3334813922183,1466.6316926180991,2025-01-21 06:09:00+00:00,6,9,06:09,608.5,0.31840847454805044,Other,Normal,None,Other,1.5,-1.0
2025-01-21 06:10:00+00:00,1482.9837496571784,1483.6893027657595,1482.6022850970846,1483.307838205666,884,2.1336212589944665,2.360596486999886,0.9038483581351571,1476.7004098052635,4.468633818854819,1485.6376774429732,1467.7631421675537,0.01210437483238502,1483.3334813922183,1466.6316926180991,2025-01-21 06:10:00+00:00,6,10,06:10,625.0,1.0870176686748891,Other,Normal,Upside Sweep,Other,1.5,-1.0
2025-01-21 06:11:00+00:00,1483.307838205666,1486.2542841571997,1483.0145877549878,1485.9610337065214,494,2.212626626367137,2.3577270339717558,0.9384575035557925,1477.403903426712,4.769074135366323,1486.9420516974446,1467.8657551559795,0.012912038811606824,1483.6893027657595,1466.6316926180991,2025-01-21 06:11:00+00:00,6,11,06:11,605.95,3.239696402211848,Other,Normal,None,Other,1.5,-1.0
2025-01-21 06:12:00+00:00,1485.9610337065214,1488.2840420351151,1485.5725655769425,1487.895573905536,174,2.2482587572103903,2.356272764826399,0.9541589542482504,1478.446762660553,4.66237713978744,1487.7715169401279,1469.1220083809783,0.012614257767110044,1486.2542841571997,1466.6316926180991,2025-01-21 06:12:00+00:00,6,12,06:12,580.35,2.711476458172683,Other,Normal,None,Other,1.5,-1.0
2025-01-21 06:13:00+00:00,1487.895573905536,1491.3214907650472,1487.790672164771,1491.216589024282,632,2.339870174572236,2.357291613573468,0.9926095528864914,1479.523735359998,5.005166509911775,1489.5340683798215,1469.5134023401745,0.013531831603077058,1488.2840420351151,1466.6316926180991,2025-01-21 06:13:00+00:00,6,13,06:13,570.85,3.530818600276234,Other,Normal,Upside False Breakout,Other,-1.0,1.5
2025-01-21 06:14:00+00:00,1491.216589024282,1491.6467049900637,1489.2824831201522,1489.7125990859338,146,2.341609581382183,2.3553997566641636,0.9941452930684213,1480.3736524893234,5.226344718349307,1490.826341926022,1469.9209630526248,0.014121690721963192,1491.3214907650472,1466.6316926180991,2025-01-21 06:14:00+00:00,6,14,06:14,567.35,2.364221869911489,Other,Normal,Upside Stop Hunt,Other,-1.0,1.5
2025-01-21 06:15:00+00:00,1489.7125990859338,1490.7131634882055,1487.1956331187089,1488.1961975209804,525,2.4256039233903577,2.3561709101243484,1.029468580979274,1481.129661668266,5.208720360171828,1491.5471023886096,1470.7122209479223,0.014066885553571275,1491.6467049900637,1466.6316926180991,2025-01-21 06:15:00+00:00,6,15,06:15,560.8,3.517530369496626,Other,Normal,None,Other,-1.0,1.5
2025-01-21 06:16:00+00:00,1488.1961975209804,1488.3898199084567,1487.2603698996252,1487.4539922871015,264,2.333021500921872,2.355800409845694,0.9903307135746214,1481.8233028050377,5.07252274010178,1491.9683482852413,1471.678257324834,0.013692652100961608,1491.6467049900637,1466.6316926180991,2025-01-21 06:16:00+00:00,6,16,06:16,529.65,1.1294500088315544,Other,Normal,None,Other,-1.0,1.5
2025-01-21 06:17:00+00:00,1487.4539922871015,1487.5386311430225,1485.266764357779,1485.3514032136998,471,2.3286533069448416,2.3570631188067224,0.9879469448080528,1482.35619598341,4.838517166447088,1492.0332303163043,1472.6791616505159,0.013056287495697844,1491.6467049900637,1466.6316926180991,2025-01-21 06:17:00+00:00,6,17,06:17,544.85,2.2718667852434464,Other,Normal,None,Other,-1.0,1.5
2025-01-21 06:18:00+00:00,1485.3514032136998,1485.6535876307148,1482.107897079648,1482.410081496663,718,2.4155845386678427,2.359811350905823,1.0236345959352262,1482.580318102408,4.725072498872222,1492.0304631001525,1473.1301731046635,0.012748240189563494,1491.6467049900637,1466.6316926180991,2025-01-21 06:18:00+00:00,6,18,06:18,569.8,3.545690551066855,Other,Normal,None,Other,1.5,-1.0
2025-01-21 06:19:00+00:00,1482.410081496663,1483.941221355737,1481.9213768103243,1483.4525166693984,638,2.387317396292479,2.3628647543487724,1.010348726857389,1482.8287841890065,4.627944277400418,1492.0846727438072,1473.5728956342057,0.01248409614581772,1491.6467049900637,1466.6316926180991,2025-01-21 06:19:00+00:00,6,19,06:19,572.85,2.0198445454127523,Other,Normal,None,Other,-1.0,-1.0
2025-01-21 06:20:00+00:00,1483.4525166693984,1484.515244421037,1483.2813529642603,1484.344080715899,303,2.3049298291842124,2.363611673446278,0.975172806547996,1483.1430240762686,4.498611154200846,1492.1402463846703,1474.145801767867,0.012132642856888752,1491.6467049900637,1466.6316926180991,2025-01-21 06:20:00+00:00,6,20,06:20,548.4,1.233891456776746,Other,Normal,None,Other,-1.0,1.5
2025-01-21 06:21:00+00:00,1484.344080715899,1485.283532684918,1483.9529559183936,1484.892407887413,925,2.2353331818513738,2.3606613019763203,0.9469097409187742,1483.442375017114,4.39989902741839,1492.242173071951,1474.6425769622772,0.011864024114499676,1491.6467049900637,1466.6316926180991,2025-01-21 06:21:00+00:00,6,21,06:21,546.85,1.330576766524473,Other,Normal,None,Other,-1.0,1.5
2025-01-21 06:22:00+00:00,1484.892407887413,1485.7431194274054,1484.8298158625248,1485.6805274025176,251,2.1409024949248905,2.3576963599021092,0.9080484371676173,1483.7823642078279,4.290209842673502,1492.3627838931748,1475.201944522481,0.011565604083625662,1491.6467049900637,1466.6316926180991,2025-01-21 06:22:00+00:00,6,22,06:22,527.8,0.9133035648806072,Other,Normal,None,Other,-1.0,1.5
2025-01-21 06:23:00+00:00,1485.6805274025176,1486.1973241605644,1481.9053969537404,1482.4221937117873,296,2.2945471172034044,2.358756045518152,0.9727784785388255,1483.9594090431399,4.148016748507159,1492.2554425401543,1475.6633755461255,0.011180943961753884,1491.6467049900637,1466.8744473880731,2025-01-21 06:23:00+00:00,6,23,06:23,496.85,4.291927206824084,Other,Normal,None,Other,-1.0,1.5
2025-01-21 06:24:00+00:00,1482.4221937117873,1482.674856790099,1481.1024541818626,1481.3551172601744,699,2.2429653665629052,2.3572621740094157,0.95151289970767,1484.2787031156631,3.633433658043908,1491.545570431751,1477.0118357995752,0.009791782770761225,1491.6467049900637,1469.5431490850965,2025-01-21 06:24:00+00:00,6,24,06:24,505.35,1.5724026082364162,Other,Normal,None,Other,-1.0,1.5
2025-01-21 06:25:00+00:00,1481.3551172601744,1481.7989435210698,1480.259338033865,1480.7031642947609,222,2.1927253751801734,2.3554521654529594,0.9309148397664474,1484.5075398157396,3.2127424240537015,1490.933024663847,1478.0820549676323,0.008656722415710819,1491.6467049900637,1472.4014624858305,2025-01-21 06:25:00+00:00,6,25,06:25,475.15,1.5396054872046534,Other,Normal,None,Other,-1.0,1.5
2025-01-21 06:26:00+00:00,1480.7031642947609,1481.240929265891,1480.273137820105,1480.810902791235,983,2.1052300945091704,2.3513608605860585,0.8953241205114123,1484.6119582463728,3.044350545888054,1490.7006593381489,1478.5232571545966,0.008202414183660611,1491.6467049900637,1472.5361770025706,2025-01-21 06:26:00+00:00,6,26,06:26,513.5,0.9677914457861334,Other,Normal,None,Other,-1.0,1.5
2025-01-21 06:27:00+00:00,1480.810902791235,1480.97605920879,1477.406844201297,1477.5720006188517,241,2.209800445436593,2.3493051556021856,0.9406187357853756,1484.4411813074553,3.3398284767221504,1491.1208382608995,1477.761524354011,0.008999557594543392,1491.6467049900637,1473.40971707026,2025-01-21 06:27:00+00:00,6,27,06:27,489.35,3.569215007493085,Other,Normal,None,Other,-1.0,-1.0
2025-01-21 06:28:00+00:00,1477.5720006188517,1477.644085326447,1475.44502870802,1475.5171134156158,446,2.209033029221638,2.346587331096949,0.941381128222912,1484.0619541435608,3.88589234847484,1491.8337388405105,1476.2901694466111,0.010473666109761179,1491.6467049900637,1474.34184917342,2025-01-21 06:28:00+00:00,6,28,06:28,493.3,2.199056618427221,Other,Normal,None,Other,1.5,-1.0
2025-01-21 06:29:00+00:00,1475.5171134156158,1475.6738580967226,1474.394637771038,1474.551382452145,729,2.1426178361118415,2.343917296895451,0.9141183602978512,1483.6403357833092,4.4285927174502415,1492.4975212182096,1474.7831503484088,0.011939801340362119,1491.6467049900637,1474.34184917342,2025-01-21 06:29:00+00:00,6,29,06:29,502.05,1.2792203256844914,Other,Normal,None,Other,1.5,-1.0
2025-01-21 06:30:00+00:00,1474.551382452145,1477.0621901983582,1474.3831778743584,1476.8939856205716,783,2.1809317281038396,2.3421484119280893,0.9311671783892064,1483.3196431540543,4.679080242020702,1492.6778036380958,1473.9614826700129,0.012617860927322153,1491.6467049900637,1474.34184917342,2025-01-21 06:30:00+00:00,6,30,06:30,497.0,2.679012323999814,Other,Normal,None,Other,1.5,-1.0
2025-01-21 06:31:00+00:00,1476.8939856205716,1477.5242315561154,1476.8439856205716,1477.4742315561157,883,2.0737398857781213,2.337306680823927,0.8872348257897866,1482.895303046534,4.809927499595383,1492.5151580457248,1473.2754480473434,0.012974422374158422,1491.6467049900637,1474.34184917342,2025-01-21 06:31:00+00:00,6,31,06:31,516.45,0.6802459355437804,Other,Normal,None,Other,1.5,-1.0
2025-01-21 06:32:00+00:00,1477.4742315561157,1480.4410892265123,1476.773115992105,1479.7399736625018,551,2.187613696394493,2.336037436048727,0.9364634584344315,1482.4875230343825,4.708337244596398,1491.9041975235752,1473.0708485451898,0.012703883631908726,1491.6467049900637,1474.34184917342,2025-01-21 06:32:00+00:00,6,32,06:32,535.3,3.6679732344073273,Other,Normal,None,Other,-1.0,1.5
2025-01-21 06:33:00+00:00,1479.7399736625018,1479.9712524692331,1479.236970436342,1479.4682492430734,790,2.0838042918585353,2.3323070788201687,0.8934519432632593,1481.900106045322,4.274887498418564,1490.4498810421592,1473.3503310484848,0.011538935670439452,1491.6467049900637,1474.34184917342,2025-01-21 06:33:00+00:00,6,33,06:33,543.2,0.7342820328910875,Other,Normal,None,Other,-1.0,1.5
2025-01-21 06:34:00+00:00,1479.4682492430734,1479.767558092328,1479.1711349499717,1479.4704437992264,703,1.9775627811798075,2.325407974470827,0.850415412215925,1481.3879982809865,3.8854771652601943,1489.158952611507,1473.617043950466,0.010491450368894477,1491.6467049900637,1474.34184917342,2025-01-21 06:34:00+00:00,6,34,06:34,571.05,0.5964231423563433,Other,Normal,None,Other,-1.0,1.5
2025-01-21 06:35:00+00:00,1479.4704437992264,1481.0005609531363,1479.0482934168565,1480.578410570767,463,1.9757559779726646,2.320281197697126,0.8515157472868367,1481.0071089334758,3.5410676705561297,1488.089244274588,1473.9249735923636,0.009563945099780546,1491.6467049900637,1474.3831778743584,2025-01-21 06:35:00+00:00,6,35,06:35,567.95,1.9522675362798054,Other,Normal,None,Other,-1.0,1.5
2025-01-21 06:36:00+00:00,1480.578410570767,1481.0079311357465,1479.755380544023,1480.1849011090028,255,1.9240984503834422,2.31654773540678,0.8305887338192819,1480.6436543745708,3.2012808382816074,1487.046216051134,1474.2410926980076,0.008648349192794365,1491.6467049900637,1474.3831778743584,2025-01-21 06:36:00+00:00,6,36,06:36,567.5,1.2525505917235478,Other,Normal,None,Other,-1.0,1.5
2025-01-21 06:37:00+00:00,1480.1849011090028,1480.259786843144,1478.7236012302587,1478.7984869644,608,1.8963903905621404,2.3126660658355007,0.8200018232537296,1480.316008562106,3.0245529393551753,1486.3651144408163,1474.2669026833955,0.008172722369713696,1491.6467049900637,1474.3831778743584,2025-01-21 06:37:00+00:00,6,37,06:37,574.35,1.5361856128852196,Other,Normal,None,Other,-1.0,1.5
2025-01-21 06:38:00+00:00,1478.7984869644,1479.6118270264365,1474.6841979104652,1475.4975379725015,800,2.1129074423770797,2.3101672416895664,0.914612329465715,1479.970381385898,3.164389386889984,1486.299160159678,1473.641602612118,0.008552574907416,1491.6467049900637,1474.3831778743584,2025-01-21 06:38:00+00:00,6,38,06:38,578.45,4.9276291159712855,Other,Normal,None,Other,1.5,-1.0
2025-01-21 06:39:00+00:00,1475.4975379725015,1475.77113671488,1473.9011945089972,1474.1747932513754,141,2.095552782627489,2.307847349962252,0.9080118677094328,1479.5064952149967,3.304013601881214,1486.1145224187592,1472.8984680112342,0.008932745108093963,1491.6467049900637,1474.3831778743584,2025-01-21 06:39:00+00:00,6,39,06:39,553.6,1.8699422058828077,Other,Normal,Downside False Breakout,Other,1.5,-1.0
2025-01-21 06:40:00+00:00,1474.1747932513754,1476.265425779002,1473.9343500740017,1476.0249826016284,620,2.1123758485112636,2.305416004991197,0.9162666711508882,1479.0905403092831,3.184435326907089,1485.4594109630973,1472.721669655469,0.008611873959362085,1491.6467049900637,1473.9011945089972,2025-01-21 06:40:00+00:00,6,40,06:40,569.45,2.3310757050003303,Other,Normal,None,Other,-1.0,-1.0
2025-01-21 06:41:00+00:00,1476.0249826016284,1479.173992665393,1475.669793072611,1478.8188031363752,518,2.2117918302448887,2.302467683215207,0.9606179693068712,1478.7868600717313,2.876764251700118,1484.5403885751316,1473.033331568331,0.007781416861008881,1491.6467049900637,1473.9011945089972,2025-01-21 06:41:00+00:00,6,41,06:41,549.1,3.5041995927820153,Other,Normal,None,Other,-1.0,1.5
2025-01-21 06:42:00+00:00,1478.8188031363752,1478.9017674189129,1477.0217945191605,1477.104758801698,920,2.1880904780668518,2.2979582138801002,0.9521889757830988,1478.3580716416905,2.3937341858524785,1483.1455400133955,1473.5706032699854,0.006476737217511342,1491.6467049900637,1473.9011945089972,2025-01-21 06:42:00+00:00,6,42,06:42,582.55,1.8799728997523744,Other,Normal,None,Other,-1.0,1.5
2025-01-21 06:43:00+00:00,1477.104758801698,1477.42459015759,1472.9485502303455,1473.268381586238,771,2.3515154387224,2.294348292646709,1.024916507340629,1477.900381035413,2.4502153131646205,1482.8008116617423,1472.9999504090836,0.006631611560849757,1491.6467049900637,1473.9011945089972,2025-01-21 06:43:00+00:00,6,43,06:43,606.3,4.476039927244528,Other,Normal,Downside False Breakout,Other,-1.0,-1.0
2025-01-21 06:44:00+00:00,1473.268381586238,1475.7787970694772,1472.8071095949429,1475.317525078182,822,2.3958134412803926,2.292254324072165,1.0451778479031315,1477.598501426313,2.3728825805657894,1482.3442665874447,1472.8527362651814,0.0064236193479495435,1491.6467049900637,1472.9485502303455,2025-01-21 06:44:00+00:00,6,44,06:44,612.45,2.971687474534292,Other,Normal,Downside Stop Hunt,Other,-1.0,1.5
2025-01-21 06:45:00+00:00,1475.317525078182,1475.6774978459628,1475.110916589489,1475.4708893572697,812,2.2651539995084846,2.2871332930016264,0.9903900251199194,1477.3368876794389,2.29988363115852,1481.936654941756,1472.7371204171218,0.0062271067630921524,1490.7131634882055,1472.8071095949429,2025-01-21 06:45:00+00:00,6,45,06:45,641.95,0.5665812564736825,Other,Normal,None,Other,-1.0,1.5
2025-01-21 06:46:00+00:00,1475.4708893572697,1475.7391784221434,1472.224317662807,1472.4926067276806,422,2.3544187680676245,2.282026074172298,1.0317229915620414,1476.920972876261,2.388992345312131,1481.6989575668852,1472.1429881856368,0.006470196819426557,1488.3898199084567,1472.8071095949429,2025-01-21 06:46:00+00:00,6,46,06:46,613.9,3.514860759336443,Other,Normal,None,Other,-1.0,1.5
2025-01-21 06:47:00+00:00,1472.4926067276806,1472.911394120241,1465.2189032979825,1465.6376906905427,650,2.735709629081266,2.2819228728912426,1.19886156608574,1476.3242573798454,3.4656634223338134,1483.255584224513,1469.3929305351778,0.009389978942660247,1487.5386311430225,1472.224317662807,2025-01-21 06:47:00+00:00,6,47,06:47,634.35,7.6924908222586055,Other,Normal,None,Other,-1.0,1.5
2025-01-21 06:48:00+00:00,1465.6376906905427,1466.1066938255085,1463.0522007876243,1463.5212039225903,306,2.758479872567189,2.2841713685017786,1.207650139830146,1475.7244619051942,4.49723447420441,1484.718930853603,1466.7299929567853,0.012189902899348607,1486.1973241605644,1465.2189032979825,2025-01-21 06:48:00+00:00,6,48,06:48,627.35,3.0544930378841855,Other,Normal,None,Other,-1.0,1.5
2025-01-21 06:49:00+00:00,1463.5212039225903,1463.5712039225905,1462.4552600696848,1462.5052600696847,848,2.641155871162799,2.285176688283676,1.155777531209846,1475.1221557860713,5.3821975992292,1485.8865509845298,1464.3577605876128,0.01459458141312005,1486.1973241605644,1463.0522007876243,2025-01-21 06:49:00+00:00,6,49,06:49,633.3,1.1159438529057297,Other,Normal,None,Other,-1.0,-1.0
2025-01-21 06:50:00+00:00,1462.5052600696847,1462.5564852784894,1459.929772500499,1459.9809977093037,400,2.640124221650485,2.2870565221678993,1.1543764642720387,1474.2765063905076,6.333726756462493,1486.9439599034326,1461.6090528775826,0.017184637288888135,1486.1973241605644,1462.4552600696848,2025-01-21 06:50:00+00:00,6,50,06:50,614.15,2.626712777990406,Other,Normal,None,Other,1.5,-1.0
2025-01-21 06:51:00+00:00,1459.9809977093037,1461.847616019054,1459.6304212034636,1461.4970395132138,410,2.609914978360475,2.290597451071498,1.1394035984540218,1473.4776467883626,6.89214500274983,1487.2619367938623,1459.6933567828628,0.018709873251955243,1486.1973241605644,1459.929772500499,2025-01-21 06:51:00+00:00,6,51,06:51,590.5,2.2171948155903465,Other,Normal,Downside Stop Hunt,Other,1.5,-1.0
2025-01-21 06:52:00+00:00,1461.4970395132138,1461.745433026085,1459.46838295139,1459.716776464261,815,2.5861389138129502,2.2898507955351146,1.1293918882643164,1472.4764869284506,7.372173802589819,1487.2208345336303,1457.732139323271,0.020026598368217068,1486.1973241605644,1459.6304212034636,2025-01-21 06:52:00+00:00,6,52,06:52,603.7,2.2770500746951257,Other,Normal,Downside Sweep,Other,1.5,-1.0
2025-01-21 06:53:00+00:00,1459.716776464261,1459.7939317072132,1459.6667764642614,1459.7439317072133,179,2.410497223037158,2.2857771460548966,1.0545635331062435,1471.4902710516576,7.699660867519922,1486.8895927866974,1456.0909493166178,0.020930239279168494,1486.1973241605644,1459.46838295139,2025-01-21 06:53:00+00:00,6,53,06:53,573.15,0.12715524295185787,Other,Normal,None,Other,1.5,-1.0
2025-01-21 06:54:00+00:00,1459.7439317072133,1465.338539620981,1459.355615982588,1464.9502238963555,842,2.6656705384197186,2.285182364720612,1.166502323653992,1470.764260056514,7.591400926231463,1485.947061908977,1455.5814582040512,0.020646139241756588,1482.674856790099,1459.46838295139,2025-01-21 06:54:00+00:00,6,54,06:54,580.1,5.982923638393004,Other,Clustering,Downside Stop Hunt,Other,-1.0,-1.0
2025-01-21 06:55:00+00:00,1464.9502238963555,1465.339437030519,1464.819145937592,1465.2083590717557,564,2.5124291494559516,2.28407405065191,1.0999770995773388,1469.9957574815635,7.318673138713449,1484.6331037589903,1455.3584112041367,0.019914814315524127,1481.7989435210698,1459.355615982588,2025-01-21 06:55:00+00:00,6,55,06:55,585.15,0.520291092926982,Other,Clustering,None,Other,-1.0,-1.0
2025-01-21 06:56:00+00:00,1465.2083590717557,1465.3240666697918,1464.838785723782,1464.9544933218183,111,2.3676328492098033,2.281735915513545,1.0376454317575685,1469.2342370922045,6.987560315585787,1483.2093577233761,1455.2591164610328,0.01902367951733841,1481.240929265891,1459.355615982588,2025-01-21 06:56:00+00:00,6,56,06:56,577.95,0.4852809460098797,Other,Normal,None,Other,-1.0,-1.0
2025-01-21 06:57:00+00:00,1464.9544933218183,1465.2725918367244,1464.432206717031,1464.750305231937,993,2.258543725672913,2.278832778197319,0.9910967348203338,1468.5318280055812,6.6746069583696945,1481.8810419223207,1455.1826140888418,0.018180353550619453,1481.0079311357465,1459.355615982588,2025-01-21 06:57:00+00:00,6,57,06:57,597.2,0.8403851196933374,Other,Normal,None,Other,-1.0,-1.0
2025-01-21 06:58:00+00:00,1464.750305231937,1466.580037355383,1464.3912196278682,1466.220951751314,874,2.253563297233047,2.274773577185901,0.9906758720227913,1468.067998694522,6.484692355844994,1481.037383406212,1455.098613982832,0.01766864303727493,1481.0079311357465,1459.355615982588,2025-01-21 06:58:00+00:00,6,58,06:58,600.9,2.188817727514788,Other,Normal,None,Other,-1.0,1.5
2025-01-21 06:59:00+00:00,1466.220951751314,1467.7891621286255,1465.8520542669876,1467.420264644299,901,2.230959337547684,2.272059458786713,0.9819106313084884,1467.730272264168,6.323801741517109,1480.377875747202,1455.0826687811339,0.01723423400339562,1481.0079311357465,1459.355615982588,2025-01-21 06:59:00+00:00,6,59,06:59,638.9,1.937107861637969,Other,Normal,None,Other,-1.0,1.5
2025-01-21 07:00:00+00:00,1467.420264644299,1467.487574131932,1465.1456626609368,1465.2129721485696,889,2.2388844899367943,2.270845892213445,0.9859253318834872,1467.1896717415152,6.032842145257307,1479.2553560320298,1455.1239874510006,0.01644734082157617,1481.0079311357465,1459.355615982588,2025-01-21 07:00:00+00:00,7,0,07:00,652.35,2.3419114709952282,Other,Normal,None,Other,-1.0,-1.0
2025-01-21 07:01:00+00:00,1465.2129721485696,1465.2629721485696,1464.2596108392536,1464.3096108392535,888,2.150632834178167,2.2696282373234147,0.94757053107271,1466.4642121266593,5.400003525284523,1477.2642191772284,1455.6642050760902,0.014729315534958709,1481.0079311357465,1459.355615982588,2025-01-21 07:01:00+00:00,7,1,07:01,670.85,1.0033613093160056,Other,Normal,None,Other,-1.0,-1.0
2025-01-21 07:02:00+00:00,1464.3096108392535,1464.6344932890624,1462.5196974726498,1462.8445799224587,157,2.148073047194916,2.2704609003913236,0.9460955909105004,1465.751203182697,4.832747894671072,1475.4166989720393,1456.0857073933548,0.013188453495183636,1481.0079311357465,1459.355615982588,2025-01-21 07:02:00+00:00,7,2,07:02,632.7,2.114795816412652,Other,Normal,None,Other,1.5,-1.0
2025-01-21 07:03:00+00:00,1462.8445799224587,1463.1820600888334,1461.887036730731,1462.2245168971058,645,2.0871409265454437,2.272656075550566,0.9183707772588601,1465.1990099482405,4.551372203137975,1474.3017543545163,1456.0962655419646,0.012425266935714656,1481.0079311357465,1459.355615982588,2025-01-21 07:03:00+00:00,7,3,07:03,626.4,1.2950233581022985,Other,Normal,None,Other,1.5,-1.0
2025-01-21 07:04:00+00:00,1462.2245168971058,1466.4581456733597,1462.0027767780605,1466.2364055543144,585,2.256300067170713,2.273847469659005,0.99228294653778,1464.7449539720471,3.8943501202107917,1472.5336542124687,1456.9562537316256,0.010634889329095057,1481.0079311357465,1459.355615982588,2025-01-21 07:04:00+00:00,7,4,07:04,614.55,4.455368895299216,Other,Normal,None,Other,1.5,-1.0
2025-01-21 07:05:00+00:00,1466.2364055543144,1468.3437322267212,1465.4876939910837,1467.5950206634905,958,2.2991385077754813,2.276493121193896,1.0099474873746637,1464.351160537358,3.061896722025909,1470.47495398141,1458.2273670933062,0.00836383185820635,1481.0079311357465,1459.355615982588,2025-01-21 07:05:00+00:00,7,5,07:05,621.85,2.8560382356374703,Other,Normal,None,Other,1.5,-1.0
2025-01-21 07:06:00+00:00,1467.5950206634905,1467.760418918444,1467.2540441022877,1467.419442357241,356,2.171083958374109,2.2761854117296094,0.9538256185924516,1464.0975023188362,2.512844651518533,1469.1231916218733,1459.071813015799,0.006865238544669895,1481.0079311357465,1459.355615982588,2025-01-21 07:06:00+00:00,7,6,07:06,618.55,0.5063748161562671,Other,Normal,None,Other,1.5,-1.0
2025-01-21 07:07:00+00:00,1467.419442357241,1470.4822960939034,1467.0985232214955,1470.161376958158,603,2.2577045950908095,2.2747605038051844,0.9925021079424212,1464.323686632217,2.840946702470019,1470.005580037157,1458.641793227277,0.007760433648393251,1480.259786843144,1459.355615982588,2025-01-21 07:07:00+00:00,7,7,07:07,616.2,3.383772872407917,Other,Normal,None,Other,-1.0,1.5
2025-01-21 07:08:00+00:00,1470.161376958158,1471.5921779156702,1469.1462595320368,1470.577060489549,311,2.271148437129566,2.2732804127442923,0.9990621589827748,1464.6764794605647,3.15661407261117,1470.989707605787,1458.3632513153423,0.00862064521927402,1479.6118270264365,1459.355615982588,2025-01-21 07:08:00+00:00,7,8,07:08,616.45,2.4459183836333978,Other,Normal,None,Other,-1.0,1.5
2025-01-21 07:09:00+00:00,1470.577060489549,1470.792116162277,1466.753121348222,1466.96817702095,492,2.3974231783385136,2.276335311925258,1.0531942134266867,1464.8996253081282,3.1527918984515244,1471.2052091050311,1458.5940415112252,0.008608895364522527,1479.173992665393,1459.355615982588,2025-01-21 07:09:00+00:00,7,9,07:09,598.65,4.038994814054831,Other,Normal,None,Other,1.5,-1.0
2025-01-21 07:10:00+00:00,1466.96817702095,1470.927646491474,1466.674755667921,1470.6342251384451,260,2.5299565815681118,2.282940900634819,1.1082006463087173,1465.432286679585,3.1778842131269105,1471.788055105839,1459.0765182533312,0.008674257396982816,1479.173992665393,1459.355615982588,2025-01-21 07:10:00+00:00,7,10,07:10,591.65,4.252890823552889,Other,Clustering,None,Other,-1.0,1.5
2025-01-21 07:11:00+00:00,1470.6342251384451,1470.7893581488863,1470.1341241440298,1470.289257154471,692,2.3960478260887137,2.2859979206301784,1.0481408598255408,1465.871897561648,3.212793920607238,1472.2974854028625,1459.4463097204334,0.008766915924785759,1479.173992665393,1459.355615982588,2025-01-21 07:11:00+00:00,7,11,07:11,605.75,0.6552340048565384,Other,Clustering,None,Other,-1.0,1.5
2025-01-21 07:12:00+00:00,1470.289257154471,1470.4436869182873,1465.1677187500427,1465.322148513859,203,2.6017564219569924,2.291889548375955,1.135201486389521,1466.152166164128,2.8742463474497857,1471.9006588590275,1460.4036734692284,0.007841604476756723,1478.9017674189129,1459.355615982588,2025-01-21 07:12:00+00:00,7,12,07:12,575.15,5.275968168244617,Other,Clustering,None,Other,-1.0,1.5
2025-01-21 07:13:00+00:00,1465.322148513859,1465.8567797135393,1461.275780521271,1461.8104117209512,598,2.7431309055506596,2.2986105605589287,1.1933865408169193,1466.255490164815,2.660989082617655,1471.5774683300504,1460.9335119995797,0.007259278073887562,1477.42459015759,1459.355615982588,2025-01-21 07:13:00+00:00,7,13,07:13,596.1,4.580999192268337,Other,Clustering,None,Other,1.5,-1.0
2025-01-21 07:14:00+00:00,1461.8104117209512,1464.5022672726363,1461.5933420990827,1464.285197650768,694,2.754973353265155,2.305499956756978,1.1949570179738485,1466.2222388525356,2.6822282039415954,1471.5866952604188,1460.8577824446525,0.007317385135395809,1475.7787970694772,1459.355615982588,2025-01-21 07:14:00+00:00,7,14,07:14,588.7,2.908925173553598,Other,Clustering,None,Other,-1.0,-1.0
2025-01-21 07:15:00+00:00,1464.285197650768,1464.7147199646402,1460.38197935441,1460.8115016682823,728,2.8676710144769353,2.312867741608421,1.2398767827868493,1466.0023959823618,2.9377230848175175,1471.877842151997,1460.1269498127267,0.008015602410660436,1475.7391784221434,1459.355615982588,2025-01-21 07:15:00+00:00,7,15,07:15,596.9,4.332740610230076,Other,Clustering,None,Other,1.5,-1.0
2025-01-21 07:16:00+00:00,1460.8115016682823,1463.956174169257,1460.6262669722846,1463.7709394732594,229,2.90068788465519,2.3223288480039765,1.2490426957182694,1465.9432182899338,2.9716677908007383,1471.8865538715354,1459.9998827083323,0.008108548144906507,1475.7391784221434,1459.355615982588,2025-01-21 07:16:00+00:00,7,16,07:16,602.8,3.329907196972499,Other,Clustering,None,Other,-1.0,-1.0
2025-01-21 07:17:00+00:00,1463.7709394732594,1464.0828048702997,1463.637037551566,1463.9489029486062,439,2.725336415660799,2.3289402331492424,1.1702045320310952,1465.9031481757672,2.993919447941758,1471.8909870716507,1459.9153092798838,0.008169487736396454,1472.911394120241,1459.355615982588,2025-01-21 07:17:00+00:00,7,17,07:17,575.1,0.445767318733715,Other,Clustering,None,Other,-1.0,-1.0
2025-01-21 07:18:00+00:00,1463.9489029486062,1465.992236510808,1463.474065889432,1465.5173994516338,472,2.710538858926166,2.333856138486881,1.1613992885968976,1465.8679705607833,2.9941220770048513,1471.856214714793,1459.8797264067737,0.008170236711999061,1471.5921779156702,1459.355615982588,2025-01-21 07:18:00+00:00,7,18,07:18,555.0,2.51817062137593,Other,Clustering,None,Other,-1.0,1.5
2025-01-21 07:19:00+00:00,1465.5173994516338,1465.5834404653124,1464.8869357499143,1464.9529767635931,976,2.5666792772455884,2.336845503169433,1.09835214769844,1465.744606166748,2.977581095992826,1471.6997683587338,1459.7894439747624,0.00812578421497283,1471.5921779156702,1459.355615982588,2025-01-21 07:19:00+00:00,7,19,07:19,558.75,0.6965047153980777,Other,Clustering,None,Other,-1.0,1.5
2025-01-21 07:20:00+00:00,1464.9529767635931,1466.3054224149328,1464.7510400105334,1466.103485661873,329,2.4943723577565717,2.3400028786456395,1.0659697817125247,1465.789131842413,2.975870536303203,1471.7408729150195,1459.8373907698067,0.008120869425638886,1471.5921779156702,1459.355615982588,2025-01-21 07:20:00+00:00,7,20,07:20,530.75,1.5543824043993482,Other,Clustering,None,Other,-1.0,1.5
2025-01-21 07:21:00+00:00,1466.103485661873,1466.9028803551948,1466.0004367047889,1466.7998313981109,948,2.380663164374387,2.3424250450210224,1.0163241592018675,1465.913642870356,2.9627758570155613,1471.839194584387,1459.9880911563248,0.008084448552410662,1471.5921779156702,1459.355615982588,2025-01-21 07:21:00+00:00,7,21,07:21,533.75,0.902443650405985,Other,Clustering,None,Other,-1.0,1.5
2025-01-21 07:22:00+00:00,1466.7998313981109,1467.0742852641297,1466.4406059691646,1466.7150598351836,322,2.2558786022737225,2.3443413134768365,0.9622654300828248,1466.1071668659922,2.876921470809686,1471.8610098076115,1460.353323924373,0.007849143734722895,1471.5921779156702,1459.355615982588,2025-01-21 07:22:00+00:00,7,22,07:22,542.0,0.6336792949650771,Other,Clustering,None,Other,-1.0,1.5
2025-01-21 07:23:00+00:00,1466.7150598351836,1466.9671272253925,1464.1208219719988,1464.3728893622076,822,2.2980519344965753,2.3443997270983896,0.9802304222841819,1466.2145854892474,2.7621391243369473,1471.7388637379213,1460.6903072405735,0.00753542940214384,1471.5921779156702,1459.355615982588,2025-01-21 07:23:00+00:00,7,23,07:23,550.85,2.846305253393666,Other,Clustering,None,Other,-1.0,1.5
2025-01-21 07:24:00+00:00,1464.3728893622076,1465.6925385960878,1463.840980780058,1465.160630013938,780,2.266159497463231,2.344786295946728,0.9664673925212657,1466.1607967122286,2.772148318350319,1471.7050933489293,1460.616500075528,0.007563013073509255,1471.5921779156702,1459.355615982588,2025-01-21 07:24:00+00:00,7,24,07:24,560.6,1.8515578160297537,Other,Clustering,None,Other,-1.0,1.5
2025-01-21 07:25:00+00:00,1465.160630013938,1465.503123972164,1460.8302248651871,1461.172718823413,131,2.4380694695713543,2.3488753641865814,1.0379731111938588,1465.8396816202246,2.962688540001863,1471.7650587002283,1459.9143045402209,0.008084618194336613,1471.5921779156702,1460.38197935441,2025-01-21 07:25:00+00:00,7,25,07:25,519.25,4.672899106976956,Other,Clustering,None,Other,-1.0,-1.0
2025-01-21 07:26:00+00:00,1461.172718823413,1463.5399053934173,1460.8485857294938,1463.2157722994978,648,2.4561587691679305,2.3547241754308943,1.0430770596384074,1465.6294981173376,2.9936657546054684,1471.6168296265485,1459.6421666081267,0.008170320694147965,1471.5921779156702,1460.38197935441,2025-01-21 07:26:00+00:00,7,26,07:26,533.85,2.691319663923423,Other,Clustering,None,Other,-1.0,1.5
2025-01-21 07:27:00+00:00,1463.2157722994978,1464.0365784333335,1462.827399423022,1463.6482055568576,337,2.3670887863924768,2.3573456477801584,1.0041330971643863,1465.3038395472724,2.8241923172641394,1470.9522241818008,1459.655454912744,0.00770950635913646,1471.5921779156702,1460.38197935441,2025-01-21 07:27:00+00:00,7,27,07:27,520.55,1.2091790103115727,Other,Clustering,None,Other,-1.0,1.5
2025-01-21 07:28:00+00:00,1463.6482055568576,1464.7305157211167,1463.5853808617342,1464.6676910259932,132,2.2798063630346252,2.3585252033437083,0.96662370188053,1465.0083710740948,2.5380989167746315,1470.084568907644,1459.9321732405456,0.006929923314810223,1471.5921779156702,1460.38197935441,2025-01-21 07:28:00+00:00,7,28,07:28,511.6,1.1451348593825514,Other,Clustering,None,Other,-1.0,1.5
2025-01-21 07:29:00+00:00,1464.6676910259932,1465.2349171028616,1458.362386565583,1458.9296126424513,941,2.60785808976634,2.3662792075712833,1.1020922980779644,1464.6064428551697,2.830998661185587,1470.268440177541,1458.9444455327985,0.00773176623657818,1471.5921779156702,1460.38197935441,2025-01-21 07:29:00+00:00,7,29,07:29,534.05,6.872530537278635,Other,Clustering,None,Other,-1.0,1.5
2025-01-21 07:30:00+00:00,1458.9296126424513,1458.9904011324536,1456.407353602059,1456.4681420920613,783,2.606085906954077,2.3733651105521205,1.0980552024495793,1463.8981387028507,3.0099868821686906,1469.9181124671882,1457.8781649385132,0.008224580119586352,1471.5921779156702,1458.362386565583,2025-01-21 07:30:00+00:00,7,30,07:30,560.2,2.5830475303946514,Other,Clustering,None,Other,1.5,-1.0
2025-01-21 07:31:00+00:00,1456.4681420920613,1456.6603119391807,1455.1714427519555,1455.363612599075,830,2.526284712687728,2.3809075243339475,1.0610595694574274,1463.1518564750809,3.187090713204524,1469.5260379014899,1456.7776750486719,0.008712945820627547,1471.5921779156702,1456.407353602059,2025-01-21 07:31:00+00:00,7,31,07:31,567.1,1.4888691872251911,Other,Clustering,Downside False Breakout,Other,1.5,-1.0
2025-01-21 07:32:00+00:00,1455.363612599075,1457.3641224022306,1454.834516305188,1456.8350261083435,674,2.526521954427368,2.3865559953011624,1.0586476744739204,1462.727500354805,3.438053404885877,1469.6036071645767,1455.8513935450333,0.009401760489365014,1471.5921779156702,1455.1714427519555,2025-01-21 07:32:00+00:00,7,32,07:32,590.65,2.529606097042688,Other,Clustering,Downside Stop Hunt,Other,1.5,-1.0
2025-01-21 07:33:00+00:00,1456.8350261083435,1456.8850261083437,1454.726202268962,1454.776202268962,327,2.5002578033526803,2.393496887159398,1.0446045769961232,1462.3757898822055,3.8695307592516786,1470.1148514007089,1454.636728363702,0.010584230909794752,1471.5921779156702,1454.834516305188,2025-01-21 07:33:00+00:00,7,33,07:33,577.1,2.158823839381739,Other,Clustering,Downside False Breakout,Other,1.5,-1.0
2025-01-21 07:34:00+00:00,1454.776202268962,1460.7446923211844,1454.3785140909856,1460.347004143208,669,2.776394976698831,2.4068107570847146,1.1535576565486938,1462.1788802068274,3.867453689595444,1469.9137875860183,1454.4439728276366,0.010579974152132136,1471.5921779156702,1454.726202268962,2025-01-21 07:34:00+00:00,7,34,07:34,575.85,6.366178230198784,Other,Clustering,Downside Stop Hunt,Other,-1.0,1.5
2025-01-21 07:35:00+00:00,1460.347004143208,1460.822696831708,1459.29463364028,1459.77032632878,614,2.6872284206080677,2.4186686311286385,1.1110362064579757,1462.1268214398524,3.8937464586015356,1469.9143143570554,1454.3393285226493,0.010652281051152864,1471.5921779156702,1454.3785140909856,2025-01-21 07:35:00+00:00,7,35,07:35,570.15,1.5280631914281457,Other,Clustering,None,Other,-1.0,1.5
2025-01-21 07:36:00+00:00,1459.77032632878,1460.1713044052,1457.1463624555442,1457.5473405319644,699,2.7113508155400514,2.4317895038812485,1.1149611474235785,1461.8156414927876,4.002603299449528,1469.8208480916867,1453.8104348938884,0.010952416120988151,1471.5921779156702,1454.3785140909856,2025-01-21 07:36:00+00:00,7,36,07:36,593.65,3.0249419496558403,Other,Clustering,None,Other,-1.0,1.5
2025-01-21 07:37:00+00:00,1457.5473405319644,1457.734651287333,1456.9515732206414,1457.13888397601,124,2.573617047765161,2.443076614834632,1.0534328035960367,1461.475140544158,4.10005307278969,1469.6752466897374,1453.2750343985786,0.011221684061661462,1471.5921779156702,1454.3785140909856,2025-01-21 07:37:00+00:00,7,37,07:37,577.9,0.7830780666915871,Other,Clustering,None,Other,-1.0,1.5
2025-01-21 07:38:00+00:00,1457.13888397601,1457.7376587512783,1454.4630971188988,1455.061871894167,549,2.623684518094762,2.4515895660965934,1.0701972933716541,1460.9523641662845,4.222262574241652,1469.3968893147678,1452.5078390178012,0.011560301835443224,1471.5921779156702,1454.3785140909856,2025-01-21 07:38:00+00:00,7,38,07:38,581.75,3.274561632379573,Other,Clustering,None,Other,-1.0,-1.0
2025-01-21 07:39:00+00:00,1455.061871894167,1455.4251305024457,1452.1159728021853,1452.479231410464,845,2.6726468882494476,2.4612078011902923,1.0859086692951725,1460.328676898628,4.511575084149847,1469.3518270669276,1451.3055267303282,0.012357697703317882,1470.927646491474,1454.3785140909856,2025-01-21 07:39:00+00:00,7,39,07:39,575.2,3.309157700260357,Other,Clustering,Downside False Breakout,Other,1.5,-1.0
2025-01-21 07:40:00+00:00,1452.479231410464,1455.127923902882,1452.0348502491863,1454.6835427416047,480,2.7026773714956076,2.4710461599066984,1.0937381160041362,1459.7576797526146,4.46465802098379,1468.6869957945821,1450.8283637106472,0.012233970289480813,1470.927646491474,1452.1159728021853,2025-01-21 07:40:00+00:00,7,40,07:40,582.75,3.093073653695683,Other,Clustering,Downside Stop Hunt,Other,1.5,-1.0
2025-01-21 07:41:00+00:00,1454.6835427416047,1455.9093430226671,1454.578077662549,1455.8038779436115,544,2.604719370682928,2.4775949522473324,1.051309605034627,1459.2078820798897,4.22228020817518,1467.6524424962402,1450.7633216635393,0.01157417050723978,1470.7893581488863,1452.0348502491863,2025-01-21 07:41:00+00:00,7,41,07:41,562.55,1.3312653601180955,Other,Clustering,None,Other,1.5,-1.0
2025-01-21 07:42:00+00:00,1455.8038779436115,1457.0103854794197,1455.724914423391,1456.931421959199,915,2.510487348207623,2.4829682334163454,1.0110831521808934,1458.7187001860905,3.857759967007654,1466.4342201201057,1451.0031802520753,0.010578489098728825,1470.4436869182873,1452.0348502491863,2025-01-21 07:42:00+00:00,7,42,07:42,592.2,1.2854710560286549,Other,Clustering,None,Other,1.5,-1.0
2025-01-21 07:43:00+00:00,1456.931421959199,1460.257952298132,1456.3977776775127,1459.7243080164458,541,2.6068935819513155,2.487224535803494,1.048113487312943,1458.4862711188023,3.63263608605683,1465.7515432909158,1451.2209989466887,0.009962757025529458,1467.0742852641297,1452.0348502491863,2025-01-21 07:43:00+00:00,7,43,07:43,578.15,3.8601746206193184,Other,Clustering,None,Other,-1.0,1.5
2025-01-21 07:44:00+00:00,1459.7243080164458,1460.918311626049,1459.5963038520892,1460.7903074616925,523,2.515116024237632,2.4892129121861144,1.0104061456232638,1458.26775499119,3.3287533986270823,1464.9252617884442,1451.6102481939358,0.009130705625860075,1467.0742852641297,1452.0348502491863,2025-01-21 07:44:00+00:00,7,44,07:44,565.3,1.32200777395974,Other,Clustering,None,Other,-1.0,1.5
2025-01-21 07:45:00+00:00,1460.7903074616925,1461.2230654706664,1458.02053400891,1458.453292017884,225,2.5642171269175353,2.4941972976429323,1.028073091627825,1458.1317836509138,3.258650266297929,1464.6490841835096,1451.614483118318,0.00893924761214318,1467.0742852641297,1452.0348502491863,2025-01-21 07:45:00+00:00,7,45,07:45,570.0,3.20253146175628,Other,Clustering,None,Other,-1.0,1.5
2025-01-21 07:46:00+00:00,1458.453292017884,1460.802670806664,1457.655022822792,1460.004401611572,495,2.6058907595571434,2.4983884975010904,1.0430286411275018,1457.9712151165172,3.0685273509391773,1464.1082698183955,1451.834160414639,0.008418622587672672,1467.0742852641297,1452.0348502491863,2025-01-21 07:46:00+00:00,7,46,07:46,562.35,3.147647983872048,Other,Clustering,None,Other,-1.0,1.5
2025-01-21 07:47:00+00:00,1460.004401611572,1460.302732544339,1457.2408518442498,1457.539182777017,130,2.638461469595148,2.4967676948429887,1.0567508843713511,1457.6657639775253,2.762471866799575,1463.1907077111246,1452.140820243926,0.007580535771826517,1467.0742852641297,1452.0348502491863,2025-01-21 07:47:00+00:00,7,47,07:47,552.0,3.0618807000892048,Other,Clustering,None,Other,-1.0,1.5
2025-01-21 07:48:00+00:00,1457.539182777017,1458.3960864413025,1455.6375135707426,1456.494417235028,854,2.647040855378343,2.4949103778898407,1.0609763295855028,1457.257100287977,2.22425287347971,1461.7056060349364,1452.8085945410176,0.006105313531950309,1467.0742852641297,1452.0348502491863,2025-01-21 07:48:00+00:00,7,48,07:48,588.1,2.758572870559874,Other,Squeeze,None,Other,-1.0,1.5
2025-01-21 07:49:00+00:00,1456.494417235028,1457.0259370993683,1455.8630185272366,1456.3945383915773,949,2.5410321208607276,2.49324164871814,1.0191680065055702,1457.1303465754334,2.1959783988356407,1461.5223033731047,1452.738389777762,0.0060282277532595335,1467.0742852641297,1452.0348502491863,2025-01-21 07:49:00+00:00,7,49,07:49,588.5,1.1629185721317299,Other,Squeeze,None,Other,-1.0,1.5
2025-01-21 07:50:00+00:00,1456.3945383915773,1456.4445383915772,1456.0230452068586,1456.0730452068583,565,2.3896364825648657,2.4890668530667126,0.9600531539041061,1457.1105917311731,2.2040115073210442,1461.5186147458153,1452.702568716531,0.006050361639887647,1467.0742852641297,1452.0348502491863,2025-01-21 07:50:00+00:00,7,50,07:50,577.6,0.42149318471865627,Other,Squeeze,None,Other,-1.0,1.5
2025-01-21 07:51:00+00:00,1456.0730452068583,1456.6665612425238,1451.5726397301555,1452.1661557658208,757,2.5827996989793967,2.4886149317436956,1.0378462597946838,1456.9507188895104,2.4406641911059532,1461.8320472717223,1452.0693905072985,0.00670074604298553,1467.0742852641297,1452.0348502491863,2025-01-21 07:51:00+00:00,7,51,07:51,573.95,5.093921512368297,Other,Clustering,Downside Sweep,Other,-1.0,-1.0
2025-01-21 07:52:00+00:00,1452.1661557658208,1452.2161557658208,1450.0100007179203,1450.0600007179205,634,2.555896509616614,2.488110891673756,1.0272438090157865,1456.6119676199892,2.886935689491633,1462.3858389989725,1450.8380962410058,0.007927809886688621,1467.0742852641297,1451.5726397301555,2025-01-21 07:52:00+00:00,7,52,07:52,571.95,2.206155047900438,Other,Clustering,None,Other,1.5,-1.0
2025-01-21 07:53:00+00:00,1450.0600007179205,1450.2362377563363,1449.8348061603135,1450.0110431987296,335,2.4020061586456274,2.4879693739338973,0.9654484431404605,1456.3737096664777,3.2234370963874404,1462.8205838592526,1449.9268354737028,0.008853324047234106,1466.9671272253925,1450.0100007179203,2025-01-21 07:53:00+00:00,7,53,07:53,572.35,0.4014315960228032,Other,Clustering,Downside Sweep,Other,1.5,-1.0
2025-01-21 07:54:00+00:00,1450.0110431987296,1450.3522374547174,1448.342203406091,1448.6833976620787,290,2.3740081507871182,2.4831083341400206,0.956063059411104,1455.7905293424215,3.509177677642776,1462.808884697707,1448.7721739871358,0.009641985181007878,1465.6925385960878,1449.8348061603135,2025-01-21 07:54:00+00:00,7,54,07:54,553.4,2.010034048626494,Other,Clustering,Downside False Breakout,Other,1.5,-1.0
2025-01-21 07:55:00+00:00,1448.6833976620787,1451.205704290471,1448.6105460592223,1451.1328526876146,122,2.3898045851057996,2.4810645914008513,0.9632174000582852,1455.358655660363,3.525076346431514,1462.408808353226,1448.3085029674999,0.009688543322902239,1465.503123972164,1448.342203406091,2025-01-21 07:55:00+00:00,7,55,07:55,528.8,2.5951582312486607,Other,Clustering,None,Other,1.5,-1.0
2025-01-21 07:56:00+00:00,1451.1328526876146,1454.0098391086342,1451.0828526876146,1453.9598391086342,760,2.428174716242499,2.4820736225180635,0.9782847270175313,1455.1792805891964,3.499021966135043,1462.1773245214665,1448.1812366569263,0.009618119259417454,1465.2349171028616,1448.342203406091,2025-01-21 07:56:00+00:00,7,56,07:56,531.85,2.926986421019592,Other,Clustering,None,Other,-1.0,-1.0
2025-01-21 07:57:00+00:00,1453.9598391086342,1454.5707951662005,1450.9074408089946,1451.5183968665608,672,2.51640183345417,2.486371257647751,1.0120780739055155,1454.898256233724,3.5585513766153354,1462.0153589869547,1447.7811534804932,0.009783643251665806,1465.2349171028616,1448.342203406091,2025-01-21 07:57:00+00:00,7,57,07:57,559.25,3.6633543572058898,Other,Clustering,None,Other,1.5,-1.0
2025-01-21 07:58:00+00:00,1451.5183968665608,1451.928739870919,1451.2381623650963,1451.6485053694544,265,2.385985810051915,2.488578299528065,0.9587746588099697,1454.7275879074884,3.631398361543227,1461.990384630575,1447.464791184402,0.009985095193710365,1465.2349171028616,1448.342203406091,2025-01-21 07:58:00+00:00,7,58,07:58,545.05,0.6905775058226027,Other,Clustering,None,Other,1.5,-1.0
2025-01-21 07:59:00+00:00,1451.6485053694544,1455.3461148483375,1451.4013142542592,1455.0989237331426,882,2.497329723196656,2.493017805955548,1.0017295974504503,1454.8585725236223,3.593075732048851,1462.04472398772,1447.6724210595246,0.009878831660774459,1465.2349171028616,1448.342203406091,2025-01-21 07:59:00+00:00,7,59,07:59,546.9,3.9448005940782878,Other,Clustering,None,Other,-1.0,-1.0
2025-01-21 08:00:00+00:00,1455.0989237331426,1455.5027333545072,1454.402193105061,1454.806002726426,155,2.3975590465001884,2.495662381898271,0.9606904619352148,1454.8646955228635,3.5928661000517237,1462.050427722967,1447.67896332276,0.009878213722852146,1461.2230654706664,1448.342203406091,2025-01-21 08:00:00+00:00,8,0,08:00,530.65,1.1005402494461123,London Open,Clustering,None,Other,1.5,-1.0
2025-01-21 08:01:00+00:00,1454.806002726426,1454.8985597354142,1453.8256024699724,1453.918159478961,523,2.3029446335674466,2.498200911888093,0.9218412428754278,1454.770409599631,3.591665202438357,1461.9537400045076,1447.5870791947543,0.009875551987414391,1461.2230654706664,1448.342203406091,2025-01-21 08:01:00+00:00,8,1,08:01,529.6,1.0729572654418007,London Open,Clustering,None,Other,1.5,-1.0
2025-01-21 08:02:00+00:00,1453.918159478961,1455.8454066670076,1453.8681594789607,1455.7954066670077,118,2.2796805303159813,2.50039436994011,0.9117283888183545,1454.7136088350212,3.56457155936224,1461.8427519537456,1447.5844657162968,0.00980143868239969,1461.2230654706664,1448.342203406091,2025-01-21 08:02:00+00:00,8,2,08:02,489.75,1.9772471880469311,London Open,Clustering,None,Other,-1.0,-1.0
2025-01-21 08:03:00+00:00,1455.7954066670077,1455.9586018660104,1455.0335620119918,1455.1967572109943,699,2.182920482009031,2.5019906958645035,0.8724734610792686,1454.4872312947487,3.3679497737085256,1461.2231308421658,1447.7513317473315,0.009262232630837215,1461.2230654706664,1448.342203406091,2025-01-21 08:03:00+00:00,8,3,08:03,497.65,0.9250398540186779,London Open,Clustering,None,Other,1.5,-1.0
2025-01-21 08:04:00+00:00,1455.1967572109943,1458.2121424196662,1454.9580670296907,1457.9734522383624,532,2.259431546863777,2.5020428871927214,0.9030346995366043,1454.346388533582,3.141796850280674,1460.6299822341434,1448.0627948330207,0.008641123944203029,1461.2230654706664,1448.342203406091,2025-01-21 08:04:00+00:00,8,4,08:04,498.1,3.254075389975469,London Open,Clustering,None,Other,-1.0,1.5
2025-01-21 08:05:00+00:00,1457.9734522383624,1458.743076537683,1455.9037209770129,1456.6733452763333,958,2.300854690707088,2.502071490241581,0.9195799159539343,1454.2573911965046,3.0429947372993644,1460.3433806711034,1448.1714017219058,0.008369893130942262,1461.2230654706664,1448.342203406091,2025-01-21 08:05:00+00:00,8,5,08:05,534.75,2.8393555606701284,London Open,Clustering,None,Other,-1.0,1.5
2025-01-21 08:06:00+00:00,1456.6733452763333,1457.0765291642213,1455.2335510138232,1455.6367349017112,664,2.268149223542156,2.503689244661049,0.9059228210445182,1454.0390078610117,2.75162303468595,1459.5422539303836,1448.5357617916397,0.0075695989442093,1461.2230654706664,1448.342203406091,2025-01-21 08:06:00+00:00,8,6,08:06,543.2,1.8429781503980394,London Open,Clustering,None,Other,-1.0,-1.0
2025-01-21 08:07:00+00:00,1455.6367349017112,1457.4130289011352,1455.5867349017112,1457.3630289011353,535,2.236588136105147,2.5033373036779545,0.8934425787604034,1454.0302001672176,2.7400873698942707,1459.510374907006,1448.550025427429,0.00753791047690515,1461.2230654706664,1448.342203406091,2025-01-21 08:07:00+00:00,8,7,08:07,563.45,1.8262939994240242,London Open,Clustering,None,Other,-1.0,1.5
2025-01-21 08:08:00+00:00,1457.3630289011353,1458.0617048722631,1456.884162563036,1457.5828385341638,487,2.1609420056138644,2.5015005298193596,0.8638583041874919,1454.0846212321744,2.801720689910641,1459.6880626119957,1448.481179852353,0.007707173706400997,1461.2230654706664,1448.342203406091,2025-01-21 08:08:00+00:00,8,8,08:08,545.1,1.1775423092271922,London Open,Clustering,None,Other,-1.0,1.5
2025-01-21 08:09:00+00:00,1457.5828385341638,1458.1116604132042,1457.2910521393387,1457.819874018379,831,2.0652038819175487,2.4959635415456765,0.827417487291753,1454.1558880135144,2.8805879760933575,1459.9170639657011,1448.3947120613277,0.007923739125461854,1461.2230654706664,1448.342203406091,2025-01-21 08:09:00+00:00,8,9,08:09,539.2,0.8206082738654459,London Open,Clustering,None,Other,-1.0,1.5
2025-01-21 08:10:00+00:00,1457.819874018379,1458.5733371050765,1452.897192035991,1453.6506551226887,847,2.3231282524295347,2.4925164027267,0.9320413096933434,1454.0347685093059,2.8464597083717993,1459.7276879260494,1448.3418490925624,0.00783051346506653,1461.2230654706664,1448.342203406091,2025-01-21 08:10:00+00:00,8,10,08:10,553.3,5.676145069085351,London Open,Clustering,None,Other,1.5,-1.0
2025-01-21 08:11:00+00:00,1453.6506551226887,1454.0978819880495,1452.4330232062316,1452.8802500715926,412,2.2761090045287027,2.490517422367367,0.9139100911669761,1454.0704732245945,2.826193527663281,1459.722860279921,1448.418086169268,0.007774570984570716,1461.2230654706664,1448.342203406091,2025-01-21 08:11:00+00:00,8,11,08:11,536.05,1.664858781817884,London Open,Clustering,None,Other,1.5,-1.0
2025-01-21 08:12:00+00:00,1452.8802500715926,1455.5448380794414,1452.0998972703928,1454.7644852782416,946,2.3595969905658385,2.486481431844181,0.9489702840112366,1454.3056974526105,2.6660751905841384,1459.6378478337788,1448.9735470714422,0.007332915480573543,1461.2230654706664,1448.342203406091,2025-01-21 08:12:00+00:00,8,12,08:12,551.65,3.444940809048603,London Open,Clustering,None,Other,1.5,-1.0
2025-01-21 08:13:00+00:00,1454.7644852782416,1455.224901305121,1452.5949038925091,1453.0553199193885,111,2.3789113064262666,2.480411105192108,0.9590794451156192,1454.4579112886436,2.4889988400820346,1459.4359089688076,1449.4799136084796,0.006845158792877678,1461.2230654706664,1448.342203406091,2025-01-21 08:13:00+00:00,8,13,08:13,540.45,2.6299974126118286,London Open,Clustering,None,Other,1.5,-1.0
2025-01-21 08:14:00+00:00,1453.0553199193885,1454.6768644951192,1452.9617423416817,1454.5832869174124,857,2.331497795498498,2.47335317922933,0.9426465314690591,1454.75290575141,2.085507208989391,1458.9239201693888,1450.5818913334313,0.005734326979500827,1461.2230654706664,1448.342203406091,2025-01-21 08:14:00+00:00,8,14,08:14,568.8,1.7151221534375054,London Open,Squeeze,None,Other,1.5,-1.0
2025-01-21 08:15:00+00:00,1454.5832869174124,1455.3011899496803,1454.4502216993849,1455.1681247316528,867,2.225745685126849,2.462654423740162,0.9037994383907476,1454.9546693536122,1.9041632732057971,1458.7629959000237,1451.1463428072007,0.005234976218335996,1461.2230654706664,1448.342203406091,2025-01-21 08:15:00+00:00,8,15,08:15,606.05,0.8509682502954092,London Open,Squeeze,None,Other,1.5,-1.0
2025-01-21 08:16:00+00:00,1455.1681247316528,1455.2181247316528,1454.6822614335529,1454.7322614335528,434,2.1050398003392106,2.4493936223348958,0.8594126240651234,1454.993290469858,1.8907094728484017,1458.7747094155548,1451.2118715241613,0.005197850698645611,1460.802670806664,1448.342203406091,2025-01-21 08:16:00+00:00,8,16,08:16,589.75,0.5358632980999118,London Open,Squeeze,None,Other,1.5,-1.0
2025-01-21 08:17:00+00:00,1454.7322614335528,1457.8209391127891,1454.6093570905384,1457.6980347697747,954,2.1840785304757455,2.440372657581811,0.8949774632534894,1455.3022723650188,1.7954947104009684,1458.8932617858206,1451.711282944217,0.0049350426904317644,1460.302732544339,1448.342203406091,2025-01-21 08:17:00+00:00,8,17,08:17,603.85,3.2115820222506954,London Open,Squeeze,None,Other,-1.0,-1.0
2025-01-21 08:18:00+00:00,1457.6980347697747,1458.8078596554185,1455.845314299,1456.9551391846437,537,2.239683303757375,2.432525064995665,0.9207236282933704,1455.567604055778,1.6096119373688182,1458.7868279305158,1452.3483801810403,0.0044233244347672,1458.743076537683,1448.342203406091,2025-01-21 08:18:00+00:00,8,18,08:18,617.45,2.962545356418559,London Open,Squeeze,Upside Stop Hunt,Other,-1.0,-1.0
2025-01-21 08:19:00+00:00,1456.9551391846437,1457.589824096434,1455.7301857099364,1456.364870621727,152,2.212537238238822,2.426622697678886,0.9117763714792412,1455.6309014002074,1.6150933302928978,1458.8610880607932,1452.4007147396217,0.0044381946789925795,1458.8078596554185,1448.342203406091,2025-01-21 08:19:00+00:00,8,19,08:19,580.95,1.859638386497636,London Open,Squeeze,None,Other,1.5,-1.0
2025-01-21 08:20:00+00:00,1456.364870621727,1456.9711629266772,1455.2974139274531,1455.9037062324032,414,2.174052364023479,2.421284031116667,0.8978923315414723,1455.6857865755062,1.6042004050331793,1458.8941873855726,1452.4773857654397,0.0044080952629402224,1458.8078596554185,1448.342203406091,2025-01-21 08:20:00+00:00,8,20,08:20,593.9,1.673748999224017,London Open,Squeeze,None,Other,1.5,-1.0
2025-01-21 08:21:00+00:00,1455.9037062324032,1456.4184617341546,1455.5648161195943,1456.0795716213458,684,2.079737596204678,2.4162686049805058,0.8607228484109104,1455.7938571826255,1.550767141874622,1458.8953914663748,1452.6923228988762,0.0042609525633686045,1458.8078596554185,1448.342203406091,2025-01-21 08:21:00+00:00,8,21,08:21,601.95,0.8536456145602642,London Open,Squeeze,None,Other,1.5,-1.0
2025-01-21 08:22:00+00:00,1456.0795716213458,1457.805662426542,1456.029571621346,1457.755662426542,542,2.0580485397040715,2.412971437271011,0.8529104439096281,1455.8918699706023,1.611622966225058,1459.1151159030524,1452.6686240381523,0.0044278644574272,1458.8078596554185,1448.342203406091,2025-01-21 08:22:00+00:00,8,22,08:22,623.15,1.7760908051961906,London Open,Squeeze,None,Other,-1.0,1.5
2025-01-21 08:23:00+00:00,1457.755662426542,1457.805662426542,1454.4892774534517,1454.5392774534516,737,2.147929713517381,2.410469400254691,0.8910835845045078,1455.8589959827252,1.6331105919836422,1459.1252171666924,1452.592774798758,0.004487002097016234,1458.8078596554185,1448.342203406091,2025-01-21 08:23:00+00:00,8,23,08:23,625.05,3.3163849730904076,London Open,Squeeze,None,Other,1.5,-1.0
2025-01-21 08:24:00+00:00,1454.5392774534516,1456.511475161477,1454.4622221857107,1456.434419893736,868,2.140881375106582,2.408381431548747,0.8889295304564174,1455.782044365494,1.562988202464752,1458.9080207704235,1452.6560679605643,0.004294566507436286,1458.8078596554185,1448.342203406091,2025-01-21 08:24:00+00:00,8,24,08:24,641.85,2.049252975766194,London Open,Squeeze,None,Other,1.5,-1.0
2025-01-21 08:25:00+00:00,1456.434419893736,1456.657829876902,1456.359788063667,1456.583198046833,879,2.0092499778300357,2.401234440019725,0.8367571047388153,1455.7775370040188,1.5604104365796745,1458.8983578771781,1452.6567161308594,0.004287496947620137,1458.8078596554185,1448.6105460592223,2025-01-21 08:25:00+00:00,8,25,08:25,637.9,0.2980418132349314,London Open,Squeeze,None,Other,1.5,-1.0
2025-01-21 08:26:00+00:00,1456.583198046833,1458.03448935525,1456.3429060604574,1457.7941973688742,677,1.9865595004702123,2.3934077855414295,0.8300129683169802,1455.8854101273769,1.6234643831115945,1459.1323388936,1452.6384813611537,0.004460418029656725,1458.8078596554185,1450.9074408089946,2025-01-21 08:26:00+00:00,8,26,08:26,638.55,1.6915832947925082,London Open,Squeeze,None,Other,1.5,-1.0
2025-01-21 08:27:00+00:00,1457.7941973688742,1463.390715843659,1457.4373110733864,1463.0338295481713,706,2.269905591170394,2.391788065621062,0.9490412732622197,1456.1689501597289,2.2639711202987827,1460.6968924003265,1451.6410079191312,0.006218979247017995,1458.8078596554185,1450.9074408089946,2025-01-21 08:27:00+00:00,8,27,08:27,647.1,5.953404770272755,London Open,Squeeze,None,Other,-1.0,1.5
2025-01-21 08:28:00+00:00,1463.0338295481713,1463.0838295481713,1461.8613956178217,1461.9113956178214,272,2.1950861868260483,2.3903760626842523,0.9183016099822783,1456.3853780139118,2.589711613895749,1461.5648012417032,1451.2059547861204,0.0071127097346371845,1463.390715843659,1451.2381623650963,2025-01-21 08:28:00+00:00,8,28,08:28,636.35,1.2224339303495526,London Open,Clustering,None,Other,-1.0,1.5
2025-01-21 08:29:00+00:00,1461.9113956178214,1462.3634545435757,1458.7762620625006,1459.2283209882546,839,2.2945223507009835,2.385153800366496,0.9620018425429897,1456.4558003624054,2.6492390014069755,1461.7542783652193,1451.1573223595915,0.00727585142164356,1463.390715843659,1451.4013142542592,2025-01-21 08:29:00+00:00,8,29,08:29,636.75,3.587192481075135,London Open,Clustering,None,Other,1.5,-1.0
2025-01-21 08:30:00+00:00,1459.2283209882546,1460.1175067914558,1458.7633923939748,1459.652578197176,622,2.2273503540424135,2.378841541151302,0.9363172432933173,1456.7558965161297,2.654690715697408,1462.0652779475245,1451.446515084735,0.007289322039598077,1463.390715843659,1452.0998972703928,2025-01-21 08:30:00+00:00,8,30,08:30,625.5,1.3541143974809984,London Open,Clustering,None,Other,-1.0,-1.0
2025-01-21 08:31:00+00:00,1459.652578197176,1460.8134430956889,1459.2629788373715,1460.4238437358845,760,2.179001347204908,2.3730534850599216,0.9182268165986517,1457.1330761993445,2.610587595676407,1462.3542513906973,1451.9119010079917,0.007166366993701439,1463.390715843659,1452.0998972703928,2025-01-21 08:31:00+00:00,8,31,08:31,642.9,1.5504642583173336,London Open,Normal,None,Other,-1.0,-1.0
2025-01-21 08:32:00+00:00,1460.4238437358845,1462.436214104917,1460.322100655722,1462.3344710247547,499,2.1743664973470715,2.367184227441917,0.9185455327643794,1457.51157548667,2.7915967442467156,1463.0947689751633,1451.9283819981765,0.007661268126298281,1463.390715843659,1452.0998972703928,2025-01-21 08:32:00+00:00,8,32,08:32,620.55,2.1141134491952016,London Open,Clustering,None,Other,-1.0,1.5
2025-01-21 08:33:00+00:00,1462.3344710247547,1462.7187643508262,1460.769724102725,1461.1540174287964,443,2.1582717652580845,2.36148446014034,0.9139470539348039,1457.9165103621403,2.6969472002765364,1463.3104047626935,1452.5226159615872,0.007399455815495618,1463.390715843659,1452.0998972703928,2025-01-21 08:33:00+00:00,8,33,08:33,637.15,1.9490402481012552,London Open,Clustering,None,Other,-1.0,1.5
2025-01-21 08:34:00+00:00,1461.1540174287964,1461.432174150901,1459.0576219566713,1459.3357786787756,755,2.173720367327481,2.351439883317484,0.9244209825431425,1458.1541349502086,2.595254727843022,1463.3446444058945,1452.9636254945226,0.007119287777986803,1463.390715843659,1452.0998972703928,2025-01-21 08:34:00+00:00,8,34,08:34,632.05,2.3745521942296364,London Open,Normal,None,Other,-1.0,1.5
2025-01-21 08:35:00+00:00,1459.3357786787756,1459.3857786787755,1455.9339550212017,1455.9839550212016,220,2.2650134594879376,2.344402967298815,0.9661365776625216,1458.194926464686,2.55190063215327,1463.2987277289926,1453.0911252003793,0.007000163245226106,1463.390715843659,1452.0998972703928,2025-01-21 08:35:00+00:00,8,35,08:35,599.7,3.4518236575738683,London Open,Normal,None,Other,-1.0,1.5
2025-01-21 08:36:00+00:00,1455.9839550212016,1456.465218928321,1452.519179155208,1453.0004430623276,296,2.385086767604026,2.3389652331665483,1.0197187772539216,1458.1083355461246,2.7006274986939283,1463.5095905435126,1452.7070805487367,0.007408578451566041,1463.390715843659,1452.0998972703928,2025-01-21 08:36:00+00:00,8,36,08:36,592.8,3.9460397731131707,London Open,Normal,None,Other,1.5,-1.0
2025-01-21 08:37:00+00:00,1453.0004430623276,1453.0504430623275,1452.0441358961214,1452.094135896121,905,2.286602510361322,2.3341816575431507,0.9796163477559375,1457.828140602442,3.0175491573301216,1463.8632389171023,1451.7930422877819,0.008279574452673463,1463.390715843659,1452.0998972703928,2025-01-21 08:37:00+00:00,8,37,08:37,590.35,1.0063071662061702,London Open,Normal,Range Raid,Other,1.5,-1.0
2025-01-21 08:38:00+00:00,1452.094135896121,1452.5640337726177,1451.3703217697064,1451.8402196462027,527,2.2085389026863202,2.3272625639530102,0.9489857040174143,1457.57239462552,3.299054100717265,1464.1705028269546,1450.9742864240854,0.009053558129618335,1463.390715843659,1452.0441358961214,2025-01-21 08:38:00+00:00,8,38,08:38,589.85,1.1937120029112975,London Open,Normal,Downside False Breakout,Other,1.5,-1.0
2025-01-21 08:39:00+00:00,1451.8402196462027,1456.3945598570858,1451.7902196462028,1456.344559857086,956,2.3796675675575143,2.3223795752748115,1.0246677988786237,1457.571379087288,3.29944847546095,1464.17027603821,1450.9724821363661,0.009054646716586968,1463.390715843659,1451.3703217697064,2025-01-21 08:39:00+00:00,8,39,08:39,630.05,4.604340210883038,London Open,Clustering,None,Other,-1.0,1.5
2025-01-21 08:40:00+00:00,1456.344559857086,1457.007399783502,1451.9889329206114,1452.6517728470276,578,2.5681532315098767,2.320137506275049,1.1068969940635174,1457.4087824180192,3.4620763763156788,1464.3329351706507,1450.4846296653877,0.009502004977825721,1463.390715843659,1451.3703217697064,2025-01-21 08:40:00+00:00,8,40,08:40,638.25,5.018466862890591,London Open,Clustering,None,Other,1.5,-1.0
2025-01-21 08:41:00+00:00,1452.6517728470276,1453.7082060759726,1452.326355489255,1453.3827887182,121,2.4834173283104226,2.3181158055688402,1.07130856980677,1457.2739432728617,3.5674823490223164,1464.4089079709063,1450.1389785748172,0.009792207883742531,1463.390715843659,1451.3703217697064,2025-01-21 08:41:00+00:00,8,41,08:41,610.1,1.381850586717519,London Open,Clustering,None,Other,-1.0,-1.0
2025-01-21 08:42:00+00:00,1453.3827887182,1453.7991100862346,1451.384734671446,1451.8010560394805,699,2.4784857630588597,2.3175824458163614,1.0694272247069168,1456.9762129535088,3.7680041510641327,1464.512221255637,1449.4402046513806,0.01034472386731922,1463.390715843659,1451.3703217697064,2025-01-21 08:42:00+00:00,8,42,08:42,617.95,2.4143754147885375,London Open,Clustering,None,Other,1.5,-1.0
2025-01-21 08:43:00+00:00,1451.8010560394805,1452.7225687263935,1451.3649617028252,1452.2864743897385,733,2.3984229959523935,2.3141079360497128,1.0364352321640669,1456.8635728003233,3.8767898239951895,1464.6171524483136,1449.109993152333,0.010644208274199282,1463.390715843659,1451.3703217697064,2025-01-21 08:43:00+00:00,8,43,08:43,617.75,1.3576070235683346,London Open,Clustering,Downside Stop Hunt,Other,1.5,-1.0
2025-01-21 08:44:00+00:00,1452.2864743897385,1452.3364743897382,1451.0317888516722,1451.0817888516722,843,2.320298891817651,2.310860983842713,1.0040841522016801,1456.59594124822,4.087032174466409,1464.770005597153,1448.421876899287,0.011223516580621812,1463.390715843659,1451.3649617028252,2025-01-21 08:44:00+00:00,8,44,08:44,616.5,1.3046855380659963,London Open,Clustering,Downside False Breakout,Other,1.5,-1.0
2025-01-21 08:45:00+00:00,1451.0817888516722,1454.2114856848136,1450.2074845422603,1453.3371813754018,188,2.4405633382987695,2.3088000873657335,1.0570700129708388,1456.4336404146484,4.151507844115901,1464.7366561028803,1448.1306247264165,0.011401845518849733,1463.390715843659,1451.0317888516722,2025-01-21 08:45:00+00:00,8,45,08:45,581.95,4.004001142553307,London Open,Clustering,Downside Stop Hunt,Other,1.5,-1.0
2025-01-21 08:46:00+00:00,1453.3371813754018,1455.8585447123871,1453.061191780425,1455.58255511741,603,2.4660483092747305,2.306469379861027,1.0691875343358421,1456.3230583020752,4.142806022749529,1464.6086703475742,1448.0374462565762,0.011378810488874834,1463.390715843659,1450.2074845422603,2025-01-21 08:46:00+00:00,8,46,08:46,578.25,2.797352931962223,London Open,Clustering,None,Other,1.5,-1.0
2025-01-21 08:47:00+00:00,1455.58255511741,1456.7037294064858,1454.2144599313183,1455.335634220394,737,2.4677069639813554,2.30362347143413,1.0712284340656915,1455.9381485356864,3.8324888033965814,1463.6031261424796,1448.2731709288933,0.01052926268125091,1463.390715843659,1450.2074845422603,2025-01-21 08:47:00+00:00,8,47,08:47,579.8,2.4892694751674753,London Open,Clustering,None,Other,1.5,-1.0
2025-01-21 08:48:00+00:00,1455.335634220394,1458.9874604455397,1454.8287876048455,1458.4806138299912,159,2.5884902408894144,2.3026476278593146,1.1241364981648698,1455.7666094462948,3.622062323418555,1463.0107340931318,1448.5224847994577,0.009952315982288304,1463.390715843659,1450.2074845422603,2025-01-21 08:48:00+00:00,8,48,08:48,574.15,4.15867284069418,London Open,Clustering,None,Other,1.5,-1.0
2025-01-21 08:49:00+00:00,1458.4806138299912,1460.593909942379,1458.0311717099823,1460.1444678223702,292,2.586650811711361,2.303407939373492,1.122966873342856,1455.8124167880007,3.673572797914502,1463.1595623838298,1448.4652711921717,0.010093533357874834,1463.390715843659,1450.2074845422603,2025-01-21 08:49:00+00:00,8,49,08:49,546.8,2.5627382323966685,London Open,Clustering,None,Other,1.5,-1.0
2025-01-21 08:50:00+00:00,1460.1444678223702,1463.431156728829,1459.9109725199403,1463.197661426399,882,2.653331768652594,2.3078028608082874,1.1497220207636316,1455.9896709494617,3.9441777403052276,1463.8780264300722,1448.1013154688512,0.010835730002763572,1463.390715843659,1450.2074845422603,2025-01-21 08:50:00+00:00,8,50,08:50,559.8,3.5201842088886224,London Open,Clustering,Range Raid,Other,-1.0,-1.0
2025-01-21 08:51:00+00:00,1463.197661426399,1463.553162292035,1462.74748622004,1463.102987085676,979,2.521356361748487,2.3067788051877716,1.0930204300811794,1456.1236281169513,4.143178989201461,1464.4099860953543,1447.8372701385483,0.011381393472913882,1463.431156728829,1450.2074845422603,2025-01-21 08:51:00+00:00,8,51,08:51,570.75,0.8056760719950944,London Open,Clustering,Range Raid,Other,-1.0,-1.0
2025-01-21 08:52:00+00:00,1463.102987085676,1465.2433483203718,1463.052987085676,1465.1933483203718,291,2.49771385267329,2.305809094238717,1.0832266465225007,1456.266571981732,4.409495176786364,1465.0855623353048,1447.4475816281595,0.012111780251292168,1463.553162292035,1450.2074845422603,2025-01-21 08:52:00+00:00,8,52,08:52,560.35,2.190361234695729,London Open,Normal,Range Raid,Other,-1.0,1.5
2025-01-21 08:53:00+00:00,1465.1933483203718,1465.2655461585318,1463.4336420595694,1463.5058398977294,769,2.450156013122517,2.3066115918133314,1.0622317263203984,1456.384163105179,4.574946822142391,1465.5340567494636,1447.2342694608942,0.012565219913921715,1465.2433483203718,1450.2074845422603,2025-01-21 08:53:00+00:00,8,53,08:53,576.65,1.8319040989624682,London Open,Normal,Range Raid,Other,-1.0,-1.0
2025-01-21 08:54:00+00:00,1463.5058398977294,1463.7074328780352,1461.3963649796103,1461.597957959916,649,2.4402211477869717,2.3077151417633295,1.0574187011324085,1456.497272069236,4.6785534180259365,1465.8543789052878,1447.1401652331842,0.012848780448120193,1465.2655461585318,1450.2074845422603,2025-01-21 08:54:00+00:00,8,54,08:54,571.35,2.3110678984248807,London Open,Normal,None,Other,1.5,-1.0
2025-01-21 08:55:00+00:00,1461.597957959916,1466.4348226494933,1461.5479579599162,1466.3848226494931,732,2.6149814007719825,2.311468088691099,1.1313075934579535,1457.0173154506506,5.170664414881883,1467.3586442804144,1446.6759866208868,0.014195203749607171,1465.2655461585318,1450.2074845422603,2025-01-21 08:55:00+00:00,8,55,08:55,596.95,4.8868646895771235,London Open,Normal,Range Raid,Other,-1.0,1.5
2025-01-21 08:56:00+00:00,1466.3848226494931,1466.459088026147,1463.924042302898,1463.9983076795515,681,2.6092717095203346,2.314486371912396,1.1273653373747738,1457.5672086815116,5.3040747828732915,1468.1753582472581,1446.959059115765,0.014555966273887954,1466.4348226494933,1450.2074845422603,2025-01-21 08:56:00+00:00,8,56,08:56,616.2,2.5350457232489134,London Open,Normal,Range Raid,Other,-1.0,1.5
2025-01-21 08:57:00+00:00,1463.9983076795515,1464.2383579460943,1462.8008837218508,1463.0409339883938,296,2.525571889143417,2.314639206173884,1.0911298324191987,1458.1145485861252,5.274299655883895,1468.663147897893,1447.5659492743575,0.014468821152626524,1466.459088026147,1450.2074845422603,2025-01-21 08:57:00+00:00,8,57,08:57,585.75,1.4374742242434877,London Open,Normal,None,Other,-1.0,1.5
2025-01-21 08:58:00+00:00,1463.0409339883938,1463.287380805165,1458.6351183383892,1458.8815651551604,114,2.677478358974295,2.31949741532259,1.1543355648024802,1458.4666158615732,5.064263773493939,1468.5951434085612,1448.3380883145853,0.013889282671039553,1466.459088026147,1450.2074845422603,2025-01-21 08:58:00+00:00,8,58,08:58,565.1,4.65226246677571,London Open,Normal,None,Other,-1.0,1.5
2025-01-21 08:59:00+00:00,1458.8815651551604,1459.1634444748954,1456.749838450056,1457.031717769791,314,2.6586303351075244,2.3221857588544377,1.1448827144728762,1458.5009737572084,5.0514239020753005,1468.603821561359,1448.3981259530578,0.01385374159624295,1466.459088026147,1450.2074845422603,2025-01-21 08:59:00+00:00,8,59,08:59,533.0,2.4136060248395097,London Open,Normal,None,Other,-1.0,1.5
2025-01-21 09:00:00+00:00,1457.031717769791,1457.0817177697909,1454.8103881542509,1454.8603881542508,389,2.63096599799556,2.3260758747126937,1.1310748830669701,1458.6114045225695,4.939729368767868,1468.4908632601052,1448.7319457850338,0.013546388992851007,1466.459088026147,1450.2074845422603,2025-01-21 09:00:00+00:00,9,0,09:00,523.55,2.2713296155400258,London Open,Normal,None,Other,-1.0,-1.0
2025-01-21 09:01:00+00:00,1454.8603881542508,1455.3157884401414,1452.942953887243,1453.3983541731336,600,2.61252803763148,2.331235598113761,1.1206623816766168,1458.6121827953161,4.9388633739191885,1468.4899095431545,1448.7344560474778,0.013544006918834907,1466.459088026147,1450.2074845422603,2025-01-21 09:01:00+00:00,9,1,09:01,547.5,2.372834552898439,London Open,Clustering,None,Other,1.5,-1.0
2025-01-21 09:02:00+00:00,1453.3983541731336,1454.102277124893,1453.3483541731337,1454.0522771248927,464,2.479770531497749,2.334570431466791,1.0621956391093885,1458.7247438495867,4.799138899289792,1468.3230216481663,1449.1264660510071,0.013159820369194077,1466.459088026147,1450.2074845422603,2025-01-21 09:02:00+00:00,9,2,09:02,535.75,0.7539229517592503,London Open,Clustering,None,Other,-1.0,-1.0
2025-01-21 09:03:00+00:00,1454.0522771248927,1455.308291487285,1453.9767823192328,1455.2327966816251,244,2.3977518626802103,2.338150954477977,1.0254906160306234,1458.8720599641813,4.63346687272767,1468.1389937096367,1449.605126218726,0.012704244600699138,1466.459088026147,1450.2074845422603,2025-01-21 09:03:00+00:00,9,3,09:03,511.3,1.3315091680522073,London Open,Normal,None,Other,-1.0,1.5
2025-01-21 09:04:00+00:00,1455.2327966816251,1455.5932949563105,1452.6762437191428,1453.0367419938282,995,2.4348446751436024,2.341074506615974,1.040054329011157,1458.969807621289,4.478503096206677,1467.9268138137022,1450.0128014288757,0.012278535368756931,1466.459088026147,1450.2074845422603,2025-01-21 09:04:00+00:00,9,4,09:04,518.9,2.9170512371676978,London Open,Clustering,None,Other,1.5,-1.0
2025-01-21 09:05:00+00:00,1453.0367419938282,1453.086741993828,1451.2666391649727,1451.316639164973,385,2.3909345432658573,2.3425758374919536,1.0206433896397045,1458.8687805107675,4.6323984303101025,1468.1335773713877,1449.6039836501473,0.012701343649805834,1466.459088026147,1450.2074845422603,2025-01-21 09:05:00+00:00,9,5,09:05,528.75,1.8201028288551697,London Open,Normal,None,Other,1.5,-1.0
2025-01-21 09:06:00+00:00,1451.316639164973,1453.7273316582114,1451.2666391649727,1453.6773316582114,507,2.3959172539781988,2.3447053046658874,1.021841529172302,1458.7735193378076,4.72225168836454,1468.2180227145366,1449.3290159610785,0.012948553358736912,1466.459088026147,1450.2074845422603,2025-01-21 09:06:00+00:00,9,6,09:06,523.95,2.460692493238639,London Open,Normal,None,Other,1.5,-1.0
2025-01-21 09:07:00+00:00,1453.6773316582114,1457.5732959367192,1453.5045459995156,1457.4005102780234,923,2.5154053027800147,2.349352257443802,1.070680352343963,1458.876763140689,4.6653621357605655,1468.2074874122102,1449.546038869168,0.012791655206617786,1466.459088026147,1450.2074845422603,2025-01-21 09:07:00+00:00,9,7,09:07,533.25,4.06874993720362,London Open,Clustering,None,Other,1.5,-1.0
2025-01-21 09:08:00+00:00,1457.4005102780234,1460.3179027297044,1457.2312664040198,1460.148658855701,675,2.5562075187017705,2.355940015995267,1.0850053487554099,1458.9601653919747,4.672811274985808,1468.3057879419464,1449.614542842003,0.012811347110989642,1466.459088026147,1450.2074845422603,2025-01-21 09:08:00+00:00,9,8,09:08,559.05,3.0866363256845943,London Open,Clustering,None,Other,-1.0,-1.0
2025-01-21 09:09:00+00:00,1460.148658855701,1460.3165818521488,1456.3793522278715,1456.5472752243195,509,2.654851954814307,2.36576748387688,1.1221947942507404,1458.780305762072,4.694008588819306,1468.1683229397106,1449.3922885844333,0.012871050069097686,1466.459088026147,1450.2074845422603,2025-01-21 09:09:00+00:00,9,9,09:09,569.9,3.937229624277279,London Open,Normal,None,Other,1.5,-1.0
2025-01-21 09:10:00+00:00,1456.5472752243195,1459.1982363342654,1456.4972752243195,1459.1482363342654,216,2.6581454658951325,2.3713511041013065,1.1209413322632016,1458.5778345074655,4.579376340371392,1467.7365871882082,1449.4190818267227,0.012558469577779476,1466.459088026147,1450.2074845422603,2025-01-21 09:10:00+00:00,9,10,09:10,536.6,2.7009611099458652,London Open,Normal,None,Other,1.5,-1.0
2025-01-21 09:11:00+00:00,1459.1482363342654,1463.5702083329245,1458.7891204098037,1463.2110924084627,407,2.8097842128398245,2.3802456909064915,1.1804597414352413,1458.5832397736046,4.585058997791445,1467.7533577691875,1449.4131217780218,0.01257400708513031,1466.459088026147,1450.2074845422603,2025-01-21 09:11:00+00:00,9,11,09:11,508.0,4.781087923120822,London Open,Clustering,None,Other,-1.0,-1.0
2025-01-21 09:12:00+00:00,1463.2110924084627,1463.599729222375,1459.1048884891336,1459.4935253030455,983,2.930145392868501,2.3897548309448693,1.2261280341088254,1458.2982486227384,4.322178056410881,1466.94260473556,1449.6538925099167,0.011855402173026941,1466.459088026147,1450.2074845422603,2025-01-21 09:12:00+00:00,9,12,09:12,542.6,4.49484073324129,London Open,Clustering,None,Other,1.5,-1.0
2025-01-21 09:13:00+00:00,1459.4935253030455,1461.9360784594885,1459.4231896048914,1461.8657427613343,871,2.9003413544205454,2.398445331744774,1.2092588961828294,1458.2162437659185,4.2328088937291595,1466.6818615533768,1449.7506259784602,0.011610922349342948,1466.459088026147,1450.2074845422603,2025-01-21 09:13:00+00:00,9,13,09:13,547.7,2.512888854597122,London Open,Clustering,None,Other,1.5,-1.0
2025-01-21 09:14:00+00:00,1461.8657427613343,1462.59008444987,1461.635339181809,1462.3596808703448,430,2.7613702053948517,2.4056098719097134,1.1478877924635031,1458.25432991144,4.268118163809956,1466.79056623906,1449.71809358382,0.01170747263015269,1466.459088026147,1450.2074845422603,2025-01-21 09:14:00+00:00,9,14,09:14,536.75,0.954745268060833,London Open,Normal,None,Other,1.5,-1.0
2025-01-21 09:15:00+00:00,1462.3596808703448,1462.4096808703448,1461.5922674095757,1461.6422674095757,701,2.622516152207298,2.4122227130277207,1.0871782850081972,1458.017202149444,3.909290131834391,1465.8357824131128,1450.1986218857753,0.010724949269655289,1466.459088026147,1450.2074845422603,2025-01-21 09:15:00+00:00,9,15,09:15,535.2,0.817413460769103,London Open,Normal,None,Other,1.5,-1.0
2025-01-21 09:16:00+00:00,1461.6422674095757,1461.976028835713,1461.541326531624,1461.875087957761,312,2.4662437344845545,2.41824277859681,1.0198495189616972,1457.9110411633546,3.7644646911733215,1465.4399705457013,1450.382111781008,0.01032837967444001,1466.459088026147,1451.2666391649727,2025-01-21 09:16:00+00:00,9,16,09:16,516.75,0.4347023040888871,London Open,Normal,None,Other,1.5,-1.0
2025-01-21 09:17:00+00:00,1461.875087957761,1463.2906156438708,1461.4318708523049,1462.8473985384146,505,2.4228509528475057,2.4222223189696725,1.0002595277373634,1457.9013643908556,3.750807946297254,1465.4029802834502,1450.399748498261,0.010290978629722246,1466.459088026147,1451.2666391649727,2025-01-21 09:17:00+00:00,9,17,09:17,527.2,1.8587447915658686,London Open,Normal,None,Other,1.5,-1.0
2025-01-21 09:18:00+00:00,1462.8473985384146,1465.6120415374864,1462.625017487511,1465.389660486583,601,2.463149031213783,2.4259467477606127,1.0153351607934147,1458.2267691574268,4.105828106656427,1466.4384253707397,1450.015112944114,0.011262522931268894,1466.459088026147,1451.2666391649727,2025-01-21 09:18:00+00:00,9,18,09:18,551.55,2.987024049975389,London Open,Normal,None,Other,-1.0,-1.0
2025-01-21 09:19:00+00:00,1465.389660486583,1468.6338383230402,1464.578613784562,1467.8227916210192,793,2.5768687103040926,2.4320189389617,1.0595594750607629,1458.7663228499882,4.6176537671152085,1468.0016303842187,1449.5310153157577,0.012661805238535417,1466.459088026147,1451.2666391649727,2025-01-21 09:19:00+00:00,9,19,09:19,575.5,4.0552245384781145,London Open,Normal,Upside False Breakout,Other,-1.0,1.5
2025-01-21 09:20:00+00:00,1467.8227916210192,1467.8867741932936,1464.4447026519235,1464.508685224198,449,2.638668912523091,2.439762548103361,1.0815269357152635,1459.2487377034856,4.6915137155338,1468.6317651345532,1449.865710272418,0.012860079558244857,1468.6338383230402,1451.2666391649727,2025-01-21 09:20:00+00:00,9,20,09:20,578.5,3.442071541370069,London Open,Normal,None,Other,-1.0,1.5
2025-01-21 09:21:00+00:00,1464.508685224198,1464.8341152232674,1462.758969037934,1463.0843990370035,291,2.598417289152393,2.448407209652489,1.0612684356215383,1459.7330399466791,4.553714822887873,1468.8404695924548,1450.6256103009034,0.012478212654703473,1468.6338383230402,1451.2666391649727,2025-01-21 09:21:00+00:00,9,21,09:21,563.05,2.075146185333324,London Open,Normal,None,Other,1.5,-1.0
2025-01-21 09:22:00+00:00,1463.0843990370035,1463.3992512439588,1462.9749026212703,1463.2897548282256,339,2.443126670119259,2.4548251784927424,0.9952344841188788,1460.1949138318457,4.4135119079496015,1469.0219376477448,1451.3678900159466,0.012090199373089475,1468.6338383230402,1451.2666391649727,2025-01-21 09:22:00+00:00,9,22,09:22,556.8,0.4243486226885125,London Open,Normal,None,Other,-1.0,-1.0
2025-01-21 09:23:00+00:00,1463.2897548282256,1466.8663089549743,1463.168190455028,1466.7447445817768,195,2.5327689436783336,2.4612391656620916,1.0290625059986807,1460.7705112268532,4.482445813145069,1469.7354028531433,1451.805619600563,0.012274195785566433,1468.6338383230402,1451.2666391649727,2025-01-21 09:23:00+00:00,9,23,09:23,554.35,3.698118499946304,London Open,Normal,None,Other,-1.0,1.5
2025-01-21 09:24:00+00:00,1466.7447445817768,1466.994976187947,1460.5059708186857,1460.7562024248557,435,2.8153572597914063,2.472480430406839,1.1386772672365086,1461.1564842484047,4.09726226703506,1469.3510087824748,1452.9619597143346,0.011216491351075516,1468.6338383230402,1451.2666391649727,2025-01-21 09:24:00+00:00,9,24,09:24,526.35,6.489005369261349,London Open,Clustering,None,Other,-1.0,1.5
2025-01-21 09:25:00+00:00,1460.7562024248557,1461.0272236051626,1459.1473718117152,1459.418392992022,360,2.7485354407668354,2.4848018547891186,1.106138678812319,1461.5615719397572,3.4172941959224947,1468.3961603316022,1454.7269835479121,0.009352446757031669,1468.6338383230402,1451.2666391649727,2025-01-21 09:25:00+00:00,9,25,09:25,525.1,1.8798517934474148,London Open,Clustering,None,Other,-1.0,1.5
2025-01-21 09:26:00+00:00,1459.418392992022,1460.1020746348263,1455.3937936020975,1456.0774752449022,995,2.888517268764118,2.4998344842606834,1.1554834077818499,1461.6815791190918,3.1581651075777684,1467.9979093342474,1455.3652489039362,0.008642552940924765,1468.6338383230402,1451.2666391649727,2025-01-21 09:26:00+00:00,9,26,09:26,549.5,4.708281032728792,London Open,Clustering,None,Other,-1.0,1.5
2025-01-21 09:27:00+00:00,1456.0774752449022,1456.1796528598543,1452.9874875343544,1453.0896651493067,384,2.9102064156738168,2.5105061646690743,1.1592110215182163,1461.466036862656,3.584105232564519,1468.634247327785,1454.297826397527,0.009809616213206187,1468.6338383230402,1451.2666391649727,2025-01-21 09:27:00+00:00,9,27,09:27,522.55,3.1921653254999,London Open,Clustering,None,Other,-1.0,1.5
2025-01-21 09:28:00+00:00,1453.0896651493067,1455.723726213142,1452.6057355083883,1455.2397965722237,699,2.9250481506080988,2.522672197398775,1.1595038600830616,1461.2205937484819,3.8381473939705457,1468.896888536423,1453.5442989605408,0.010506688477814283,1468.6338383230402,1451.2666391649727,2025-01-21 09:28:00+00:00,9,28,09:28,523.75,3.1179907047537654,London Open,Clustering,None,Other,-1.0,1.5
2025-01-21 09:29:00+00:00,1455.2397965722237,1455.6995470759011,1453.6194774742828,1454.0792279779605,910,2.8646925399659726,2.5321750338865248,1.1313169514862016,1461.097191386164,4.0311338950633795,1469.1594591762907,1453.0349235960373,0.011035908956170034,1468.6338383230402,1451.2666391649727,2025-01-21 09:29:00+00:00,9,29,09:29,543.8,2.0800696016183338,London Open,Clustering,None,Other,-1.0,1.5
2025-01-21 09:30:00+00:00,1454.0792279779605,1454.4634178904485,1448.6138640741603,1448.9980539866483,212,3.077896916846125,2.5463508099332532,1.208748183808501,1460.5896822687832,4.845997583749434,1470.281677436282,1450.8976871012844,0.013271345519083653,1468.6338383230402,1451.2666391649727,2025-01-21 09:30:00+00:00,9,30,09:30,543.6,5.8495538162881076,London Open,Clustering,Range Raid,Other,1.5,-1.0
2025-01-21 09:31:00+00:00,1448.9980539866483,1449.2455941647177,1448.4061879130068,1448.653728091076,971,2.9180047264793236,2.5586675329211603,1.1404391891227532,1459.8618140529138,5.482937779920741,1470.8276896127552,1448.8959384930724,0.015023169253804336,1468.6338383230402,1448.6138640741603,2025-01-21 09:31:00+00:00,9,31,09:31,571.8,0.8394062517108978,London Open,Clustering,Range Raid,Other,1.5,-1.0
2025-01-21 09:32:00+00:00,1448.653728091076,1453.6309522834804,1448.107148739957,1453.0843729323617,629,3.1041332134110435,2.5741636448555596,1.2058802942130826,1459.5413564343796,5.6890186791611,1470.9193937927018,1448.1633190760574,0.015591250372128485,1468.6338383230402,1448.4061879130068,2025-01-21 09:32:00+00:00,9,32,09:32,554.1,5.5238035435234,London Open,Clustering,Range Raid,Other,-1.0,-1.0
2025-01-21 09:33:00+00:00,1453.0843729323617,1453.2218575021004,1449.014307371824,1449.1517919415628,148,3.18294870747285,2.5912415938924727,1.2283488791531536,1458.9056588933913,6.110352683362322,1471.126364260116,1446.6849535266667,0.016753249659740482,1468.6338383230402,1448.107148739957,2025-01-21 09:33:00+00:00,9,33,09:33,517.95,4.207550130276331,London Open,Clustering,None,Other,1.5,-1.0
2025-01-21 09:34:00+00:00,1449.1517919415628,1450.8444398672232,1448.618067908564,1450.3107158342243,111,3.114621796843306,2.606923284384403,1.1947500778024587,1458.303210641585,6.341491144740408,1470.986192931066,1445.6202283521043,0.01739416356890679,1468.6338383230402,1448.107148739957,2025-01-21 09:34:00+00:00,9,34,09:34,502.0,2.2263719586592288,London Open,Clustering,None,Other,1.5,-1.0
2025-01-21 09:35:00+00:00,1450.3107158342243,1454.1308010803816,1449.9051301638967,1453.725215410054,902,3.193982448246276,2.6224061008637087,1.217958746814353,1457.907358041609,6.369129674741019,1470.645617391091,1445.1690986921271,0.01747471714059131,1468.6338383230402,1448.107148739957,2025-01-21 09:35:00+00:00,9,35,09:35,512.05,4.225670916484887,London Open,Clustering,None,Other,1.5,-1.0
2025-01-21 09:36:00+00:00,1453.725215410054,1453.843113500844,1453.499550820405,1453.6174489111947,515,2.9903810362600542,2.632494338674642,1.135949655172134,1457.4944760892809,6.366034264952166,1470.2265446191852,1444.7624075593765,0.017471172260037384,1468.6338383230402,1448.107148739957,2025-01-21 09:36:00+00:00,9,36,09:36,522.2,0.34356268043916316,London Open,Clustering,None,Other,1.5,-1.0
2025-01-21 09:37:00+00:00,1453.6174489111947,1457.9191669633117,1453.525677868651,1457.827395920768,844,3.09060304043153,2.645894347509146,1.1680750001756623,1457.2434759583982,6.241619596421223,1469.7267151512406,1444.7602367655559,0.017132674668016455,1468.6338383230402,1448.107148739957,2025-01-21 09:37:00+00:00,9,37,09:37,539.15,4.393489094660708,London Open,Clustering,None,Other,1.5,-1.0
2025-01-21 09:38:00+00:00,1457.827395920768,1458.7139361851257,1455.498733987727,1456.3852742520849,309,3.0995029802148952,2.660743748801289,1.1649009723733355,1456.7932566466734,5.9405862185071925,1468.6744290836878,1444.912084209659,0.016311405043654706,1468.6338383230402,1448.107148739957,2025-01-21 09:38:00+00:00,9,38,09:38,524.55,3.2152021973986393,London Open,Clustering,None,Other,1.5,-1.0
2025-01-21 09:39:00+00:00,1456.3852742520849,1460.214924129251,1455.717821064197,1459.5474709413634,270,3.199331557703389,2.6744048153037197,1.196277967866303,1456.3794906126907,5.395084194183325,1467.1696590010574,1445.589322224324,0.014817797775808246,1468.6338383230402,1448.107148739957,2025-01-21 09:39:00+00:00,9,39,09:39,498.4,4.497103065053807,London Open,Clustering,None,Other,-1.0,1.5
2025-01-21 09:40:00+00:00,1459.5474709413634,1462.2638658644698,1459.482422480102,1462.1988174032083,868,3.1694824024651314,2.6844269681529744,1.180692356345198,1456.2639972216411,5.234228041307626,1466.7324533042563,1445.795541139026,0.014377140549498684,1468.6338383230402,1448.107148739957,2025-01-21 09:40:00+00:00,9,40,09:40,519.35,2.781443384367776,London Open,Clustering,None,Other,-1.0,1.5
2025-01-21 09:41:00+00:00,1462.1988174032083,1462.7258455283525,1461.60043715243,1462.127465277574,526,3.0234771148549404,2.6934279645953834,1.1225386958916268,1456.2161505336696,5.172611633903988,1466.5613738014777,1445.8709272658616,0.014208362218777394,1468.6338383230402,1448.107148739957,2025-01-21 09:41:00+00:00,9,41,09:41,531.1,1.1254083759224613,London Open,Clustering,None,Other,-1.0,1.5
2025-01-21 09:42:00+00:00,1462.127465277574,1462.177465277574,1458.8193776466712,1458.8693776466712,183,3.047377866001207,2.702909499644422,1.1274435442259911,1455.995131674592,4.943837529611539,1465.882806733815,1446.1074566153688,0.013582016648436028,1468.6338383230402,1448.107148739957,2025-01-21 09:42:00+00:00,9,42,09:42,523.3,3.3580876309026735,London Open,Clustering,None,Other,-1.0,1.5
2025-01-21 09:43:00+00:00,1458.8693776466712,1459.0031454104485,1456.545166301465,1456.6789340652426,536,3.0052779547856505,2.7130237489583098,1.107722686150298,1455.4918411487654,4.256490040621725,1464.004821230009,1446.9788610675218,0.011697736587138218,1468.6338383230402,1448.107148739957,2025-01-21 09:43:00+00:00,9,43,09:43,540.35,2.457979108983409,London Open,Clustering,None,Other,-1.0,1.5
2025-01-21 09:44:00+00:00,1456.6789340652426,1456.920032400887,1451.324738617782,1451.5658369534265,358,3.1902790853798924,2.7275234188510136,1.169661482402163,1455.0323228751936,4.153079455271761,1463.338481785737,1446.7261639646501,0.01141714693200793,1468.6338383230402,1448.107148739957,2025-01-21 09:44:00+00:00,9,44,09:44,536.5,5.595293783105035,London Open,Clustering,None,Other,1.5,-1.0
2025-01-21 09:45:00+00:00,1451.5658369534265,1453.0729794497202,1451.3529427076255,1452.8600852039192,285,3.085261775145231,2.7382683927984544,1.1267200042404013,1454.7044074857886,4.046075067941481,1462.7965576216716,1446.6122573499056,0.011125490641592158,1468.6338383230402,1448.107148739957,2025-01-21 09:45:00+00:00,9,45,09:45,532.75,1.720036742094635,London Open,Clustering,None,Other,1.5,-1.0
2025-01-21 09:46:00+00:00,1452.8600852039192,1454.3893202060174,1452.364856397715,1453.8940913998129,704,3.00949049179932,2.747325762507198,1.0954254252880706,1454.595238293534,4.036521981857156,1462.6682822572484,1446.5221943298197,0.011100055535978873,1468.6338383230402,1448.107148739957,2025-01-21 09:46:00+00:00,9,46,09:46,518.2,2.024463808302471,London Open,Clustering,None,Other,1.5,-1.0
2025-01-21 09:47:00+00:00,1453.8940913998129,1454.2363294418728,1453.7246243004015,1454.0668623424615,443,2.831077252490178,2.753381933982345,1.0282181405888209,1454.6440981531919,4.023231023009543,1462.690560199211,1446.5976361071728,0.011063135039333444,1468.6338383230402,1448.107148739957,2025-01-21 09:47:00+00:00,9,47,09:47,521.15,0.5117051414713387,London Open,Clustering,None,Other,1.5,-1.0
2025-01-21 09:48:00+00:00,1454.0668623424615,1454.241736313489,1453.6243617965526,1453.7992357675796,358,2.672955628522041,2.7547896904428892,0.9702938985851615,1454.5720701129599,4.024899766638481,1462.6218696462367,1446.522270579683,0.011068271828774696,1468.6338383230402,1448.107148739957,2025-01-21 09:48:00+00:00,9,48,09:48,504.1,0.6173745169362519,London Open,Clustering,None,Other,1.5,-1.0
2025-01-21 09:49:00+00:00,1453.7992357675796,1456.9211558212612,1453.6408308885384,1456.76275094222,245,2.7163391502506675,2.7569511627518772,0.9852692303549285,1454.7062462611727,4.0522421918635345,1462.8107306448999,1446.6017618774456,0.011142434294974616,1468.6338383230402,1448.107148739957,2025-01-21 09:49:00+00:00,9,49,09:49,470.85,3.280324932722806,London Open,Clustering,None,Other,1.5,-1.0
2025-01-21 09:50:00+00:00,1456.76275094222,1457.610041810218,1456.566337353482,1457.4136282214802,849,2.596865243571057,2.756010054000518,0.9422553592653072,1455.1270249729143,3.8607200882712895,1462.8484651494568,1447.4055847963718,0.010612736955643068,1467.8867741932936,1448.107148739957,2025-01-21 09:50:00+00:00,9,50,09:50,502.7,1.0437044567361227,London Open,Clustering,None,Other,1.5,-1.0
2025-01-21 09:51:00+00:00,1457.4136282214802,1457.5063164547948,1456.1089231211345,1456.2016113544491,604,2.5111886785774367,2.755840592614334,0.9112242142406328,1455.5044191360828,3.551135242371003,1462.6066896208247,1448.402148651341,0.009759187799591099,1466.994976187947,1448.107148739957,2025-01-21 09:51:00+00:00,9,51,09:51,484.35,1.397393333660375,London Open,Clustering,None,Other,1.5,-1.0
2025-01-21 09:52:00+00:00,1456.2016113544491,1456.8005789436672,1455.924270319675,1456.5232379088934,924,2.3944115318213446,2.7541188872668014,0.8693929455592849,1455.6763623849097,3.510815973005137,1462.69799433092,1448.6547304388994,0.009647243202474485,1466.994976187947,1448.107148739957,2025-01-21 09:52:00+00:00,9,52,09:52,499.1,0.8763086239921449,London Open,Clustering,None,Other,1.5,-1.0
2025-01-21 09:53:00+00:00,1456.5232379088934,1461.1829104282742,1456.3438000041606,1461.0034725235414,405,2.569032881270794,2.756100168402606,0.9321260927754185,1456.2689464140083,3.3480215167646983,1462.9649894475376,1449.572903380479,0.009196162631934205,1466.994976187947,1448.107148739957,2025-01-21 09:53:00+00:00,9,53,09:53,511.95,4.839110424113642,London Open,Clustering,None,Other,1.5,-1.0
2025-01-21 09:54:00+00:00,1461.0034725235414,1462.4465843409105,1460.9244791189694,1462.3675909363385,105,2.4942523341758123,2.7570006881757534,0.9046977553807591,1456.871790169114,3.303907216136155,1463.4796046013864,1450.2639757368418,0.00907123670986216,1466.994976187947,1448.107148739957,2025-01-21 09:54:00+00:00,9,54,09:54,511.65,1.5221052219410467,London Open,Clustering,None,Other,-1.0,-1.0
2025-01-21 09:55:00+00:00,1462.3675909363385,1462.4175909363385,1461.4625353723109,1461.5125353723108,515,2.3843097077366533,2.753156159958498,0.8660277765619351,1457.261156167227,3.3717379610415827,1464.0046320893102,1450.5176802451438,0.009254999892839238,1462.7258455283525,1448.107148739957,2025-01-21 09:55:00+00:00,9,55,09:55,492.3,0.9550555640275888,London Open,Clustering,None,Other,1.5,-1.0
2025-01-21 09:56:00+00:00,1461.5125353723108,1461.6914793221729,1461.236099123859,1461.415043073721,404,2.246529028492166,2.747110448608028,0.8177789246262346,1457.6510358753533,3.3790513368835886,1464.4091385491204,1450.8929332015862,0.009272593381321477,1462.7258455283525,1448.107148739957,2025-01-21 09:56:00+00:00,9,56,09:56,486.75,0.4553801983138328,London Open,Clustering,None,Other,1.5,-1.0
2025-01-21 09:57:00+00:00,1461.415043073721,1462.657193275461,1461.1890289519972,1462.431179153737,545,2.1909315495615633,2.7415331096149975,0.7991628997211867,1457.8812250370015,3.544459699765392,1464.9701444365323,1450.7923056374707,0.0097249615096057,1462.7258455283525,1448.107148739957,2025-01-21 09:57:00+00:00,9,57,09:57,471.8,1.468164323463725,London Open,Clustering,None,Other,-1.0,-1.0
2025-01-21 09:58:00+00:00,1462.431179153737,1462.5045194300558,1461.4344165155828,1461.5077567919016,536,2.110872361340949,2.7320896763211087,0.7726219163432955,1458.1373491639927,3.6150458186782743,1465.3674408013492,1450.9072575266362,0.009916886967475051,1462.7258455283525,1448.107148739957,2025-01-21 09:58:00+00:00,9,58,09:58,483.15,1.0701029144729546,London Open,Clustering,None,Other,1.5,-1.0
2025-01-21 09:59:00+00:00,1461.5077567919016,1461.6377271834729,1460.2611582484808,1460.391128640052,572,2.0584221166017427,2.722086206012679,0.7561928465215385,1458.1795320489268,3.637220307465646,1465.4539726638582,1450.9050914339955,0.009977427957324057,1462.7258455283525,1448.107148739957,2025-01-21 09:59:00+00:00,9,59,09:59,498.25,1.376568934992065,London Open,Clustering,None,Other,1.5,-1.0
2025-01-21 10:00:00+00:00,1460.391128640052,1460.9675793107538,1459.789876422103,1460.3663270928046,814,1.9955136003195366,2.7114953327180786,0.7359457994416602,1458.0879075334067,3.5527422803689905,1465.1933920941447,1450.9824229726687,0.00974630476533896,1462.7258455283525,1448.107148739957,2025-01-21 10:00:00+00:00,10,0,10:00,495.55,1.177702888650856,Other,Clustering,None,Other,1.5,-1.0
2025-01-21 10:01:00+00:00,1460.3663270928046,1463.9272567659973,1460.1368336200592,1463.697763293252,265,2.123721425006578,2.703348555840997,0.7855891984102287,1458.1664224341907,3.6623744066023436,1465.4911712473954,1450.841673620986,0.010046519657169318,1462.7258455283525,1448.107148739957,2025-01-21 10:01:00+00:00,10,1,10:01,482.5,3.790423145938121,Other,Clustering,None,Other,1.5,-1.0
2025-01-21 10:02:00+00:00,1463.697763293252,1465.7673729928756,1463.3658100535758,1465.4354197531995,979,2.1435672474560916,2.6977451677736357,0.7945773652242737,1458.4947245395172,4.006805198883663,1466.5083349372844,1450.48111414175,0.010988878139819596,1463.9272567659973,1448.107148739957,2025-01-21 10:02:00+00:00,10,2,10:02,522.3,2.4015629392997653,Other,Clustering,None,Other,-1.0,-1.0
2025-01-21 10:03:00+00:00,1465.4354197531995,1465.5423735428933,1464.4285352540105,1464.5354890437045,111,2.07001517898657,2.692282889712075,0.7688698638975293,1458.8875522884402,4.19989184118988,1467.28733597082,1450.4877686060604,0.011515327098656478,1465.7673729928756,1448.618067908564,2025-01-21 10:03:00+00:00,10,3,10:03,501.05,1.1138382888827891,Other,Clustering,None,Other,1.5,-1.0
2025-01-21 10:04:00+00:00,1464.5354890437045,1466.898456307701,1464.08281697129,1466.4457842352867,576,2.1232740473740366,2.687090045915916,0.7901759937673773,1459.6315496525335,4.152307229504382,1467.9361641115422,1451.3269351935248,0.011379055845957303,1465.7673729928756,1448.618067908564,2025-01-21 10:04:00+00:00,10,4,10:04,511.95,2.8156393364110954,Other,Clustering,None,Other,-1.0,1.5
2025-01-21 10:05:00+00:00,1466.4457842352867,1466.7690563133087,1466.1413709440023,1466.4646430220243,615,2.0164462846549194,2.680848574939067,0.7521671695689679,1460.3117775434387,4.098624196518579,1468.5090259364758,1452.1145291504015,0.01122670996576734,1466.898456307701,1449.9051301638967,2025-01-21 10:05:00+00:00,10,5,10:05,528.45,0.6276853693063913,Other,Clustering,None,Other,-1.0,1.5
2025-01-21 10:06:00+00:00,1466.4646430220243,1467.272828894009,1466.4146430220244,1467.2228288940091,804,1.9337133980356171,2.673145177340024,0.7233851024731116,1460.9782144181486,4.08378603332671,1469.145786484802,1452.810642351495,0.011180963529844762,1466.898456307701,1451.324738617782,2025-01-21 10:06:00+00:00,10,6,10:06,533.45,0.8581858719846878,Other,Clustering,Upside False Breakout,Other,-1.0,1.5
2025-01-21 10:07:00+00:00,1467.2228288940091,1468.240730755231,1466.763217214,1467.7811190752218,373,1.9011276939781458,2.662907217193326,0.7139293782762408,1461.6639272547864,4.012989050873392,1469.6899053565332,1453.6379491530395,0.010981974655173738,1467.272828894009,1451.324738617782,2025-01-21 10:07:00+00:00,10,7,10:07,529.95,1.4775135412310192,Other,Clustering,Upside False Breakout,Other,-1.0,1.5
2025-01-21 10:08:00+00:00,1467.7811190752218,1468.459926385327,1462.4635643326965,1463.1423716428014,734,2.193644433881886,2.6568644991129946,0.825651603465003,1462.1310840485473,3.5684675875636795,1469.2680192236746,1454.99414887342,0.009762373911599738,1468.240730755231,1451.324738617782,2025-01-21 10:08:00+00:00,10,8,10:08,548.75,5.996362052630502,Other,Clustering,Upside Stop Hunt,Other,-1.0,1.5
2025-01-21 10:09:00+00:00,1463.1423716428014,1463.5216621665595,1456.0900952684103,1456.4693857921686,158,2.5677817527581217,2.655413329078725,0.9669988941604785,1462.1164157910448,3.592219524974785,1469.3008548409944,1454.9319767410952,0.009827451456473228,1468.459926385327,1451.324738617782,2025-01-21 10:09:00+00:00,10,9,10:09,544.4,7.431566898149185,Other,Clustering,None,Other,-1.0,1.5
2025-01-21 10:10:00+00:00,1456.4693857921686,1457.082390806558,1456.3515656799989,1456.9645706943882,494,2.436570565172471,2.6517204140666806,0.9188640522760635,1462.09396291469,3.6244200664161488,1469.3428030475225,1454.8451227818578,0.009915696688031958,1468.459926385327,1451.324738617782,2025-01-21 10:10:00+00:00,10,10,10:10,526.65,0.7308251265590116,Other,Clustering,None,Other,-1.0,1.5
2025-01-21 10:11:00+00:00,1456.9645706943882,1457.2008162630823,1454.86563386622,1455.1018794349145,438,2.429328553150321,2.6453794864051887,0.9183289451040313,1462.0389763187136,3.725452635889863,1469.4898815904933,1454.588071046934,0.010192485142277675,1468.459926385327,1451.324738617782,2025-01-21 10:11:00+00:00,10,11,10:11,518.35,2.335182396862365,Other,Clustering,None,Other,-1.0,1.5
2025-01-21 10:12:00+00:00,1455.1018794349145,1455.4798722495257,1451.15034079291,1451.5283336075215,965,2.5650573319692818,2.639294685390202,0.9718722756379344,1461.7892311036449,4.245764056530382,1470.2807592167055,1453.2977029905842,0.011617992433354566,1468.459926385327,1451.324738617782,2025-01-21 10:12:00+00:00,10,12,10:12,520.4,4.3295314566157685,Other,Clustering,Range Raid,Other,1.5,-1.0
2025-01-21 10:13:00+00:00,1451.5283336075215,1451.6009763618556,1449.667039063709,1449.7396818180428,989,2.519977329553383,2.632955284975749,0.9570908187970208,1461.22604156837,5.03009002973773,1471.2862216278454,1451.1658615088945,0.01376950557037377,1468.459926385327,1451.15034079291,2025-01-21 10:13:00+00:00,10,13,10:13,549.6,1.9339372981467022,Other,Clustering,Range Raid,Other,1.5,-1.0
2025-01-21 10:14:00+00:00,1449.7396818180428,1451.8018133202745,1449.6896818180428,1451.7518133202746,895,2.4908454847446917,2.6284465396315797,0.9476492853051617,1460.6952526875668,5.44618378053591,1471.5876202486386,1449.802885126495,0.014913949423783822,1468.459926385327,1449.667039063709,2025-01-21 10:14:00+00:00,10,14,10:14,589.1,2.112131502231705,Other,Clustering,None,Other,1.5,-1.0
2025-01-21 10:15:00+00:00,1451.7518133202746,1452.678043978016,1451.6050029508197,1452.531233608561,656,2.389573737776947,2.6245641660577403,0.9104649711674744,1460.2461875993795,5.737721467452524,1471.7216305342845,1448.7707446644745,0.015717134593270798,1468.459926385327,1449.667039063709,2025-01-21 10:15:00+00:00,10,15,10:15,596.15,1.0730410271962683,Other,Clustering,None,Other,1.5,-1.0
2025-01-21 10:16:00+00:00,1452.531233608561,1454.8480306410893,1451.8969211233348,1454.213718155863,137,2.4296834363467728,2.6239548277554445,0.9259623720066654,1459.8861213534865,5.884587431595763,1471.655296216678,1448.116946490295,0.01612341495825719,1468.459926385327,1449.667039063709,2025-01-21 10:16:00+00:00,10,16,10:16,582.8,2.951109517754503,Other,Clustering,None,Other,1.5,-1.0
2025-01-21 10:17:00+00:00,1454.213718155863,1455.331578335665,1454.0845405772368,1455.2024007570387,750,2.3452087450668735,2.6226607909591007,0.8942097099065702,1459.5246824336516,5.941761980057462,1471.4082063937665,1447.6411584735367,0.016284101397038325,1468.459926385327,1449.667039063709,2025-01-21 10:17:00+00:00,10,17,10:17,593.05,1.2470377584281778,Other,Clustering,None,Other,-1.0,-1.0
2025-01-21 10:18:00+00:00,1455.2024007570387,1455.2857794252557,1453.114773815088,1453.198152483305,280,2.332765664002643,2.620487734838915,0.8902028553650305,1459.1092022182215,6.084605657938067,1471.2784135340976,1446.9399909023455,0.016680329748281653,1468.459926385327,1449.667039063709,2025-01-21 10:18:00+00:00,10,18,10:18,580.25,2.17100561016764,Other,Clustering,None,Other,1.5,-1.0
2025-01-21 10:19:00+00:00,1453.198152483305,1455.4578900331724,1452.632111459857,1454.8918490097244,859,2.367980871810693,2.6170062708640245,0.9048434075891176,1458.8342382367052,6.147557166324522,1471.1293525693543,1446.5391239040562,0.016856081397582476,1468.459926385327,1449.667039063709,2025-01-21 10:19:00+00:00,10,19,10:19,594.6,2.825778573315347,Other,Clustering,None,Other,1.5,-1.0
2025-01-21 10:20:00+00:00,1454.8918490097244,1456.3591327071572,1454.7034088291318,1456.1706925265646,442,2.3171053722545976,2.611646878526216,0.8872200109848573,1458.6244565083935,6.164088420963886,1470.9526333503213,1446.2962796664656,0.016903839486468845,1468.459926385327,1449.667039063709,2025-01-21 10:20:00+00:00,10,20,10:20,576.0,1.6557238780253556,Other,Clustering,None,Other,1.5,-1.0
2025-01-21 10:21:00+00:00,1456.1706925265646,1456.2643580776669,1455.820435947083,1455.9141014981851,709,2.183306569278113,2.604728366528312,0.8382089270168748,1458.23527341864,6.071946051390627,1470.3791655214213,1446.0913813158586,0.01665560053874107,1468.459926385327,1449.667039063709,2025-01-21 10:21:00+00:00,10,21,10:21,598.2,0.4439221305838146,Other,Clustering,None,Other,1.5,-1.0
2025-01-21 10:22:00+00:00,1455.9141014981851,1456.3941429164474,1455.5625651412156,1456.042606559478,603,2.086754512560522,2.5987888305689992,0.8029719413961124,1457.7656327589539,5.84472988840879,1469.4550925357714,1446.0761729821363,0.016037502207668586,1468.459926385327,1449.667039063709,2025-01-21 10:22:00+00:00,10,22,10:22,579.4,0.8315777752318354,Other,Clustering,None,Other,1.5,-1.0
2025-01-21 10:23:00+00:00,1456.042606559478,1458.439814916737,1455.3772233849054,1457.7744317421646,496,2.156457156794177,2.592516967454264,0.8318005952769989,1457.427579893877,5.623915148790143,1468.6754101914573,1446.1797495962967,0.01543518244439883,1468.459926385327,1449.667039063709,2025-01-21 10:23:00+00:00,10,23,10:23,598.65,3.0625915318316856,Other,Clustering,None,Other,1.5,-1.0
2025-01-21 10:24:00+00:00,1457.7744317421646,1457.8244317421645,1456.0865604652895,1456.1365604652894,676,2.1265581653713794,2.5810369825472628,0.8239161932785048,1456.912118705377,5.211145582205148,1467.3344098697874,1446.4898275409666,0.014307371090675914,1468.459926385327,1449.667039063709,2025-01-21 10:24:00+00:00,10,24,10:24,603.65,1.737871276875012,Other,Clustering,None,Other,1.5,-1.0
2025-01-21 10:25:00+00:00,1456.1365604652894,1458.6596286106092,1455.9915913505542,1458.514659495874,881,2.165235243563061,2.571315312593867,0.8420730172445616,1456.5146195290695,4.724638842012962,1465.9638972130954,1447.0653418450436,0.012975190989955332,1468.459926385327,1449.667039063709,2025-01-21 10:25:00+00:00,10,25,10:25,616.95,2.6680372600549163,Other,Clustering,None,Other,1.5,-1.0
2025-01-21 10:26:00+00:00,1458.514659495874,1460.3471407028983,1457.9189991519477,1459.7514803589722,759,2.184014265519315,2.55957359587312,0.8532726970776182,1456.1410521023176,4.085548982914006,1464.3121500681457,1447.9699541364896,0.011222948428012434,1468.459926385327,1449.667039063709,2025-01-21 10:26:00+00:00,10,26,10:26,614.7,2.4281415509506132,Other,Clustering,None,Other,1.5,-1.0
2025-01-21 10:27:00+00:00,1459.7514803589722,1460.2372541685731,1459.2706505098313,1459.7564243194322,374,2.097056365035211,2.5460210950291438,0.8236602474070258,1455.739817364528,3.174756270649648,1462.0893299058273,1449.390304823229,0.008723416733622565,1468.459926385327,1449.667039063709,2025-01-21 10:27:00+00:00,10,27,10:27,614.75,0.9666036587418603,Other,Clustering,None,Other,1.5,-1.0
2025-01-21 10:28:00+00:00,1459.7564243194322,1463.5193111285578,1459.350239230575,1463.1131260397003,264,2.2450574745314675,2.5346879170945327,0.8857332926039023,1455.738355084373,3.1711719433696173,1462.0806989711123,1449.396011197634,0.008713576673428484,1468.459926385327,1449.667039063709,2025-01-21 10:28:00+00:00,10,28,10:28,591.25,4.169071897982803,Other,Clustering,None,Other,-1.0,1.5
2025-01-21 10:29:00+00:00,1463.1131260397003,1463.315413841504,1460.0729637316654,1460.275251533469,328,2.3162998056248436,2.5255480381888473,0.9171473955751551,1455.9286483714382,3.3276757432007504,1462.5839998578397,1449.2732968850366,0.009142414353678675,1468.459926385327,1449.667039063709,2025-01-21 10:29:00+00:00,10,29,10:29,599.75,3.242450109838728,Other,Clustering,None,Other,-1.0,-1.0
2025-01-21 10:30:00+00:00,1460.275251533469,1460.3459028530528,1459.196953380359,1459.267604699943,572,2.2329176389869163,2.5114650502245275,0.8890896724950607,1456.0438000717159,3.4043732494414924,1462.8525465705989,1449.2350535728328,0.009352392419167134,1468.459926385327,1449.667039063709,2025-01-21 10:30:00+00:00,10,30,10:30,603.65,1.1489494726938574,Other,Clustering,None,Other,1.5,-1.0
2025-01-21 10:31:00+00:00,1459.267604699943,1459.5109925599795,1457.5316009901917,1457.7749888502285,333,2.214808634044124,2.499745115350607,0.8860137861429449,1456.1774555424815,3.4178934079357224,1463.013242358353,1449.3416687266101,0.009388672774534645,1468.459926385327,1449.667039063709,2025-01-21 10:31:00+00:00,10,31,10:31,598.4,1.979391569787822,Other,Clustering,None,Other,1.5,-1.0
2025-01-21 10:32:00+00:00,1457.7749888502285,1459.2855438164768,1457.047668473895,1458.5582234401438,816,2.2164562560825205,2.484950499395132,0.8919518745431886,1456.5289500341128,3.2730210177943087,1463.0749920697015,1449.982907998524,0.008988550533699156,1468.459926385327,1449.667039063709,2025-01-21 10:32:00+00:00,10,32,10:32,590.95,2.237875342581674,Other,Clustering,None,Other,1.5,-1.0
2025-01-21 10:33:00+00:00,1458.5582234401438,1461.610836985001,1458.0948328142024,1461.1474463590596,414,2.3092811071336707,2.470389372722812,0.9347842622025324,1457.0993382611637,3.0111211050649067,1463.1215804712936,1451.0770960510338,0.008266069514953674,1468.459926385327,1449.667039063709,2025-01-21 10:33:00+00:00,10,33,10:33,562.2,3.516004170798624,Other,Clustering,None,Other,-1.0,-1.0
2025-01-21 10:34:00+00:00,1461.1474463590596,1461.1974463590595,1458.9445240326654,1458.9945240326654,279,2.305255479937989,2.4568999341077236,0.9382781316957431,1457.4614737967831,2.759128572095772,1462.9797309409746,1451.9432166525917,0.007572422658715009,1468.459926385327,1449.667039063709,2025-01-21 10:34:00+00:00,10,34,10:34,531.4,2.2529223263941276,Other,Clustering,None,Other,1.5,-1.0
2025-01-21 10:35:00+00:00,1458.9945240326654,1466.8076490590977,1458.4334181695865,1466.2465431960186,799,2.738753723478932,2.449312788694934,1.118172303725332,1458.147239276156,3.1464910217685698,1464.4402213196931,1451.8542572326187,0.008631476813906865,1468.459926385327,1449.667039063709,2025-01-21 10:35:00+00:00,10,35,10:35,538.55,8.374230889511182,Other,Clustering,None,Other,-1.0,1.5
2025-01-21 10:36:00+00:00,1466.2465431960186,1466.7774687644385,1464.2586957422027,1464.7896213106224,772,2.723040816247279,2.444857118361388,1.1137832128498115,1458.676034433894,3.333749852976634,1465.3435341398474,1452.0085347279407,0.009141851307018917,1468.459926385327,1449.667039063709,2025-01-21 10:36:00+00:00,10,36,10:36,570.3,2.5187730222357914,Other,Clustering,None,Other,-1.0,1.5
2025-01-21 10:37:00+00:00,1464.7896213106224,1465.7255816031925,1464.6463635459174,1465.5823238384874,197,2.60562490489212,2.4367741494357316,1.0692927391303326,1459.1950305879664,3.564499195813912,1466.3240289795942,1452.0660321963385,0.009771138528007903,1468.459926385327,1449.667039063709,2025-01-21 10:37:00+00:00,10,37,10:37,542.65,1.0792180572750567,Other,Clustering,None,Other,-1.0,1.5
2025-01-21 10:38:00+00:00,1465.5823238384874,1465.6469995105892,1465.5235536744945,1465.5882293465963,569,2.428326399978025,2.42558787309845,1.0011290157367405,1459.814534431131,3.5440252089608197,1466.9025848490528,1452.7264840132093,0.009710891693079165,1468.459926385327,1449.667039063709,2025-01-21 10:38:00+00:00,10,38,10:38,557.1,0.12344583609478832,Other,Clustering,None,Other,-1.0,1.5
2025-01-21 10:39:00+00:00,1465.5882293465963,1465.98882086557,1465.2891110047674,1465.689702523741,571,2.3048537900369244,2.410679910304009,0.9561011315460214,1460.3544271068317,3.576953020348619,1467.508333147529,1453.2005210661346,0.00979749286598879,1466.8076490590977,1449.667039063709,2025-01-21 10:39:00+00:00,10,39,10:39,542.7,0.6997098608026135,Other,Clustering,None,Other,-1.0,1.5
2025-01-21 10:40:00+00:00,1465.689702523741,1466.186826410748,1463.451469568524,1463.948593455531,441,2.3356040080502756,2.396781937063762,0.9744749707649942,1460.74332215328,3.520517865962503,1467.7843578852048,1453.702286421355,0.009640346288279778,1466.8076490590977,1449.667039063709,2025-01-21 10:40:00+00:00,10,40,10:40,542.65,2.735356842223837,Other,Clustering,None,Other,-1.0,-1.0
2025-01-21 10:41:00+00:00,1463.948593455531,1466.3447211442003,1463.898593455531,1466.2947211442004,640,2.3434985566659217,2.385448961093944,0.9824140423407824,1461.2623531355807,3.5362459298818596,1468.3348449953444,1454.189861275817,0.009679975460378468,1466.8076490590977,1449.667039063709,2025-01-21 10:41:00+00:00,10,41,10:41,539.2,2.4461276886693213,Other,Clustering,None,Other,-1.0,1.5
2025-01-21 10:42:00+00:00,1466.2947211442004,1466.3515026529024,1464.3609916245264,1464.4177731332284,567,2.3182851617880686,2.3732974160237257,0.9768203286009447,1461.6811114642683,3.3779425421345075,1468.4369965485373,1454.9252263799992,0.009243993140885833,1466.8076490590977,1449.667039063709,2025-01-21 10:42:00+00:00,10,42,10:42,537.4,1.9905110283759768,Other,Clustering,None,Other,-1.0,1.5
2025-01-21 10:43:00+00:00,1464.4177731332284,1464.4941039599305,1460.4609160798636,1460.5372469065658,937,2.440778213093697,2.3638890869955262,1.0325265371041141,1461.8192522224883,3.264353267412533,1468.3479587573133,1455.2905456876633,0.008932303395100366,1466.8076490590977,1449.667039063709,2025-01-21 10:43:00+00:00,10,43,10:43,559.45,4.033187880066862,Other,Clustering,None,Other,-1.0,-1.0
2025-01-21 10:44:00+00:00,1460.5372469065658,1460.915848649629,1457.7026339109054,1458.0812356539686,218,2.4959522506386853,2.352316973083173,1.061061191667231,1461.9164859819223,3.111563636489527,1468.1396132549014,1455.6933587089432,0.008513656330784523,1466.8076490590977,1449.6896818180428,2025-01-21 10:44:00+00:00,10,44,10:44,536.55,3.2132147387235364,Other,Clustering,None,Other,1.5,-1.0
2025-01-21 10:45:00+00:00,1458.0812356539686,1461.7589254717352,1457.5680562601513,1461.2457460779178,445,2.6170177478490624,2.3445129059615706,1.1162308986205933,1462.0530403110247,3.012773367340949,1468.0785870457066,1456.0274935763427,0.008242582954993364,1466.8076490590977,1451.6050029508197,2025-01-21 10:45:00+00:00,10,45,10:45,514.75,4.1908692115839585,Other,Clustering,None,Other,-1.0,-1.0
2025-01-21 10:46:00+00:00,1461.2457460779178,1464.039184578416,1461.195746077918,1463.989184578416,462,2.6331906587525578,2.338241242077457,1.126141568015902,1462.2649255219967,2.9913281107300467,1468.2475817434567,1456.2822693005367,0.008182725465188011,1466.8076490590977,1451.8969211233348,2025-01-21 10:46:00+00:00,10,46,10:46,499.9,2.843438500497996,Other,Clustering,None,Other,-1.0,1.5
2025-01-21 10:47:00+00:00,1463.989184578416,1464.1394097021075,1459.437731509793,1459.5879566334845,529,2.780939768292704,2.337405617340833,1.189754892202433,1462.2565021376995,2.998991045541897,1468.2544842287832,1456.2585200466158,0.008203734546319546,1466.8076490590977,1452.632111459857,2025-01-21 10:47:00+00:00,10,47,10:47,507.65,4.701678192314603,Other,Clustering,None,Other,-1.0,1.5
2025-01-21 10:48:00+00:00,1459.5879566334845,1462.080584848174,1458.8779810278622,1461.3706092425516,754,2.811058629151217,2.3397073340179855,1.2014573738689696,1462.1693762978418,2.998106261997785,1468.1655888218374,1456.1731637738462,0.00820180291174993,1466.8076490590977,1452.632111459857,2025-01-21 10:48:00+00:00,10,48,10:48,532.15,3.2026038203118787,Other,Clustering,None,Other,-1.0,1.5
2025-01-21 10:49:00+00:00,1461.3706092425516,1461.7145364128264,1456.688625783666,1457.032552953941,719,2.9692623434375807,2.343922720571101,1.2667919114304735,1462.0072413688654,3.18762139290812,1468.3824841546816,1455.6319985830492,0.008721219164204876,1466.8076490590977,1452.632111459857,2025-01-21 10:49:00+00:00,10,49,10:49,551.7,5.0259106291603075,Other,Clustering,None,Other,-1.0,-1.0
2025-01-21 10:50:00+00:00,1457.032552953941,1457.4361214526289,1456.5694778715083,1456.9730463701962,949,2.8190752889863657,2.3476262213280226,1.2008194760201862,1461.8925134523781,3.3295481996061924,1468.5516098515905,1455.2334170531658,0.009110240784373856,1466.8076490590977,1454.7034088291318,2025-01-21 10:50:00+00:00,10,50,10:50,570.55,0.8666435811205702,Other,Clustering,None,Other,-1.0,-1.0
2025-01-21 10:51:00+00:00,1456.9730463701962,1457.7028370788958,1453.6061529028314,1454.3359436115309,248,2.910333066634797,2.3542786277956456,1.2361888827745913,1461.7205611904433,3.6287472128399587,1468.9780556161231,1454.4630667647634,0.009930070929246913,1466.8076490590977,1455.3772233849054,2025-01-21 10:51:00+00:00,10,51,10:51,566.3,4.0966841760644,Other,Clustering,Downside False Breakout,Other,1.5,-1.0
2025-01-21 10:52:00+00:00,1454.3359436115309,1456.4354952843516,1454.1809341800852,1456.280485852906,331,2.8634922121799176,2.3620966391349545,1.212267171773541,1461.6066743110814,3.766353503579036,1469.1393813182394,1454.0739673039234,0.010307433784411959,1466.8076490590977,1453.6061529028314,2025-01-21 10:52:00+00:00,10,52,10:52,542.05,2.254561104266486,Other,Clustering,None,Other,-1.0,-1.0
2025-01-21 10:53:00+00:00,1456.280485852906,1457.635132578774,1456.13795606718,1457.492602793048,466,2.7658982335666242,2.365377728339886,1.1693262350566898,1461.423932132781,3.8768527362550556,1469.177637605291,1453.6702266602708,0.01061116531901109,1466.8076490590977,1453.6061529028314,2025-01-21 10:53:00+00:00,10,53,10:53,544.65,1.497176511593807,Other,Clustering,None,Other,-1.0,1.5
2025-01-21 10:54:00+00:00,1457.492602793048,1459.9690906561884,1457.1592833800069,1459.6357712431472,757,2.7690345937534064,2.3699574326661783,1.1683900122367474,1461.4559944933048,3.858310861562744,1469.1726162164302,1453.7393727701794,0.010560183477574769,1466.8076490590977,1453.6061529028314,2025-01-21 10:54:00+00:00,10,54,10:54,568.55,2.809807276181573,Other,Clustering,None,Other,-1.0,1.5
2025-01-21 10:55:00+00:00,1459.6357712431472,1459.9173782458436,1458.7078934706194,1458.9895004733155,128,2.657638178144174,2.374512907172971,1.1192350945391507,1461.0931423571697,3.722942340961482,1468.5390270390926,1453.6472576752467,0.010192210840043472,1466.8076490590977,1453.6061529028314,2025-01-21 10:55:00+00:00,10,55,10:55,535.0,1.2094847752241549,Other,Clustering,None,Other,-1.0,1.5
2025-01-21 10:56:00+00:00,1458.9895004733155,1459.1854048547443,1458.3749358000216,1458.5708401814504,303,2.525697526471213,2.3791657154726216,1.0615895774075925,1460.782203300711,3.6570773741088405,1468.0963580489288,1453.4680485524932,0.01001402499522665,1466.8076490590977,1453.6061529028314,2025-01-21 10:56:00+00:00,10,56,10:56,511.55,0.8104690547227165,Other,Clustering,None,Other,-1.0,1.5
2025-01-21 10:57:00+00:00,1458.5708401814504,1458.7995689664456,1455.0656626437124,1455.2943914287075,101,2.611998154775642,2.3861834922261895,1.094634240528912,1460.2678066802223,3.6698840350692006,1467.6075747503608,1452.9280386100838,0.010052632861673114,1466.8076490590977,1453.6061529028314,2025-01-21 10:57:00+00:00,10,57,10:57,506.75,3.733906322733219,Other,Clustering,None,Other,-1.0,-1.0
2025-01-21 10:58:00+00:00,1455.2943914287075,1455.7621786571992,1452.5788541657591,1453.0466413942509,155,2.6528071788231027,2.3952157391842253,1.107544149541456,1459.640727282605,3.782693882091399,1467.2061150467878,1452.0753395184222,0.010366095742295675,1466.8076490590977,1453.6061529028314,2025-01-21 10:58:00+00:00,10,58,10:58,486.05,3.1833244914400893,Other,Clustering,Downside False Breakout,Other,1.5,-1.0
2025-01-21 10:59:00+00:00,1453.0466413942509,1455.322440682076,1452.8397085317854,1455.115507819611,482,2.6406589624993475,2.404919686615852,1.0980237623715503,1459.1120175473984,3.6285673346896594,1466.3691522167778,1451.854882878019,0.009947330406582258,1466.8076490590977,1452.5788541657591,2025-01-21 10:59:00+00:00,10,59,10:59,481.6,2.4827321502905306,Other,Clustering,None,Other,1.5,-1.0
2025-01-21 11:00:00+00:00,1455.115507819611,1456.260045262402,1454.7728106388822,1455.9173480816737,334,2.5582715097150888,2.4142989851057783,1.0596332622833797,1458.7104552787055,3.507525132240375,1465.7255055431863,1451.6954050142247,0.009618153128463714,1466.8076490590977,1452.5788541657591,2025-01-21 11:00:00+00:00,11,0,11:00,476.25,1.4872346235197256,Other,Clustering,None,Other,1.5,-1.0
2025-01-21 11:01:00+00:00,1455.9173480816737,1456.44185750277,1455.6207111857657,1456.1452206068625,834,2.434191138807181,2.419473480335788,1.0060830005333847,1458.2029802518387,3.057868544368192,1464.318717340575,1452.0872431631024,0.008388046344110583,1466.8076490590977,1452.5788541657591,2025-01-21 11:01:00+00:00,11,1,11:01,485.95,0.8211463170043771,Other,Clustering,None,Other,1.5,-1.0
2025-01-21 11:02:00+00:00,1456.1452206068625,1459.1310621379662,1455.9187215843149,1458.9045631154188,199,2.4897732398674752,2.425243580209311,1.0266074963293357,1457.9273197509483,2.695116776876954,1463.3175533047022,1452.5370861971944,0.007394378966263803,1466.8076490590977,1452.5788541657591,2025-01-21 11:02:00+00:00,11,2,11:02,467.55,3.212340553651302,Other,Squeeze,None,Other,-1.0,1.5
2025-01-21 11:03:00+00:00,1458.9045631154188,1460.004482281257,1454.9622414453374,1456.0621606111756,445,2.6720923538711934,2.4352781997907216,1.0972431626500918,1457.7035654361787,2.652458773633104,1463.008482983445,1452.3986478889124,0.007278458629109492,1466.8076490590977,1452.5788541657591,2025-01-21 11:03:00+00:00,11,3,11:03,442.95,5.042240835919529,Other,Squeeze,None,Other,1.5,-1.0
2025-01-21 11:04:00+00:00,1456.0621606111756,1458.1008452075164,1455.5971960033687,1457.6358805997097,165,2.6600607003195136,2.4442246440064794,1.0883045086883847,1457.6812976834658,2.6509903090822746,1462.9832783016304,1452.3793170653012,0.007274540225755102,1466.8076490590977,1452.5788541657591,2025-01-21 11:04:00+00:00,11,4,11:04,440.3,2.5036492041476777,Other,Squeeze,None,Other,1.5,-1.0
2025-01-21 11:05:00+00:00,1457.6358805997097,1457.6859539096963,1455.0099145019228,1455.05998781191,597,2.6612020365662263,2.4549705732050016,1.0840056763254748,1457.3720097701655,2.5729364299423283,1462.51788263005,1452.226136910281,0.007061852190637416,1466.8076490590977,1452.5788541657591,2025-01-21 11:05:00+00:00,11,5,11:05,447.9,2.6760394077734873,Other,Squeeze,None,Other,1.5,-1.0
2025-01-21 11:06:00+00:00,1455.05998781191,1458.3531551909782,1454.9959910447517,1458.2891584238198,680,2.710913615827676,2.4679239101682025,1.0984591561588755,1457.0870084624355,2.0674123144375756,1461.2218330913106,1452.9521838335604,0.005675467017221288,1466.7774687644385,1452.5788541657591,2025-01-21 11:06:00+00:00,11,6,11:06,458.8,3.3571641462265234,Other,Squeeze,None,Other,1.5,-1.0
2025-01-21 11:07:00+00:00,1458.2891584238198,1460.1342375408774,1457.635566966023,1459.4806460830805,524,2.6957533986153055,2.481167671912155,1.086485782130869,1457.0816429349152,2.0607084040874803,1461.20305974309,1452.9602261267403,0.005657084252154008,1466.3515026529024,1452.5788541657591,2025-01-21 11:07:00+00:00,11,7,11:07,458.55,2.4986705748544864,Other,Squeeze,None,Other,1.5,-1.0
2025-01-21 11:08:00+00:00,1459.4806460830805,1462.1988998838729,1458.8754270359857,1461.5936808367778,203,2.7405905021347237,2.490283439716369,1.1005134830944638,1457.0927965146268,2.085597597053241,1461.2639917087333,1452.9216013205203,0.005725366571139532,1466.3515026529024,1452.5788541657591,2025-01-21 11:08:00+00:00,11,8,11:08,431.0,3.3234728478871602,Other,Squeeze,None,Other,1.5,-1.0
2025-01-21 11:09:00+00:00,1461.5936808367778,1461.7200420554386,1459.9298451188708,1460.0562063375316,486,2.6727052474513706,2.492032164627923,1.0725003013155023,1457.2439791838062,2.18807382130916,1461.6201268264244,1452.867831541188,0.00600606035108721,1466.3515026529024,1452.5788541657591,2025-01-21 11:09:00+00:00,11,9,11:09,419.35,1.7901969365677814,Other,Squeeze,None,Other,1.5,-1.0
2025-01-21 11:10:00+00:00,1460.0562063375316,1465.133682095182,1459.765539356432,1464.8430151140822,866,2.8652364968298327,2.499176596822212,1.1464722022737723,1457.6374776210005,2.767678069020089,1463.1728337590407,1452.1021214829602,0.007594969562767358,1466.3515026529024,1452.5788541657591,2025-01-21 11:10:00+00:00,11,10,11:10,415.2,5.368142738749839,Other,Squeeze,None,Other,1.5,-1.0
2025-01-21 11:11:00+00:00,1464.8430151140822,1469.7373852325147,1464.346594219587,1469.2409643380197,650,3.045633247979689,2.509448341736035,1.2136664450612764,1458.3827286573248,3.686201803698189,1465.7551322647212,1451.0103250499285,0.010110382497718985,1466.3515026529024,1452.5788541657591,2025-01-21 11:11:00+00:00,11,11,11:11,435.3,5.390791012927821,Other,Clustering,None,Other,1.5,-1.0
2025-01-21 11:12:00+00:00,1469.2409643380197,1470.3816827664486,1469.0490478656618,1470.189766294091,624,2.9232762231802,2.5154186565895507,1.1621430156456063,1459.0781926793843,4.492607377046711,1468.0634074334778,1450.0929779252908,0.012316289557578049,1469.7373852325147,1452.5788541657591,2025-01-21 11:12:00+00:00,11,12,11:12,449.95,1.332634900786843,Other,Clustering,Range Raid,Other,1.5,-1.0
2025-01-21 11:13:00+00:00,1470.189766294091,1472.9832291243356,1469.9903759425388,1472.7838387727834,954,2.9282460059385302,2.522223134529303,1.1609781727281632,1459.842754478371,5.41502026288551,1470.672795004142,1449.0127139526,0.014837269962874539,1470.3816827664486,1452.5788541657591,2025-01-21 11:13:00+00:00,11,13,11:13,474.35,2.992853181796818,Other,Clustering,Range Raid,Other,-1.0,-1.0
2025-01-21 11:14:00+00:00,1472.7838387727834,1472.8421743615493,1472.058733179482,1472.117068768248,286,2.775045661376295,2.5269598041398296,1.0981756246498402,1460.4668193546258,6.069567115115833,1472.6059535848576,1448.327685124394,0.016623635770918792,1472.9832291243356,1452.5788541657591,2025-01-21 11:14:00+00:00,11,14,11:14,450.8,0.7834411820672358,Other,Clustering,None,Other,-1.0,-1.0
2025-01-21 11:15:00+00:00,1472.117068768248,1472.602009202607,1468.8337621242756,1469.3187025586346,595,2.845988619730227,2.5345667188390513,1.1228698769602015,1460.983279458892,6.369301369303337,1473.7218821974986,1448.2446767202853,0.01743839634266686,1472.9832291243356,1452.5788541657591,2025-01-21 11:15:00+00:00,11,15,11:15,474.15,3.768247078331342,Other,Clustering,None,Other,1.5,-1.0
2025-01-21 11:16:00+00:00,1469.3187025586346,1471.1236546170703,1469.268702558635,1471.0736546170704,379,2.7752002939234535,2.5403253331319955,1.0924586145436255,1461.608420180673,6.723766910436748,1475.0559540015465,1448.1608863597994,0.01840100759574343,1472.9832291243356,1452.5788541657591,2025-01-21 11:16:00+00:00,11,16,11:16,477.95,1.8549520584354013,Other,Clustering,None,Other,1.5,-1.0
2025-01-21 11:17:00+00:00,1471.0736546170704,1471.4318022009484,1468.688345770449,1469.046493354327,863,2.7729328751074545,2.547454068632672,1.0885114315705038,1462.296025276954,6.7472167592855055,1475.790458795525,1448.801591758383,0.018456500305422337,1472.9832291243356,1452.5788541657591,2025-01-21 11:17:00+00:00,11,17,11:17,516.05,2.7434564304994637,Other,Clustering,None,Other,1.5,-1.0
2025-01-21 11:18:00+00:00,1469.046493354327,1472.1983257536,1468.7846613899237,1471.9364937891964,795,2.8186994100052356,2.5555529643993817,1.1029704526854522,1463.2405178967012,6.7063204700346075,1476.6531588367704,1449.827876956632,0.018332790509859396,1472.9832291243356,1452.5788541657591,2025-01-21 11:18:00+00:00,11,18,11:18,548.05,3.4136643636763893,Other,Clustering,None,Other,1.5,-1.0
2025-01-21 11:19:00+00:00,1471.9364937891964,1474.6868966712018,1471.5014810321054,1474.2518839141107,401,2.8448934263688894,2.5635015069753515,1.1097685796664694,1464.1973367014261,6.849680357520938,1477.896697416468,1450.4979759863843,0.018712451350176677,1472.9832291243356,1452.5788541657591,2025-01-21 11:19:00+00:00,11,19,11:19,544.0,3.185415639096391,Other,Clustering,None,Other,1.5,-1.0
2025-01-21 11:20:00+00:00,1474.2518839141107,1474.8221418445924,1474.2018839141108,1474.7721418445924,860,2.6859908909483656,2.5696495989535815,1.0452751581546997,1465.1400763895722,6.946932033503318,1479.0339404565789,1451.2462123225655,0.018965919082964723,1474.6868966712018,1452.5788541657591,2025-01-21 11:20:00+00:00,11,20,11:20,570.3,0.6202579304815572,Other,Clustering,None,Other,1.5,-1.0
2025-01-21 11:21:00+00:00,1474.7721418445924,1475.2188260445216,1474.7221418445924,1475.1688260445217,350,2.529611841589852,2.57542135349211,0.9822128088515911,1466.091256661455,6.952890121461879,1479.9970369043788,1452.1854764185312,0.01896986995828581,1474.8221418445924,1452.5788541657591,2025-01-21 11:21:00+00:00,11,21,11:21,546.1,0.49668419992917734,Other,Clustering,None,Other,1.5,-1.0
2025-01-21 11:22:00+00:00,1475.1688260445217,1477.8002961845627,1474.7280322069553,1477.3595023469964,494,2.5683727084482526,2.583448323423573,0.9941645378238717,1467.014003623034,7.170137256940563,1481.354278136915,1452.6737291091529,0.01955028987925859,1475.2188260445216,1452.5788541657591,2025-01-21 11:22:00+00:00,11,22,11:22,560.85,3.072263977607463,Other,Clustering,Upside False Breakout,Other,-1.0,1.5
2025-01-21 11:23:00+00:00,1477.3595023469964,1478.0180723097433,1477.3095023469964,1477.968072309743,171,2.4355296551838688,2.588099531730067,0.9410494555268477,1468.1092992079623,7.081710336281833,1482.272719880526,1453.9458785353986,0.019294776867369186,1477.8002961845627,1452.5788541657591,2025-01-21 11:23:00+00:00,11,23,11:23,547.15,0.7085699627468784,Other,Clustering,Upside False Breakout,Other,-1.0,1.5
2025-01-21 11:24:00+00:00,1477.968072309743,1478.0243909278286,1477.015353359744,1477.0716719778293,498,2.3336373632482013,2.5915508516946812,0.9004790941000352,1469.0810887768682,6.900060768040204,1482.8812103129487,1455.2809672407877,0.01878741975716295,1478.0180723097433,1452.5788541657591,2025-01-21 11:24:00+00:00,11,24,11:24,563.8,1.0090375680845227,Other,Clustering,Upside Stop Hunt,Other,-1.0,1.5
2025-01-21 11:25:00+00:00,1477.0716719778293,1477.4397857212653,1473.3518132810034,1473.7199270244394,625,2.45894701160632,2.596446047828735,0.9470433686317504,1470.0140857374947,6.122107544305244,1482.2583008261051,1457.7698706488843,0.01665863641363353,1478.0243909278286,1452.5788541657591,2025-01-21 11:25:00+00:00,11,25,11:25,565.2,4.087972440261865,Other,Clustering,None,Other,1.5,-1.0
2025-01-21 11:26:00+00:00,1473.7199270244394,1476.248053180615,1473.3130505107235,1475.8411766668992,686,2.4929509871981153,2.601594993190049,0.9582394622236279,1470.8916866496488,5.587585938887973,1482.0668585274248,1459.7165147718729,0.01519509829201686,1478.0243909278286,1452.5788541657591,2025-01-21 11:26:00+00:00,11,26,11:26,565.5,2.935002669891446,Other,Clustering,None,Other,1.5,-1.0
2025-01-21 11:27:00+00:00,1475.8411766668992,1477.0415314833883,1475.4522534833618,1476.652608299851,763,2.428402916685859,2.6071174357175595,0.9314512969061891,1471.7502847604874,5.033748069901827,1481.817780900291,1461.6827886206838,0.013680984123528722,1478.0243909278286,1452.5788541657591,2025-01-21 11:27:00+00:00,11,27,11:27,577.45,1.5892780000265248,Other,Clustering,None,Other,1.5,-1.0
2025-01-21 11:28:00+00:00,1476.652608299851,1483.0594048188154,1476.3621729919455,1482.76896951091,773,2.733319267413293,2.61525513226559,1.0451444043416998,1472.8090491941937,5.011927567196144,1482.832904328586,1462.7851940598014,0.013611886944715037,1478.0243909278286,1452.5788541657591,2025-01-21 11:28:00+00:00,11,28,11:28,605.95,6.697231826869938,Other,Clustering,None,Other,1.5,-1.0
2025-01-21 11:29:00+00:00,1482.76896951091,1482.91740574427,1482.4072274916923,1482.5556637250522,665,2.5745234806393142,2.6195588601824977,0.9828080291579911,1473.93402206357,4.497479736281054,1482.9289815361321,1464.9390625910078,0.01220537600450916,1483.0594048188154,1452.8397085317854,2025-01-21 11:29:00+00:00,11,29,11:29,614.9,0.5101782525775889,Other,Clustering,None,Other,1.5,-1.0
2025-01-21 11:30:00+00:00,1482.5556637250522,1483.92226388918,1481.8608936288329,1483.2274937929606,455,2.5378696791898685,2.62464139418588,0.9669395921331468,1474.8532459975138,4.419704158956133,1483.6926543154261,1466.0138376796015,0.011986831017799083,1483.0594048188154,1454.7728106388822,2025-01-21 11:30:00+00:00,11,30,11:30,594.35,2.0613702603470756,Lunch Session,Clustering,None,Other,1.5,-1.0
2025-01-21 11:31:00+00:00,1483.2274937929606,1484.0712041498923,1483.1081539985375,1483.9518643554695,865,2.42538257005879,2.628150959786125,0.9228475103485546,1475.5887909983862,4.654418013440569,1484.8976270252674,1466.279954971505,0.012617114041077534,1483.92226388918,1454.9622414453374,2025-01-21 11:31:00+00:00,11,31,11:31,605.1,0.9630501513547642,Lunch Session,Clustering,Upside False Breakout,Other,1.5,-1.0
2025-01-21 11:32:00+00:00,1483.9518643554695,1485.6941124840037,1483.6588601064386,1485.4011082349728,383,2.3975161277378074,2.631168624313713,0.9111982050801289,1476.3493580954305,4.958625602472177,1486.2666093003747,1466.4321068904862,0.013434829839649925,1484.0712041498923,1454.9622414453374,2025-01-21 11:32:00+00:00,11,32,11:32,593.05,2.0352523775650297,Lunch Session,Clustering,Upside False Breakout,Other,-1.0,-1.0
2025-01-21 11:33:00+00:00,1485.4011082349728,1485.8221497752795,1482.8273236102582,1483.248365150565,289,2.4401811304009158,2.633350291368167,0.9266450948054885,1476.8725844143196,5.112314565599707,1487.097213545519,1466.6479552831202,0.013846325321631176,1485.6941124840037,1454.9622414453374,2025-01-21 11:33:00+00:00,11,33,11:33,559.8,2.9948261650213226,Lunch Session,Clustering,Upside Stop Hunt,Other,1.5,-1.0
2025-01-21 11:34:00+00:00,1483.248365150565,1483.298365150565,1483.0265810028525,1483.0765810028524,350,2.285295631637452,2.6330176272298247,0.8679378398396034,1477.4205600260498,5.162866112031361,1487.7462922501124,1467.094827801987,0.013978054053722678,1485.8221497752795,1454.9959910447517,2025-01-21 11:34:00+00:00,11,34,11:34,563.0,0.2717841477124239,Lunch Session,Clustering,None,Other,1.5,-1.0
2025-01-21 11:35:00+00:00,1483.0765810028524,1484.9689478572038,1483.0265810028525,1484.918947857204,698,2.260800718974159,2.6250517438214116,0.8612404400390998,1478.200572290978,5.051658853649682,1488.3038899982773,1468.0972545836787,0.013669752125235293,1485.8221497752795,1454.9959910447517,2025-01-21 11:35:00+00:00,11,35,11:35,568.15,1.9423668543513486,Lunch Session,Clustering,None,Other,1.5,-1.0
2025-01-21 11:36:00+00:00,1484.918947857204,1486.0023703626723,1483.0945202216549,1484.1779427271235,675,2.307018534834393,2.618118039131197,0.8811743780658415,1478.8557866964807,4.926917311837038,1488.7096213201548,1469.0019520728065,0.013326295521601889,1485.8221497752795,1454.9959910447517,2025-01-21 11:36:00+00:00,11,36,11:36,582.95,2.907850141017434,Lunch Session,Clustering,Upside Stop Hunt,Other,1.5,-1.0
2025-01-21 11:37:00+00:00,1484.1779427271235,1486.9059610536249,1483.2101384267066,1485.9381567532075,546,2.4062188271260965,2.614794604501763,0.9202324431079321,1479.7003698664248,4.5933996404710795,1488.8871691473669,1470.5135705854827,0.0124171075009887,1486.0023703626723,1457.635566966023,2025-01-21 11:37:00+00:00,11,37,11:37,567.1,3.6958226269182433,Lunch Session,Clustering,Upside Sweep,Other,1.5,-1.0
2025-01-21 11:38:00+00:00,1485.9381567532075,1486.2744629697447,1485.817437095059,1486.153743311596,914,2.2669907590946443,2.6121056771537066,0.867878653961995,1480.4112323425447,4.425695501484869,1489.2626233455144,1471.559841339575,0.011958016542421871,1486.9059610536249,1458.8754270359857,2025-01-21 11:38:00+00:00,11,38,11:38,573.05,0.45702587468576894,Lunch Session,Clustering,None,Other,1.5,-1.0
2025-01-21 11:39:00+00:00,1486.153743311596,1487.29876159206,1485.9048583886104,1487.0498766690746,384,2.2046273622628525,2.610435236690806,0.8445439792092343,1481.0511319802931,4.413456857746828,1489.8780456957868,1472.2242182647994,0.01191979604875806,1486.9059610536249,1459.765539356432,2025-01-21 11:39:00+00:00,11,39,11:39,572.2,1.393903203449554,Lunch Session,Clustering,Upside False Breakout,Other,-1.0,-1.0
2025-01-21 11:40:00+00:00,1487.0498766690746,1489.7114624630171,1486.95820487057,1489.6197906645125,208,2.243815235847449,2.6089054238207585,0.8600600141960559,1481.793514421289,4.54837731629763,1490.8902690538844,1472.6967597886937,0.012278032727316986,1487.29876159206,1459.765539356432,2025-01-21 11:40:00+00:00,11,40,11:40,539.6,2.7532575924471985,Lunch Session,Clustering,Upside False Breakout,Other,-1.0,1.5
2025-01-21 11:41:00+00:00,1489.6197906645125,1490.042140404982,1488.6895174475385,1489.111867188008,538,2.1801586445328884,2.606183091951875,0.8365331857402544,1482.4906664784635,4.548095953999546,1491.5868583864626,1473.3944745704644,0.012271499731740496,1489.7114624630171,1464.346594219587,2025-01-21 11:41:00+00:00,11,41,11:41,549.0,1.3526229574436002,Lunch Session,Clustering,Upside Stop Hunt,Other,-1.0,1.5
2025-01-21 11:42:00+00:00,1489.111867188008,1489.739603474931,1485.244706252353,1485.8724425392757,359,2.3454971143932664,2.6066366244952945,0.8998174476457412,1482.9163134880773,4.439668170236146,1491.7956498285496,1474.036977147605,0.01197550564345269,1490.042140404982,1468.688345770449,2025-01-21 11:42:00+00:00,11,42,11:42,542.25,4.4948972225781745,Lunch Session,Clustering,None,Other,-1.0,1.5
2025-01-21 11:43:00+00:00,1485.8724425392757,1486.6567320496674,1484.4946508474684,1485.2789403578602,749,2.332395977807964,2.6048302539071995,0.8954118888589424,1483.2818568904831,4.309883935182966,1491.901624760849,1474.6620890201173,0.011622562266670144,1490.042140404982,1468.688345770449,2025-01-21 11:43:00+00:00,11,43,11:43,571.15,2.162081202199033,Lunch Session,Clustering,None,Other,-1.0,1.5
2025-01-21 11:44:00+00:00,1485.2789403578602,1485.7086770960827,1483.0110723767496,1483.440809114972,564,2.358482316488337,2.602539088338027,0.9062235902840776,1483.6003137473404,4.0546105330963265,1491.709534813533,1475.4910926811476,0.010931813630734706,1490.042140404982,1468.688345770449,2025-01-21 11:44:00+00:00,11,44,11:44,574.45,2.697604719333185,Lunch Session,Clustering,None,Other,-1.0,1.5
2025-01-21 11:45:00+00:00,1483.440809114972,1483.7266886789998,1478.4323573463637,1478.7182369103912,901,2.568185817641752,2.6017252228345713,0.9871087827037021,1483.8502292416379,3.5342008870368993,1490.9186310157118,1476.781827467564,0.009527109454552419,1490.042140404982,1468.688345770449,2025-01-21 11:45:00+00:00,11,45,11:45,588.25,5.294331332636148,Lunch Session,Clustering,None,Other,1.5,-1.0
2025-01-21 11:46:00+00:00,1478.7182369103912,1479.0259760680576,1478.173888583153,1478.4816277408197,776,2.445607365303383,2.598598834610419,0.9411253990922487,1483.982251795334,3.25777856283301,1490.497808921,1477.466694669668,0.008781179313678973,1490.042140404982,1468.688345770449,2025-01-21 11:46:00+00:00,11,46,11:46,592.75,0.8520874849045867,Lunch Session,Clustering,None,Other,1.5,-1.0
2025-01-21 11:47:00+00:00,1478.4816277408197,1479.0889488237797,1478.3157673118767,1478.923088394837,640,2.3261483757747823,2.5910189780684534,0.897773576907134,1484.0957758000832,3.0197857075727446,1490.1353472152286,1478.0562043849377,0.008139058831145195,1490.042140404982,1468.688345770449,2025-01-21 11:47:00+00:00,11,47,11:47,586.6,0.7731815119029761,Lunch Session,Clustering,None,Other,1.5,-1.0
2025-01-21 11:48:00+00:00,1478.923088394837,1481.605797497139,1478.506555044684,1481.1892641469865,477,2.381369381251939,2.5838574906034655,0.9216334066070204,1484.0167905318872,3.076443865401302,1490.1696782626898,1477.8639028010846,0.008292207702848624,1490.042140404982,1468.7846613899237,2025-01-21 11:48:00+00:00,11,48,11:48,571.8,3.0992424524549733,Lunch Session,Clustering,None,Other,-1.0,-1.0
2025-01-21 11:49:00+00:00,1481.1892641469865,1481.2573587410875,1478.592029650575,1478.660124244676,696,2.4016522176277015,2.574397321839967,0.9328988176196511,1483.822013557868,3.2897436394853696,1490.4015008368387,1477.2425262788975,0.008868297166173631,1490.042140404982,1471.5014810321054,2025-01-21 11:49:00+00:00,11,49,11:49,573.35,2.665329090512614,Lunch Session,Normal,None,Other,1.5,-1.0
2025-01-21 11:50:00+00:00,1478.660124244676,1478.958094013591,1478.558517366519,1478.8564871354345,421,2.258646819730872,2.5650568473523756,0.8805445470193859,1483.6034632249919,3.4714896317094524,1490.5464424884108,1476.660483961573,0.009359615875156529,1490.042140404982,1473.3130505107235,2025-01-21 11:50:00+00:00,11,50,11:50,571.65,0.39957664707208096,Lunch Session,Normal,None,Other,1.5,-1.0
2025-01-21 11:51:00+00:00,1478.8564871354345,1481.5054451808246,1478.7120752868009,1481.3610333321908,940,2.2968413250375046,2.5548319849924206,0.8990185415438654,1483.473921673828,3.5059727474033253,1490.4858671686347,1476.4619761790213,0.009453412550582624,1490.042140404982,1473.3130505107235,2025-01-21 11:51:00+00:00,11,51,11:51,575.4,2.7933698940237264,Lunch Session,Normal,None,Other,1.5,-1.0
2025-01-21 11:52:00+00:00,1481.3610333321908,1482.0027657128126,1479.442961151917,1480.0846935325387,635,2.315624413313083,2.5457008550113067,0.9096215718962777,1483.2081009387061,3.553387259422565,1490.3148754575514,1476.101326419861,0.009582976946184981,1490.042140404982,1473.3130505107235,2025-01-21 11:52:00+00:00,11,52,11:52,588.0,2.5598045608956,Lunch Session,Normal,None,Other,1.5,-1.0
2025-01-21 11:53:00+00:00,1480.0846935325387,1481.429832329943,1479.9305140620306,1481.275652859435,766,2.2573168314987546,2.5372244983101755,0.88967958215844,1483.1094653241496,3.5794943334167457,1490.268453990983,1475.9504766573161,0.009654025996346523,1490.042140404982,1473.3130505107235,2025-01-21 11:53:00+00:00,11,53,11:53,611.85,1.4993182679124857,Lunch Session,Normal,None,Other,1.5,-1.0
2025-01-21 11:54:00+00:00,1481.275652859435,1484.8799013522384,1481.225652859435,1484.8299013522385,294,2.3570976644490855,2.530358882821771,0.9315270179463752,1483.197131341619,3.6000579389492144,1490.3972472195176,1475.9970154637206,0.009708912896002793,1490.042140404982,1473.3130505107235,2025-01-21 11:54:00+00:00,11,54,11:54,609.05,3.65424849280339,Lunch Session,Normal,None,Other,-1.0,1.5
2025-01-21 11:55:00+00:00,1484.8299013522385,1484.980963870089,1480.5365748771362,1480.6876373949867,298,2.50618990219935,2.5278347448893563,0.9914373980602305,1482.9855658185083,3.6178332746168946,1490.2212323677422,1475.7498992692745,0.009758242717946189,1490.042140404982,1473.3130505107235,2025-01-21 11:55:00+00:00,11,55,11:55,589.05,4.444388992952781,Lunch Session,Clustering,None,Other,1.5,-1.0
2025-01-21 11:56:00+00:00,1480.6876373949867,1481.8269115172293,1480.1540609475178,1481.2933350697604,530,2.4466656641645037,2.526517547184245,0.9683944870643251,1482.84133543564,3.6252874194846507,1490.0919102746093,1475.5907605966709,0.009779299599628557,1490.042140404982,1473.3130505107235,2025-01-21 11:56:00+00:00,11,56,11:56,581.8,1.6728505697114997,Lunch Session,Clustering,None,Other,1.5,-1.0
2025-01-21 11:57:00+00:00,1481.2933350697604,1484.0143938684482,1481.1584026891303,1483.8794614878184,790,2.4759032009611768,2.5242492979540034,0.9808473366588581,1482.7384006723707,3.5613935823607425,1489.8611878370923,1475.6156135076492,0.00960761137836805,1490.042140404982,1475.4522534833618,2025-01-21 11:57:00+00:00,11,57,11:57,594.0,2.8559911793179253,Lunch Session,Clustering,None,Other,1.5,-1.0
2025-01-21 11:58:00+00:00,1483.8794614878184,1484.0474340454348,1482.931070853795,1483.0990434114117,920,2.3787932002953585,2.5196823983118746,0.9440845409282899,1482.5856656773615,3.4715831288445997,1489.5288319350507,1475.6424994196723,0.009366293521416203,1490.042140404982,1476.3621729919455,2025-01-21 11:58:00+00:00,11,58,11:58,594.3,1.1163631916397208,Lunch Session,Clustering,None,Other,1.5,-1.0
2025-01-21 11:59:00+00:00,1483.0990434114117,1486.3650717945636,1482.9212795059952,1486.1873078891474,215,2.4548645637434308,2.516585824999276,0.9754742076973023,1482.542537238365,3.4181508126878173,1489.3788388637406,1475.7062356129893,0.009222401993416132,1490.042140404982,1478.173888583153,2025-01-21 11:59:00+00:00,11,59,11:59,585.85,3.4437922885683747,Lunch Session,Clustering,None,Other,1.5,-1.0
2025-01-21 12:00:00+00:00,1486.1873078891474,1487.9075659403777,1485.881581126578,1487.6018391778084,187,2.4242302958902995,2.5143518047688627,0.9641571602241048,1482.44163966403,3.22242764186237,1488.8864949477547,1475.9967843803051,0.00869491939687475,1490.042140404982,1478.173888583153,2025-01-21 12:00:00+00:00,12,0,12:00,584.8,2.025984813799596,Lunch Session,Clustering,None,Other,1.5,-1.0
2025-01-21 12:01:00+00:00,1487.6018391778084,1491.847451218399,1487.3096194984096,1491.5552315390005,220,2.5752018261831013,2.516701982891795,1.0232446446535906,1482.5638078815796,3.521093418752008,1489.6059947190836,1475.5216210440756,0.00950001180396615,1490.042140404982,1478.173888583153,2025-01-21 12:01:00+00:00,12,1,12:01,568.9,4.537831719989526,Lunch Session,Clustering,None,Other,1.5,-1.0
2025-01-21 12:02:00+00:00,1491.5552315390005,1493.0992174347637,1491.3149827811883,1492.858968676952,188,2.518704170996835,2.517184165077284,1.0006038516929507,1482.9131341884633,4.155950543869545,1491.2250352762023,1474.6012331007244,0.011210233284888594,1491.847451218399,1478.173888583153,2025-01-21 12:02:00+00:00,12,2,12:02,560.35,1.7842346535753677,Lunch Session,Clustering,None,Other,1.5,-1.0
2025-01-21 12:03:00+00:00,1492.858968676952,1497.5647699339177,1492.3073050472633,1497.013106304229,955,2.714329936400944,2.5178881247861136,1.0780184829028168,1483.4998424857818,5.2037143406864015,1493.9072711671545,1473.092413804409,0.014030913092560666,1493.0992174347637,1478.173888583153,2025-01-21 12:03:00+00:00,12,3,12:03,570.65,5.257464886654361,Lunch Session,Clustering,None,Other,-1.0,1.5
2025-01-21 12:04:00+00:00,1497.013106304229,1497.7843004780143,1496.9157196879185,1497.686913861704,234,2.582490711664866,2.5165952916418695,1.0261843532179564,1484.2121477231183,6.0940702417378505,1496.400288206594,1472.0240072396425,0.016423717461379352,1497.5647699339177,1478.173888583153,2025-01-21 12:04:00+00:00,12,4,12:04,554.15,0.868580790095848,Lunch Session,Clustering,Upside False Breakout,Other,-1.0,1.5
2025-01-21 12:05:00+00:00,1497.686913861704,1497.736913861704,1494.567269490219,1494.6172694902186,200,2.624430258794875,2.515982428679013,1.0431035721393338,1485.00709935211,6.370411418732433,1497.7479221895749,1472.266276514645,0.01715927532336194,1497.7843004780143,1478.173888583153,2025-01-21 12:05:00+00:00,12,5,12:05,519.1,3.169644371484992,Lunch Session,Clustering,None,Other,1.5,-1.0
2025-01-21 12:06:00+00:00,1494.6172694902186,1495.2877230452168,1492.5328291124508,1493.203282667449,384,2.6337490926499543,2.514696353292718,1.0473427892005132,1485.7431820984411,6.426998874952134,1498.5971798483454,1472.889184348537,0.0173031219726002,1497.7843004780143,1478.173888583153,2025-01-21 12:06:00+00:00,12,6,12:06,499.5,2.754893932765981,Lunch Session,Clustering,None,Other,1.5,-1.0
2025-01-21 12:07:00+00:00,1493.203282667449,1495.8498231467393,1492.8394206952717,1495.485961174562,845,2.660652903994072,2.514111345049031,1.0582876169083049,1486.5713257374275,6.567510160663904,1499.7063460587553,1473.4363054160997,0.017671564214804265,1497.7843004780143,1478.173888583153,2025-01-21 12:07:00+00:00,12,7,12:07,509.75,3.0104024514675984,Lunch Session,Clustering,None,Other,1.5,-1.0
2025-01-21 12:08:00+00:00,1495.485961174562,1497.8614096012857,1495.35248109973,1497.7279295264534,922,2.6498154466770387,2.512598427458069,1.0546115995773302,1487.3982590064008,6.887587817810713,1501.1734346420224,1473.6230833707793,0.01852251144199064,1497.7843004780143,1478.173888583153,2025-01-21 12:08:00+00:00,12,8,12:08,532.0,2.5089285015556015,Lunch Session,Clustering,Upside Sweep,Other,1.5,-1.0
2025-01-21 12:09:00+00:00,1497.7279295264534,1497.9224005651324,1496.8358263152895,1497.0302973539683,708,2.538155361188886,2.5103559293536946,1.0110739005214884,1488.3167676618655,6.885860622067861,1502.0884889060012,1474.5450464177297,0.018506438338084446,1497.8614096012857,1478.173888583153,2025-01-21 12:09:00+00:00,12,9,12:09,532.6,1.0865742498428972,Lunch Session,Clustering,Upside Stop Hunt,Other,1.5,-1.0
2025-01-21 12:10:00+00:00,1497.0302973539683,1501.3402520807374,1496.7774698376793,1501.0874245644482,633,2.682771567036688,2.507314847190476,1.0699779367728057,1489.428314533316,7.07020618608,1503.568726905476,1475.2879021611561,0.018987704522846538,1497.9224005651324,1478.173888583153,2025-01-21 12:10:00+00:00,12,10,12:10,543.2,4.562782243058109,Lunch Session,Clustering,None,Other,-1.0,-1.0
2025-01-21 12:11:00+00:00,1501.0874245644482,1501.5082593765137,1499.8697967454018,1500.2906315574671,779,2.6081780716134895,2.5000239275843725,1.0432612435568247,1490.37479444458,7.199272315077684,1504.7733390747353,1475.9762498144246,0.019322045278578778,1501.3402520807374,1478.173888583153,2025-01-21 12:11:00+00:00,12,11,12:11,535.15,1.6384626311119064,Lunch Session,Clustering,Upside Stop Hunt,Other,1.5,-1.0
2025-01-21 12:12:00+00:00,1500.2906315574671,1501.9365398467671,1499.6847332013772,1501.330641490677,182,2.5827229697403786,2.494348040027042,1.0354300716239977,1491.4370918424868,7.1684095275962,1505.7739108976791,1477.1002727872944,0.01922550958885026,1501.5082593765137,1478.173888583153,2025-01-21 12:12:00+00:00,12,12,12:12,512.5,2.2518066453899337,Lunch Session,Clustering,Upside Sweep,Other,-1.0,-1.0
2025-01-21 12:13:00+00:00,1501.330641490677,1502.5924868941745,1501.0471188302474,1502.308964233745,604,2.508626190753714,2.4873543764406283,1.0085519837923238,1492.4887574112022,7.142012710817081,1506.7727828328364,1478.204731989568,0.01914121677728486,1501.9365398467671,1478.173888583153,2025-01-21 12:13:00+00:00,12,13,12:13,504.4,1.5453680639270715,Lunch Session,Clustering,Upside False Breakout,Other,-1.0,1.5
2025-01-21 12:14:00+00:00,1502.308964233745,1502.9542848613694,1498.6684673979055,1499.31378802553,152,2.6355684245187274,2.4850297558263352,1.060578215749507,1493.2129517448668,7.058374584637395,1507.3297009141415,1479.096202575592,0.0189078847096509,1502.5924868941745,1478.173888583153,2025-01-21 12:14:00+00:00,12,14,12:14,497.3,4.2858174634639,Lunch Session,Clustering,Upside Stop Hunt,Other,1.5,-1.0
2025-01-21 12:15:00+00:00,1499.31378802553,1499.36378802553,1499.0153155216256,1499.0653155216255,782,2.472204430189142,2.478800019333984,0.9973392007853003,1494.1318356511988,6.517474863414574,1507.166785378028,1481.0968859243696,0.017448192208752492,1502.9542848613694,1478.173888583153,2025-01-21 12:15:00+00:00,12,15,12:15,521.5,0.34847250390453155,Lunch Session,Normal,None,Other,1.5,-1.0
2025-01-21 12:16:00+00:00,1499.0653155216255,1504.4772865293537,1499.0153155216256,1504.4272865293538,545,2.685759185727643,2.4773093341973875,1.0841436507959512,1495.2885332241785,6.162203636120368,1507.6129404964192,1482.9641259519378,0.016484319913383554,1502.9542848613694,1478.173888583153,2025-01-21 12:16:00+00:00,12,16,12:16,522.25,5.4619710077281525,Lunch Session,Normal,Upside False Breakout,Other,-1.0,1.5
2025-01-21 12:17:00+00:00,1504.4272865293538,1504.4772865293537,1502.2975002387132,1502.347500238713,959,2.6496182646499937,2.4752540906897624,1.0704429394202688,1496.2119351617232,5.7312210238885255,1507.6743772095003,1484.749493113946,0.015321949756453686,1504.4772865293537,1478.3157673118767,2025-01-21 12:17:00+00:00,12,17,12:17,530.7,2.17978629064055,Lunch Session,Clustering,None,Other,-1.0,1.5
2025-01-21 12:18:00+00:00,1502.347500238713,1504.210711307266,1501.8937558061684,1503.7569668747217,640,2.6258566386819573,2.4720400445010418,1.0622225333780797,1497.2448313348887,5.066573000778518,1507.3779773364456,1487.1116853333317,0.013535723469517822,1504.4772865293537,1478.506555044684,2025-01-21 12:18:00+00:00,12,18,12:18,516.7,2.316955501097482,Lunch Session,Clustering,None,Other,-1.0,1.5
2025-01-21 12:19:00+00:00,1503.7569668747217,1504.0773680863251,1500.834952524309,1501.1553537359127,767,2.6698965617772497,2.469123430091181,1.0813135257797357,1497.993233627227,4.410241181757329,1506.8137159907417,1489.1727512637124,0.011776398137869851,1504.4772865293537,1478.558517366519,2025-01-21 12:19:00+00:00,12,19,12:19,544.3,3.242415562016049,Lunch Session,Clustering,None,Other,-1.0,1.5
2025-01-21 12:20:00+00:00,1501.1553537359127,1501.345925940468,1498.8660829258288,1499.056655130384,156,2.6563213084102535,2.4686289370488788,1.0760310180864003,1498.5659744248555,3.67168013032093,1505.9093346854975,1491.2226141642136,0.009800516475039127,1504.4772865293537,1478.558517366519,2025-01-21 12:20:00+00:00,12,20,12:20,542.75,2.4798430146393002,Lunch Session,Clustering,None,Other,-1.0,1.5
2025-01-21 12:21:00+00:00,1499.056655130384,1499.106655130384,1495.8298798107166,1495.8798798107166,387,2.70063945207148,2.471479397223573,1.0927218147581332,1498.7822068384414,3.3503568069152734,1505.482920452272,1492.0814932246108,0.008941544119295711,1504.4772865293537,1478.7120752868009,2025-01-21 12:21:00+00:00,12,21,12:21,551.1,3.276775319667422,Lunch Session,Clustering,None,Other,1.5,-1.0
2025-01-21 12:22:00+00:00,1495.8798798107166,1498.1442003854304,1495.728644010018,1497.992964584732,512,2.680276375167268,2.473344458335556,1.0836648191618918,1499.0389066338305,3.0564270614506044,1505.1517607567316,1492.9260525109294,0.008155697755207511,1504.4772865293537,1479.442961151917,2025-01-21 12:22:00+00:00,12,22,12:22,567.3,2.415556375412507,Lunch Session,Squeeze,None,Other,-1.0,1.5
2025-01-21 12:23:00+00:00,1497.992964584732,1498.0696348799102,1495.9595746033724,1496.0362448985506,904,2.639546653836588,2.4767447416464354,1.0657322127115647,1498.9900635635465,3.098026357030079,1505.1861162776067,1492.7940108494863,0.008266969694689435,1504.4772865293537,1479.9305140620306,2025-01-21 12:23:00+00:00,12,23,12:23,564.75,2.1100602765377516,Lunch Session,Normal,None,Other,1.5,-1.0
2025-01-21 12:24:00+00:00,1496.0362448985506,1499.018643648502,1495.9008775108537,1498.8832762608051,710,2.6737051883945626,2.482412538732208,1.0770591699315417,1499.0498816835016,3.0830540147657413,1505.215989713033,1492.8837736539701,0.00822668825750694,1504.4772865293537,1480.1540609475178,2025-01-21 12:24:00+00:00,12,24,12:24,588.55,3.117766137648232,Lunch Session,Squeeze,None,Other,-1.0,1.5
2025-01-21 12:25:00+00:00,1498.8832762608051,1499.0802432571925,1497.492204881857,1497.689171878245,530,2.5961575588903347,2.4846993811869416,1.0448578119942018,1499.203476802903,2.9229659612801147,1505.0494087254633,1493.3575448803426,0.007798717136151481,1504.4772865293537,1480.1540609475178,2025-01-21 12:25:00+00:00,12,25,12:25,605.05,1.5880383753353726,Lunch Session,Squeeze,None,Other,-1.0,1.5
2025-01-21 12:26:00+00:00,1497.689171878245,1498.4944706060153,1497.1714554180344,1497.976754145805,684,2.5052188181110893,2.484903845035491,1.0081753558054911,1499.4421503768208,2.5822683573873264,1504.6066870915954,1494.2776136620462,0.006888610825668369,1504.4772865293537,1480.1540609475178,2025-01-21 12:26:00+00:00,12,26,12:26,620.05,1.3230151879809,Lunch Session,Squeeze,None,Other,-1.0,1.5
2025-01-21 12:27:00+00:00,1497.976754145805,1499.4241220580225,1497.454029863594,1498.9013977758116,243,2.466995487848039,2.485547054554861,0.992536223897743,1499.6129222068832,2.4143410077701932,1504.4416042224236,1494.7842401913429,0.006439904516739322,1504.4772865293537,1481.1584026891303,2025-01-21 12:27:00+00:00,12,27,12:27,589.95,1.9700921944283891,Lunch Session,Squeeze,None,Other,-1.0,1.5
2025-01-21 12:28:00+00:00,1498.9013977758116,1498.9513977758115,1495.2204953250407,1495.2704953250409,717,2.557274556628238,2.4826129760417763,1.030073789715504,1499.4900504968125,2.5726632955222732,1504.635377087857,1494.344723905768,0.006862768565006174,1504.4772865293537,1482.9212795059952,2025-01-21 12:28:00+00:00,12,28,12:28,579.7,3.7309024507708273,Lunch Session,Squeeze,None,Other,1.5,-1.0
2025-01-21 12:29:00+00:00,1495.2704953250409,1495.933386640146,1495.0644398550542,1495.7273311701597,914,2.436679715804207,2.4803155799611916,0.982407132177242,1499.4249021876224,2.6534596817826612,1504.7318215511877,1494.117982824057,0.007078606412128711,1504.4772865293537,1482.9212795059952,2025-01-21 12:29:00+00:00,12,29,12:29,590.0,0.8689467850917936,Lunch Session,Squeeze,None,Other,1.5,-1.0
2025-01-21 12:30:00+00:00,1495.7273311701597,1496.650787613495,1495.5891082907983,1496.5125647341338,401,2.3384654020108058,2.4769921753415405,0.9440746019669465,1499.1961591961067,2.699389590262773,1504.5949383766322,1493.7973800155812,0.007202231872606175,1504.4772865293537,1485.881581126578,2025-01-21 12:30:00+00:00,12,30,12:30,578.4,1.061679322696591,Pre-News,Squeeze,None,Other,1.5,-1.0
2025-01-21 12:31:00+00:00,1496.5125647341338,1499.3342681798697,1496.252125195805,1499.0738286415408,472,2.3915852293003628,2.4764288863288995,0.9657395140652271,1499.13531905031,2.687108048171113,1504.5095351466523,1493.7611029539678,0.007169754495206976,1504.4772865293537,1487.3096194984096,2025-01-21 12:31:00+00:00,12,31,12:31,563.05,3.0821429840646033,Pre-News,Squeeze,None,Other,-1.0,1.5
2025-01-21 12:32:00+00:00,1499.0738286415408,1499.1238286415407,1496.8678308997542,1496.917830899754,959,2.3819004087636646,2.4761686243459975,0.9619298077459362,1498.914678520764,2.6785169875921384,1504.2717124959483,1493.5576445455797,0.007147883801459634,1504.4772865293537,1491.3149827811883,2025-01-21 12:32:00+00:00,12,32,12:32,601.9,2.2559977417865866,Pre-News,Squeeze,None,Other,-1.0,-1.0
2025-01-21 12:33:00+00:00,1496.917830899754,1496.967830899754,1495.0344327164412,1495.0844327164411,323,2.3498645355171797,2.474663347764602,0.9495693778468272,1498.5534519448988,2.683816277750789,1503.9210845004004,1493.1858193893972,0.00716375188156979,1504.4772865293537,1492.3073050472633,2025-01-21 12:33:00+00:00,12,33,12:33,587.85,1.9333981833128746,Pre-News,Squeeze,None,Other,1.5,-1.0
2025-01-21 12:34:00+00:00,1495.0844327164411,1497.0360918496249,1494.6126253243897,1496.5642844575734,708,2.3551218204970383,2.4758271175789286,0.9512464758848242,1498.415976766501,2.713079569762115,1503.8421359060253,1492.9898176269767,0.007242527073468168,1504.4772865293537,1492.5328291124508,2025-01-21 12:34:00+00:00,12,34,12:34,615.65,2.423466525235199,Pre-News,Squeeze,None,Other,1.5,-1.0
2025-01-21 12:35:00+00:00,1496.5642844575734,1499.8428146283636,1496.459718339274,1499.7382485100643,675,2.4285485682536434,2.4786229150669197,0.9797975131639076,1498.4496234159228,2.7256996599609193,1503.9010227358447,1492.998224096001,0.007276052841195462,1504.4772865293537,1492.5328291124508,2025-01-21 12:35:00+00:00,12,35,12:35,610.3,3.383096289089508,Pre-News,Squeeze,None,Other,-1.0,1.5
2025-01-21 12:36:00+00:00,1499.7382485100643,1500.1580973463122,1497.9860938015734,1498.4059426378212,288,2.410223923716869,2.4803430048816275,0.9717300869167066,1498.148556221346,2.3352668808345496,1502.8190899830151,1493.478022459677,0.006235074275209586,1504.4772865293537,1492.5328291124508,2025-01-21 12:36:00+00:00,12,36,12:36,597.45,2.1720035447388,Pre-News,Squeeze,None,Other,-1.0,1.5
2025-01-21 12:37:00+00:00,1498.4059426378212,1498.623892177153,1495.4143086933595,1495.6322582326914,995,2.467321035150914,2.4813613750153745,0.994341678722885,1497.8127941210453,2.1771765592961807,1502.1671472396376,1493.458441002453,0.005814282179566528,1504.4772865293537,1492.8394206952717,2025-01-21 12:37:00+00:00,12,37,12:37,599.25,3.2095834837934945,Pre-News,Squeeze,None,Other,-1.0,1.5
2025-01-21 12:38:00+00:00,1495.6322582326914,1495.9026383140472,1494.6514836980778,1494.9218637794336,956,2.380452005209379,2.483252395783954,0.9586025203281356,1497.3710389662808,1.7649093284610784,1500.900857623203,1493.8412203093587,0.004714688029974081,1504.4772865293537,1494.6126253243897,2025-01-21 12:38:00+00:00,12,38,12:38,615.05,1.2511546159694262,Pre-News,Squeeze,None,Other,-1.0,1.5
2025-01-21 12:39:00+00:00,1494.9218637794336,1495.5264588628986,1492.0467366411197,1492.651331724585,859,2.4589713063929204,2.4874914615194545,0.9885345716486951,1496.9458378657143,1.8284573951179384,1500.6027526559503,1493.2889230754784,0.004885834474078061,1504.4772865293537,1494.6126253243897,2025-01-21 12:39:00+00:00,12,39,12:39,619.65,3.4797222217789567,Pre-News,Squeeze,None,Other,-1.0,-1.0
2025-01-21 12:40:00+00:00,1492.651331724585,1493.9877906860254,1492.2057612521912,1493.542220213632,690,2.4106183154958667,2.4902715128469284,0.9680142518837231,1496.6701161198769,1.9074712723747747,1500.4850586646264,1492.8551735751273,0.005097907018601814,1504.4772865293537,1492.0467366411197,2025-01-21 12:40:00+00:00,12,40,12:40,646.35,1.7820294338341682,Pre-News,Squeeze,None,Other,-1.0,-1.0
2025-01-21 12:41:00+00:00,1493.542220213632,1494.2959061289394,1490.3713242228491,1491.1250101381563,325,2.5187585719668926,2.495914844970828,1.0091524464635058,1496.4323726362488,2.2725336438700814,1500.977439923989,1491.8873053485086,0.006074537507810353,1504.4772865293537,1492.0467366411197,2025-01-21 12:41:00+00:00,12,41,12:41,643.25,3.924581906090225,Pre-News,Squeeze,Downside False Breakout,Other,1.5,-1.0
2025-01-21 12:42:00+00:00,1491.1250101381563,1493.4270690743142,1491.000623636928,1493.3026825730856,113,2.512164776639707,2.4986926393416025,1.0053916744644729,1496.1978585356665,2.3438985684263933,1500.8856556725193,1491.5100613988136,0.006266279703729575,1504.4772865293537,1490.3713242228491,2025-01-21 12:42:00+00:00,12,42,12:42,623.3,2.426445437386292,Pre-News,Squeeze,None,Other,-1.0,-1.0
2025-01-21 12:43:00+00:00,1493.3026825730856,1493.8945880134847,1493.1871047027737,1493.7790101431729,741,2.3832589576448027,2.499540355672216,0.9534788875228457,1496.0849967978977,2.40562173409575,1500.8962402660893,1491.273753329706,0.006431778245874013,1504.4772865293537,1490.3713242228491,2025-01-21 12:43:00+00:00,12,43,12:43,615.15,0.7074833107110408,Pre-News,Squeeze,None,Other,-1.0,-1.0
2025-01-21 12:44:00+00:00,1493.7790101431729,1496.0805604289644,1493.729010143173,1496.0305604289645,729,2.3809940525124254,2.4999155512726174,0.9524297935985664,1495.9423610063056,2.313791586489147,1500.569944179284,1491.3147778333273,0.006186846891434263,1504.4772865293537,1490.3713242228491,2025-01-21 12:44:00+00:00,12,44,12:44,616.1,2.351550285791518,Pre-News,Squeeze,None,Other,-1.0,1.5
2025-01-21 12:45:00+00:00,1496.0305604289645,1496.2708699883997,1490.3621067716929,1490.602416331128,329,2.6329775642405955,2.5009954137159323,1.0527718482812276,1495.5880232289496,2.561573882051874,1500.7111709930534,1490.4648754648458,0.006851014697273404,1504.4772865293537,1490.3713242228491,2025-01-21 12:45:00+00:00,12,45,12:45,606.05,5.908763216706802,Pre-News,Squeeze,Downside Sweep,Other,-1.0,1.5
2025-01-21 12:46:00+00:00,1490.602416331128,1491.267116277846,1486.0118398258162,1486.6765397725344,211,2.8202846276541154,2.5072400347551107,1.124856251718867,1495.0230125102862,3.1788388650405786,1501.3806902403674,1488.665334780205,0.008505123569176374,1504.4772865293537,1490.3621067716929,2025-01-21 12:46:00+00:00,12,46,12:46,582.4,5.255276452029875,Pre-News,Normal,None,Other,-1.0,-1.0
2025-01-21 12:47:00+00:00,1486.6765397725344,1489.9828571957848,1486.255698023419,1489.5620154466694,561,2.8850613808478123,2.5165552515063276,1.1464327592731807,1494.5560433938292,3.2639556854467204,1501.0839547647226,1488.0281320229358,0.008735585928340154,1504.4772865293537,1486.0118398258162,2025-01-21 12:47:00+00:00,12,47,12:47,598.3,3.727159172365873,Pre-News,Normal,None,Other,-1.0,1.5
2025-01-21 12:48:00+00:00,1489.5620154466694,1489.801623486467,1487.7156179678564,1487.955226007654,996,2.827985962116582,2.523998861187405,1.120438683869361,1494.1902799279599,3.574761073790831,1501.3398020755415,1487.0407577803783,0.009569761286261741,1504.210711307266,1486.0118398258162,2025-01-21 12:48:00+00:00,12,48,12:48,612.25,2.086005518610591,Pre-News,Normal,None,Other,-1.0,1.5
2025-01-21 12:49:00+00:00,1487.955226007654,1488.1438408955976,1484.4973401212549,1484.6859550091986,226,2.88645130584702,2.5320788459910606,1.1399531694745695,1493.6382111199116,4.133772867128715,1501.905756854169,1485.370665385654,0.01107034578080137,1504.0773680863251,1486.0118398258162,2025-01-21 12:49:00+00:00,12,49,12:49,577.85,3.6465007743427122,Pre-News,Normal,None,Other,1.5,-1.0
2025-01-21 12:50:00+00:00,1484.6859550091986,1484.9744813386376,1483.9460820826969,1484.234608412136,380,2.7537333022822836,2.540330287366918,1.0840060113350696,1493.0243133038118,4.572813879976913,1502.1699410637657,1483.878685543858,0.012251143773695327,1501.345925940468,1484.4973401212549,2025-01-21 12:50:00+00:00,12,50,12:50,576.8,1.0283992559407125,Pre-News,Normal,Downside False Breakout,Other,1.5,-1.0
2025-01-21 12:51:00+00:00,1484.234608412136,1485.3337165486098,1483.6751452728613,1484.7742534093352,359,2.6755074432441566,2.546641389337028,1.0506023558898792,1492.3093345422017,4.693471774640123,1501.6962780914819,1482.9223909929215,0.012580425963977305,1500.1580973463122,1483.9460820826969,2025-01-21 12:51:00+00:00,12,51,12:51,571.15,1.6585712757484998,Pre-News,Normal,Downside Stop Hunt,Other,1.5,-1.0
2025-01-21 12:52:00+00:00,1484.7742534093352,1484.981830108606,1484.2147945784177,1484.4223712776886,255,2.5391880208830164,2.550367449463194,0.9956165420074937,1491.6845615610982,4.8758480719155415,1501.4362577049294,1481.932865417267,0.013074743005485945,1500.1580973463122,1483.6751452728613,2025-01-21 12:52:00+00:00,12,52,12:52,535.95,0.7670355301881955,Pre-News,Normal,None,Other,1.5,-1.0
2025-01-21 12:53:00+00:00,1484.4223712776886,1485.8830555777895,1484.0041488536456,1485.464833153747,991,2.492025071115938,2.5542792534568135,0.9756274956011077,1491.2035815829636,4.995803801237892,1501.1951891854394,1481.2119739804878,0.013400729083374908,1500.1580973463122,1483.6751452728613,2025-01-21 12:53:00+00:00,12,53,12:53,569.35,1.878906724143917,Pre-News,Normal,None,Other,1.5,-1.0
2025-01-21 12:54:00+00:00,1485.464833153747,1486.457866152027,1485.2128609423337,1486.2058939406138,870,2.402952223871465,2.555043496113853,0.940474096635257,1490.6856620571157,4.947503307328822,1500.5806686717733,1480.790655442458,0.01327577888017347,1500.1580973463122,1483.6751452728613,2025-01-21 12:54:00+00:00,12,54,12:54,577.45,1.2450052096933177,Pre-News,Normal,None,Other,1.5,-1.0
2025-01-21 12:55:00+00:00,1486.2058939406138,1486.8989340359053,1486.1375289555083,1486.8305690507998,509,2.2856988564804337,2.551368645351871,0.8958716572160439,1490.0402780841523,4.528622433117154,1499.0975229503865,1480.983033217918,0.01215704702678204,1500.1580973463122,1483.6751452728613,2025-01-21 12:55:00+00:00,12,55,12:55,569.15,0.7614050803970258,Pre-News,Normal,None,Other,1.5,-1.0
2025-01-21 12:56:00+00:00,1486.8305690507998,1490.3822541498528,1486.2891259232442,1489.8408110222972,433,2.4148009543467275,2.5508375668549084,0.9466698255209134,1489.6120215033764,4.0784889577918575,1497.76899941896,1481.4550435877927,0.010951815369147315,1500.1580973463122,1483.6751452728613,2025-01-21 12:56:00+00:00,12,56,12:56,576.4,4.093128226608542,Pre-News,Normal,None,Other,-1.0,-1.0
2025-01-21 12:57:00+00:00,1489.8408110222972,1490.098583793503,1489.5513489441646,1489.8091217153703,767,2.2814033754175567,2.547595903095848,0.8955122641880475,1489.32086467751,3.826139484000302,1496.9731436455106,1481.6685857095092,0.010276199238849296,1500.1580973463122,1483.6751452728613,2025-01-21 12:57:00+00:00,12,57,12:57,565.0,0.5472348493383379,Pre-News,Normal,None,Other,-1.0,-1.0
2025-01-21 12:58:00+00:00,1489.8091217153703,1490.9555378890814,1488.5653193381736,1489.7117355118846,984,2.2891758879525725,2.546102281223468,0.8990903094641447,1489.0603582641327,3.5951124783722164,1496.2505832208772,1481.8701333073882,0.009657398931936472,1500.1580973463122,1483.6751452728613,2025-01-21 12:58:00+00:00,12,58,12:58,566.4,2.3902185509077754,Pre-News,Normal,None,Other,-1.0,-1.0
2025-01-21 12:59:00+00:00,1489.7117355118846,1491.841237576482,1489.377250571544,1491.5067526361413,494,2.301662396308672,2.543548911766222,0.9049019602734567,1489.0031293097104,3.5436829850792684,1496.090495279869,1481.9157633395519,0.009519611921090037,1500.1580973463122,1483.6751452728613,2025-01-21 12:59:00+00:00,12,59,12:59,548.15,2.4639870049379624,Pre-News,Normal,None,Other,-1.0,1.5
2025-01-21 13:00:00+00:00,1491.5067526361413,1492.7937088061103,1491.4567526361411,1492.7437088061104,882,2.2327548087129956,2.5403576536466006,0.8789135677442698,1488.9632037393344,3.4940008781030283,1495.9512054955405,1481.9752019831283,0.00938639952774748,1500.1580973463122,1483.6751452728613,2025-01-21 13:00:00+00:00,13,0,13:00,557.75,1.3369561699691985,Pre-News,Normal,None,Other,-1.0,1.5
2025-01-21 13:01:00+00:00,1492.7437088061104,1492.8367307478734,1490.6304512205502,1490.7234731623132,101,2.2308637171851533,2.5346186851633017,0.8801575283271543,1488.9431268905423,3.482058378889195,1495.9072436483207,1481.979010132764,0.009354442936073695,1500.1580973463122,1483.6751452728613,2025-01-21 13:01:00+00:00,13,1,13:01,546.55,2.206279527323204,Pre-News,Normal,None,Other,-1.0,1.5
2025-01-21 13:02:00+00:00,1490.7234731623132,1491.226756452803,1490.0142299134868,1490.5175132039767,665,2.158125347337377,2.5286090381023105,0.8534832055164302,1488.803868422087,3.351786551267673,1495.5074415246222,1482.1002953195516,0.009005313923102717,1500.1580973463122,1483.6751452728613,2025-01-21 13:02:00+00:00,13,2,13:02,574.15,1.2125265393162863,Pre-News,Normal,None,Other,-1.0,1.5
2025-01-21 13:03:00+00:00,1490.5175132039767,1491.7575646034568,1490.2575661206986,1491.497617520179,688,2.111116285581722,2.5185554772553234,0.8382250479081678,1488.6897987909372,3.2093531079899775,1495.108505006917,1482.2710925749573,0.008623295761404375,1500.1580973463122,1483.6751452728613,2025-01-21 13:03:00+00:00,13,3,13:03,571.5,1.4999984827582011,Pre-News,Normal,None,Other,-1.0,1.5
2025-01-21 13:04:00+00:00,1491.497617520179,1491.6598772006846,1490.0230563364123,1490.1853160169185,481,2.077238041202477,2.5101345994142834,0.827540499894779,1488.3975365703348,2.737079179850971,1493.8716949300367,1482.9233782106328,0.0073557745497427815,1500.1580973463122,1483.6751452728613,2025-01-21 13:04:00+00:00,13,4,13:04,559.1,1.6368208642722948,Pre-News,Squeeze,None,Other,-1.0,1.5
2025-01-21 13:05:00+00:00,1490.1853160169185,1490.7880442596113,1488.3778679854786,1488.9805962281716,477,2.1010193435546363,2.5014110841602797,0.839933650593839,1488.316445565187,2.691970468687796,1493.7003865025627,1482.9325046278113,0.007234941135560869,1500.1580973463122,1483.6751452728613,2025-01-21 13:05:00+00:00,13,5,13:05,566.5,2.4101762741327093,Pre-News,Squeeze,None,Other,-1.0,1.5
2025-01-21 13:06:00+00:00,1488.9805962281716,1489.1214131682054,1485.7352382380047,1485.8760551780383,231,2.192816171172212,2.4940622021356504,0.8792147081554409,1488.2764213354621,2.723403158734386,1493.723227652931,1482.8296150179933,0.007319616489766452,1500.1580973463122,1483.6751452728613,2025-01-21 13:06:00+00:00,13,6,13:06,567.5,3.3861749302006956,Pre-News,Squeeze,None,Other,-1.0,1.5
2025-01-21 13:07:00+00:00,1485.8760551780383,1486.0510631935526,1479.2897396995395,1479.4647477150538,335,2.519138122803707,2.4917036224491445,1.0110103385119282,1487.7715579488813,3.3388988850480525,1494.4493557189774,1481.0937601787853,0.008976912798766506,1498.623892177153,1483.6751452728613,2025-01-21 13:07:00+00:00,13,7,13:07,556.2,6.761323494013141,Pre-News,Normal,None,Other,-1.0,-1.0
2025-01-21 13:08:00+00:00,1479.4647477150538,1479.7131513436975,1478.3864227051463,1478.6348263337904,693,2.433966016785673,2.488106131950955,0.9782404317605093,1487.3055379651883,3.912996615016518,1495.1315311952212,1479.4795447351553,0.010523719612770162,1496.2708699883997,1479.2897396995395,2025-01-21 13:08:00+00:00,13,8,13:08,541.05,1.3267286385512307,Pre-News,Normal,Downside False Breakout,Other,-1.0,-1.0
2025-01-21 13:09:00+00:00,1478.6348263337904,1479.641806752228,1477.9101866882688,1478.9171671067063,276,2.383798448726632,2.485533516743251,0.9590691224514564,1487.0170985700636,4.308852043828675,1495.634802657721,1478.3993944824063,0.01159059179069862,1496.2708699883997,1478.3864227051463,2025-01-21 13:09:00+00:00,13,9,13:09,543.55,1.7316200639590988,Pre-News,Normal,Downside Stop Hunt,Other,-1.0,-1.0
2025-01-21 13:10:00+00:00,1478.9171671067063,1479.2977290926424,1476.1085601835343,1476.4891221694702,358,2.4413249101824475,2.4815094057956797,0.9838064302640241,1486.62982425793,4.8820526341650865,1496.3939295262603,1476.8657189895998,0.01313589315780627,1496.2708699883997,1477.9101866882688,2025-01-21 13:10:00+00:00,13,10,13:10,542.45,3.189168909108048,Pre-News,Normal,Downside False Breakout,Other,1.5,-1.0
2025-01-21 13:11:00+00:00,1476.4891221694702,1479.593897750325,1476.4391221694702,1479.543897750325,537,2.492285672373321,2.479577865808344,1.005124987902259,1486.3683064749798,5.120925598970095,1496.61015767292,1476.1264552770397,0.01378104088108468,1496.2708699883997,1476.1085601835343,2025-01-21 13:11:00+00:00,13,11,13:11,551.35,3.1547755808546754,Pre-News,Normal,None,Other,-1.0,-1.0
2025-01-21 13:12:00+00:00,1479.543897750325,1479.9450188917276,1476.8216409518527,1477.2227620932554,195,2.5373636914805764,2.478821877837347,1.0236167891556227,1486.0083260157583,5.503665287975751,1497.0156565917098,1475.0009954398067,0.014814628401799146,1496.2708699883997,1476.1085601835343,2025-01-21 13:12:00+00:00,13,12,13:12,548.35,3.1233779398748993,Pre-News,Normal,None,Other,1.5,-1.0
2025-01-21 13:13:00+00:00,1477.2227620932554,1479.3094974749165,1477.1594275725029,1479.246162954164,907,2.5096998494043663,2.4788397721481914,1.012449403790803,1485.6973925057791,5.707862408750981,1497.1131173232811,1474.2816676882771,0.015367496604740242,1496.2708699883997,1476.1085601835343,2025-01-21 13:13:00+00:00,13,13,13:13,544.15,2.150069902413634,Pre-News,Normal,None,Other,1.5,-1.0
2025-01-21 13:14:00+00:00,1479.246162954164,1480.3337100545564,1479.0878816867837,1480.175428787176,916,2.4194233150021027,2.4752373536562478,0.9774510357272604,1485.395869248107,5.8373991882179395,1497.0706676245427,1473.7210708716711,0.015719443709434098,1496.2708699883997,1476.1085601835343,2025-01-21 13:14:00+00:00,13,14,13:14,546.45,1.245828367772674,Pre-News,Normal,None,Other,1.5,-1.0
2025-01-21 13:15:00+00:00,1480.175428787176,1485.2641459310496,1479.9266445912597,1485.0153617351332,406,2.627857459629804,2.477831570813592,1.060547250500546,1485.3051088823238,5.8280222786718845,1496.9611534396677,1473.64906432498,0.015695151774055265,1496.2708699883997,1476.1085601835343,2025-01-21 13:15:00+00:00,13,15,13:15,541.3,5.337501339789924,Pre-News,Normal,None,Other,1.5,-1.0
2025-01-21 13:16:00+00:00,1485.0153617351332,1486.4748432960876,1484.758871705789,1486.2183532667434,355,2.5627227546775697,2.475780963629424,1.0351169155613393,1485.123985994546,5.7351930235349435,1496.594372041616,1473.653599947476,0.015447041668226177,1492.8367307478734,1476.1085601835343,2025-01-21 13:16:00+00:00,13,16,13:16,537.4,1.7159715902985226,Pre-News,Normal,None,Other,-1.0,-1.0
2025-01-21 13:17:00+00:00,1486.2183532667434,1486.5199300297045,1482.6960482679915,1482.9976250309528,608,2.652805540894385,2.475834084900164,1.0714795296960933,1484.7834111603254,5.643848216830885,1496.071107593987,1473.4957147266637,0.015204502352084655,1492.8367307478734,1476.1085601835343,2025-01-21 13:17:00+00:00,13,17,13:17,529.45,3.8238817617129826,Pre-News,Normal,None,Other,1.5,-1.0
2025-01-21 13:18:00+00:00,1482.9976250309528,1485.4891040429848,1482.8534364665031,1485.344915478535,897,2.6515814005791887,2.476262830931785,1.0707996612707844,1484.5650701586578,5.526400187058969,1495.6178705327757,1473.51226978454,0.014890287527695395,1492.8367307478734,1476.1085601835343,2025-01-21 13:18:00+00:00,13,18,13:18,525.1,2.6356675764816373,Pre-News,Normal,None,Other,1.5,-1.0
2025-01-21 13:19:00+00:00,1485.344915478535,1489.181976888008,1485.2949154785351,1489.131976888008,146,2.7398299726430206,2.4774283877795473,1.1059169202055752,1484.446331371251,5.393312550043704,1495.2329564713384,1473.6597062711637,0.014532859655657943,1492.8367307478734,1476.1085601835343,2025-01-21 13:19:00+00:00,13,19,13:19,507.7,3.8870614094728353,Pre-News,Clustering,None,Other,-1.0,1.5
2025-01-21 13:20:00+00:00,1489.131976888008,1489.522959588721,1484.7876641800067,1485.1786468807195,132,2.882363218076688,2.481195752940655,1.1616831177711708,1484.0680782749816,5.034078029835746,1494.1362343346532,1473.99992221531,0.013568321031976294,1492.8367307478734,1476.1085601835343,2025-01-21 13:20:00+00:00,13,20,13:20,470.2,4.735295408714364,Pre-News,Clustering,None,Other,-1.0,-1.0
2025-01-21 13:21:00+00:00,1485.1786468807195,1486.7712604161495,1485.010546981732,1486.603160517162,750,2.802245376386749,2.4828891850125756,1.1286228130123157,1483.8620626427241,4.827445672254031,1493.5169539872322,1474.207171298216,0.013013192516443136,1492.8367307478734,1476.1085601835343,2025-01-21 13:21:00+00:00,13,21,13:21,502.65,1.7607134344175392,Pre-News,Clustering,None,Other,-1.0,1.5
2025-01-21 13:22:00+00:00,1486.603160517162,1488.572819042103,1486.553160517162,1488.522819042103,728,2.746346315569192,2.483990350685941,1.1056187536359805,1483.7623279346303,4.701674340363762,1493.1656766153578,1474.3589792539028,0.012675006641820852,1492.8367307478734,1476.1085601835343,2025-01-21 13:22:00+00:00,13,22,13:22,505.8,2.019658524940951,Pre-News,Clustering,None,Other,-1.0,1.5
2025-01-21 13:23:00+00:00,1488.522819042103,1488.6392532656455,1487.9312612585547,1488.0476954820974,804,2.6007495792493036,2.483343732776153,1.0472773240867068,1483.589831832726,4.460019249398412,1492.509870331523,1474.6697933339292,0.012024938844151655,1492.8367307478734,1476.1085601835343,2025-01-21 13:23:00+00:00,13,23,13:23,511.6,0.7079920070907519,Pre-News,Clustering,None,Other,-1.0,1.5
2025-01-21 13:24:00+00:00,1488.0476954820974,1488.758421809596,1481.9408009665997,1482.6515272940983,638,2.9019546695169494,2.4871478907948594,1.166780101922095,1483.2131423965852,4.183210599983783,1491.5795635965528,1474.8467211966176,0.01128148202145657,1492.8367307478734,1476.1085601835343,2025-01-21 13:24:00+00:00,13,24,13:24,519.45,6.817620842996348,Pre-News,Clustering,None,Other,-1.0,1.5
2025-01-21 13:25:00+00:00,1482.6515272940983,1482.739656692706,1481.90534034677,1481.9934697453778,439,2.754266217832598,2.489783035110564,1.1062274017423728,1482.8637860724455,3.9621156523208914,1490.7880173770873,1474.9395547678037,0.010687740005614607,1492.8367307478734,1476.1085601835343,2025-01-21 13:25:00+00:00,13,25,13:25,517.55,0.8343163459360312,Pre-News,Clustering,None,Other,-1.0,1.5
2025-01-21 13:26:00+00:00,1481.9934697453778,1482.0670053454778,1480.6287857397383,1480.7023213398384,138,2.660262888397377,2.4923671029486685,1.0673639871309786,1482.6050993805354,3.9238047924742587,1490.452708965484,1474.757489795587,0.010586243886827839,1492.8367307478734,1476.1085601835343,2025-01-21 13:26:00+00:00,13,26,13:26,512.9,1.438219605739505,Pre-News,Clustering,None,Other,-1.0,-1.0
2025-01-21 13:27:00+00:00,1480.7023213398384,1484.2401033156318,1480.5661546605334,1484.1039366363268,495,2.732669014590311,2.4967949950610397,1.094470719460692,1482.837058826599,3.8650746420478708,1490.5672081106948,1475.1069095425034,0.01042616144246178,1492.8367307478734,1476.1085601835343,2025-01-21 13:27:00+00:00,13,27,13:27,520.9,3.6739486550984566,Pre-News,Clustering,None,Other,-1.0,1.5
2025-01-21 13:28:00+00:00,1484.1039366363268,1484.189903931498,1483.8207644143454,1483.9067317095166,196,2.5638454790590526,2.496904510434887,1.0268095829633894,1483.1006540953854,3.741186348723435,1490.5830267928322,1475.6182813979385,0.01009017517022231,1492.8367307478734,1476.1085601835343,2025-01-21 13:28:00+00:00,13,28,13:28,496.05,0.3691395171526892,Pre-News,Clustering,None,Other,-1.0,1.5
2025-01-21 13:29:00+00:00,1483.9067317095166,1484.1346595042062,1482.761340680512,1482.9892684752017,162,2.4788078608187103,2.4976066461851283,0.9924732802120256,1483.30425916381,3.610035526255439,1490.5243302163208,1476.0841881112992,0.00973511807561448,1492.8367307478734,1476.1085601835343,2025-01-21 13:29:00+00:00,13,29,13:29,490.35,1.3733188236942624,Pre-News,Clustering,None,Other,-1.0,1.5
2025-01-21 13:30:00+00:00,1482.9892684752017,1483.297930212349,1481.376492935471,1481.6851546726189,614,2.4389956762515093,2.4992821507558074,0.9758784839534557,1483.5640607889677,3.2641613973308683,1490.0923835836295,1477.035737994306,0.00880086403709455,1492.8367307478734,1476.1085601835343,2025-01-21 13:30:00+00:00,13,30,13:30,503.15,1.9214372768778958,Post-News,Clustering,None,Other,-1.0,1.5
2025-01-21 13:31:00+00:00,1481.6851546726189,1482.6337949323392,1481.4606744304956,1482.409314690216,928,2.3485760209366613,2.498565330616412,0.9399698267474369,1483.7073316359624,3.138902254576776,1489.985136145116,1477.4295271268088,0.008462321881541949,1492.8367307478734,1476.1085601835343,2025-01-21 13:31:00+00:00,13,31,13:31,522.7,1.1731205018436413,Post-News,Squeeze,None,Other,-1.0,1.5
2025-01-21 13:32:00+00:00,1482.409314690216,1483.1132715754595,1481.8318161058903,1482.535772991134,776,2.2723531244104147,2.4967395425438577,0.910128223505115,1483.9729821808562,2.7636069411270023,1489.5001960631103,1478.4457682986022,0.007449210933923091,1491.7575646034568,1476.1085601835343,2025-01-21 13:32:00+00:00,13,32,13:32,551.75,1.2814554695692095,Post-News,Squeeze,None,Other,-1.0,1.5
2025-01-21 13:33:00+00:00,1482.535772991134,1482.7047891588531,1480.6111147537397,1480.7801309214587,595,2.2595903587463466,2.4952349729310104,0.9055621547705924,1484.049680579221,2.6442267743779087,1489.338134127977,1478.7612270304653,0.007127057291898376,1491.7575646034568,1476.1085601835343,2025-01-21 13:33:00+00:00,13,33,13:33,536.15,2.093674405113461,Post-News,Squeeze,None,Other,-1.0,1.5
2025-01-21 13:34:00+00:00,1480.7801309214587,1481.527700326698,1480.6191123967496,1481.3666818019888,279,2.163090185260783,2.492034445677073,0.8680017200456804,1484.1092432299615,2.564581331950369,1489.2384058938624,1478.9800805660607,0.006912109317152313,1491.6598772006846,1476.1085601835343,2025-01-21 13:34:00+00:00,13,34,13:34,504.3,0.9085879299484532,Post-News,Squeeze,None,Other,-1.0,1.5
2025-01-21 13:35:00+00:00,1481.3666818019888,1481.6157847671682,1479.879847870046,1480.1289508352254,225,2.132579236108027,2.487101623474646,0.8574556085604063,1483.8649226849661,2.7027500320943108,1489.2704227491547,1478.4594226207776,0.007285703680369557,1490.7880442596113,1476.1085601835343,2025-01-21 13:35:00+00:00,13,35,13:35,495.25,1.7359368971222011,Post-News,Squeeze,None,Other,-1.0,1.5
2025-01-21 13:36:00+00:00,1480.1289508352254,1480.1789508352254,1474.3348076751977,1474.3848076751976,187,2.39769094495943,2.4868927404953554,0.9641312252501258,1483.273245405389,3.372681285485583,1490.01860797636,1476.5278828344178,0.009095239318669913,1489.522959588721,1476.1085601835343,2025-01-21 13:36:00+00:00,13,36,13:36,486.85,5.84414316002767,Post-News,Clustering,Downside False Breakout,Other,1.5,-1.0
2025-01-21 13:37:00+00:00,1474.3848076751976,1476.3536170222617,1473.894123000011,1475.862932347075,769,2.402105450480238,2.485805814084178,0.9663286797666548,1482.916510771195,3.758612447382334,1490.4337356659596,1475.3992858764302,0.010138433067759614,1489.522959588721,1474.3348076751977,2025-01-21 13:37:00+00:00,13,37,13:37,494.9,2.4594940222507375,Post-News,Clustering,Downside Stop Hunt,Other,-1.0,-1.0
2025-01-21 13:38:00+00:00,1475.862932347075,1477.4524505736529,1475.5428715195692,1477.132389746147,845,2.3669249935947696,2.4855803638906004,0.9522625089819653,1482.5058844845755,3.9243022224367996,1490.3544889294492,1474.6572800397018,0.01058829449112427,1489.522959588721,1473.894123000011,2025-01-21 13:38:00+00:00,13,38,13:38,492.3,1.9095790540836788,Post-News,Clustering,None,Other,-1.0,1.5
2025-01-21 13:39:00+00:00,1477.132389746147,1477.9084595010336,1476.7989479947114,1477.575017749598,800,2.2771097445038704,2.482549337859117,0.917246521459907,1481.928036527655,3.7439986485084007,1489.4160338246718,1474.4400392306381,0.010105750228684712,1489.522959588721,1473.894123000011,2025-01-21 13:39:00+00:00,13,39,13:39,525.0,1.1095115063221783,Post-News,Normal,None,Other,-1.0,1.5
2025-01-21 13:40:00+00:00,1477.575017749598,1477.6294774467376,1476.5402145366245,1476.594674233764,108,2.1922635420473884,2.478910091634975,0.8843658950944333,1481.4988378953071,3.8424707518051107,1489.1837793989173,1473.813896391697,0.010374549486016177,1489.522959588721,1473.894123000011,2025-01-21 13:40:00+00:00,13,40,13:40,523.8,1.0892629101131206,Post-News,Normal,None,Other,-1.0,-1.0
2025-01-21 13:41:00+00:00,1476.594674233764,1477.0333713892237,1475.9963802199543,1476.4350773754145,281,2.1097440868489614,2.4720931835496764,0.8534241754671973,1480.99043373822,3.8040498746472666,1488.5985334875145,1473.3823339889254,0.010274340165845167,1489.522959588721,1473.894123000011,2025-01-21 13:41:00+00:00,13,41,13:41,500.35,1.0369911692694131,Post-News,Normal,None,Other,-1.0,-1.0
2025-01-21 13:42:00+00:00,1476.4350773754145,1479.0908111852923,1475.5948853768314,1478.2506191867096,527,2.2087570669641017,2.4670363883884163,0.8953078590003957,1480.4768237454505,3.406178321849822,1487.28918038915,1473.664467101751,0.009202922375326368,1489.522959588721,1473.894123000011,2025-01-21 13:42:00+00:00,13,42,13:42,490.3,3.4959258084609246,Post-News,Normal,None,Other,-1.0,1.5
2025-01-21 13:43:00+00:00,1478.2506191867096,1478.764394561579,1476.3365434912498,1476.8503188661189,508,2.22440663863303,2.46438884973822,0.9026199898889001,1479.9169549146513,2.99124460170929,1485.8994441180698,1473.9344657112329,0.00808489852562504,1489.522959588721,1473.894123000011,2025-01-21 13:43:00+00:00,13,43,13:43,475.5,2.4278510703290976,Post-News,Squeeze,None,Other,-1.0,1.5
2025-01-21 13:44:00+00:00,1476.8503188661189,1478.8213554492531,1476.7848629054652,1478.7558994885994,220,2.210984203286954,2.461555352251129,0.8982061692275075,1479.722173524376,2.9300144501341987,1485.5822024246445,1473.8621446241077,0.007920444803920288,1489.522959588721,1473.894123000011,2025-01-21 13:44:00+00:00,13,44,13:44,454.6,2.036492543787972,Post-News,Squeeze,None,Other,-1.0,1.5
2025-01-21 13:45:00+00:00,1478.7558994885994,1479.0530994785408,1475.1909059784864,1475.4881059684278,499,2.328927724484632,2.4564878549218623,0.9480721509851358,1479.396905335529,3.0241768130337294,1485.4452589615964,1473.3485517094616,0.00817678285557267,1489.522959588721,1473.894123000011,2025-01-21 13:45:00+00:00,13,45,13:45,457.6,3.8621935000544454,Post-News,Squeeze,None,Other,-1.0,-1.0
2025-01-21 13:46:00+00:00,1475.4881059684278,1476.0775036910873,1475.2709380731364,1475.860335795796,628,2.2201875740179307,2.44648623736126,0.9075005369384741,1479.1548060583268,3.1068534979609663,1485.3685130542488,1472.9410990624049,0.008401699363003546,1489.522959588721,1473.894123000011,2025-01-21 13:46:00+00:00,13,46,13:46,482.1,0.8065656179508096,Post-News,Squeeze,None,Other,-1.0,-1.0
2025-01-21 13:47:00+00:00,1475.860335795796,1476.01653773749,1475.7611565539585,1475.9173584956527,435,2.0798442604117517,2.4330659520206583,0.8548244484225525,1478.745477151293,2.9561212554231964,1484.6577196621395,1472.8332346404466,0.007996294970566543,1489.522959588721,1473.894123000011,2025-01-21 13:47:00+00:00,13,47,13:47,479.1,0.25538118353142636,Post-News,Squeeze,None,Other,-1.0,-1.0
2025-01-21 13:48:00+00:00,1475.9173584956527,1478.4467490484994,1475.6094583832032,1478.13884893605,582,2.133947575046357,2.4214986455694882,0.8812507820108629,1478.4570830126197,2.6960051367569675,1483.8490932861337,1473.0650727391057,0.007294104557335921,1489.522959588721,1473.894123000011,2025-01-21 13:48:00+00:00,13,48,13:48,498.4,2.837290665296223,Post-News,Squeeze,None,Other,-1.0,1.5
2025-01-21 13:49:00+00:00,1478.13884893605,1478.18884893605,1476.0527945675872,1476.1027945675871,878,2.134098060290384,2.408959424810211,0.8859003760341536,1478.1127593172391,2.520768712352088,1483.1542967419432,1473.071221892535,0.006821587044594393,1489.522959588721,1473.894123000011,2025-01-21 13:49:00+00:00,13,49,13:49,534.2,2.1360543684627373,Post-News,Squeeze,None,Other,-1.0,1.5
2025-01-21 13:50:00+00:00,1476.1027945675871,1476.9040437684032,1473.509589411184,1474.310838612,244,2.2241235100710193,2.400132594940023,0.9266669328019346,1477.744043514208,2.510030286335847,1482.7641040868796,1472.7239829415364,0.006794222036900825,1489.522959588721,1473.894123000011,2025-01-21 13:50:00+00:00,13,50,13:50,515.7,3.3944543572192742,Post-News,Squeeze,Downside Sweep,Other,-1.0,1.5
2025-01-21 13:51:00+00:00,1474.310838612,1474.4537147622443,1471.087308408645,1471.2301845588893,736,2.305715141751615,2.3939693899151475,0.9631347633201524,1477.1850870076416,2.6568852415427227,1482.498857490727,1471.8713165245563,0.007194454547127275,1488.758421809596,1473.509589411184,2025-01-21 13:51:00+00:00,13,51,13:51,506.1,3.366406353599359,Post-News,Squeeze,None,Other,-1.0,1.5
2025-01-21 13:52:00+00:00,1471.2301845588893,1471.3072542667908,1469.9029510516184,1469.98002075952,787,2.2413285755673837,2.3890050658265536,0.9381849405128505,1476.557299396061,2.8052820290611318,1482.1678634541831,1470.9467353379387,0.0075995209402534665,1488.758421809596,1471.087308408645,2025-01-21 13:52:00+00:00,13,52,13:52,506.65,1.4043032151723764,Post-News,Squeeze,None,Other,-1.0,1.5
2025-01-21 13:53:00+00:00,1469.98002075952,1470.6859898835714,1469.8373485082236,1470.5433176322751,895,2.141850918408844,2.383168829948102,0.8987407402670194,1476.0454587316017,2.925555199098655,1481.896569129799,1470.1943483334044,0.007928089698843415,1488.758421809596,1469.9029510516184,2025-01-21 13:53:00+00:00,13,53,13:53,521.65,0.8486413753478246,Post-News,Squeeze,Downside Stop Hunt,Other,-1.0,1.5
2025-01-21 13:54:00+00:00,1470.5433176322751,1470.849962748004,1466.2763050147832,1466.5829501305122,331,2.3155514051811172,2.3817121496365963,0.9722213515745075,1475.3062721480278,3.3475388381927935,1482.0013498244134,1468.6111944716422,0.00907618682680398,1488.758421809596,1469.8373485082236,2025-01-21 13:54:00+00:00,13,54,13:54,524.25,4.573657733220671,Post-News,Normal,None,Other,-1.0,1.5
2025-01-21 13:55:00+00:00,1466.5829501305122,1466.8048529876328,1465.3870189634506,1465.6089218205711,576,2.251428735109765,2.3811409809470856,0.9455251718082949,1474.5802706972952,3.7916328985880043,1482.1635364944711,1466.9970049001192,0.010285321115262178,1484.2401033156318,1466.2763050147832,2025-01-21 13:55:00+00:00,13,55,13:55,541.8,1.4178340241821843,Post-News,Normal,Downside False Breakout,Other,-1.0,1.5
2025-01-21 13:56:00+00:00,1465.6089218205711,1467.00230680755,1465.5589218205712,1466.95230680755,493,2.193711324528982,2.377456153783456,0.9227136832946151,1474.208645653913,4.158305858022831,1482.5252573699586,1465.8920339378674,0.011282815007989062,1484.2401033156318,1465.3870189634506,2025-01-21 13:56:00+00:00,13,56,13:56,557.1,1.4433849869787991,Post-News,Normal,None,Other,-1.0,1.5
2025-01-21 13:57:00+00:00,1466.95230680755,1467.02509001233,1466.6531623299084,1466.7259455346882,828,2.063583921521323,2.373825829551852,0.8693072153111171,1473.7517963132937,4.45810057960288,1482.6679974724993,1464.835595154088,0.012100003788304468,1484.2401033156318,1465.3870189634506,2025-01-21 13:57:00+00:00,13,57,13:57,560.05,0.3719276824217559,Post-News,Normal,None,Other,-1.0,1.5
2025-01-21 13:58:00+00:00,1466.7259455346882,1467.2403366083438,1466.3770226450188,1466.8914137186744,257,1.9778503530787306,2.3686370706372886,0.8350162114732859,1473.23974751192,4.63403378145704,1482.507815074834,1463.971679949006,0.012581886388235661,1484.189903931498,1465.3870189634506,2025-01-21 13:58:00+00:00,13,58,13:58,530.65,0.8633139633250266,Post-News,Normal,None,Other,-1.0,1.5
2025-01-21 13:59:00+00:00,1466.8914137186744,1467.100718455526,1463.3719235547796,1463.5812282916313,313,2.102917820769277,2.365324661044965,0.8890609629209376,1472.5400580390215,4.987944577160185,1482.5159471933418,1462.564168884701,0.013549226182145775,1484.1346595042062,1465.3870189634506,2025-01-21 13:59:00+00:00,13,59,13:59,506.3,3.7287949007463794,Post-News,Normal,None,Other,-1.0,1.5
2025-01-21 14:00:00+00:00,1463.5812282916313,1464.1612230993096,1462.781612691895,1463.3616074995732,357,2.0512530055296647,2.36229963099191,0.8683288853871431,1471.878404702312,5.2903117510902895,1482.4590282044926,1461.2977812001316,0.01437703477186412,1483.297930212349,1463.3719235547796,2025-01-21 14:00:00+00:00,14,0,14:00,518.75,1.3796104074147024,Post-News,Normal,Downside False Breakout,Other,-1.0,1.5
2025-01-21 14:01:00+00:00,1463.3616074995732,1464.141961369623,1462.6442209518,1463.4245748218498,351,2.0117163921220476,2.3586471755741907,0.8529111148776688,1471.2278795746338,5.49641454909338,1482.2207086728206,1460.235050476447,0.014943747669280283,1483.1132715754595,1462.781612691895,2025-01-21 14:01:00+00:00,14,1,14:01,522.25,1.4977404178230245,Post-News,Normal,Downside Stop Hunt,Other,-1.0,1.5
2025-01-21 14:02:00+00:00,1463.4245748218498,1463.5714005012294,1462.918383503508,1463.0652091828877,857,1.914666435379141,2.3545895270415538,0.8131635741134217,1470.4686090744428,5.524021072745626,1481.5166512199341,1459.4205669289515,0.015026559665826908,1483.1132715754595,1462.6442209518,2025-01-21 14:02:00+00:00,14,2,14:02,538.75,0.6530169977213518,Post-News,Normal,None,Other,-1.0,1.5
2025-01-21 14:03:00+00:00,1463.0652091828877,1463.4505860989373,1463.0152091828877,1463.4005860989373,544,1.809002898284171,2.3495543039199283,0.7699344915187034,1469.7961224360838,5.524906909301875,1480.8459362546876,1458.74630861748,0.015035845652238438,1482.7047891588531,1462.6442209518,2025-01-21 14:03:00+00:00,14,3,14:03,540.55,0.4353769160495631,Post-News,Normal,None,Other,-1.0,1.5
2025-01-21 14:04:00+00:00,1463.4005860989373,1463.51198990052,1462.6107780412333,1462.722181842816,720,1.7441606812129165,2.3440030145867685,0.7440948967893712,1468.9944365537945,5.315698480528615,1479.6258335148516,1458.3630395927373,0.01447438696364023,1481.6157847671682,1462.6442209518,2025-01-21 14:04:00+00:00,14,4,14:04,565.55,0.9012118592866045,Post-News,Normal,Downside Sweep,Other,-1.0,1.5
2025-01-21 14:05:00+00:00,1462.722181842816,1462.8445342785417,1461.5995874470832,1461.7219398828088,542,1.7085025490876005,2.3374610680123182,0.7309223552289756,1468.3061282495134,5.32186381731265,1478.9498558841387,1457.6624006148882,0.014497968005234087,1481.6157847671682,1462.6107780412333,2025-01-21 14:05:00+00:00,14,5,14:05,567.7,1.244946831458492,Post-News,Normal,None,Other,-1.0,1.5
2025-01-21 14:06:00+00:00,1461.7219398828088,1462.239166413833,1458.926706446331,1459.4439329773552,787,1.8230709361171868,2.331298647428068,0.7819980242035626,1467.4853081085917,5.361264553430184,1478.207837215452,1456.7627790017314,0.01461347387617845,1480.1789508352254,1461.5995874470832,2025-01-21 14:06:00+00:00,14,6,14:06,575.65,3.312459967501809,Post-News,Normal,None,Other,1.5,-1.0
2025-01-21 14:07:00+00:00,1459.4439329773552,1461.6751687270148,1459.3475152068256,1461.5787509564852,139,1.859112549265187,2.3202982212024255,0.8012386219482414,1466.768377731633,5.127983880931851,1477.0243454934969,1456.5124099697694,0.013984440785019758,1479.0908111852923,1458.926706446331,2025-01-21 14:07:00+00:00,14,7,14:07,560.85,2.3276535201891875,Post-News,Normal,None,Other,-1.0,1.5
2025-01-21 14:08:00+00:00,1461.5787509564852,1461.9384430242778,1458.532244838912,1458.8919369067046,307,1.9696186661295192,2.3125590986914895,0.851705224417393,1465.806032130166,4.667111574366541,1475.140255278899,1456.4718089814328,0.012735959525515516,1479.0908111852923,1458.926706446331,2025-01-21 14:08:00+00:00,14,8,14:08,547.1,3.406198185365838,Post-News,Normal,Downside False Breakout,Other,1.5,-1.0
2025-01-21 14:09:00+00:00,1458.8919369067046,1459.2876192624508,1458.8419369067046,1459.2376192624508,627,1.8607660725307078,2.3038418924215573,0.807679588886573,1464.962773364909,4.209986263941457,1473.382745892792,1456.542800837026,0.011495135140591835,1479.0908111852923,1458.532244838912,2025-01-21 14:09:00+00:00,14,9,14:09,534.55,0.44568235574615755,Post-News,Normal,None,Other,1.5,-1.0
2025-01-21 14:10:00+00:00,1459.2376192624508,1463.3487539960845,1459.1007146995764,1463.21184943321,339,2.031285588529091,2.297007903727335,0.8843180666609554,1464.4078239059695,3.6002612128944156,1471.6083463317584,1457.2073014801806,0.009834039819021418,1479.0908111852923,1458.532244838912,2025-01-21 14:10:00+00:00,14,10,14:10,539.3,4.248039296508068,Post-News,Normal,None,Other,1.5,-1.0
2025-01-21 14:11:00+00:00,1463.21184943321,1465.8352551766525,1463.0078909652275,1465.63129670867,114,2.0881483473073694,2.290272281642902,0.9117467665501583,1464.1278795134585,3.241674671028489,1470.6112288555155,1457.6445301714016,0.008856261031258313,1479.0908111852923,1458.532244838912,2025-01-21 14:11:00+00:00,14,11,14:11,508.2,2.8273642114249924,Post-News,Normal,None,Other,1.5,-1.0
2025-01-21 14:12:00+00:00,1465.63129670867,1466.8015359634596,1465.5812967086702,1466.7515359634597,785,2.0261548406989487,2.281752134129875,0.8879820075074034,1463.9664552736554,3.006794928358959,1469.9800451303734,1457.9528654169374,0.008215474931211993,1479.0908111852923,1458.532244838912,2025-01-21 14:12:00+00:00,14,12,14:12,508.1,1.220239254789476,Post-News,Squeeze,None,Other,-1.0,-1.0
2025-01-21 14:13:00+00:00,1466.7515359634597,1467.403087421298,1466.6495519942343,1467.3011034520723,273,1.9352534540107205,2.2721780275399808,0.8517173524937047,1463.8043445646454,2.705886968435633,1469.2161185015166,1458.3925706277741,0.007394121976705495,1479.0530994785408,1458.532244838912,2025-01-21 14:13:00+00:00,14,13,14:13,477.0,0.7535354270637526,Post-News,Squeeze,None,Other,-1.0,1.5
2025-01-21 14:14:00+00:00,1467.3011034520723,1467.3511034520725,1466.969912058731,1467.019912058731,874,1.824249021105769,2.2622584559750423,0.8063839992674535,1463.8261926610562,2.731149170751687,1469.2884910025596,1458.3638943195529,0.007463042223030001,1479.0530994785408,1458.532244838912,2025-01-21 14:14:00+00:00,14,14,14:14,504.15,0.3811913933413962,Post-News,Squeeze,None,Other,-1.0,1.5
2025-01-21 14:15:00+00:00,1467.019912058731,1467.6406228002345,1464.4170950045116,1465.037805746015,382,1.9241975050069948,2.2505307900646625,0.8549971915521798,1463.7976368573286,2.7144633510336846,1469.226563559396,1458.3687101552612,0.007417591838340381,1479.0530994785408,1458.532244838912,2025-01-21 14:15:00+00:00,14,15,14:15,494.45,3.22352779572293,Post-News,Squeeze,None,Other,1.5,-1.0
2025-01-21 14:16:00+00:00,1465.037805746015,1465.4559723714808,1464.0619364626075,1464.4801030880735,570,1.8863288195688752,2.2392575578128504,0.8423902882396918,1463.6740266713546,2.6178149033698093,1468.9096564780941,1458.438396864615,0.007154092661801579,1478.4467490484994,1458.532244838912,2025-01-21 14:16:00+00:00,14,16,14:16,498.3,1.3940359088733203,Post-News,Squeeze,None,Other,1.5,-1.0
2025-01-21 14:17:00+00:00,1464.4801030880735,1466.1890328230656,1464.0345589062908,1465.743488641283,853,1.9054820407978703,2.226802166144575,0.85570333537845,1463.6249038266844,2.5662418304744117,1468.7573874876332,1458.4924201657357,0.007013386623211666,1478.4467490484994,1458.532244838912,2025-01-21 14:17:00+00:00,14,17,14:17,499.55,2.154473916774805,Post-News,Squeeze,None,Other,1.5,-1.0
2025-01-21 14:18:00+00:00,1465.743488641283,1467.123350238903,1465.2207107537847,1466.6005723514047,404,1.9052790011064684,2.21436379282003,0.8604182417018583,1463.6103617583208,2.5475130532857113,1468.7053878648921,1458.5153356517494,0.006962271161363486,1478.4467490484994,1458.532244838912,2025-01-21 14:18:00+00:00,14,18,14:18,506.9,1.902639485118243,Post-News,Squeeze,None,Other,1.5,-1.0
2025-01-21 14:19:00+00:00,1466.6005723514047,1468.98600899161,1465.9512737972234,1468.3367104374286,276,1.985954443483629,2.2017992006673737,0.9019689183653435,1463.8481358656109,2.7578922628104765,1469.3639203912319,1458.3323513399898,0.007536006489306222,1478.18884893605,1458.532244838912,2025-01-21 14:19:00+00:00,14,19,14:19,505.05,3.0347351943867125,Post-News,Squeeze,None,Other,1.5,-1.0
2025-01-21 14:20:00+00:00,1468.3367104374286,1471.2381321558598,1468.124081013459,1471.0255027318906,474,2.0665327791205654,2.1882020266847713,0.9443976168194395,1464.2313306272267,3.1859440120264284,1470.6032186512796,1457.8594426031739,0.008703389813853185,1476.9040437684032,1458.532244838912,2025-01-21 14:20:00+00:00,14,20,14:20,510.9,3.11405114240074,Post-News,Normal,None,Other,-1.0,1.5
2025-01-21 14:21:00+00:00,1471.0255027318906,1471.3059449066404,1470.395460292697,1470.6759024674468,451,1.9839579101793452,2.1745639022479812,0.9123474863757304,1464.5938970095067,3.487625563485493,1471.5691481364777,1457.6186458825357,0.009525167544687251,1474.4537147622443,1458.532244838912,2025-01-21 14:21:00+00:00,14,21,14:21,515.9,0.9104846139434812,Post-News,Normal,None,Other,-1.0,1.5
2025-01-21 14:22:00+00:00,1470.6759024674468,1471.1941949475208,1470.5808979252618,1471.0991904053358,641,1.8860535610421831,2.160225689672531,0.8730817201456808,1464.9955960706288,3.754729104607365,1472.5050542798435,1457.4861378614141,0.01025185089887828,1471.3072542667908,1458.532244838912,2025-01-21 14:22:00+00:00,14,22,14:22,505.1,0.6132970222590757,Post-News,Normal,None,Other,-1.0,1.5
2025-01-21 14:23:00+00:00,1471.0991904053358,1471.1491904053355,1466.864569887548,1466.914569887548,681,2.0573797722382787,2.1511695262223474,0.9564005752030282,1465.1712952600594,3.758378863339475,1472.6880529867383,1457.6545375333806,0.010260585572480357,1471.3059449066404,1458.532244838912,2025-01-21 14:23:00+00:00,14,23,14:23,511.95,4.284620517787516,Post-News,Normal,None,Other,1.5,-1.0
2025-01-21 14:24:00+00:00,1466.914569887548,1472.1425442725706,1466.6594796969428,1471.8874540819654,966,2.3020715439089625,2.141171474128881,1.0751458123388005,1465.629558872017,3.9953350689930596,1473.6202290100032,1457.6388887340308,0.010904078850778608,1471.3059449066404,1458.532244838912,2025-01-21 14:24:00+00:00,14,24,14:24,524.25,5.48306457562785,Post-News,Normal,Range Raid,Other,-1.0,1.5
2025-01-21 14:25:00+00:00,1471.8874540819654,1472.3941754890322,1470.4673076909785,1470.974029098045,234,2.275271276347877,2.133188225104136,1.0666059607734826,1466.0921633327787,4.054271055556386,1474.2007054438914,1457.983621221666,0.011061435718584055,1472.1425442725706,1458.532244838912,2025-01-21 14:25:00+00:00,14,25,14:25,508.85,1.9268677980537632,Post-News,Normal,Range Raid,Other,-1.0,1.5
2025-01-21 14:26:00+00:00,1470.974029098045,1472.543897559267,1470.8427978573943,1472.4126663186162,275,2.234259021028217,2.126088160647983,1.050877880975202,1466.7405999998418,3.97124898129698,1474.6830979624358,1458.7981020372479,0.010830133102737892,1472.3941754890322,1458.532244838912,2025-01-21 14:26:00+00:00,14,26,14:26,483.25,1.7010997018726357,Post-News,Normal,Range Raid,Other,-1.0,1.5
2025-01-21 14:27:00+00:00,1472.4126663186162,1472.5378633883736,1471.3722210891217,1471.497418158879,166,2.157929255187051,2.1165091646579284,1.0195700029183747,1467.2365333599614,3.911583246929438,1475.0596998538203,1459.4133668661025,0.01066381093434736,1472.543897559267,1458.532244838912,2025-01-21 14:27:00+00:00,14,27,14:27,484.6,1.1656422992518856,Post-News,Normal,None,Other,-1.0,1.5
2025-01-21 14:28:00+00:00,1471.497418158879,1471.773885506278,1470.2550561985568,1470.5315235459557,174,2.1122792589394948,2.1089830609892695,1.0015629323967539,1467.818512691924,3.4424582553499743,1474.703429202624,1460.9335961812242,0.009381155028591671,1472.543897559267,1458.532244838912,2025-01-21 14:28:00+00:00,14,28,14:28,477.95,1.518829307721262,Post-News,Normal,None,Other,-1.0,1.5
2025-01-21 14:29:00+00:00,1470.5315235459557,1470.6971676562166,1469.843194168613,1470.008838278874,106,2.02240027527264,2.1013762678968346,0.9624170150625914,1468.3570736427453,2.8146673555946635,1473.9864083539346,1462.727738931556,0.007667528303894,1472.543897559267,1458.532244838912,2025-01-21 14:29:00+00:00,14,29,14:29,451.9,0.8539734876035254,Post-News,Squeeze,None,Other,-1.0,1.5
2025-01-21 14:30:00+00:00,1470.008838278874,1470.1015187475623,1467.173216898099,1467.2658973667876,421,2.0871075305719655,2.0955114654688427,0.9959895543234373,1468.5597760394242,2.5589909853268913,1473.677758010078,1463.4417940687704,0.006970069661660648,1472.543897559267,1458.532244838912,2025-01-21 14:30:00+00:00,14,30,14:30,456.0,2.928301849463196,Post-News,Squeeze,None,Other,-1.0,1.5
2025-01-21 14:31:00+00:00,1467.2658973667876,1467.3158973667876,1461.7673416813032,1461.817341681303,966,2.3343538273514266,2.0952744289090885,1.1141040978421215,1468.3690782880558,2.9071362254411026,1474.183350738938,1462.5548058371735,0.007919361060995715,1472.543897559267,1458.532244838912,2025-01-21 14:31:00+00:00,14,31,14:31,498.6,5.548555685484416,Post-News,Squeeze,None,Other,1.5,-1.0
2025-01-21 14:32:00+00:00,1461.817341681303,1464.8635662958538,1461.3162126486188,1464.3624372631696,140,2.4209966716288256,2.0977518213627286,1.1540910831177889,1468.2496233530414,3.023841397371345,1474.2973061477842,1462.2019405582987,0.008237949049742167,1472.543897559267,1458.532244838912,2025-01-21 14:32:00+00:00,14,32,14:32,466.35,3.5473536472350133,Post-News,Normal,None,Other,1.5,-1.0
2025-01-21 14:33:00+00:00,1464.3624372631696,1465.6115874702994,1464.3124372631696,1465.5615874702994,135,2.3408647813074626,2.0991063950720807,1.1151720497841082,1468.1626475539529,3.07710792315865,1474.3168634002702,1462.0084317076355,0.008383561394332772,1472.543897559267,1458.532244838912,2025-01-21 14:33:00+00:00,14,33,14:33,459.45,1.2991502071297418,Post-News,Normal,None,Other,-1.0,-1.0
2025-01-21 14:34:00+00:00,1465.5615874702994,1466.2909527791485,1462.820241939429,1463.549607248278,399,2.421568071194034,2.1034143598376347,1.151255842610563,1467.98913231343,3.23854593688112,1474.4662241871922,1461.5120404396678,0.00882444117764667,1472.543897559267,1458.532244838912,2025-01-21 14:34:00+00:00,14,34,14:34,435.7,3.470710839719459,Post-News,Normal,None,Other,1.5,-1.0
2025-01-21 14:35:00+00:00,1463.549607248278,1465.4156936191243,1462.6759472598455,1464.542033630692,687,2.444295091771517,2.108609624098693,1.1591975412785616,1467.9643437076638,3.264121444157712,1474.4925865959792,1461.4361008193484,0.008894279913947896,1472.543897559267,1458.532244838912,2025-01-21 14:35:00+00:00,14,35,14:35,450.95,2.739746359278797,Post-News,Normal,None,Other,1.5,-1.0
2025-01-21 14:36:00+00:00,1464.542033630692,1466.4031815572096,1464.492033630692,1466.3531815572096,696,2.4062131513962313,2.1087516608726395,1.1410604653183756,1468.0579976311205,3.1847975799035186,1474.4275927909275,1461.6884024713136,0.008677579727892286,1472.543897559267,1458.532244838912,2025-01-21 14:36:00+00:00,14,36,14:36,457.25,1.9111479265175149,Post-News,Normal,None,Other,1.5,-1.0
2025-01-21 14:37:00+00:00,1466.3531815572096,1466.7700324871912,1464.4128038959373,1464.8296548259189,103,2.402714254243211,2.1087618076020225,1.1393957561169303,1468.0123059403525,3.2260393483586025,1474.4643846370698,1461.5602272436352,0.00879022426529913,1472.543897559267,1458.532244838912,2025-01-21 14:37:00+00:00,14,37,14:37,419.75,2.357228591253943,Post-News,Normal,None,Other,1.5,-1.0
2025-01-21 14:38:00+00:00,1464.8296548259189,1466.082898023957,1464.481621856033,1465.7348650540707,120,2.3454686766489794,2.108404202319593,1.112437868445043,1467.9690205754855,3.2516841019137455,1474.472388779313,1461.465652371658,0.008860361646157824,1472.543897559267,1458.532244838912,2025-01-21 14:38:00+00:00,14,38,14:38,405.55,1.6012761679239702,Post-News,Normal,None,Other,1.5,-1.0
2025-01-21 14:39:00+00:00,1465.7348650540707,1468.1959400053668,1465.4890224260375,1467.9500973773336,843,2.3712864554118545,2.1099738141680593,1.1238463906467142,1467.949689922481,3.250532177028728,1474.4507542765384,1461.4486255684235,0.008857339456096439,1472.543897559267,1458.8419369067046,2025-01-21 14:39:00+00:00,14,39,14:39,433.9,2.706917579329229,Post-News,Normal,None,Other,-1.0,-1.0
2025-01-21 14:40:00+00:00,1467.9500973773336,1468.2960649148913,1464.440399814236,1464.7863673517938,829,2.47731350150068,2.114724646825614,1.1714591330929744,1467.6377331534761,3.2391752847174202,1474.116083722911,1461.1593825840412,0.008828269297103834,1472.543897559267,1459.1007146995764,2025-01-21 14:40:00+00:00,14,40,14:40,451.65,3.855665100655415,Post-News,Normal,None,Other,1.5,-1.0
2025-01-21 14:41:00+00:00,1464.7863673517938,1466.1113364420282,1464.633867400085,1465.9588364903193,702,2.405896040103726,2.1196605127131933,1.1350383826437127,1467.4018798546197,3.1774581005233338,1473.7567960556664,1461.046963653573,0.008661452991564064,1472.543897559267,1461.3162126486188,2025-01-21 14:41:00+00:00,14,41,14:41,464.2,1.4774690419433227,Post-News,Normal,None,Other,1.5,-1.0
2025-01-21 14:42:00+00:00,1465.9588364903193,1467.1884094209618,1465.530747463483,1466.7603203941255,232,2.352450748487652,2.1220554074052527,1.1085717838838693,1467.1849363540591,3.057594197157646,1473.3001247483744,1461.0697479597438,0.008335947627040758,1472.543897559267,1461.3162126486188,2025-01-21 14:42:00+00:00,14,42,14:42,443.75,1.6576619574786946,Post-News,Normal,None,Other,1.5,-1.0
2025-01-21 14:43:00+00:00,1466.7603203941255,1471.1508129264323,1466.5129239205603,1470.9034164528675,981,2.5156963383008204,2.126910235733049,1.1827938462263192,1467.3843786823252,3.1671605628634736,1473.7186998080522,1461.0500575565982,0.008633485837453258,1472.543897559267,1461.3162126486188,2025-01-21 14:43:00+00:00,14,43,14:43,458.75,4.637889005872012,Post-News,Normal,None,Other,1.5,-1.0
2025-01-21 14:44:00+00:00,1470.9034164528675,1472.5763404900945,1470.4600235999922,1472.132947637219,764,2.487169234858071,2.1315133195925675,1.166856060431978,1467.3966533600878,3.185951236109159,1473.7685558323062,1461.0247508878695,0.008684635415554223,1472.543897559267,1461.3162126486188,2025-01-21 14:44:00+00:00,14,44,14:44,448.65,2.1163168901023255,Post-News,Normal,Upside Sweep,Other,1.5,-1.0
2025-01-21 14:45:00+00:00,1472.132947637219,1472.7599535753875,1470.5989141631874,1471.225920101356,942,2.4638742475253603,2.1337624283099133,1.1547087973973365,1467.4092479102535,3.2012983751647646,1473.8118446605831,1461.0066511599239,0.008726395529328438,1472.5763404900945,1461.3162126486188,2025-01-21 14:45:00+00:00,14,45,14:45,484.05,2.1610394122001253,Post-News,Normal,Upside Stop Hunt,Other,1.5,-1.0
2025-01-21 14:46:00+00:00,1471.225920101356,1471.710059279275,1470.0904905856855,1470.5746297636042,653,2.4035667079585044,2.1368187472089226,1.124834154089112,1467.3173460825028,3.073952042561229,1473.4652501676253,1461.1694419973803,0.008379787919138813,1472.7599535753875,1461.3162126486188,2025-01-21 14:46:00+00:00,14,46,14:46,502.95,1.6195686935893718,Post-News,Normal,None,Other,1.5,-1.0
2025-01-21 14:47:00+00:00,1470.5746297636042,1475.152479298884,1470.4668875103307,1475.0447370456104,968,2.566568499429555,2.1449308178592195,1.1965740237678888,1467.4947120268394,3.411627463219589,1474.3179669532785,1460.6714571004002,0.009299188433892476,1472.7599535753875,1461.3162126486188,2025-01-21 14:47:00+00:00,14,47,14:47,543.05,4.685591788553211,Post-News,Normal,None,Other,1.5,-1.0
2025-01-21 14:48:00+00:00,1475.0447370456104,1475.7663898644494,1473.5381625803673,1474.2598153992062,202,2.542401269761879,2.1517383794378113,1.1815568723676049,1467.681126619502,3.6777726986589796,1475.03667201682,1460.3255812221842,0.010023356250767973,1475.152479298884,1461.3162126486188,2025-01-21 14:48:00+00:00,14,48,14:48,544.45,2.228227284082095,Post-News,Normal,Upside Stop Hunt,Other,1.5,-1.0
2025-01-21 14:49:00+00:00,1474.2598153992062,1475.678313174755,1474.138085150426,1475.556582925975,169,2.4708174665166776,2.1573503695415828,1.1453018950471654,1467.9585138518569,4.0526789409463895,1476.0638717337497,1459.853155969964,0.011043033989597868,1475.7663898644494,1461.3162126486188,2025-01-21 14:49:00+00:00,14,49,14:49,547.6,1.5402280243290534,Post-News,Normal,None,Other,1.5,-1.0
2025-01-21 14:50:00+00:00,1475.556582925975,1475.715446283774,1474.87019789978,1475.0290612575795,962,2.354705389193644,2.159526734193627,1.090380291158052,1468.3466720463966,4.344140110604276,1477.0349522676051,1459.6583918251881,0.01183409938076801,1475.7663898644494,1461.3162126486188,2025-01-21 14:50:00+00:00,14,50,14:50,574.65,0.8452483839942033,Post-News,Normal,None,Other,1.5,-1.0
2025-01-21 14:51:00+00:00,1475.0290612575795,1477.4733416966224,1474.9790612575796,1477.4233416966224,626,2.3646750356114388,2.1605093990912905,1.0944988420814186,1469.1269720471626,4.508097555389116,1478.1431671579408,1460.1107769363844,0.012274221741657272,1475.7663898644494,1461.3162126486188,2025-01-21 14:51:00+00:00,14,51,14:51,557.65,2.494280439042768,Post-News,Normal,None,Other,-1.0,-1.0
2025-01-21 14:52:00+00:00,1477.4233416966224,1479.9811852672135,1477.3733416966224,1479.9311852672138,649,2.3820442166814115,2.162854659776524,1.101342712009847,1469.9054094473647,4.963269633727953,1479.8319487148206,1459.9788701799089,0.013506364700280793,1477.4733416966224,1461.3162126486188,2025-01-21 14:52:00+00:00,14,52,14:52,583.1,2.607843570591058,Post-News,Normal,None,Other,-1.0,1.5
2025-01-21 14:53:00+00:00,1479.9311852672138,1480.2381185188644,1479.5739327629271,1479.8808660145778,771,2.2593400409139752,2.1648128118182766,1.043665313037529,1470.6213733745788,5.323412642769679,1481.268198660118,1459.9745480890394,0.01447935611204731,1479.9811852672135,1461.3162126486188,2025-01-21 14:53:00+00:00,14,53,14:53,614.9,0.6641857559372966,Post-News,Normal,Upside Stop Hunt,Other,-1.0,1.5
2025-01-21 14:54:00+00:00,1479.8808660145778,1480.0508131820457,1478.8082571134942,1478.978204280962,938,2.1867126143166553,2.1626654986372023,1.0111192025279019,1471.392803226213,5.3624443928972925,1482.1176920120074,1460.6679144404184,0.01457787310401255,1480.2381185188644,1461.3162126486188,2025-01-21 14:54:00+00:00,14,54,14:54,641.85,1.2425560685514938,Post-News,Normal,None,Other,-1.0,1.5
2025-01-21 14:55:00+00:00,1478.978204280962,1479.4759546658652,1477.5254724545644,1478.0232228394675,211,2.169839014101239,2.1613056699537267,1.0039482356735292,1472.0668626866516,5.302942006411303,1482.6727466994741,1461.460978673829,0.01440951397202964,1480.2381185188644,1461.3162126486188,2025-01-21 14:55:00+00:00,14,55,14:55,618.05,1.950482211300823,Post-News,Normal,None,Other,-1.0,1.5
2025-01-21 14:56:00+00:00,1478.0232228394675,1478.7515067831632,1473.4704993970408,1474.1987833407366,338,2.3920653263884635,2.1646115699847184,1.1050783242396467,1472.459142775828,5.145892305635525,1482.750927387099,1462.167358164557,0.01397904269434496,1480.2381185188644,1461.3162126486188,2025-01-21 14:56:00+00:00,14,56,14:56,600.15,5.281007386122383,Post-News,Normal,None,Other,-1.0,1.5
2025-01-21 14:57:00+00:00,1474.1987833407366,1474.7677943063711,1473.852154930422,1474.421165896057,288,2.2866063299285027,2.168328610124838,1.0545478758391953,1472.938718329335,4.83498510811746,1482.60868854557,1463.2687481131,0.013130173164574118,1480.2381185188644,1461.3162126486188,2025-01-21 14:57:00+00:00,14,57,14:57,609.4,0.9156393759490129,Post-News,Normal,None,Other,-1.0,1.5
2025-01-21 14:58:00+00:00,1474.421165896057,1474.8062173849676,1474.213932040561,1474.5989835294718,340,2.165583402391216,2.171457494280046,0.9972948621355457,1473.381924253105,4.5369644826770426,1482.455853218459,1464.3079952877508,0.012317144409049104,1480.2381185188644,1461.3162126486188,2025-01-21 14:58:00+00:00,14,58,14:58,620.4,0.5922853444064913,Post-News,Normal,None,Other,-1.0,1.5
2025-01-21 14:59:00+00:00,1474.5989835294718,1474.9317227990073,1472.462147763477,1472.7948870330126,467,2.18729709047257,2.1728638154417674,1.0066425124889238,1473.6241637358887,4.35746883174715,1482.339101399383,1464.9092260723944,0.011827897340391674,1480.2381185188644,1461.3162126486188,2025-01-21 14:59:00+00:00,14,59,14:59,601.6,2.4695750355301698,Post-News,Normal,None,Other,-1.0,1.5
2025-01-21 15:00:00+00:00,1472.7948870330126,1473.0358905782946,1468.5060056914808,1468.7470092367628,612,2.3546247902112265,2.1779200118531263,1.081134650215068,1473.8221958301372,4.010898407351461,1481.84399264484,1465.8003990154343,0.010885704988564818,1480.2381185188644,1461.3162126486188,2025-01-21 15:00:00+00:00,15,0,15:00,590.75,4.529884886813761,Other,Normal,None,Other,1.5,-1.0
2025-01-21 15:01:00+00:00,1468.7470092367628,1469.4287959122605,1468.5197646896288,1469.2015513651263,864,2.2513681068126896,2.1819142070979707,1.0318316364084248,1473.9843315738776,3.732157481197361,1481.4486465362722,1466.520016611483,0.010128079115229715,1480.2381185188644,1461.3162126486188,2025-01-21 15:01:00+00:00,15,1,15:01,598.85,0.909031222631711,Other,Normal,None,Other,1.5,-1.0
2025-01-21 15:02:00+00:00,1469.2015513651263,1469.9847696222914,1469.1515513651264,1469.9347696222917,311,2.150071688980717,2.1858376279913303,0.983637421850277,1474.143054035286,3.466833439929535,1481.0767209151452,1467.2093871554268,0.009407047519410155,1480.2381185188644,1461.3162126486188,2025-01-21 15:02:00+00:00,15,2,15:02,602.8,0.8332182571650719,Other,Normal,None,Other,1.5,-1.0
2025-01-21 15:03:00+00:00,1469.9347696222917,1471.3643450425338,1469.3756059444593,1470.8051813647016,834,2.1385479324874215,2.191330045228051,0.9759132072069334,1474.1381422808777,3.4717310083849484,1481.0816042976476,1467.1946802641078,0.009420368169873884,1480.2381185188644,1462.6759472598455,2025-01-21 15:03:00+00:00,15,3,15:03,595.45,1.988739098074575,Other,Normal,None,Other,-1.0,-1.0
2025-01-21 15:04:00+00:00,1470.8051813647016,1471.4782406606028,1467.9497328683458,1468.622792164247,617,2.2378307796138173,2.1995578802013998,1.017400269279985,1473.962634507229,3.6619496495070254,1481.2865338062431,1466.638735208215,0.009937700084863558,1480.2381185188644,1462.6759472598455,2025-01-21 15:04:00+00:00,15,4,15:04,588.1,3.52850779225696,Other,Normal,None,Other,1.5,-1.0
2025-01-21 15:05:00+00:00,1468.622792164247,1469.6159922881404,1468.5039171909327,1469.4971173148265,834,2.157419659441952,2.207039832040638,0.9775173189544083,1473.8761943679024,3.749311723346179,1481.3748178145947,1466.37757092121,0.010175377654306005,1480.2381185188644,1462.6759472598455,2025-01-21 15:05:00+00:00,15,5,15:05,582.7,1.1120750972077076,Other,Normal,None,Other,1.5,-1.0
2025-01-21 15:06:00+00:00,1469.4971173148265,1469.5471173148262,1469.053530305888,1469.103530305888,823,2.038574470120257,2.2106315576073565,0.9221683564160629,1473.8026393950167,3.8310313048041538,1481.464702004625,1466.1405767854085,0.010397677958771287,1480.2381185188644,1464.4128038959373,2025-01-21 15:06:00+00:00,15,6,15:06,591.2,0.4935870089382206,Other,Normal,None,Other,1.5,-1.0
2025-01-21 15:07:00+00:00,1469.103530305888,1471.0597993446215,1469.053530305888,1471.0097993446216,347,2.0362669393069197,2.213584130774719,0.9198958878487528,1473.6008925099673,3.868239972216568,1481.3373724544003,1465.8644125655342,0.010500102142657676,1480.2381185188644,1464.4128038959373,2025-01-21 15:07:00+00:00,15,7,15:07,560.15,2.006269038733535,Other,Normal,None,Other,-1.0,-1.0
2025-01-21 15:08:00+00:00,1471.0097993446216,1471.3491975511706,1468.5210161557998,1468.8604143623488,801,2.0928322575972005,2.2156376906325135,0.9445733237187102,1473.3309224581244,4.005802411809987,1481.3425272817444,1465.3193176345044,0.010875499457044387,1480.2381185188644,1464.440399814236,2025-01-21 15:08:00+00:00,15,8,15:08,590.1,2.828181395370848,Other,Normal,None,Other,1.5,-1.0
2025-01-21 15:09:00+00:00,1468.8604143623488,1471.539556065614,1468.7176920282575,1471.396833731523,789,2.1449059561514425,2.2203733553595257,0.9660113921715371,1473.122934998402,3.992127551115028,1481.107190100632,1465.1386798961719,0.010839903327197429,1480.2381185188644,1464.440399814236,2025-01-21 15:09:00+00:00,15,9,15:09,621.1,2.8218640373565904,Other,Normal,None,Other,1.5,-1.0
2025-01-21 15:10:00+00:00,1471.396833731523,1474.7832945854404,1471.346833731523,1474.7332945854405,605,2.2371598774204413,2.223804593507715,1.0060056013697052,1473.108146664795,3.985236782838508,1481.0786202304719,1465.137673099118,0.01082130131955694,1480.2381185188644,1464.440399814236,2025-01-21 15:10:00+00:00,15,10,15:10,603.25,3.436460853917424,Other,Normal,None,Other,1.5,-1.0
2025-01-21 15:11:00+00:00,1474.7332945854405,1475.059126263577,1474.664262950084,1474.99009462822,185,2.1055672657113247,2.2240949088144477,0.9467074706958868,1472.9864843113749,3.882382051620011,1480.7512484146148,1465.221720208135,0.010542885743951668,1480.2381185188644,1464.633867400085,2025-01-21 15:11:00+00:00,15,11,15:11,581.2,0.3948633134928059,Other,Normal,None,Other,1.5,-1.0
2025-01-21 15:12:00+00:00,1474.99009462822,1476.1449064759847,1474.7286759822323,1475.8834878299972,957,2.0563289248571186,2.224597810217084,0.9243598619997091,1472.784099439514,3.5962662128049834,1479.9766318651239,1465.591567013904,0.009767259747504205,1480.2381185188644,1465.530747463483,2025-01-21 15:12:00+00:00,15,12,15:12,596.6,1.4162304937524368,Other,Normal,None,Other,-1.0,-1.0
2025-01-21 15:13:00+00:00,1475.8834878299972,1478.030153931881,1475.4732435602689,1477.6199096621526,953,2.092084742482471,2.2272116650249463,0.9393291061355132,1472.6710516218927,3.391125036892906,1479.4533016956786,1465.8888015481068,0.009210814684401436,1480.2381185188644,1466.5129239205603,2025-01-21 15:13:00+00:00,15,13,15:13,605.7,2.556910371612048,Other,Normal,None,Other,-1.0,1.5
2025-01-21 15:14:00+00:00,1477.6199096621526,1478.14372575866,1474.8244448790178,1475.3482609755251,408,2.1797416094224418,2.233136541496891,0.9760897145865259,1472.4895544566211,3.1222739869272966,1478.7341024304758,1466.2450064827665,0.008481619383926995,1480.2381185188644,1467.9497328683458,2025-01-21 15:14:00+00:00,15,14,15:14,579.2,3.319280879642065,Other,Normal,None,Other,1.5,-1.0
2025-01-21 15:15:00+00:00,1475.3482609755251,1476.100585065211,1473.5202146166482,1474.2725387063338,546,2.208357955075317,2.237872548998029,0.9868113159813651,1472.3020202499642,2.875280010433579,1478.0525802708314,1466.551460229097,0.007811658126898246,1480.2381185188644,1467.9497328683458,2025-01-21 15:15:00+00:00,15,15,15:15,595.95,2.5803704485626895,Other,Squeeze,None,Other,1.5,-1.0
2025-01-21 15:16:00+00:00,1474.2725387063338,1474.7329902382098,1474.219539199806,1474.6799907316822,483,2.0872931753130732,2.2412219549270995,0.9313192612290677,1472.3260806195117,2.893940338665204,1478.113961296842,1466.5381999421813,0.007862226654159355,1480.2381185188644,1467.9497328683458,2025-01-21 15:16:00+00:00,15,16,15:16,603.2,0.5134510384039004,Other,Squeeze,None,Other,1.5,-1.0
2025-01-21 15:17:00+00:00,1474.6799907316822,1479.4540137105987,1474.3963215788904,1479.1703445578069,745,2.2994645293413063,2.247788329736157,1.0229897979812073,1472.563539552599,3.248074365837531,1479.059688284274,1466.067390820924,0.00882291127980625,1480.2381185188644,1467.9497328683458,2025-01-21 15:17:00+00:00,15,17,15:17,626.05,5.057692131708336,Other,Normal,None,Other,-1.0,-1.0
2025-01-21 15:18:00+00:00,1479.1703445578069,1479.6103514243814,1476.0788495543993,1476.518856420974,386,2.387467196529934,2.2558247996598815,1.0583566582342303,1472.6595331971741,3.338507059848068,1479.3365473168703,1465.982519077478,0.009067967129103169,1480.2381185188644,1467.9497328683458,2025-01-21 15:18:00+00:00,15,18,15:18,628.35,3.531501869982094,Other,Normal,None,Other,1.5,-1.0
2025-01-21 15:19:00+00:00,1476.518856420974,1480.6239689885426,1476.045399546421,1480.15051211399,976,2.543974499786477,2.2651251339315954,1.1231055016244866,1473.027314451223,3.735731745687419,1480.4987779425978,1465.5558509598482,0.010144365169709471,1480.2381185188644,1467.9497328683458,2025-01-21 15:19:00+00:00,15,19,15:19,653.8,4.578569442121534,Other,Normal,Upside Sweep,Other,1.5,-1.0
2025-01-21 15:20:00+00:00,1480.15051211399,1480.8587211808035,1479.013359018919,1479.7215680857323,180,2.494073618507773,2.2722508145880487,1.097622499459832,1473.5760423936713,3.877248846503108,1481.3305400866775,1465.821544700665,0.010524733668185645,1480.6239689885426,1467.9497328683458,2025-01-21 15:20:00+00:00,15,20,15:20,632.2,1.8453621618846228,Other,Normal,Upside Stop Hunt,Other,1.5,-1.0
2025-01-21 15:21:00+00:00,1479.7215680857323,1480.2005858509067,1479.1661165785897,1479.6451343437636,473,2.389816165208431,2.279015118838534,1.0486179514361298,1474.0982215426034,3.9594816101720114,1482.0171847629474,1466.1792583222593,0.010744145952577111,1480.8587211808035,1467.9497328683458,2025-01-21 15:21:00+00:00,15,21,15:21,612.65,1.0344692723169828,Other,Normal,None,Other,1.5,-1.0
2025-01-21 15:22:00+00:00,1479.6451343437636,1482.851173621861,1479.144976324162,1482.3510156022596,511,2.483843388957771,2.2889782826371263,1.0851319157541945,1474.7190338416017,4.236051522292645,1483.191136886187,1466.2469307970164,0.01148978598657633,1480.8587211808035,1467.9497328683458,2025-01-21 15:22:00+00:00,15,22,15:22,622.65,3.706197297699191,Other,Normal,None,Other,1.5,-1.0
2025-01-21 15:23:00+00:00,1482.3510156022596,1486.9835361427056,1482.2200629202157,1486.8525834606617,373,2.6466740913529225,2.298799854622371,1.151328631777601,1475.5214039463997,4.920244682278277,1485.3618933109562,1465.6809145818431,0.013338321407249516,1482.851173621861,1467.9497328683458,2025-01-21 15:23:00+00:00,15,23,15:23,599.6,4.763473222489893,Other,Normal,None,Other,1.5,-1.0
2025-01-21 15:24:00+00:00,1486.8525834606617,1488.0604691553629,1486.5880609437563,1487.7959466384575,523,2.5627979570853237,2.303145294841977,1.1127382900353067,1476.4800616701102,5.354095373438001,1487.1882524169862,1465.7718709232342,0.014505025871820409,1486.9835361427056,1467.9497328683458,2025-01-21 15:24:00+00:00,15,24,15:24,594.9,1.4724082116065347,Other,Normal,None,Other,-1.0,-1.0
2025-01-21 15:25:00+00:00,1487.7959466384575,1490.5052194447355,1487.6883046194191,1490.397577425697,383,2.5809491619589733,2.308239926268828,1.1181459659312663,1477.525084675654,5.9283204304013974,1489.3817255364568,1465.6684438148511,0.016049325975952003,1488.0604691553629,1467.9497328683458,2025-01-21 15:25:00+00:00,15,25,15:25,572.35,2.8169148253164167,Other,Normal,Upside False Breakout,Other,-1.0,1.5
2025-01-21 15:26:00+00:00,1490.397577425697,1490.9314774646307,1487.8076604132316,1488.3415604521654,419,2.619725439776125,2.314664366581293,1.131794949453255,1478.4869861829677,6.049459129410881,1490.5859044417896,1466.3880679241458,0.016366621244408554,1490.5052194447355,1467.9497328683458,2025-01-21 15:26:00+00:00,15,26,15:26,552.15,3.123817051399101,Other,Normal,Upside Stop Hunt,Other,-1.0,1.5
2025-01-21 15:27:00+00:00,1488.3415604521654,1488.85650322024,1486.6450424486866,1487.1599852167612,183,2.5905636777602195,2.3218749402908463,1.1157205897728997,1479.2944954765746,6.076678124076203,1491.4478517247271,1467.1411392284222,0.016431287056519615,1490.9314774646307,1467.9497328683458,2025-01-21 15:27:00+00:00,15,27,15:27,543.95,2.2114607715534476,Other,Normal,None,Other,-1.0,1.5
2025-01-21 15:28:00+00:00,1487.1599852167612,1487.2099852167612,1484.0960843202458,1484.1460843202458,462,2.627944907671301,2.3304693677697093,1.1276461917996716,1480.0587789744695,5.640920061923754,1491.3406190983171,1468.776938850622,0.015245124428997012,1490.9314774646307,1467.9497328683458,2025-01-21 15:28:00+00:00,15,28,15:28,527.0,3.1139008965153607,Other,Normal,None,Other,1.5,-1.0
2025-01-21 15:29:00+00:00,1484.1460843202458,1484.492961930255,1482.6518383892114,1482.9987159992206,708,2.5717433814836044,2.339625086206559,1.0992117483461417,1480.6388730878543,5.288833094186235,1491.2165392762267,1470.061206899482,0.014287975792926212,1490.9314774646307,1467.9497328683458,2025-01-21 15:29:00+00:00,15,29,15:29,522.95,1.8411235410435438,Other,Normal,None,Other,1.5,-1.0
2025-01-21 15:30:00+00:00,1482.9987159992206,1484.31941821805,1482.9359106667391,1484.2566128855688,926,2.4868693936141266,2.3462877839239282,1.0599166098265618,1481.1150390028608,5.15619636782742,1491.4274317385157,1470.802646267206,0.013925174566585331,1490.9314774646307,1467.9497328683458,2025-01-21 15:30:00+00:00,15,30,15:30,539.0,1.3835075513109132,Other,Normal,None,Other,1.5,-1.0
2025-01-21 15:31:00+00:00,1484.2566128855688,1484.957383942002,1484.0282344389552,1484.7290054953885,996,2.375603687145032,2.346975281587155,1.0121980004572169,1481.6019845462192,5.00496779347575,1491.6119201331708,1471.5920489592677,0.01351231395659524,1490.9314774646307,1467.9497328683458,2025-01-21 15:31:00+00:00,15,31,15:31,579.55,0.9291495030468013,Other,Normal,None,Other,1.5,-1.0
2025-01-21 15:32:00+00:00,1484.7290054953885,1488.630411396609,1484.6790054953883,1488.5804113966087,808,2.4881609881504296,2.3480946868625154,1.0596510447690115,1482.2368307245497,5.046525604551886,1492.3298819336535,1472.1437795154459,0.01361867550433233,1490.9314774646307,1467.9497328683458,2025-01-21 15:32:00+00:00,15,32,15:32,572.1,3.951405901220596,Other,Normal,None,Other,1.5,-1.0
2025-01-21 15:33:00+00:00,1488.5804113966087,1493.2895339251022,1488.466270147781,1493.1753926762744,885,2.6549540445197737,2.3533295079160537,1.1281692748886738,1483.0146048752558,5.4777949739470575,1493.97019482315,1472.0590149273617,0.014774756650243104,1490.9314774646307,1467.9497328683458,2025-01-21 15:33:00+00:00,15,33,15:33,568.7,4.823263777321245,Other,Normal,None,Other,1.5,-1.0
2025-01-21 15:34:00+00:00,1493.1753926762744,1493.4644602281403,1492.580618872233,1492.8696864240987,412,2.5284459953331764,2.355110806651706,1.0735995895360453,1483.8906761476846,5.587195435301928,1495.0650670182886,1472.7162852770807,0.015060935485643277,1493.2895339251022,1467.9497328683458,2025-01-21 15:34:00+00:00,15,34,15:34,568.9,0.883841355907407,Other,Normal,Upside Stop Hunt,Other,1.5,-1.0
2025-01-21 15:35:00+00:00,1492.8696864240987,1493.3687559413331,1490.8493721350928,1491.3484416523274,970,2.5277986961122556,2.356502533390718,1.0726908459865152,1484.7444712949841,5.339271974929173,1495.4230152448424,1474.0659273451258,0.014384352535146389,1493.4644602281403,1468.5039171909327,2025-01-21 15:35:00+00:00,15,35,15:35,590.1,2.5193838062402847,Other,Normal,None,Other,1.5,-1.0
2025-01-21 15:36:00+00:00,1491.3484416523274,1494.052731852659,1491.241437101344,1493.9457273016756,879,2.5480484143410242,2.358866454439798,1.0802003689293866,1485.707758123484,5.162922428415925,1496.0336029803157,1475.3819132666522,0.013900236840485702,1493.4644602281403,1468.5210161557998,2025-01-21 15:36:00+00:00,15,36,15:36,609.9,2.8112947513150175,Other,Normal,None,Other,1.5,-1.0
2025-01-21 15:37:00+00:00,1493.9457273016756,1497.5087041084398,1493.2184606314222,1496.7814374381865,289,2.6724909188179233,2.36336273218271,1.1308001443983653,1486.5883127675029,5.48126310764169,1497.5508389827862,1475.6257865522196,0.014748570429529312,1494.052731852659,1468.5210161557998,2025-01-21 15:37:00+00:00,15,37,15:37,587.1,4.290243477017611,Other,Normal,None,Other,1.5,-1.0
2025-01-21 15:38:00+00:00,1496.7814374381865,1497.859854648539,1496.6940261707384,1497.7724433810913,750,2.564872173030978,2.36701945712241,1.0835872790623773,1487.6509921155089,5.486566073898427,1498.6241242633057,1476.677859967712,0.014752293657523164,1497.5087041084398,1468.5210161557998,2025-01-21 15:38:00+00:00,15,38,15:38,605.3,1.1658284778006873,Other,Normal,None,Other,-1.0,-1.0
2025-01-21 15:39:00+00:00,1497.7724433810913,1499.8548257431555,1497.2760550067048,1499.3584373687693,162,2.5658649275609564,2.370262431658228,1.0825235608049888,1488.6113883782477,5.777932578975924,1500.1672535361995,1477.055523220296,0.015525697637636879,1497.859854648539,1468.7176920282575,2025-01-21 15:39:00+00:00,15,39,15:39,564.6,2.5787707364506787,Other,Normal,Upside False Breakout,Other,-1.0,1.5
2025-01-21 15:40:00+00:00,1499.3584373687693,1500.8124506874233,1499.1399979589953,1500.594011277649,392,2.502049770480029,2.370674702807884,1.0554167417050264,1489.6550105378435,5.969558721821479,1501.5941279814865,1477.7158930942005,0.01602937238378751,1499.8548257431555,1471.346833731523,2025-01-21 15:40:00+00:00,15,40,15:40,575.2,1.6724527284279702,Other,Normal,Upside False Breakout,Other,-1.0,1.5
2025-01-21 15:41:00+00:00,1500.594011277649,1501.2804847305708,1497.6836038788883,1498.37007733181,348,2.58025199056592,2.3735806353155877,1.08707155433245,1490.5912576872458,5.782462545167428,1502.1561827775806,1479.026332596911,0.015517231877877177,1500.8124506874233,1473.5202146166482,2025-01-21 15:41:00+00:00,15,41,15:41,568.95,3.5968808516824993,Other,Normal,Upside Stop Hunt,Other,-1.0,1.5
2025-01-21 15:42:00+00:00,1498.37007733181,1498.900190238132,1495.1036591608508,1495.633772067173,809,2.6671290681884323,2.3788252739772675,1.1211958681308007,1491.2553955104916,5.544102458449863,1502.3436004273913,1480.1671905935918,0.014870967039289687,1501.2804847305708,1473.5202146166482,2025-01-21 15:42:00+00:00,15,42,15:42,583.85,3.796531077281088,Other,Normal,None,Other,-1.0,1.5
2025-01-21 15:43:00+00:00,1495.633772067173,1495.978091125702,1495.1752614695502,1495.5195805280794,648,2.533964824471526,2.379129748746779,1.065080551326092,1491.6887453638624,5.5205217494438825,1502.7297888627502,1480.6477018649746,0.014803414630837883,1501.2804847305708,1473.5202146166482,2025-01-21 15:43:00+00:00,15,43,15:43,597.6,0.8028296561517436,Other,Normal,None,Other,-1.0,1.5
2025-01-21 15:44:00+00:00,1495.5195805280794,1495.6128999469151,1494.9756195447733,1495.068938963609,372,2.398487365733693,2.3776517175947065,1.008763120344667,1492.05239498012,5.490058255479352,1503.0325114910786,1481.0722784691613,0.014718137979470785,1501.2804847305708,1473.5202146166482,2025-01-21 15:44:00+00:00,15,44,15:44,590.05,0.6372804021418688,Other,Normal,None,Other,-1.0,1.5
2025-01-21 15:45:00+00:00,1495.068938963609,1496.017573258048,1494.7415088143975,1495.6901431088363,758,2.3183142998706083,2.375225718467127,0.9760395746164087,1492.317023264277,5.533478400924686,1503.3839800661262,1481.2500664624276,0.014831911221707527,1501.2804847305708,1473.5202146166482,2025-01-21 15:45:00+00:00,15,45,15:45,608.8,1.2760644436505117,Other,Normal,None,Other,-1.0,1.5
2025-01-21 15:46:00+00:00,1495.6901431088363,1495.9693432784202,1495.116564391345,1495.395764560929,190,2.2136331989566465,2.3720601599837625,0.9332112381887478,1492.669733469715,5.491402537158797,1503.6525385440327,1481.6869283953974,0.014715653205867686,1501.2804847305708,1474.219539199806,2025-01-21 15:46:00+00:00,15,46,15:46,597.35,0.8527788870751465,Other,Normal,None,Other,-1.0,1.5
2025-01-21 15:47:00+00:00,1495.395764560929,1495.4457645609286,1491.5300587748088,1491.5800587748088,804,2.335209812325444,2.3682041818653605,0.9860677682302175,1492.8907371476175,5.344981646829465,1503.5807004412763,1482.2007738539587,0.014321159650415586,1501.2804847305708,1474.3963215788904,2025-01-21 15:47:00+00:00,15,47,15:47,628.4,3.9157057861198155,Other,Normal,None,Other,-1.0,1.5
2025-01-21 15:48:00+00:00,1491.5800587748088,1491.8265126925066,1486.6153252430984,1486.8617791607962,879,2.5406367864027892,2.368174773809376,1.0728248668555809,1493.026521889645,5.1417710378414565,1503.3100639653278,1482.7429798139622,0.013775431212926452,1501.2804847305708,1476.045399546421,2025-01-21 15:48:00+00:00,15,48,15:48,649.25,5.211187449408271,Other,Normal,None,Other,-1.0,1.5
2025-01-21 15:49:00+00:00,1486.8617791607962,1488.8157048002863,1486.5534491390465,1488.5073747785368,141,2.520752420319719,2.3690070230394267,1.0640544311623035,1493.3019548286109,4.705354801010508,1502.7126644306318,1483.89124522659,0.012603893769229012,1501.2804847305708,1476.045399546421,2025-01-21 15:49:00+00:00,15,49,15:49,620.9,2.2622556612398057,Other,Normal,None,Other,-1.0,1.5
2025-01-21 15:50:00+00:00,1488.5073747785368,1488.5958157563698,1486.9398164310896,1487.0282574089226,771,2.458984342102608,2.370745005587909,1.0372200874858817,1493.4405370547786,4.4593124325066205,1502.3591619197919,1484.5219121897653,0.011943729453871307,1501.2804847305708,1479.013359018919,2025-01-21 15:50:00+00:00,15,50,15:50,613.15,1.6559993252801632,Other,Normal,None,Other,-1.0,1.5
2025-01-21 15:51:00+00:00,1487.0282574089226,1487.1607950892317,1486.3780465323423,1486.510584212651,646,2.339253214587377,2.370321308570842,0.9868928765601838,1493.5296159906416,4.290740600967236,1502.111097192576,1484.9481347887072,0.011491544740801628,1501.2804847305708,1479.144976324162,2025-01-21 15:51:00+00:00,15,51,15:51,595.65,0.7827485568893735,Other,Normal,None,Other,-1.0,1.5
2025-01-21 15:52:00+00:00,1486.510584212651,1486.8720693461514,1484.9054667543958,1485.266951887896,308,2.312635312956539,2.3691644935087606,0.9761396134767742,1493.3639430152061,4.548144123858977,1502.460231262924,1484.2676547674882,0.012182279196257882,1501.2804847305708,1479.144976324162,2025-01-21 15:52:00+00:00,15,52,15:52,570.65,1.9666025917556453,Other,Normal,None,Other,-1.0,1.5
2025-01-21 15:53:00+00:00,1485.266951887896,1485.8550713144125,1482.646042321468,1483.2341617479844,338,2.376663432955677,2.3711198833761222,1.0023379457185697,1492.8668814687915,5.081764085172539,1503.0304096391365,1482.7033532984465,0.013616121164594886,1501.2804847305708,1482.2200629202157,2025-01-21 15:53:00+00:00,15,53,15:53,543.3,3.209028992944468,Other,Normal,None,Other,-1.0,-1.0
2025-01-21 15:54:00+00:00,1483.2341617479844,1483.646679647388,1480.7320865467773,1481.144604446181,295,2.415086980645327,2.374926122814933,1.0169103608927388,1492.2806273698957,5.717931589065799,1503.7164905480272,1480.8447641917642,0.015326692538101112,1501.2804847305708,1482.646042321468,2025-01-21 15:54:00+00:00,15,54,15:54,537.45,2.914593100610773,Other,Normal,Range Raid,Other,1.5,-1.0
2025-01-21 15:55:00+00:00,1481.144604446181,1483.462126092747,1481.094604446181,1483.412126092747,336,2.411689456782521,2.3789569635262877,1.0137591783954405,1491.8838115919166,6.051673022028252,1503.987157635973,1479.78046554786,0.016225588011631535,1501.2804847305708,1480.7320865467773,2025-01-21 15:55:00+00:00,15,55,15:55,505.75,2.367521646566047,Other,Normal,None,Other,1.5,-1.0
2025-01-21 15:56:00+00:00,1483.412126092747,1483.6086731544635,1482.6835367416384,1482.8800838033549,396,2.3055070964998534,2.3775143263614775,0.9697132298791136,1491.3305294170007,6.3516486684471865,1504.033826753895,1478.6272320801063,0.017036192965030242,1501.2804847305708,1480.7320865467773,2025-01-21 15:56:00+00:00,15,56,15:56,481.6,0.925136412825168,Other,Normal,None,Other,1.5,-1.0
2025-01-21 15:57:00+00:00,1482.8800838033549,1484.3426751920913,1482.830083803355,1484.292675192091,805,2.248870260231034,2.37688539186652,0.9461416473534898,1490.7060913046957,6.401257730256847,1503.5086067652094,1477.9035758441821,0.0171764448205999,1501.2804847305708,1480.7320865467773,2025-01-21 15:57:00+00:00,15,57,15:57,507.4,1.5125913887363822,Other,Normal,None,Other,1.5,-1.0
2025-01-21 15:58:00+00:00,1484.292675192091,1486.6685055293108,1483.630153562845,1486.0059839000644,356,2.3052618106763765,2.3792133653379395,0.9689176449077912,1490.1177683306444,6.256706337018652,1502.6311810046816,1477.6043556566071,0.016795199600976248,1501.2804847305708,1480.7320865467773,2025-01-21 15:58:00+00:00,15,58,15:58,487.7,3.038351966465825,Other,Normal,None,Other,1.5,-1.0
2025-01-21 15:59:00+00:00,1486.0059839000644,1486.8542103415857,1485.863549339467,1486.711775780988,904,2.211361752922258,2.379614443045434,0.9292941381260715,1489.4854352512552,5.902697991849644,1501.2908312349546,1477.680039267556,0.015851643398859985,1501.2804847305708,1480.7320865467773,2025-01-21 15:59:00+00:00,15,59,15:59,524.8,0.9906610021187134,Other,Normal,None,Other,1.5,-1.0
2025-01-21 16:00:00+00:00,1486.711775780988,1488.7126044292595,1486.500634693136,1488.5014633414075,590,2.2114051802937817,2.37722744954681,0.9302455180362988,1488.8808078544432,5.292752152870925,1499.466312160185,1478.2953035487014,0.01421941131875567,1501.2804847305708,1480.7320865467773,2025-01-21 16:00:00+00:00,16,0,16:00,534.7,2.211969736123592,Other,Normal,None,Other,1.5,-1.0
2025-01-21 16:01:00+00:00,1488.5014633414075,1489.0465068607052,1487.9883690328177,1488.5334125521154,638,2.1290289408361938,2.375188463447202,0.8963621091971171,1488.3889746154587,4.798507066432667,1497.985988748324,1478.7919604825934,0.012895841472280173,1501.2804847305708,1480.7320865467773,2025-01-21 16:01:00+00:00,16,1,16:01,549.2,1.058137827887549,Other,Normal,None,Other,1.5,-1.0
2025-01-21 16:02:00+00:00,1488.5334125521154,1491.9563164249396,1488.158752709286,1491.58165658211,910,2.248209996180287,2.3768241019005276,0.9458882524721118,1488.1863688412054,4.555926604545872,1497.2982220502972,1479.0745156321136,0.012245580795350063,1501.2804847305708,1480.7320865467773,2025-01-21 16:02:00+00:00,16,2,16:02,554.25,3.797563715653496,Other,Normal,None,Other,1.5,-1.0
2025-01-21 16:03:00+00:00,1491.58165658211,1493.5972785028623,1491.4094620618876,1493.42508398264,116,2.2438961708084633,2.3785799058725456,0.9433764092887703,1488.0816440139333,4.399890394531152,1496.8814248029955,1479.2818632248711,0.011827013422900339,1501.2804847305708,1480.7320865467773,2025-01-21 16:03:00+00:00,16,3,16:03,527.65,2.187816440974757,Other,Normal,None,Other,-1.0,-1.0
2025-01-21 16:04:00+00:00,1493.42508398264,1495.86018254794,1493.1340874662094,1495.5691860315094,476,2.278338950160044,2.3792550420483156,0.9575850045056994,1488.1066563673285,4.442913675249182,1496.9924837178269,1479.22082901683,0.01194246032363019,1501.2804847305708,1480.7320865467773,2025-01-21 16:04:00+00:00,16,4,16:04,532.85,2.726095081730591,Other,Normal,None,Other,-1.0,1.5
2025-01-21 16:05:00+00:00,1495.5691860315094,1495.6831837972811,1493.3512423903064,1493.4652401560782,394,2.2821676970753764,2.381334176008873,0.9583567565054224,1487.9954112196906,4.267427401988611,1496.5302660236678,1479.4605564157134,0.011471614414430564,1501.2804847305708,1480.7320865467773,2025-01-21 16:05:00+00:00,16,5,16:05,514.65,2.3319414069746927,Other,Normal,None,Other,-1.0,1.5
2025-01-21 16:06:00+00:00,1493.4652401560782,1494.2722002059818,1493.248114719378,1494.0550747692816,820,2.1923046820416907,2.3838963462075635,0.9196308746935798,1487.928376730108,4.1540862336591085,1496.2365491974263,1479.62020426279,0.011167436010026675,1501.2804847305708,1480.7320865467773,2025-01-21 16:06:00+00:00,16,6,16:06,546.15,1.0240854866037807,Other,Normal,None,Other,-1.0,1.5
2025-01-21 16:07:00+00:00,1494.0550747692816,1494.1932711170164,1489.810094616906,1489.9482909646408,946,2.348795526189446,2.3891051559889385,0.9831277289329667,1487.8467883396,4.094183002793144,1496.0351543451861,1479.6584223340137,0.011007001621079837,1501.2804847305708,1480.7320865467773,2025-01-21 16:07:00+00:00,16,7,16:07,553.25,4.383176500110267,Other,Normal,None,Other,1.5,-1.0
2025-01-21 16:08:00+00:00,1489.9482909646408,1493.4374861366268,1489.5935658397052,1493.0827610116912,963,2.4555901526703163,2.395151120906824,1.0252339116458797,1488.1578374321448,4.248804728068047,1496.655446888281,1479.6602279760086,0.011420306693810124,1501.2804847305708,1480.7320865467773,2025-01-21 16:08:00+00:00,16,8,16:08,557.45,3.843920296921624,Other,Normal,None,Other,-1.0,1.5
2025-01-21 16:09:00+00:00,1493.0827610116912,1493.5959703983012,1491.17418627468,1491.68739566129,659,2.4531754363096607,2.400288945576128,1.02203338511849,1488.3168384762823,4.3214548538500255,1496.9597481839824,1479.6739287685823,0.011614341092248228,1501.2804847305708,1480.7320865467773,2025-01-21 16:09:00+00:00,16,9,16:09,583.35,2.421784123621137,Other,Normal,None,Other,-1.0,1.5
2025-01-21 16:10:00+00:00,1491.68739566129,1491.9437224709625,1490.346927224516,1490.6032540341882,349,2.3920054227479985,2.4028697046649206,0.9954786221259396,1488.4955883075456,4.339249837642214,1497.17408798283,1479.8170886322612,0.011660766405296659,1501.2804847305708,1480.7320865467773,2025-01-21 16:10:00+00:00,16,10,16:10,562.25,1.5967952464463906,Other,Normal,None,Other,-1.0,1.5
2025-01-21 16:11:00+00:00,1490.6032540341882,1490.9734739376545,1487.1788735616126,1487.5490934650788,850,2.4921907765547058,2.4093134298456436,1.0343987401898025,1488.547513770167,4.320418961608863,1497.1883516933847,1479.9066758469492,0.011609757623836134,1501.2804847305708,1480.7320865467773,2025-01-21 16:11:00+00:00,16,11,16:11,572.45,3.794600376041899,Other,Normal,None,Other,1.5,-1.0
2025-01-21 16:12:00+00:00,1487.5490934650788,1487.682954790078,1487.334300541601,1487.4681618665998,618,2.3390810245491576,2.4140259648405107,0.9689543768862053,1488.657574269102,4.26006565351262,1497.1777055761272,1480.1374429620769,0.011446730872555919,1498.900190238132,1480.7320865467773,2025-01-21 16:12:00+00:00,16,12,16:12,587.95,0.3486542484770325,Other,Normal,None,Other,1.5,-1.0
2025-01-21 16:13:00+00:00,1487.4681618665998,1487.7792855162677,1486.5586336798738,1486.8697573295417,529,2.2591932253952125,2.4168111062223896,0.9347827058468203,1488.83935404818,4.090663543819695,1497.0206811358194,1480.6580269605406,0.010990207997114268,1496.017573258048,1480.7320865467773,2025-01-21 16:13:00+00:00,16,13,16:13,597.5,1.2206518363939267,Other,Normal,None,Other,1.5,-1.0
2025-01-21 16:14:00+00:00,1486.8697573295417,1491.14027237683,1486.669975588843,1490.9404906361317,506,2.4171291941517583,2.4207675659678785,0.9984970172819275,1489.3291483576775,3.6874229380508363,1496.7039942337792,1481.9543024815757,0.009903580930023671,1496.017573258048,1480.7320865467773,2025-01-21 16:14:00+00:00,16,14,16:14,608.05,4.470296787986854,Other,Normal,None,Other,-1.0,-1.0
2025-01-21 16:15:00+00:00,1490.9404906361317,1493.434699725814,1490.3691236548832,1492.8633327445657,502,2.4634468282074025,2.4250190471867463,1.015846383171809,1489.8017086902687,3.4895159670004956,1496.7807406242696,1482.8226767562678,0.0093690749490902,1496.017573258048,1480.7320865467773,2025-01-21 16:15:00+00:00,16,15,16:15,616.35,3.065576070930774,Other,Normal,None,Other,-1.0,1.5
2025-01-21 16:16:00+00:00,1492.8633327445657,1492.9887786490926,1491.5858758962956,1491.7113218008226,881,2.3876936799638018,2.4300257222642587,0.9825795908608684,1490.2432705901417,3.1051392453170124,1496.4535490807757,1484.0329920995077,0.008334583504845741,1495.9693432784202,1480.7320865467773,2025-01-21 16:16:00+00:00,16,16,16:16,640.6,1.4029027527969902,Other,Squeeze,None,Other,-1.0,1.5
2025-01-21 16:17:00+00:00,1491.7113218008226,1491.9645788653472,1487.7344121899862,1487.9876692545108,598,2.519298893920747,2.4336896283405824,1.035176739294623,1490.4280202932628,2.830207428340139,1496.088435149943,1484.7676054365825,0.007595690338090294,1495.86018254794,1480.7320865467773,2025-01-21 16:17:00+00:00,16,17,16:17,630.25,4.230166675361033,Other,Squeeze,None,Other,-1.0,1.5
2025-01-21 16:18:00+00:00,1487.9876692545108,1488.0376692545108,1482.8492790408711,1482.899279040871,894,2.709948273900668,2.439064312963428,1.111060606109283,1490.2726850503032,3.152579277269029,1496.5778436048413,1483.967526495765,0.008461751487212305,1495.86018254794,1480.7320865467773,2025-01-21 16:18:00+00:00,16,18,16:18,657.15,5.18839021363965,Other,Normal,None,Other,-1.0,1.5
2025-01-21 16:19:00+00:00,1482.899279040871,1482.949279040871,1480.568289772423,1480.618289772423,859,2.686451202082624,2.4414389246683634,1.1003556857141295,1489.9680107498748,3.752242211492511,1497.47249517286,1482.4635263268897,0.01007334972139199,1495.86018254794,1480.7320865467773,2025-01-21 16:19:00+00:00,16,19,16:19,654.9,2.3809892684480474,Other,Normal,None,Other,-1.0,1.5
2025-01-21 16:20:00+00:00,1480.618289772423,1480.668289772423,1477.614704298139,1477.664704298139,348,2.712675078668427,2.445082282337708,1.1094412234155477,1489.4261727977114,4.650160900875533,1498.7264945994625,1480.1258509959603,0.012488462968636527,1495.86018254794,1480.568289772423,2025-01-21 16:20:00+00:00,16,20,16:20,642.8,3.0535854742838637,Other,Normal,None,Other,-1.0,1.5
2025-01-21 16:21:00+00:00,1477.664704298139,1478.6571159921805,1477.4451952865395,1478.4376069805808,952,2.6054783377378947,2.4486766518798655,1.0640352762532577,1488.9213825191348,5.260134203967348,1499.4416509270695,1478.4011141112,0.014131395426849592,1495.86018254794,1477.614704298139,2025-01-21 16:21:00+00:00,16,21,16:21,658.5,1.2119207056409778,Other,Normal,Downside Stop Hunt,Other,-1.0,1.5
2025-01-21 16:22:00+00:00,1478.4376069805808,1478.883199337543,1477.6706068639082,1478.1161992208704,402,2.5059864903019515,2.449045703568936,1.023250193595831,1488.2481096510728,5.74144776328952,1499.731005177652,1476.7652141244937,0.015431426322149114,1495.86018254794,1477.4451952865395,2025-01-21 16:22:00+00:00,16,22,16:22,633.1,1.212592473634686,Other,Normal,None,Other,-1.0,1.5
2025-01-21 16:23:00+00:00,1478.1161992208704,1478.6954373626852,1477.5753769522062,1478.154615094021,580,2.4069917703145998,2.445050998218297,0.9844341782926282,1487.4845862066418,6.025116002783662,1499.534818212209,1475.4343542010745,0.01620216050278221,1495.86018254794,1477.4451952865395,2025-01-21 16:23:00+00:00,16,23,16:23,656.3,1.1200604104790273,Other,Normal,None,Other,-1.0,1.5
2025-01-21 16:24:00+00:00,1478.154615094021,1478.227877398381,1475.978869516384,1476.052131820744,939,2.395707206863338,2.4422661523812637,0.9809361705019211,1486.5087334961036,6.224032043946925,1498.9567975839975,1474.0606694082096,0.01674805375494497,1495.86018254794,1477.4451952865395,2025-01-21 16:24:00+00:00,16,24,16:24,679.45,2.2490078819969312,Other,Normal,None,Other,-1.0,1.5
2025-01-21 16:25:00+00:00,1476.052131820744,1476.4395403430394,1476.001373293812,1476.3887818161072,961,2.2558829098893374,2.4368483815134363,0.9257379026955678,1485.654910579105,6.388612766070528,1498.432136111246,1472.877685046964,0.017200798706559033,1495.86018254794,1475.978869516384,2025-01-21 16:25:00+00:00,16,25,16:25,707.8,0.4381670492273315,Other,Normal,None,Other,-1.0,1.5
2025-01-21 16:26:00+00:00,1476.3887818161072,1476.9108091583955,1472.7244948360772,1473.2465221783657,230,2.3937708679199825,2.433082471982501,0.9838428805783608,1484.6144829495593,6.638122117368517,1497.8907271842963,1471.3382387148222,0.017885106722602472,1495.86018254794,1475.978869516384,2025-01-21 16:26:00+00:00,16,26,16:26,678.3,4.186314322318367,Other,Normal,None,Other,-1.0,1.5
2025-01-21 16:27:00+00:00,1473.2465221783657,1473.7814458649846,1472.516480112876,1473.0514037994951,805,2.313141931076308,2.428458776204436,0.9525143905022911,1483.7696385913018,6.989498481189679,1497.7486355536812,1469.7906416289225,0.018842543476831213,1495.86018254794,1472.7244948360772,2025-01-21 16:27:00+00:00,16,27,16:27,671.25,1.2649657521085373,Other,Normal,Downside Sweep,Other,-1.0,1.5
2025-01-21 16:28:00+00:00,1473.0514037994951,1475.2000735511058,1472.738371958862,1474.8870417104729,569,2.3237533354454145,2.4233889166673377,0.9588858476092468,1482.8598526262408,6.897065582888339,1496.6539837920175,1469.0657214604641,0.0186047671886812,1495.86018254794,1472.516480112876,2025-01-21 16:28:00+00:00,16,28,16:28,651.55,2.4617015922437986,Other,Normal,None,Other,-1.0,1.5
2025-01-21 16:29:00+00:00,1474.8870417104729,1475.270099083971,1473.6957477621595,1474.0788051356578,798,2.2702246201858487,2.4183636039790413,0.93874412286496,1481.9794230999591,6.834505778228833,1495.6484346564168,1468.3104115435015,0.018446965380754438,1495.86018254794,1472.516480112876,2025-01-21 16:29:00+00:00,16,29,16:29,658.5,1.5743513218114913,Other,Normal,None,Other,-1.0,1.5
2025-01-21 16:30:00+00:00,1474.0788051356578,1475.159636544015,1473.9792491308,1475.060080539157,882,2.1923791054022117,2.413455432508843,0.9083984215623915,1481.2022644252079,6.6843345722323875,1494.5709335696727,1467.833595280743,0.018051105464185327,1495.86018254794,1472.516480112876,2025-01-21 16:30:00+00:00,16,30,16:30,685.15,1.1803874132149303,Lunch Session,Normal,None,Other,-1.0,1.5
2025-01-21 16:31:00+00:00,1475.060080539157,1475.1114033930537,1470.6412448929675,1470.692567746864,950,2.355077633593925,2.4131133316163242,0.9759498663978925,1480.3594381392973,6.901146385479929,1494.1617309102571,1466.5571453683374,0.018647218257085364,1495.86018254794,1472.516480112876,2025-01-21 16:31:00+00:00,16,31,16:31,690.15,4.4701585000862,Lunch Session,Normal,None,Other,-1.0,1.5
2025-01-21 16:32:00+00:00,1470.692567746864,1470.791412161284,1466.0627084557575,1466.1615528701775,193,2.5246223530176746,2.4137210210307787,1.045946209616029,1479.294107689476,7.374343935067668,1494.0427955596115,1464.5454198193406,0.019940169832990882,1495.86018254794,1470.6412448929675,2025-01-21 16:32:00+00:00,16,32,16:32,668.9,4.728703705526414,Lunch Session,Normal,None,Other,1.5,-1.0
2025-01-21 16:33:00+00:00,1466.1615528701775,1466.9459486448086,1466.0970550397174,1466.8814508143482,226,2.4049274424515,2.4095539109963076,0.998079948108364,1478.2946923637162,7.643177158143246,1493.5810466800026,1463.0083380474298,0.020681065007200048,1495.86018254794,1466.0627084557575,2025-01-21 16:33:00+00:00,16,33,16:33,653.75,0.8488936050912343,Lunch Session,Normal,None,Other,1.5,-1.0
2025-01-21 16:34:00+00:00,1466.8814508143482,1469.4389162777334,1466.629574593755,1469.1870400571402,699,2.433814173989132,2.407976713973907,1.0107299459605592,1477.2070198347667,7.288482154927239,1491.7839841446212,1462.6300555249122,0.019735844893947207,1495.86018254794,1466.0627084557575,2025-01-21 16:34:00+00:00,16,34,16:34,663.4,2.809341683978346,Lunch Session,Normal,None,Other,1.5,-1.0
2025-01-21 16:35:00+00:00,1469.1870400571402,1469.7417348710628,1468.1074236398802,1468.6621184538028,143,2.376706820931527,2.4054585160542277,0.9880473120069171,1475.9969591202284,6.520928805958268,1489.038816732145,1462.9551015083118,0.017671930191089612,1495.6831837972811,1466.0627084557575,2025-01-21 16:35:00+00:00,16,35,16:35,645.45,1.6343112311826644,Lunch Session,Normal,None,Other,1.5,-1.0
2025-01-21 16:36:00+00:00,1468.6621184538028,1473.507802852076,1468.5499252339887,1473.395609632262,653,2.5610761635855197,2.4056756452083032,1.0645974525646247,1475.0811735118007,5.385068520527497,1485.8513105528557,1464.3110364707456,0.014602772016151505,1494.2722002059818,1466.0627084557575,2025-01-21 16:36:00+00:00,16,36,16:36,634.05,4.957877618087423,Lunch Session,Normal,None,Other,-1.0,1.5
2025-01-21 16:37:00+00:00,1473.395609632262,1473.595466897767,1470.0091588156768,1470.2090160811815,207,2.6343070149072845,2.405039246809792,1.09532807766094,1474.192240853134,4.544149255589273,1483.2805393643125,1465.1039423419556,0.012329868872351303,1494.1932711170164,1466.0627084557575,2025-01-21 16:37:00+00:00,16,37,16:37,614.5,3.586308082090227,Lunch Session,Normal,None,Other,-1.0,1.5
2025-01-21 16:38:00+00:00,1470.2090160811815,1470.7583259121127,1468.160893267678,1468.7102030986089,739,2.6316731313021053,2.406152596114311,1.093726613828228,1473.482787056021,4.208451939529353,1481.8996909350797,1465.0658831769622,0.011424502482143663,1493.5959703983012,1466.0627084557575,2025-01-21 16:38:00+00:00,16,38,16:38,606.75,2.5974326444347753,Lunch Session,Normal,None,Other,-1.0,1.5
2025-01-21 16:39:00+00:00,1468.7102030986089,1469.2205606840812,1468.5085091023504,1469.0188666878228,609,2.4945573063327227,2.4049641357605074,1.0372534331136225,1472.902815901791,3.965603040771426,1480.8340219833337,1464.9716098202482,0.010769490011038989,1493.5959703983012,1466.0627084557575,2025-01-21 16:39:00+00:00,16,39,16:39,594.25,0.7120515817307478,Lunch Session,Normal,None,Other,-1.0,1.5
2025-01-21 16:40:00+00:00,1469.0188666878228,1470.3923869132468,1468.6689660459604,1470.0424862713844,931,2.439476132115132,2.4039212417877587,1.0147903723754825,1472.5217050004533,3.84841140277819,1480.2185278060097,1464.8248821948969,0.010453934606762248,1493.434699725814,1466.0627084557575,2025-01-21 16:40:00+00:00,16,40,16:40,623.4,1.7234208672864497,Lunch Session,Normal,None,Other,-1.0,1.5
2025-01-21 16:41:00+00:00,1470.0424862713844,1470.2944681687125,1468.5035253927754,1468.7555072901034,873,2.3931523209595573,2.400802913960986,0.9968133190121773,1472.0376000159295,3.669894107248874,1479.3773882304272,1464.6978118014317,0.009972283607997926,1493.434699725814,1466.0627084557575,2025-01-21 16:41:00+00:00,16,41,16:41,619.45,1.7909427759370828,Lunch Session,Normal,None,Other,-1.0,1.5
2025-01-21 16:42:00+00:00,1468.7555072901034,1469.214093186945,1465.9650724659211,1466.423658362763,386,2.4542857781070144,2.3972555257929624,1.023789809513605,1471.4529729730239,3.580837372041273,1478.6146477171064,1464.2912982289413,0.00973415375907344,1493.434699725814,1466.0627084557575,2025-01-21 16:42:00+00:00,16,42,16:42,618.65,3.2490207210239532,Lunch Session,Normal,Downside Sweep,Other,-1.0,-1.0
2025-01-21 16:43:00+00:00,1466.423658362763,1468.0915008685515,1466.120802956594,1467.7886454623826,146,2.4197437876677697,2.395351841846233,1.0101830325697525,1470.9346744914421,3.2988686424485416,1477.5324117763391,1464.3369372065451,0.00897080937626014,1493.434699725814,1465.9650724659211,2025-01-21 16:43:00+00:00,16,43,16:43,596.95,1.9706979119575863,Lunch Session,Normal,None,Other,-1.0,1.5
2025-01-21 16:44:00+00:00,1467.7886454623826,1468.6463976740984,1467.2242762505205,1468.0820284622362,615,2.3484850473756356,2.3945184698735984,0.980775499092144,1470.5361693235168,3.1249525853757967,1476.7860744942684,1464.2862641527652,0.008500171979621187,1493.434699725814,1465.9650724659211,2025-01-21 16:44:00+00:00,16,44,16:44,580.75,1.4221214235778916,Lunch Session,Normal,None,Other,-1.0,1.5
2025-01-21 16:45:00+00:00,1468.0820284622362,1468.7262350083324,1466.6791201374706,1467.3233266835668,558,2.326958606196078,2.39466254164569,0.9717271497456659,1470.0828965668895,2.879157456791108,1475.8412114804717,1464.3245816533074,0.007834000282609397,1493.434699725814,1465.9650724659211,2025-01-21 16:45:00+00:00,16,45,16:45,560.6,2.047114870861833,Lunch Session,Squeeze,None,Other,-1.0,1.5
2025-01-21 16:46:00+00:00,1467.3233266835668,1468.5351904712113,1467.2097570843348,1468.4216208719793,476,2.255421090530395,2.3953590065052524,0.9415795646519717,1469.8416515015704,2.8012096245533202,1475.444070750677,1464.2392322524638,0.007623160281766685,1492.9887786490926,1465.9650724659211,2025-01-21 16:46:00+00:00,16,46,16:46,572.9,1.3254333868765116,Lunch Session,Squeeze,None,Other,-1.0,1.5
2025-01-21 16:47:00+00:00,1468.4216208719793,1468.9624482351726,1467.580500022008,1468.1213273852013,663,2.193030170718553,2.3929893458118046,0.9164395882316739,1469.5951476808557,2.7196212432887386,1475.0343901674332,1464.1559051942781,0.007402368598128705,1491.9645788653472,1465.9650724659211,2025-01-21 16:47:00+00:00,16,47,16:47,565.8,1.3819482131646055,Lunch Session,Squeeze,None,Other,-1.0,1.5
2025-01-21 16:48:00+00:00,1468.1213273852013,1468.275273727386,1467.6596755744897,1467.8136219166745,727,2.0803564551598264,2.385318006957755,0.8721505682226086,1469.2414766911656,2.440863551684761,1474.1232037945351,1464.3597495877962,0.006645234538795454,1488.0376692545108,1465.9650724659211,2025-01-21 16:48:00+00:00,16,48,16:48,573.7,0.6155981528963821,Lunch Session,Squeeze,None,Other,-1.0,1.5
2025-01-21 16:49:00+00:00,1467.8136219166745,1468.5007748419318,1466.737747435843,1467.4249003611003,648,2.0576900945119028,2.3776003015276244,0.865448281273275,1468.9087814524378,2.1871029062337817,1473.2829872649054,1464.5345756399702,0.00595572150932674,1482.949279040871,1465.9650724659211,2025-01-21 16:49:00+00:00,16,49,16:49,566.2,1.763027406088895,Lunch Session,Squeeze,None,Other,-1.0,1.5
2025-01-21 16:50:00+00:00,1467.4249003611003,1467.8046747239234,1465.2389775525362,1465.618751915359,957,2.0939763142887116,2.3715168343973927,0.8829691967254347,1468.436715021248,1.7683450919210795,1471.97340520509,1464.9000248374057,0.004816946004773568,1480.668289772423,1465.9650724659211,2025-01-21 16:50:00+00:00,16,50,16:50,569.95,2.565697171387228,Lunch Session,Squeeze,None,Other,-1.0,1.5
2025-01-21 16:51:00+00:00,1465.618751915359,1466.407497660994,1462.8028241944796,1463.5915699401144,361,2.2018832537334068,2.369227335049827,0.9293676555049113,1468.0816651309103,1.990493112184695,1472.0626513552797,1464.100678906541,0.005423385250185559,1478.883199337543,1465.2389775525362,2025-01-21 16:51:00+00:00,16,51,16:51,540.5,3.6046734665144413,Lunch Session,Squeeze,None,Other,-1.0,1.5
2025-01-21 16:52:00+00:00,1463.5915699401144,1463.7252959900566,1462.3041785883768,1462.437904638319,561,2.1461142643010063,2.366451984238901,0.9068911089659146,1467.8954827193174,2.325500708502909,1472.5464841363232,1463.2444813023117,0.0063369653653946294,1478.883199337543,1462.8028241944796,2025-01-21 16:52:00+00:00,16,52,16:52,558.9,1.421117401679794,Lunch Session,Squeeze,None,Other,-1.0,1.5
2025-01-21 16:53:00+00:00,1462.437904638319,1462.7436007619765,1462.2025629167383,1462.5082590403956,317,2.0314659486536617,2.3606986928338682,0.8605358891502652,1467.67682313062,2.6136161207641333,1472.9040553721484,1462.4495908890917,0.007123137954005989,1478.6954373626852,1462.3041785883768,2025-01-21 16:53:00+00:00,16,53,16:53,563.45,0.5410378452381792,Lunch Session,Squeeze,Downside Stop Hunt,Other,-1.0,1.5
2025-01-21 16:54:00+00:00,1462.5082590403956,1462.577291503383,1458.3398531190878,1458.4088855820753,707,2.1890354083423484,2.356931166628818,0.92876509901364,1467.1379154068668,3.305452241150583,1473.7488198891679,1460.5270109245657,0.009011974147594339,1478.227877398381,1462.2025629167383,2025-01-21 16:54:00+00:00,16,54,16:54,563.85,4.237438384295274,Lunch Session,Normal,None,Other,1.5,-1.0
2025-01-21 16:55:00+00:00,1458.4088855820753,1460.6138539717651,1458.2721183888466,1460.4770867785364,120,2.1999425636692194,2.353402051743596,0.9347924898932245,1466.7286638231033,3.600350726801527,1473.9293652767062,1459.5279623695003,0.009818723300646438,1476.9108091583955,1458.3398531190878,2025-01-21 16:55:00+00:00,16,55,16:55,562.7,2.3417355829185453,Lunch Session,Normal,Downside Stop Hunt,Other,-1.0,-1.0
2025-01-21 16:56:00+00:00,1460.4770867785364,1460.7285886235582,1460.2659850432804,1460.517486888302,654,2.0758469219984037,2.349574382168572,0.8834991297796124,1466.0847576859053,3.4953068684392443,1473.0753714227837,1459.0941439490268,0.009536438736205907,1476.9108091583955,1458.2721183888466,2025-01-21 16:56:00+00:00,16,56,16:56,562.75,0.4626035802778006,Lunch Session,Normal,None,Other,-1.0,-1.0
2025-01-21 16:57:00+00:00,1460.517486888302,1460.7322746189354,1457.9711891879242,1458.1859769185576,243,2.124792529785034,2.3475064199944726,0.9051274627781579,1465.483605727774,3.7716378457555555,1473.026881419285,1457.9403300362628,0.010294588983498089,1475.270099083971,1458.2721183888466,2025-01-21 16:57:00+00:00,16,57,16:57,564.55,2.7610854310112245,Lunch Session,Normal,Downside False Breakout,Other,1.5,-1.0
2025-01-21 16:58:00+00:00,1458.1859769185576,1461.7762121447358,1458.1359769185576,1461.726212144736,104,2.2330384366702614,2.3463026970943703,0.9517264926795789,1465.1344061800805,3.7804765657082005,1472.695359311497,1457.573453048664,0.010321173401598669,1475.270099083971,1457.9711891879242,2025-01-21 16:58:00+00:00,16,58,16:58,532.8,3.64023522617822,Lunch Session,Normal,None,Other,-1.0,-1.0
2025-01-21 16:59:00+00:00,1461.726212144736,1461.9812460382263,1461.562814537551,1461.8178484310415,111,2.103423655527764,2.344503728804462,0.8971722372138718,1464.7743552672414,3.733672150940281,1472.241699569122,1457.3070109653609,0.010195897101868837,1475.270099083971,1457.9711891879242,2025-01-21 16:59:00+00:00,16,59,16:59,507.9,0.4184315006752968,Lunch Session,Normal,None,Other,-1.0,-1.0
2025-01-21 17:00:00+00:00,1461.8178484310415,1461.8883408702145,1458.8226690560325,1458.8931614952053,689,2.172155666860209,2.3438495702472357,0.9267470465824664,1464.2168890284324,3.738038541681656,1471.6929661117958,1456.740811945069,0.01021170721275328,1475.159636544015,1457.9711891879242,2025-01-21 17:00:00+00:00,17,0,17:00,495.8,3.0656718141819965,Lunch Session,Normal,None,Other,1.5,-1.0
2025-01-21 17:01:00+00:00,1458.8931614952053,1462.460043885711,1458.7697960349049,1462.3366784254106,539,2.2805908228563476,2.3463756016142385,0.9719632361022537,1463.8959475851977,3.6008900846276086,1471.097727754453,1456.6941674159425,0.009839196810586301,1475.1114033930537,1457.9711891879242,2025-01-21 17:01:00+00:00,17,1,17:01,479.1,3.690247850806145,Lunch Session,Normal,None,Other,-1.0,-1.0
2025-01-21 17:02:00+00:00,1462.3366784254106,1465.3616104960777,1462.2866784254106,1465.3116104960775,619,2.337329483414255,2.3478609264014714,0.9955144519554836,1463.8403451918634,3.5682424230924226,1470.9768300380483,1456.7038603456785,0.009750359552017288,1473.595466897767,1457.9711891879242,2025-01-21 17:02:00+00:00,17,2,17:02,490.75,3.074932070667046,Lunch Session,Normal,None,Other,-1.0,1.5
2025-01-21 17:03:00+00:00,1465.3116104960775,1465.5280811423252,1463.0990296336015,1463.3155002798492,696,2.3438810566506407,2.349527341165507,0.9975968423878543,1463.616687932737,3.445826320374677,1470.5083405734863,1456.7250352919878,0.00941729169607007,1473.595466897767,1457.9711891879242,2025-01-21 17:03:00+00:00,17,3,17:03,518.25,2.42905150872366,Lunch Session,Normal,None,Other,-1.0,1.5
2025-01-21 17:04:00+00:00,1463.3155002798492,1463.5581351825083,1462.3641043582031,1462.6067392608627,257,2.261748897197393,2.3492508402827967,0.9627532566616555,1463.3429234726682,3.2861948260240905,1469.9153131247165,1456.77053382062,0.008982706030998268,1473.595466897767,1457.9711891879242,2025-01-21 17:04:00+00:00,17,4,17:04,500.35,1.1940308243051732,Lunch Session,Normal,None,Other,-1.0,1.5
2025-01-21 17:05:00+00:00,1462.6067392608627,1462.6872972022054,1461.522621209615,1461.6031791509577,649,2.1833865468683253,2.3476044877793454,0.9300487191237407,1463.0569160960379,3.168342987572801,1469.3936020711835,1456.7202301208922,0.008662254906738985,1473.595466897767,1457.9711891879242,2025-01-21 17:05:00+00:00,17,5,17:05,504.9,1.1646759925904462,Lunch Session,Normal,None,Other,-1.0,1.5
2025-01-21 17:06:00+00:00,1461.6031791509577,1461.775310975181,1457.2944318172952,1457.4665636415184,520,2.3474931619409976,2.3501909624443345,0.9988520930654371,1462.5091632345147,3.1388974576061974,1468.786958149727,1456.2313683193024,0.008584964898719988,1473.595466897767,1457.9711891879242,2025-01-21 17:06:00+00:00,17,6,17:06,507.1,4.480879157885738,Lunch Session,Normal,Downside False Breakout,Other,1.5,-1.0
2025-01-21 17:07:00+00:00,1457.4665636415184,1458.452551406629,1457.1905805348138,1458.1765682999244,746,2.2699558555034454,2.348876967932901,0.9664004911679519,1462.0119252802508,2.9870857870783842,1467.9860968544076,1456.037753706094,0.00817253467068898,1473.595466897767,1457.2944318172952,2025-01-21 17:07:00+00:00,17,7,17:07,511.25,1.2619708718152651,Lunch Session,Normal,Downside Stop Hunt,Other,1.5,-1.0
2025-01-21 17:08:00+00:00,1458.1765682999244,1460.4205778115988,1457.7822878485106,1460.026297360185,549,2.2962654346166462,2.3462215559653403,0.9787078414561152,1461.6225590524264,2.6831036788387337,1466.9887664101038,1456.256351694749,0.007342808612856104,1470.7583259121127,1457.1905805348138,2025-01-21 17:08:00+00:00,17,8,17:08,502.35,2.638289963088255,Lunch Session,Squeeze,None,Other,1.5,-1.0
2025-01-21 17:09:00+00:00,1460.026297360185,1461.6047901158329,1459.887126006044,1461.4656187616918,174,2.2549367685575277,2.342917578169471,0.9624481840796624,1461.324594972456,2.309746801003195,1465.9440885744623,1456.7051013704497,0.006322337443575783,1470.3923869132468,1457.1905805348138,2025-01-21 17:09:00+00:00,17,9,17:09,478.65,1.7176641097889842,Lunch Session,Squeeze,None,Other,1.5,-1.0
2025-01-21 17:10:00+00:00,1461.4656187616918,1461.6800538865382,1461.3229882300818,1461.5374233549285,234,2.1193745462645883,2.3383737302280805,0.9063455164875927,1461.1205285444344,2.079173992610685,1465.2788765296557,1456.962180559213,0.005691998577781758,1470.3923869132468,1457.1905805348138,2025-01-21 17:10:00+00:00,17,10,17:10,442.5,0.35706565645637056,Lunch Session,Squeeze,None,Other,1.5,-1.0
2025-01-21 17:11:00+00:00,1461.5374233549285,1463.9588946532692,1461.18291335535,1463.6043846536909,609,2.1662750285256402,2.332941801094263,0.9285593954849419,1461.1211692801132,2.0799773875403784,1465.281124055194,1456.9612145050326,0.0056941954747398065,1470.2944681687125,1457.1905805348138,2025-01-21 17:11:00+00:00,17,11,17:11,454.9,2.7759812979193157,Lunch Session,Squeeze,None,Other,-1.0,1.5
2025-01-21 17:12:00+00:00,1463.6043846536909,1463.6968602930829,1461.02148450879,1461.1139601481818,113,2.2026393682232936,2.3306677734888317,0.945067930006219,1461.0549720556064,2.0568042564583773,1465.168580568523,1456.9413635426897,0.005631011278280826,1469.214093186945,1457.1905805348138,2025-01-21 17:12:00+00:00,17,12,17:12,432.5,2.6753757842927826,Lunch Session,Squeeze,None,Other,1.5,-1.0
2025-01-21 17:13:00+00:00,1461.1139601481818,1465.3297543773874,1460.888680280487,1465.1044745096926,283,2.362527563128799,2.332390012451058,1.0129213169825189,1461.1847828290713,2.2281434514624725,1465.6410697319964,1456.7284959261463,0.006099552849567764,1468.9624482351726,1457.1905805348138,2025-01-21 17:13:00+00:00,17,13,17:13,430.8,4.4410740969003655,Lunch Session,Squeeze,None,Other,-1.0,1.5
2025-01-21 17:14:00+00:00,1465.1044745096926,1465.2440533002805,1463.2691064513847,1463.4086852419723,929,2.334843226397871,2.33101857965516,1.001640762015409,1461.434772812066,2.180271327269683,1465.7953154666054,1457.0742301575267,0.005967481731872141,1468.9624482351726,1457.1905805348138,2025-01-21 17:14:00+00:00,17,14,17:14,441.9,1.9749468488957973,Lunch Session,Squeeze,None,Other,-1.0,1.5
2025-01-21 17:15:00+00:00,1463.4086852419723,1464.370411747621,1460.996691331305,1461.9584178369537,680,2.4090487399634366,2.3301119448510943,1.0338768252258312,1461.5088393649871,2.171167556841981,1465.851174478671,1457.1665042513032,0.005942263223766251,1468.9624482351726,1457.1905805348138,2025-01-21 17:15:00+00:00,17,15,17:15,469.9,3.3737204163157912,Lunch Session,Squeeze,None,Other,-1.0,1.5
2025-01-21 17:16:00+00:00,1461.9584178369537,1462.0408787482447,1460.6150886684695,1460.6975495797608,846,2.3388159785214193,2.329297316493721,1.0040864950817128,1461.51784249956,2.16721010192363,1465.8522627034072,1457.1834222957127,0.0059313955366214225,1468.9624482351726,1457.1905805348138,2025-01-21 17:16:00+00:00,17,16,17:16,479.5,1.4257900797751972,Lunch Session,Squeeze,None,Other,-1.0,1.5
2025-01-21 17:17:00+00:00,1460.6975495797608,1460.9469143443307,1459.0287554486183,1459.2781202131882,826,2.308769044035061,2.3257884856622932,0.9926822917336845,1461.5724496642915,2.0912673280887226,1465.754984320469,1457.389915008114,0.005723335380518675,1468.9624482351726,1457.1905805348138,2025-01-21 17:17:00+00:00,17,17,17:17,508.65,1.918158895712395,Lunch Session,Squeeze,None,Other,-1.0,1.5
2025-01-21 17:18:00+00:00,1459.2781202131882,1459.441304325431,1458.6931400732906,1458.8563241855334,821,2.197297273185445,2.317244302317039,0.9482372104608662,1461.4289552663313,2.176869596754442,1465.78269445984,1457.0752160728225,0.005958194789859417,1468.5007748419318,1457.1905805348138,2025-01-21 17:18:00+00:00,17,18,17:18,544.5,0.748164252140441,Lunch Session,Squeeze,None,Other,-1.0,1.5
2025-01-21 17:19:00+00:00,1458.8563241855334,1459.177516980517,1458.028752192174,1458.349944987158,673,2.1224020956967147,2.307843483877274,0.9196473289995343,1461.255560094137,2.2799378139622863,1465.8154357220617,1456.6956844662125,0.00624103784779557,1468.5007748419318,1457.1905805348138,2025-01-21 17:19:00+00:00,17,19,17:19,572.6,1.1487647883432146,Lunch Session,Squeeze,None,Other,-1.0,1.5
2025-01-21 17:20:00+00:00,1458.349944987158,1458.875950245329,1458.1075580009872,1458.6335632591583,593,2.0256871063142237,2.296393684338037,0.8821166510472058,1461.2425801823347,2.294785656489495,1465.8321514953136,1456.6530088693557,0.006281737714495349,1467.8046747239234,1457.1905805348138,2025-01-21 17:20:00+00:00,17,20,17:20,567.8,0.7683922443418396,Lunch Session,Squeeze,None,Other,-1.0,1.5
2025-01-21 17:21:00+00:00,1458.6335632591583,1458.6835632591583,1456.7933940005946,1456.8433940005946,455,2.0160072600463272,2.2865691663765113,0.8816734213385117,1460.967915961094,2.4783458233583913,1465.9246076078107,1456.0112243143772,0.0067854900748535825,1466.407497660994,1457.1905805348138,2025-01-21 17:21:00+00:00,17,21,17:21,563.6,1.8901692585636738,Lunch Session,Squeeze,Downside False Breakout,Other,-1.0,-1.0
2025-01-21 17:22:00+00:00,1456.8433940005946,1457.3814259097242,1456.6694822707957,1457.207514179925,708,1.9228598585379084,2.276850389180444,0.844526222572773,1460.5627111452864,2.391771891854852,1465.3462549289961,1455.7791673615766,0.006550275105899156,1465.5280811423252,1456.7933940005946,2025-01-21 17:22:00+00:00,17,22,17:22,568.05,0.7119436389284601,Lunch Session,Squeeze,Downside Stop Hunt,Other,-1.0,-1.0
2025-01-21 17:23:00+00:00,1457.207514179925,1457.708544430942,1454.3249638462462,1454.8259940972632,447,2.0271970532634787,2.2705204772295917,0.8928336359850815,1460.138235836157,2.619957528576534,1465.37815089331,1454.898320779004,0.007177286271326654,1465.5280811423252,1456.6694822707957,2025-01-21 17:23:00+00:00,17,23,17:23,555.6,3.383580584695892,Lunch Session,Squeeze,Downside False Breakout,Other,1.5,-1.0
2025-01-21 17:24:00+00:00,1454.8259940972632,1456.7556856558683,1454.4956158641887,1456.4253074227938,678,2.0438308202932016,2.264655870786756,0.9024906815458729,1459.8291642442537,2.6774024612045975,1465.1839691666628,1454.4743593218445,0.007336207624241136,1465.5280811423252,1454.3249638462462,2025-01-21 17:24:00+00:00,17,24,17:24,576.65,2.260069791679598,Lunch Session,Squeeze,None,Other,1.5,-1.0
2025-01-21 17:25:00+00:00,1456.4253074227938,1458.3232751080388,1456.101282033453,1457.9992497186977,602,2.0565566955998267,2.2613337672152642,0.9094441189601075,1459.6489677726406,2.6729959316339027,1464.9949596359083,1454.302975909373,0.0073250377060526724,1465.5280811423252,1454.3249638462462,2025-01-21 17:25:00+00:00,17,25,17:25,574.3,2.221993074585953,Lunch Session,Squeeze,None,Other,-1.0,1.5
2025-01-21 17:26:00+00:00,1457.9992497186977,1458.093706549366,1457.89213697634,1457.9865938070084,383,1.9240576154159865,2.2535052130068647,0.8538065961909649,1459.6749692809149,2.6531045925531647,1464.9811784660212,1454.3687600958085,0.007270398269171351,1465.5280811423252,1454.3249638462462,2025-01-21 17:26:00+00:00,17,26,17:26,567.45,0.20156957302606315,Lunch Session,Squeeze,None,Other,-1.0,1.5
2025-01-21 17:27:00+00:00,1457.9865938070084,1458.3292760235706,1456.2237291797137,1456.566411396276,903,1.9370211317331965,2.2472365330178126,0.8619569427931878,1459.5944614357327,2.724437285802441,1465.0433360073375,1454.1455868641278,0.00746628562326148,1465.5280811423252,1454.3249638462462,2025-01-21 17:27:00+00:00,17,27,17:27,575.3,2.105546843856928,Lunch Session,Normal,None,Other,1.5,-1.0
2025-01-21 17:28:00+00:00,1456.566411396276,1457.630022125522,1456.1827388172562,1457.2463495465022,944,1.902039858628375,2.2402079750708617,0.8490461063411804,1459.4554640450485,2.771749909425043,1464.9989638638986,1453.9119642261985,0.0075966686965364145,1465.5280811423252,1454.3249638462462,2025-01-21 17:28:00+00:00,17,28,17:28,595.05,1.4472833082656962,Lunch Session,Normal,None,Other,-1.0,-1.0
2025-01-21 17:29:00+00:00,1457.2463495465022,1457.844793944006,1454.7089154084472,1455.307359805951,690,1.9901711926948291,2.2355404179460114,0.8902416510650142,1459.1475510972616,2.8767598071529683,1464.9010707115676,1453.3940314829556,0.007886138190725724,1465.5280811423252,1454.3249638462462,2025-01-21 17:29:00+00:00,17,29,17:29,620.85,3.1358785355587315,Lunch Session,Normal,None,Other,1.5,-1.0
2025-01-21 17:30:00+00:00,1455.307359805951,1455.5856880478318,1455.1044334966632,1455.382761738544,441,1.882391432585813,2.230373956732405,0.8439801885705295,1458.8398180164425,2.936228778015045,1464.7122755724724,1452.9673604604125,0.008050859982715111,1465.5280811423252,1454.3249638462462,2025-01-21 17:30:00+00:00,17,30,17:30,631.2,0.48125455116860394,Lunch Session,Normal,None,Other,1.5,-1.0
2025-01-21 17:31:00+00:00,1455.382761738544,1455.432761738544,1455.0013754543058,1455.0513754543058,188,1.7787482077038417,2.2207684663009037,0.8009606740619261,1458.4121675564732,2.826573644499463,1464.0653148454721,1452.7590202674742,0.007752468629592775,1465.5280811423252,1454.3249638462462,2025-01-21 17:31:00+00:00,17,31,17:31,610.15,0.431386284238215,Lunch Session,Normal,None,Other,1.5,-1.0
2025-01-21 17:32:00+00:00,1455.0513754543058,1461.08425246878,1454.769812879711,1460.8026898941853,760,2.1027261635156402,2.213736863142536,0.9498537059778147,1458.3966040437733,2.8117322078798104,1464.020068459533,1452.7731396280137,0.007711845186922573,1465.5280811423252,1454.3249638462462,2025-01-21 17:32:00+00:00,17,32,17:32,642.5,6.314439589069025,Lunch Session,Normal,None,Other,-1.0,1.5
2025-01-21 17:33:00+00:00,1460.8026898941853,1461.7924213278952,1457.1267089217858,1458.1164403554958,806,2.285796609415193,2.2117513492585976,1.0334781123481245,1458.0472023360633,2.326644937125247,1462.7004922103138,1453.3939124618128,0.006382907037296277,1465.5280811423252,1454.3249638462462,2025-01-21 17:33:00+00:00,17,33,17:33,668.65,4.665712406109378,Lunch Session,Squeeze,None,Other,-1.0,1.5
2025-01-21 17:34:00+00:00,1458.1164403554958,1458.1921404567556,1452.2185225163007,1452.2942226175603,637,2.5492124187751735,2.2136746533383653,1.151575013487549,1457.4914792048428,2.3059073944691586,1462.103293993781,1452.8796644159045,0.006328427788071002,1465.3297543773874,1454.3249638462462,2025-01-21 17:34:00+00:00,17,34,17:34,654.05,5.973617940454915,Lunch Session,Squeeze,None,Other,-1.0,1.5
2025-01-21 17:35:00+00:00,1452.2942226175603,1452.7726503969948,1450.4275272021969,1450.905954981631,147,2.534634617062512,2.2163067832738816,1.1436298603564272,1456.9388560620766,2.495624709458876,1461.9301054809944,1451.947606643159,0.0068516937387591605,1465.3297543773874,1452.2185225163007,2025-01-21 17:35:00+00:00,17,35,17:35,627.4,2.3451231947979068,Lunch Session,Squeeze,None,Other,-1.0,1.5
2025-01-21 17:36:00+00:00,1450.905954981631,1450.9646797329522,1447.1184173969257,1447.1771421482467,871,2.628322311274224,2.2174275524020266,1.1853024503222647,1456.262835690501,3.165254806729318,1462.5933453039597,1449.9323260770425,0.008694185497711948,1465.3297543773874,1450.4275272021969,2025-01-21 17:36:00+00:00,17,36,17:36,628.65,3.8462623360264843,Lunch Session,Normal,None,Other,-1.0,1.5
2025-01-21 17:37:00+00:00,1447.1771421482467,1447.506927140097,1445.2707323182603,1445.6005173101107,435,2.600313204885834,2.216860988901669,1.1729707987572753,1455.578955545347,3.877038840692809,1463.3330332267326,1447.8248778639615,0.010654286601004592,1465.3297543773874,1447.1184173969257,2025-01-21 17:37:00+00:00,17,37,17:37,609.1,2.2361948218367615,Lunch Session,Normal,None,Other,-1.0,1.5
2025-01-21 17:38:00+00:00,1445.6005173101107,1445.650517310111,1442.739528042089,1442.789528042089,165,2.6225043522526974,2.2167081759175122,1.183062516186743,1454.7756157381748,4.732410018131939,1464.2404357744388,1445.3107957019108,0.01301206857452224,1465.3297543773874,1445.2707323182603,2025-01-21 17:38:00+00:00,17,38,17:38,576.3,2.910989268021922,Lunch Session,Normal,None,Other,-1.0,1.5
2025-01-21 17:39:00+00:00,1442.789528042089,1443.1357145339546,1440.4871627480466,1440.8333492399122,439,2.6243648832280773,2.218871635532435,1.1827475015688957,1453.8997859508127,5.580925202559942,1465.0616363559325,1442.7379355456928,0.01535436006384754,1465.3297543773874,1442.739528042089,2025-01-21 17:39:00+00:00,17,39,17:39,564.6,2.648551785908012,Lunch Session,Normal,None,Other,-1.0,-1.0
2025-01-21 17:40:00+00:00,1440.8333492399122,1440.9369678141777,1438.430031857294,1438.5336504315594,556,2.6159771027749152,2.221813318376765,1.1774063469410303,1452.8947903094327,6.4289515582265455,1465.7526934258858,1440.0368871929795,0.017699702968464372,1465.3297543773874,1440.4871627480466,2025-01-21 17:40:00+00:00,17,40,17:40,562.75,2.506935956883808,Lunch Session,Normal,Downside False Breakout,Other,1.5,-1.0
2025-01-21 17:41:00+00:00,1438.5336504315594,1441.2524464865344,1437.8942129243594,1440.6130089793344,661,2.668995421303491,2.226410703382497,1.1987884433220666,1452.0832710583695,6.9106186647277275,1465.904508387825,1438.262033728914,0.01903642525869978,1465.3297543773874,1438.430031857294,2025-01-21 17:41:00+00:00,17,41,17:41,573.05,3.3582335621749735,Lunch Session,Normal,Downside Stop Hunt,Other,1.5,-1.0
2025-01-21 17:42:00+00:00,1440.6130089793344,1440.7278319775392,1440.393321503366,1440.5081445015708,974,2.502246496508467,2.2272100486891877,1.1234892272424646,1451.2483025744518,7.258963954316052,1465.766230483084,1436.7303746658197,0.0200075037233504,1465.3297543773874,1437.8942129243594,2025-01-21 17:42:00+00:00,17,42,17:42,586.35,0.3345104741731575,Lunch Session,Normal,None,Other,1.5,-1.0
2025-01-21 17:43:00+00:00,1440.5081445015708,1443.104742170042,1440.2372199754534,1442.8338176439247,852,2.5283376177999104,2.229019945858057,1.134282186437157,1450.648693751785,7.440895748711538,1465.5304852492081,1435.7669022543619,0.020517429976701862,1465.3297543773874,1437.8942129243594,2025-01-21 17:43:00+00:00,17,43,17:43,606.6,2.8675221945886733,Lunch Session,Normal,None,Other,1.5,-1.0
2025-01-21 17:44:00+00:00,1442.8338176439247,1443.1157217703424,1442.6395282590854,1442.921432385503,292,2.381755895903985,2.2295744600001957,1.0682558212941566,1449.9734999999205,7.501562054836118,1464.9766241095926,1434.9703758902483,0.0206943424961532,1465.2440533002805,1437.8942129243594,2025-01-21 17:44:00+00:00,17,44,17:44,587.3,0.47619351125695175,Lunch Session,Normal,None,Other,1.5,-1.0
2025-01-21 17:45:00+00:00,1442.921432385503,1444.9826562145824,1442.871432385503,1444.9326562145825,348,2.3624321768450813,2.230165686177679,1.0593079211500631,1449.3201703247146,7.332895910385845,1463.9859621454864,1434.6543785039428,0.020238166998650116,1464.370411747621,1437.8942129243594,2025-01-21 17:45:00+00:00,17,45,17:45,574.6,2.1112238290793357,Lunch Session,Normal,None,Other,1.5,-1.0
2025-01-21 17:46:00+00:00,1444.9326562145825,1445.3026283545196,1443.9079634610152,1444.2779356009523,984,2.293305942320743,2.2307971003741853,1.0280208549383862,1448.6347374144118,7.1177197552208495,1462.8701769248535,1434.3992979039701,0.019653594025847695,1462.0408787482447,1437.8942129243594,2025-01-21 17:46:00+00:00,17,46,17:46,604.65,1.3946648935043413,Lunch Session,Normal,None,Other,1.5,-1.0
2025-01-21 17:47:00+00:00,1444.2779356009523,1447.8787480986762,1444.1357221137637,1447.7365346114875,671,2.3968573739344397,2.234194220427783,1.0728061831059215,1448.1932435751726,6.869358874866486,1461.9319613249056,1434.4545258254395,0.018973597357513007,1461.7924213278952,1437.8942129243594,2025-01-21 17:47:00+00:00,17,47,17:47,593.05,3.7430259849124923,Lunch Session,Normal,None,Other,-1.0,-1.0
2025-01-21 17:48:00+00:00,1447.7365346114875,1448.9909529496094,1447.5052343814632,1448.7596527195851,851,2.3317760306638537,2.2383845466861834,1.0417227165528513,1447.7689087338265,6.5346631456764035,1460.8382350251793,1434.6995824424737,0.018054437020315395,1461.7924213278952,1437.8942129243594,2025-01-21 17:48:00+00:00,17,48,17:48,588.4,1.4857185681462397,Lunch Session,Normal,None,Other,-1.0,1.5
2025-01-21 17:49:00+00:00,1448.7596527195851,1448.8480662725208,1446.9775698644944,1447.06598341743,620,2.2988274861897486,2.242403503214148,1.0251622791771084,1447.3568399144006,6.289525424807519,1459.9358907640155,1434.7777890647856,0.01738210025712655,1461.7924213278952,1437.8942129243594,2025-01-21 17:49:00+00:00,17,49,17:49,584.9,1.8704964080263835,Lunch Session,Normal,None,Other,-1.0,-1.0
2025-01-21 17:50:00+00:00,1447.06598341743,1448.460533170223,1447.01598341743,1448.410533170223,395,2.2378076480899742,2.244800692110836,0.9968847817779822,1447.0082284859845,6.008190554771711,1459.0246095955279,1434.9918473764412,0.01660858711510735,1461.7924213278952,1437.8942129243594,2025-01-21 17:50:00+00:00,17,50,17:50,582.6,1.4445497527929092,Lunch Session,Normal,None,Other,-1.0,1.5
2025-01-21 17:51:00+00:00,1448.410533170223,1449.2296598595851,1447.6502820805274,1448.4694087698897,648,2.190776943159099,2.244615586934597,0.9760143143935733,1446.6791301517637,5.717680066448442,1458.1144902846606,1435.2437700188668,0.015809117439466037,1461.7924213278952,1437.8942129243594,2025-01-21 17:51:00+00:00,17,51,17:51,605.6,1.5793777790577224,Lunch Session,Normal,None,Other,-1.0,1.5
2025-01-21 17:52:00+00:00,1448.4694087698897,1448.6311590504872,1447.8677360345243,1448.029486315122,823,2.0888230912165113,2.2436607340498553,0.9309888342370467,1446.0404699728103,4.675446654654139,1455.3913632821186,1436.689576663502,0.012933100426275206,1461.7924213278952,1437.8942129243594,2025-01-21 17:52:00+00:00,17,52,17:52,608.75,0.7634230159628714,Lunch Session,Normal,None,Other,-1.0,-1.0
2025-01-21 17:53:00+00:00,1448.029486315122,1448.5844932283658,1447.6830568979162,1448.23806381116,117,2.004009751161728,2.243203130758323,0.8933697192568847,1445.5465511455936,3.7658959151233136,1453.0783429758403,1438.014759315347,0.010420683891885378,1461.7924213278952,1437.8942129243594,2025-01-21 17:53:00+00:00,17,53,17:53,574.3,0.9014363304495419,Lunch Session,Normal,None,Other,-1.0,-1.0
2025-01-21 17:54:00+00:00,1448.23806381116,1449.9430710613926,1448.1659591169014,1449.870966367134,189,1.9878027649709797,2.2398492533688006,0.8874716733642966,1445.4253883330723,3.5713284937806025,1452.5680453206335,1438.2827313455111,0.009883120976307731,1461.7924213278952,1437.8942129243594,2025-01-21 17:54:00+00:00,17,54,17:54,551.9,1.7771119444912529,Lunch Session,Normal,None,Other,-1.0,1.5
2025-01-21 17:55:00+00:00,1449.870966367134,1450.5841320009963,1444.5599266170786,1445.273092250941,560,2.2761172377528855,2.2411188312701946,1.0156164885120593,1445.143745196538,3.330350725797817,1451.8044466481338,1438.4830437449423,0.009218046957245618,1461.7924213278952,1437.8942129243594,2025-01-21 17:55:00+00:00,17,55,17:55,572.55,6.024205383917661,Lunch Session,Normal,None,Other,-1.0,1.5
2025-01-21 17:56:00+00:00,1445.273092250941,1445.323092250941,1444.4624852851932,1444.5124852851932,988,2.1750093611810954,2.2427715385899067,0.9697864110352429,1445.0105123533851,3.297864135612615,1451.6062406246103,1438.41478408216,0.009128969256401059,1461.7924213278952,1437.8942129243594,2025-01-21 17:56:00+00:00,17,56,17:56,578.4,0.8606069657478201,Lunch Session,Normal,None,Other,-1.0,1.5
2025-01-21 17:57:00+00:00,1444.5124852851932,1446.173543537096,1444.3313741972722,1445.992432449175,942,2.1512350739412915,2.2432122476591774,0.9589975608354202,1445.0301081103385,3.3027152356968195,1451.6355385817321,1438.4246776389448,0.009142273831278957,1461.7924213278952,1437.8942129243594,2025-01-21 17:57:00+00:00,17,57,17:57,603.75,1.8421693398238403,Lunch Session,Normal,None,Other,-1.0,1.5
2025-01-21 17:58:00+00:00,1445.992432449175,1446.6426199707826,1445.8807472947,1446.5309348163073,445,2.051994902665662,2.2401948554257674,0.9159894719406734,1445.2171784490495,3.274968912351407,1451.7671162737522,1438.6672406243467,0.009064295556923665,1461.7924213278952,1437.8942129243594,2025-01-21 17:58:00+00:00,17,58,17:58,617.75,0.7618726760824757,Lunch Session,Normal,None,Other,-1.0,1.5
2025-01-21 17:59:00+00:00,1446.5309348163073,1446.6304893068382,1443.9894264161958,1444.0889809067266,321,2.094071187521142,2.2400389809589902,0.9348369404824566,1445.37996003239,3.1229871028142937,1451.6259342380185,1439.1339858267615,0.00864267442242458,1461.7924213278952,1437.8942129243594,2025-01-21 17:59:00+00:00,17,59,17:59,611.85,2.641062890642388,Lunch Session,Normal,None,Other,-1.0,1.5
2025-01-21 18:00:00+00:00,1444.0889809067266,1444.256344736218,1438.8018249743905,1438.9691888038817,426,2.3341032285430208,2.2427381069870376,1.0407382035697097,1445.4017369510061,3.0738666576624576,1451.5494702663311,1439.254003635681,0.008506608451008662,1461.7924213278952,1437.8942129243594,2025-01-21 18:00:00+00:00,18,0,18:00,605.35,5.4545197618274415,Pre-News,Normal,None,Other,1.5,-1.0
2025-01-21 18:01:00+00:00,1438.9691888038817,1442.8779785754634,1438.7364581673237,1442.6452479389052,806,2.4632044556570722,2.2457816675337154,1.0968138582955516,1445.5033488989848,2.937814123678103,1451.378977146341,1439.6277206516286,0.008129525610344045,1461.7924213278952,1437.8942129243594,2025-01-21 18:01:00+00:00,18,1,18:01,612.6,4.1415204081397405,Pre-News,Normal,None,Other,1.5,-1.0
2025-01-21 18:02:00+00:00,1442.6452479389052,1442.953524188502,1441.9321889433927,1442.2404651929896,730,2.3602137977607947,2.246163072772825,1.0507757991262752,1445.5899649335556,2.8053387171262054,1451.200642367808,1439.9792874993032,0.007762474242840157,1461.7924213278952,1437.8942129243594,2025-01-21 18:02:00+00:00,18,2,18:02,600.4,1.021335245109185,Pre-News,Squeeze,None,Other,1.5,-1.0
2025-01-21 18:03:00+00:00,1442.2404651929896,1445.7244724656296,1442.0356153176392,1445.5196225902791,749,2.455116894205763,2.248017003398744,1.0921255891276214,1445.7242551808733,2.729724333401343,1451.183703847676,1440.2648065140706,0.007552544888471382,1461.7924213278952,1437.8942129243594,2025-01-21 18:03:00+00:00,18,3,18:03,595.25,3.6888571479903476,Pre-News,Squeeze,None,Other,-1.0,1.5
2025-01-21 18:04:00+00:00,1445.5196225902791,1447.344822772248,1445.4191519068652,1447.244352088834,692,2.417299320718418,2.2506095104574273,1.0740642965767577,1445.9404011660401,2.6665274189090575,1451.2734560038582,1440.607346328222,0.007376590118814515,1458.1921404567556,1437.8942129243594,2025-01-21 18:04:00+00:00,18,4,18:04,615.25,1.9256708653829264,Pre-News,Squeeze,None,Other,-1.0,1.5
2025-01-21 18:05:00+00:00,1447.244352088834,1447.714279171617,1445.0526209384675,1445.52254802125,987,2.4347535287492033,2.254798960155442,1.0798095847007823,1445.9698957563735,2.658042946331533,1451.2859816490366,1440.6538098637104,0.007352968977106225,1452.7726503969948,1437.8942129243594,2025-01-21 18:05:00+00:00,18,5,18:05,647.2,2.66165823314941,Pre-News,Squeeze,None,Other,-1.0,1.5
2025-01-21 18:06:00+00:00,1445.52254802125,1445.7045403426168,1439.9269000603888,1440.1088923817556,896,2.673531153997692,2.26023292668972,1.1828564757320292,1445.7614435954135,2.945632262645085,1451.6527081207037,1439.8701790701234,0.008149704851222683,1450.9646797329522,1437.8942129243594,2025-01-21 18:06:00+00:00,18,6,18:06,642.8,5.777640282228049,Pre-News,Normal,None,Other,-1.0,-1.0
2025-01-21 18:07:00+00:00,1440.1088923817556,1440.525424134651,1438.694388334979,1439.1109200878743,386,2.6133529144030008,2.265956211004713,1.1533113048306676,1445.330162869233,3.2563028455372205,1451.8427685603074,1438.8175571781585,0.009011928012552897,1450.5841320009963,1437.8942129243594,2025-01-21 18:07:00+00:00,18,7,18:07,628.55,1.8310357996720086,Pre-News,Normal,None,Other,1.5,-1.0
2025-01-21 18:08:00+00:00,1439.1109200878743,1439.3429837161752,1438.7984648605898,1439.0305284888905,803,2.465579053058891,2.2687781046454165,1.0867431451363694,1444.8437066576982,3.4386185720197378,1451.7209438017378,1437.9664695136587,0.009519696991930574,1450.5841320009963,1437.8942129243594,2025-01-21 18:08:00+00:00,18,8,18:08,626.15,0.5445188555854656,Pre-News,Normal,None,Other,1.5,-1.0
2025-01-21 18:09:00+00:00,1439.0305284888905,1440.188412643209,1438.8457434937116,1440.00362764803,866,2.3853712028044987,2.2709520118828666,1.0503837995355816,1444.490588869228,3.558916625259352,1451.6084221197468,1437.3727556187093,0.009855146589900186,1450.5841320009963,1437.8942129243594,2025-01-21 18:09:00+00:00,18,9,18:09,638.45,1.3426691494973966,Pre-News,Normal,None,Other,-1.0,-1.0
2025-01-21 18:10:00+00:00,1440.00362764803,1440.1580834836636,1437.4516660353802,1437.6061218710138,926,2.4083030774815666,2.2757674874031495,1.0582377553120121,1443.9503683042676,3.7475958659562174,1451.44556003618,1436.4551765723552,0.01038150880589415,1450.5841320009963,1437.8942129243594,2025-01-21 18:10:00+00:00,18,10,18:10,665.0,2.706417448283446,Pre-News,Normal,Downside False Breakout,Other,1.5,-1.0
2025-01-21 18:11:00+00:00,1437.6061218710138,1438.3074587361657,1437.2886912872602,1437.990028152412,348,2.3090505325832735,2.278147079137443,1.0135651704531436,1443.4263992733936,3.814501952769302,1451.0554031789322,1435.797395367855,0.010570686401993205,1450.5841320009963,1437.4516660353802,2025-01-21 18:11:00+00:00,18,11,18:11,650.0,1.0187674489054643,Pre-News,Normal,Downside Stop Hunt,Other,1.5,-1.0
2025-01-21 18:12:00+00:00,1437.990028152412,1438.748937137289,1437.6143411600044,1438.3732501448817,429,2.2251609214905086,2.278522438358564,0.976580648946123,1442.9435874648818,3.812319633411699,1450.5682267317052,1435.3189481980585,0.010568173742979288,1450.5841320009963,1437.2886912872602,2025-01-21 18:12:00+00:00,18,12,18:12,630.3,1.1345959772845617,Pre-News,Normal,None,Other,1.5,-1.0
2025-01-21 18:13:00+00:00,1438.3732501448817,1440.7977209531794,1438.077606131572,1440.50207693987,512,2.2605147714988467,2.276822225164731,0.9928376254036678,1442.5567881213171,3.635201130883858,1449.8271903830848,1435.2863858595495,0.010079883608930416,1450.5841320009963,1437.2886912872602,2025-01-21 18:13:00+00:00,18,13,18:13,650.05,2.7201148216072397,Pre-News,Normal,None,Other,1.5,-1.0
2025-01-21 18:14:00+00:00,1440.50207693987,1440.9969591628949,1439.3444130276357,1439.83929525066,559,2.21708844033887,2.274859645397081,0.9746044969521068,1442.0552045654936,3.2439003553946777,1448.5430052762829,1435.5674038547043,0.008997992157649968,1450.5841320009963,1437.2886912872602,2025-01-21 18:14:00+00:00,18,14,18:14,668.55,1.652546135259172,Pre-News,Normal,None,Other,1.5,-1.0
2025-01-21 18:15:00+00:00,1439.83929525066,1440.9591824066292,1439.675979273357,1440.795866429326,533,2.150382346976973,2.2705485388473066,0.9470761404945174,1441.8313432744128,3.1636400972291616,1448.1586234688712,1435.5040630799544,0.008776727214278806,1450.5841320009963,1437.2886912872602,2025-01-21 18:15:00+00:00,18,15,18:15,667.2,1.283203133272309,Pre-News,Normal,None,Other,-1.0,-1.0
2025-01-21 18:16:00+00:00,1440.795866429326,1441.5902403349355,1440.6249955410483,1441.4193694466578,930,2.0657296646134196,2.2659971002821733,0.9116206125577939,1441.6766874824862,3.1006500702479833,1447.8779876229821,1435.4753873419902,0.008602899934970746,1450.5841320009963,1437.2886912872602,2025-01-21 18:16:00+00:00,18,16,18:16,664.3,0.9652447938872228,Pre-News,Normal,None,Other,-1.0,-1.0
2025-01-21 18:17:00+00:00,1441.4193694466578,1443.9750983886,1440.758015635009,1443.3137445769516,731,2.147969170968949,2.2633171023977376,0.9490358945697047,1441.5427530888749,2.9590371761036316,1447.460827441082,1435.6246787366676,0.008210751071414597,1450.5841320009963,1437.2886912872602,2025-01-21 18:17:00+00:00,18,17,18:17,653.75,3.21708275359083,Pre-News,Normal,None,Other,-1.0,1.5
2025-01-21 18:18:00+00:00,1443.3137445769516,1443.7803361959704,1441.073162083796,1441.5397537028148,466,2.1879123810550576,2.2631606875288983,0.9667507893325936,1441.2931940332003,2.716756742755614,1446.7267075187115,1435.859680547689,0.007539775401709172,1450.5841320009963,1437.2886912872602,2025-01-21 18:18:00+00:00,18,18,18:18,654.8,2.707174112174471,Pre-News,Squeeze,None,Other,-1.0,1.5
2025-01-21 18:19:00+00:00,1441.5397537028148,1441.8987961093856,1434.555839553243,1434.9148819598138,322,2.556129822132736,2.270389482969499,1.1258552073583032,1440.8344890858546,2.981458605200752,1446.797406296256,1434.8715718754531,0.008277032866120014,1450.5841320009963,1437.2886912872602,2025-01-21 18:19:00+00:00,18,19,18:19,654.85,7.342956556142553,Pre-News,Normal,None,Other,-1.0,1.5
2025-01-21 18:20:00+00:00,1434.9148819598138,1435.1253408176117,1434.1946962707746,1434.4051551285722,189,2.440023731040193,2.277295093381598,1.0714569833885499,1440.606287402089,3.290402972433234,1447.1870933469554,1434.0254814572227,0.009136161631966549,1450.5841320009963,1434.555839553243,2025-01-21 18:20:00+00:00,18,20,18:20,643.0,0.9306445468371294,Pre-News,Normal,None,Other,-1.0,1.5
2025-01-21 18:21:00+00:00,1434.4051551285722,1434.519715891647,1433.7937317577955,1433.9082925208702,402,2.3175923312409936,2.2823215112348425,1.0154539226101706,1440.1694396311873,3.5732731461168994,1447.315985923421,1433.0228933389535,0.00992459094822056,1450.5841320009963,1434.1946962707746,2025-01-21 18:21:00+00:00,18,21,18:21,622.8,0.7259841338513979,Pre-News,Normal,None,Other,-1.0,1.5
2025-01-21 18:22:00+00:00,1433.9082925208702,1434.420476655738,1430.9086046637744,1431.4207887986422,924,2.4028980212926023,2.290322147280754,1.049152855700019,1439.6284558114698,4.032720207756513,1447.6938962269828,1431.5630153959569,0.01120489162735638,1450.5841320009963,1433.7937317577955,2025-01-21 18:22:00+00:00,18,22,18:22,632.5,3.511871991963517,Pre-News,Normal,None,Other,-1.0,1.5
2025-01-21 18:23:00+00:00,1431.4207887986422,1431.618720450975,1427.9885125407,1428.186444193033,978,2.4905630133627716,2.298044913282409,1.0837747334560925,1438.7617968916077,4.5316759035438325,1447.8251486986953,1429.69844508452,0.012598821885135811,1450.5841320009963,1430.9086046637744,2025-01-21 18:23:00+00:00,18,23,18:23,643.95,3.630207910274976,Pre-News,Normal,None,Other,-1.0,1.5
2025-01-21 18:24:00+00:00,1428.186444193033,1428.6602462794954,1426.4820024496871,1426.9558045361498,846,2.4682545002517347,2.3051186412817177,1.070771133445569,1437.7473695139734,4.796007649647789,1447.339384813269,1428.1553542146778,0.013343116464943502,1450.5841320009963,1427.9885125407,2025-01-21 18:24:00+00:00,18,24,18:24,651.65,2.1782438298082525,Pre-News,Normal,None,Other,-1.0,1.5
2025-01-21 18:25:00+00:00,1426.9558045361498,1427.1138171211635,1426.551926022873,1426.709938607887,687,2.332085685825933,2.3097107911188197,1.0096873144435001,1436.8067390433052,5.029951682692193,1446.8666424086896,1426.746835677921,0.014003140564447392,1450.5841320009963,1426.4820024496871,2025-01-21 18:25:00+00:00,18,25,18:25,636.65,0.5618910982905163,Pre-News,Normal,None,Other,-1.0,1.5
2025-01-21 18:26:00+00:00,1426.709938607887,1427.808421383304,1425.8156923223987,1426.9141750978158,146,2.307845926903029,2.3161072629769373,0.9964330943536311,1436.1470031791082,5.423930606261307,1446.9948643916307,1425.2991419665857,0.015106895308780056,1447.714279171617,1426.4820024496871,2025-01-21 18:26:00+00:00,18,26,18:26,599.15,1.9927290609052761,Pre-News,Normal,Downside Stop Hunt,Other,-1.0,1.5
2025-01-21 18:27:00+00:00,1426.9141750978158,1427.3601468488346,1421.5851752405767,1422.0311469915955,595,2.5554977612855145,2.3264152068028086,1.0984701930303895,1435.2930145242942,6.219020489903885,1447.731055504102,1422.8549735444865,0.017331709767890335,1447.714279171617,1425.8156923223987,2025-01-21 18:27:00+00:00,18,27,18:27,609.6,5.774971608257829,Pre-News,Normal,None,Other,-1.0,1.5
2025-01-21 18:28:00+00:00,1422.0311469915955,1422.2462272922398,1418.0805988563293,1418.2956791569736,147,2.6705070951873027,2.3392229940787908,1.1416214281182606,1434.2562720576984,7.212167355591876,1448.6806067688822,1419.8319373465147,0.02011402702878119,1447.714279171617,1421.5851752405767,2025-01-21 18:28:00+00:00,18,28,18:28,576.8,4.165628435910548,Pre-News,Normal,None,Other,-1.0,-1.0
2025-01-21 18:29:00+00:00,1418.2956791569736,1420.8966255535668,1418.0998352789738,1420.700781675567,149,2.6795273222877043,2.350712262905339,1.139878905883602,1433.2911297590754,7.6790248538784,1448.6491794668323,1417.9330800513185,0.02143046780780462,1447.714279171617,1418.0805988563293,2025-01-21 18:29:00+00:00,18,29,18:29,540.95,2.7967902745929223,Pre-News,Clustering,None,Other,-1.0,1.5
2025-01-21 18:30:00+00:00,1420.700781675567,1421.1046292035076,1419.8929269460557,1420.296774473996,376,2.57468267479943,2.362250450275566,1.089927900955245,1432.4256623892245,8.129331131955961,1448.6843246531364,1416.1670001253126,0.022700881017159592,1447.714279171617,1418.0805988563293,2025-01-21 18:30:00+00:00,18,30,18:30,513.45,1.2117022574518614,Pre-News,Clustering,None,Other,-1.0,1.5
2025-01-21 18:31:00+00:00,1420.296774473996,1420.346774473996,1420.2415897573917,1420.2915897573916,997,2.3982899634997774,2.372576146205498,1.0108379313074543,1431.5407404694736,8.448750404689587,1448.4382412788527,1414.6432396600944,0.02360743265167238,1447.714279171617,1418.0805988563293,2025-01-21 18:31:00+00:00,18,31,18:31,545.9,0.10518471660429896,Pre-News,Clustering,None,Other,-1.0,1.5
2025-01-21 18:32:00+00:00,1420.2915897573916,1420.8741364908428,1416.8714616207023,1417.4540083541535,549,2.512888885402685,2.3794121915702826,1.0560964990871613,1430.494778379937,8.844023804342765,1448.1828259886227,1412.8067307712515,0.024729971581885283,1447.714279171617,1418.0805988563293,2025-01-21 18:32:00+00:00,18,32,18:32,551.9,4.002674870140481,Pre-News,Clustering,None,Other,-1.0,1.5
2025-01-21 18:33:00+00:00,1417.4540083541535,1417.6970551083307,1417.2015986363228,1417.4446453905,789,2.368786570160197,2.380795357582699,0.9949559766301397,1429.3419068024687,8.972754294840534,1447.2874153921498,1411.3963982127875,0.025110169238410446,1447.714279171617,1416.8714616207023,2025-01-21 18:33:00+00:00,18,33,18:33,565.75,0.49545647200784515,Pre-News,Clustering,None,Other,-1.0,1.5
2025-01-21 18:34:00+00:00,1417.4446453905,1417.5189774547966,1416.5717991006463,1416.646131164943,818,2.2672431261594905,2.3760958693724374,0.9541884043417421,1428.1822485981827,9.043134892128267,1446.2685183824392,1410.0959788139262,0.025327677615386818,1447.714279171617,1416.8714616207023,2025-01-21 18:34:00+00:00,18,34,18:34,578.7,0.94717835415031,Pre-News,Normal,None,Other,-1.0,1.5
2025-01-21 18:35:00+00:00,1416.646131164943,1416.696131164943,1415.2823789393635,1415.3323789393637,979,2.20627949040377,2.370623283928125,0.930674858954377,1426.9090742236845,8.965970228324467,1444.8410146803335,1408.9771337670354,0.025133963727023024,1447.714279171617,1416.5717991006463,2025-01-21 18:35:00+00:00,18,35,18:35,601.0,1.413752225579401,Pre-News,Normal,None,Other,-1.0,1.5
2025-01-21 18:36:00+00:00,1415.3323789393637,1415.9564552918257,1411.608230821292,1412.232307173754,930,2.3592755604130544,2.3661391714137725,0.9970992361380767,1425.4497211100395,8.854521336711862,1443.1587637834632,1407.7406784366158,0.02484695519058106,1445.7045403426168,1415.2823789393635,2025-01-21 18:36:00+00:00,18,36,18:36,601.0,4.348224470533751,Pre-News,Normal,None,Other,1.5,-1.0
2025-01-21 18:37:00+00:00,1412.232307173754,1412.282307173754,1410.3437466305556,1410.3937466305556,402,2.329224487754855,2.3616210261282564,0.9862820757373957,1423.8037212127197,8.407456382988071,1440.6186339786957,1406.9888084467436,0.023619706165192475,1443.9750983886,1411.608230821292,2025-01-21 18:37:00+00:00,18,37,18:37,584.55,1.938560543198264,Pre-News,Normal,Downside False Breakout,Other,1.5,-1.0
2025-01-21 18:38:00+00:00,1410.3937466305556,1414.6615482395048,1410.304103183438,1414.5719047923872,907,2.474097385491423,2.3591475766822345,1.048725145448869,1422.4553287671984,7.530001314013669,1437.5153313952258,1407.395326139171,0.02117465810484113,1443.9750983886,1410.3437466305556,2025-01-21 18:38:00+00:00,18,38,18:38,606.6,4.357445056066808,Pre-News,Clustering,Downside Stop Hunt,Other,-1.0,1.5
2025-01-21 18:39:00+00:00,1414.5719047923872,1414.9306502729255,1413.4718267317994,1413.830572212338,213,2.401577825179614,2.3554344590480936,1.0195901719762428,1421.4011132798246,7.160696930161906,1435.7225071401483,1407.0797194195009,0.020151094193640664,1443.9750983886,1410.304103183438,2025-01-21 18:39:00+00:00,18,39,18:39,601.15,1.458823541126094,Pre-News,Clustering,None,Other,-1.0,-1.0
2025-01-21 18:40:00+00:00,1413.830572212338,1415.5903183704995,1413.7464006950256,1415.5061468531874,609,2.361744957343492,2.351197256624237,1.0044860977485144,1420.4561628660554,6.577565255292234,1433.6112933766399,1407.3010323554709,0.01852240266822652,1443.9750983886,1410.304103183438,2025-01-21 18:40:00+00:00,18,40,18:40,622.15,1.8439176754739037,Pre-News,Clustering,None,Other,-1.0,1.5
2025-01-21 18:41:00+00:00,1415.5061468531874,1415.6555873114914,1414.939764375652,1415.089204833956,771,2.2441790986646333,2.3441169845802556,0.9573665108981251,1419.5152084817096,5.858684387369371,1431.2325772564484,1407.7978397069708,0.016508972506566553,1443.9750983886,1410.304103183438,2025-01-21 18:41:00+00:00,18,41,18:41,640.6,0.7158229358394692,Pre-News,Normal,None,Other,-1.0,1.5
2025-01-21 18:42:00+00:00,1415.089204833956,1415.1997134036892,1414.3163432935444,1414.4268518632775,786,2.146978456627504,2.3381958505822396,0.9182201123540956,1418.6655116349414,5.240873310266089,1429.1472582554736,1408.1837650144091,0.01477691046207581,1443.9750983886,1410.304103183438,2025-01-21 18:42:00+00:00,18,42,18:42,633.7,0.8833701101448241,Pre-News,Normal,None,Other,-1.0,-1.0
2025-01-21 18:43:00+00:00,1414.4268518632775,1414.6587196846065,1412.84625868298,1413.0781265043088,763,2.123084352698853,2.3314416294972222,0.9106315705432001,1417.910095750505,4.872187235428492,1427.6544702213619,1408.165721279648,0.013744700034312331,1443.9750983886,1410.304103183438,2025-01-21 18:43:00+00:00,18,43,18:43,622.95,1.8124610016263887,Pre-News,Normal,None,Other,1.5,-1.0
2025-01-21 18:44:00+00:00,1413.0781265043088,1416.3400433111285,1412.671314874946,1415.9332316817654,856,2.233487501519122,2.328970489590808,0.9590020618558968,1417.3589671077857,4.395178274210156,1426.149323656206,1408.5686105593654,0.012403853578966772,1443.9750983886,1410.304103183438,2025-01-21 18:44:00+00:00,18,44,18:44,623.45,3.6687284361826187,Pre-News,Normal,None,Other,-1.0,1.5
2025-01-21 18:45:00+00:00,1415.9332316817654,1416.7758207741383,1415.8832316817654,1416.7258207741384,883,2.1377090437229613,2.3252251040387724,0.9193557389389495,1416.8597612160984,3.8045009702367127,1424.4687631565719,1409.250759275625,0.0107406564132256,1443.9750983886,1410.304103183438,2025-01-21 18:45:00+00:00,18,45,18:45,633.25,0.892589092372873,Pre-News,Normal,None,Other,-1.0,1.5
2025-01-21 18:46:00+00:00,1416.7258207741384,1416.7758207741383,1414.9988246871944,1415.0488246871944,684,2.1119438325244557,2.3222024022088346,0.9094572594170152,1416.2664936955673,2.9926159178786587,1422.2517255313246,1410.28126185981,0.008452126577025208,1443.9750983886,1410.304103183438,2025-01-21 18:46:00+00:00,18,46,18:46,660.15,1.776996086943882,Pre-News,Normal,None,Other,-1.0,1.5
2025-01-21 18:47:00+00:00,1415.0488246871944,1415.5152006606952,1413.7461685545238,1414.2125445280246,106,2.08745013778495,2.317045614939676,0.9009102472241561,1415.8755635723887,2.695905305832658,1421.267374184054,1410.4837529607235,0.00761622101600684,1443.9750983886,1410.304103183438,2025-01-21 18:47:00+00:00,18,47,18:47,635.7,1.7690321061713803,Pre-News,Squeeze,None,Other,-1.0,-1.0
2025-01-21 18:48:00+00:00,1414.2125445280246,1416.8121016193695,1413.8971719066171,1416.4967289979622,205,2.1465558217111953,2.313958611457132,0.9276552359592461,1415.7856160644383,2.640347653562661,1421.0663113715636,1410.504920757313,0.007459738603369204,1443.7803361959704,1410.304103183438,2025-01-21 18:48:00+00:00,18,48,18:48,638.6,2.9149297127523823,Pre-News,Squeeze,None,Other,-1.0,1.5
2025-01-21 18:49:00+00:00,1416.4967289979622,1416.6273530750882,1410.34775593453,1410.478380011656,628,2.4417730587717017,2.316341037666831,1.0541509298782765,1415.2744959812426,2.6281903484721267,1420.5308766781868,1410.0181152842983,0.007428072380121375,1441.8987961093856,1410.304103183438,2025-01-21 18:49:00+00:00,18,49,18:49,662.55,6.27959714055828,Pre-News,Squeeze,None,Other,1.5,-1.0
2025-01-21 18:50:00+00:00,1410.478380011656,1411.2951148169568,1410.3187332177808,1411.1354680230816,734,2.3371022402291493,2.317995947535817,1.0082425910682213,1414.816430658697,2.5021264644059276,1419.820683587509,1409.8121777298852,0.00707406674162249,1435.1253408176117,1410.304103183438,2025-01-21 18:50:00+00:00,18,50,18:50,680.45,0.9763815991759657,Pre-News,Squeeze,None,Other,-1.0,-1.0
2025-01-21 18:51:00+00:00,1411.1354680230816,1412.3299854712216,1411.0793522826666,1412.2738697308066,228,2.2594973079667073,2.3191412869492773,0.9742818691908897,1414.4155446573677,2.20316945413083,1418.8218835656294,1410.009205749106,0.0062306143691726245,1434.519715891647,1410.304103183438,2025-01-21 18:51:00+00:00,18,51,18:51,642.0,1.250633188554957,Pre-News,Squeeze,None,Other,-1.0,1.5
2025-01-21 18:52:00+00:00,1412.2738697308066,1412.6952321327135,1410.2651291658892,1410.686491567796,182,2.271683426456534,2.3221889592032783,0.9782508944646467,1414.0771688180498,2.231458908714153,1418.540086635478,1409.6142510006216,0.006312127677103388,1434.420476655738,1410.304103183438,2025-01-21 18:52:00+00:00,18,52,18:52,623.65,2.430102966824279,Pre-News,Squeeze,Downside Sweep,Other,1.5,-1.0
2025-01-21 18:53:00+00:00,1410.686491567796,1411.3787652526655,1410.321381965719,1411.0136556505886,531,2.1849477022058217,2.3252045917206794,0.9396797640886018,1413.7556193310543,2.1835039606091846,1418.1226272522727,1409.388611409836,0.006177882317857322,1431.618720450975,1410.2651291658892,2025-01-21 18:53:00+00:00,18,53,18:53,610.75,1.0573832869465605,Pre-News,Squeeze,None,Other,-1.0,-1.0
2025-01-21 18:54:00+00:00,1411.0136556505886,1412.2526644788331,1410.8381965639232,1412.0772053921678,924,2.129913431684684,2.3275731028325746,0.9150790705961735,1413.5271730424154,2.1026845238079472,1417.7325420900313,1409.3218039947994,0.0059501778640229114,1428.6602462794954,1410.2651291658892,2025-01-21 18:54:00+00:00,18,54,18:54,616.05,1.414467914909892,Pre-News,Squeeze,None,Other,-1.0,1.5
2025-01-21 18:55:00+00:00,1412.0772053921678,1412.970322667606,1408.5787836385598,1409.471900913998,999,2.291458117210512,2.3278287841568686,0.9843757121683974,1413.2341491411473,2.241634336788944,1417.7174178147252,1408.7508804675695,0.0063446933776719824,1427.808421383304,1410.2651291658892,2025-01-21 18:55:00+00:00,18,55,18:55,617.05,4.391539029046271,Pre-News,Squeeze,Downside False Breakout,Other,1.5,-1.0
2025-01-21 18:56:00+00:00,1409.471900913998,1411.6241743692951,1409.1007779486636,1411.2530514039606,273,2.3080251388834445,2.3300457137852404,0.990549294903737,1413.1851863526576,2.275113407481005,1417.7354131676198,1408.6349595376955,0.00643967522289979,1427.808421383304,1408.5787836385598,2025-01-21 18:56:00+00:00,18,56,18:56,584.2,2.5233964206315704,Pre-News,Squeeze,None,Other,1.5,-1.0
2025-01-21 18:57:00+00:00,1411.2530514039606,1412.0072211328993,1411.1284552902764,1411.882625019215,770,2.2059351891505488,2.3309573823720617,0.9463644448555786,1413.2596302720906,2.202156499093597,1417.6639432702777,1408.8553172739034,0.006232843426425762,1427.3601468488346,1408.5787836385598,2025-01-21 18:57:00+00:00,18,57,18:57,602.6,0.8787658426228973,Pre-News,Squeeze,None,Other,1.5,-1.0
2025-01-21 18:58:00+00:00,1411.882625019215,1412.9161218335394,1410.5251940629278,1411.558690877252,789,2.219148944969195,2.3337432830771205,0.9508967678926411,1413.1089695763337,2.210709926304296,1417.5303894289423,1408.6875497237252,0.006257719606626152,1422.2462272922398,1408.5787836385598,2025-01-21 18:58:00+00:00,18,58,18:58,596.7,2.3909277706115972,Pre-News,Squeeze,None,Other,1.5,-1.0
2025-01-21 18:59:00+00:00,1411.558690877252,1412.0224260265177,1411.317142080877,1411.7808772301426,337,2.1110157307314497,2.3340256921306257,0.9044526535628661,1413.006484827224,2.222973182435422,1417.452431192095,1408.5605384623532,0.0062928888332944004,1421.1046292035076,1408.5787836385598,2025-01-21 18:59:00+00:00,18,59,18:59,602.9,0.7052839456407582,Pre-News,Squeeze,None,Other,1.5,-1.0
2025-01-21 19:00:00+00:00,1411.7808772301426,1413.5268569294149,1411.533293197251,1413.2792728965233,847,2.1026263022623404,2.330167743359281,0.9023497592628649,1412.8951411293906,2.1456043233174187,1417.1863497760255,1408.6039324827557,0.00607434836700586,1421.1046292035076,1408.5787836385598,2025-01-21 19:00:00+00:00,19,0,19:00,614.8,1.9935637321639206,Post-News,Squeeze,None,Other,1.5,-1.0
2025-01-21 19:01:00+00:00,1413.2792728965233,1418.272071125752,1413.204992699034,1418.1977909282627,662,2.314372882580611,2.32768721714134,0.9942800156040378,1413.050570434106,2.4092994647599584,1417.869169363626,1408.231971504586,0.006820136561764651,1420.8741364908428,1408.5787836385598,2025-01-21 19:01:00+00:00,19,1,19:01,609.35,5.067078426718126,Post-News,Squeeze,None,Other,1.5,-1.0
2025-01-21 19:02:00+00:00,1418.1977909282627,1419.6609069643437,1418.032805605529,1419.4959216416098,931,2.2653534880259083,2.3261062119790923,0.9738822227289895,1413.3040239230227,2.7971167721306034,1418.8982574672839,1407.7097903787615,0.007916532394399963,1420.8741364908428,1408.5787836385598,2025-01-21 19:02:00+00:00,19,2,19:02,616.6,1.6281013588147744,Post-News,Clustering,None,Other,1.5,-1.0
2025-01-21 19:03:00+00:00,1419.4959216416098,1421.6288407106715,1419.089980058607,1421.2228991276686,533,2.284889714028673,2.3232690923094736,0.9834804421029639,1413.7112625541909,3.308633612950968,1420.3285297800928,1407.0939953282889,0.009361554089830722,1419.6609069643437,1408.5787836385598,2025-01-21 19:03:00+00:00,19,3,19:03,605.1,2.5388606520646135,Post-News,Clustering,None,Other,1.5,-1.0
2025-01-21 19:04:00+00:00,1421.2228991276686,1422.215136643197,1420.6432886450452,1421.6355261605736,309,2.2339581628946052,2.3202134063457436,0.9628244353664919,1413.9963772781311,3.729153072280621,1421.4546834226924,1406.53807113357,0.010549257783698241,1421.6288407106715,1408.5787836385598,2025-01-21 19:04:00+00:00,19,4,19:04,577.75,1.5718479981517248,Post-News,Clustering,Range Raid,Other,1.5,-1.0
2025-01-21 19:05:00+00:00,1421.6355261605736,1426.2130043745185,1421.119019667968,1425.6964978819128,507,2.4382457731557476,2.320271610419186,1.0508449796165236,1414.4449111335198,4.528531643339668,1423.501974420199,1405.3878478468405,0.012806526737645893,1422.215136643197,1408.5787836385598,2025-01-21 19:05:00+00:00,19,5,19:05,558.95,5.0939847065506,Post-News,Clustering,Range Raid,Other,-1.0,1.5
2025-01-21 19:06:00+00:00,1425.6964978819128,1426.1952752793698,1422.0660723155042,1422.5648497129612,419,2.5590284296350165,2.3183632316798084,1.1038082362015509,1414.8207123848083,4.879541271546941,1424.5797949279022,1405.0616298417144,0.01379550420440773,1426.2130043745185,1408.5787836385598,2025-01-21 19:06:00+00:00,19,6,19:06,545.7,4.1292029638655094,Post-News,Clustering,None,Other,-1.0,1.5
2025-01-21 19:07:00+00:00,1422.5648497129612,1423.1212094197597,1418.3059665703358,1418.862326277134,158,2.7201866024770753,2.320143793147709,1.1724215587459919,1415.0532014722635,4.959161052726263,1424.971523577716,1405.134879366811,0.014018302767886284,1426.2130043745185,1408.5787836385598,2025-01-21 19:07:00+00:00,19,7,19:07,548.3,4.815242849423839,Post-News,Clustering,None,Other,-1.0,1.5
2025-01-21 19:08:00+00:00,1418.862326277134,1419.327188711581,1418.72319978964,1419.1880622240865,180,2.5690296252959257,2.3218679693516595,1.106449487742958,1415.18776813357,5.0363072655281425,1425.2603826646264,1405.1151536025136,0.014235022034342092,1426.2130043745185,1408.5787836385598,2025-01-21 19:08:00+00:00,19,8,19:08,547.05,0.6039889219409815,Post-News,Clustering,None,Other,-1.0,1.5
2025-01-21 19:09:00+00:00,1419.1880622240865,1420.9042058775658,1418.8779134352935,1420.594057088773,680,2.5302626836513795,2.3242828273657747,1.088620822672881,1415.6935519874257,5.046398946571005,1425.7863498805677,1405.6007540942837,0.014258450042345959,1426.2130043745185,1408.5787836385598,2025-01-21 19:09:00+00:00,19,9,19:09,549.65,2.026292442272279,Post-News,Clustering,None,Other,-1.0,1.5
2025-01-21 19:10:00+00:00,1420.594057088773,1420.7877079248144,1414.9247608855503,1415.1184117215917,650,2.768311566195145,2.3302829688443345,1.1879722777049877,1415.892699172351,4.934402161330493,1425.761503495012,1406.0238948496901,0.013940045496992346,1426.2130043745185,1408.5787836385598,2025-01-21 19:10:00+00:00,19,10,19:10,545.45,5.8629470392641,Post-News,Clustering,None,Other,-1.0,1.5
2025-01-21 19:11:00+00:00,1415.1184117215917,1415.7192273094918,1414.510303422138,1415.111119010038,651,2.6569267319921974,2.3360809055011496,1.1373436278407567,1416.0345616363127,4.865185726722397,1425.7649330897575,1406.3041901828678,0.013743127063510096,1426.2130043745185,1408.5787836385598,2025-01-21 19:11:00+00:00,19,11,19:11,566.6,1.2089238873538761,Post-News,Clustering,None,Other,-1.0,1.5
2025-01-21 19:12:00+00:00,1415.111119010038,1415.3730578515008,1414.4661124292934,1414.7280512707562,302,2.531928067007569,2.3411936912597673,1.081468857728371,1416.2366396214609,4.712910691809031,1425.662461005079,1406.8108182378428,0.013311082512506482,1426.2130043745185,1408.5787836385598,2025-01-21 19:12:00+00:00,19,12,19:12,572.6,0.9069454222074,Post-News,Clustering,None,Other,-1.0,-1.0
2025-01-21 19:13:00+00:00,1414.7280512707562,1416.4513908928302,1414.5847655379534,1416.3081051600277,181,2.4844064447125116,2.3449252191466616,1.059482163621665,1416.5013620969328,4.549973988202632,1425.601310073338,1407.4014141205275,0.012848484611315929,1426.2130043745185,1408.5787836385598,2025-01-21 19:13:00+00:00,19,13,19:13,555.1,1.86662535487676,Post-News,Clustering,None,Other,-1.0,1.5
2025-01-21 19:14:00+00:00,1416.3081051600277,1417.5849473923315,1415.9423883034085,1417.2192305357123,873,2.424274490727547,2.348378319986473,1.032318545140338,1416.75846335411,4.430534920723263,1425.6195331955566,1407.8973935126635,0.012508935108767102,1426.2130043745185,1408.5787836385598,2025-01-21 19:14:00+00:00,19,14,19:14,552.55,1.642559088923008,Post-News,Clustering,None,Other,-1.0,1.5
2025-01-21 19:15:00+00:00,1417.2192305357123,1417.3968868872937,1413.2028123586144,1413.3804687101956,216,2.55068877915267,2.3550500938560677,1.0830719846711503,1416.95389174392,4.170801794057327,1425.2954953320345,1408.6122881558053,0.011773994392785982,1426.2130043745185,1408.5787836385598,2025-01-21 19:15:00+00:00,19,15,19:15,513.4,4.194074528679266,Post-News,Clustering,None,Other,-1.0,1.5
2025-01-21 19:16:00+00:00,1413.3804687101956,1414.1595230629207,1410.31347047521,1411.092524827935,912,2.643214765478251,2.3646748455371482,1.1177920594312538,1416.9458654151185,4.182488038199413,1425.3108414915173,1408.5808893387198,0.011807051039240795,1426.2130043745185,1408.5787836385598,2025-01-21 19:16:00+00:00,19,16,19:16,545.35,3.846052587710801,Post-News,Clustering,None,Other,-1.0,-1.0
2025-01-21 19:17:00+00:00,1411.092524827935,1411.5295145423322,1408.948885689194,1409.3858754035912,514,2.638744343168251,2.3728544317404703,1.1120548769747973,1416.8210279343373,4.374424926652923,1425.5698777876432,1408.0721780810313,0.012349971775985558,1426.2130043745185,1408.5787836385598,2025-01-21 19:17:00+00:00,19,17,19:17,532.55,2.5806288531382506,Post-News,Clustering,None,Other,1.5,-1.0
2025-01-21 19:18:00+00:00,1409.3858754035912,1411.2100313558235,1409.124773805817,1410.9489297580494,548,2.59920957222812,2.3797093849266875,1.092238232404246,1416.7905398783773,4.414968740415097,1425.6204773592076,1407.960602397547,0.0124647041779207,1426.2130043745185,1408.5787836385598,2025-01-21 19:18:00+00:00,19,18,19:18,520.5,2.0852575500064177,Post-News,Clustering,None,Other,-1.0,-1.0
2025-01-21 19:19:00+00:00,1410.9489297580494,1412.2305256354691,1410.460466768092,1411.7420626455116,584,2.539984521881626,2.379440296589169,1.0674714240666558,1416.7885991491455,4.417294705509085,1425.6231885601637,1407.9540097381273,0.012471288117823422,1426.2130043745185,1408.5787836385598,2025-01-21 19:19:00+00:00,19,19,19:19,532.85,1.7700588673772018,Post-News,Clustering,None,Other,-1.0,-1.0
2025-01-21 19:20:00+00:00,1411.7420626455116,1412.46288954299,1409.7073927796207,1410.4282196770992,759,2.5553782534164644,2.3813628719621076,1.0730738618222337,1416.6460464881745,4.57953105418817,1425.8051085965508,1407.4869843797983,0.012930628834324992,1426.2130043745185,1408.5787836385598,2025-01-21 19:20:00+00:00,19,20,19:20,528.45,2.755496763369365,Post-News,Clustering,None,19h20-20h20,1.5,-1.0
2025-01-21 19:21:00+00:00,1410.4282196770992,1411.0229003203128,1410.1393824403306,1410.7340630835442,272,2.4359596553140217,2.3833356606966576,1.0220799761800996,1416.2728600959385,4.7474550753210645,1425.7677702465808,1406.7779499452963,0.013408306292050304,1426.2130043745185,1408.5787836385598,2025-01-21 19:21:00+00:00,19,21,19:21,508.95,0.8835178799822643,Post-News,Clustering,None,19h20-20h20,-1.0,-1.0
2025-01-21 19:22:00+00:00,1410.7340630835442,1410.9795643379546,1408.2514885605726,1408.496989814983,208,2.456825092604588,2.384234445218524,1.030446102954196,1415.7229135046073,4.985534189741819,1425.6939818840908,1405.7518451251237,0.014086186335432354,1426.2130043745185,1408.5787836385598,2025-01-21 19:22:00+00:00,19,22,19:22,472.8,2.728075777381946,Post-News,Clustering,Range Raid,19h20-20h20,1.5,-1.0
2025-01-21 19:23:00+00:00,1408.496989814983,1413.057374549161,1408.2736335806958,1412.834018314874,848,2.6230333694517802,2.3864422844866744,1.099139663466027,1415.3034694639675,4.849485482657496,1425.0024404292826,1405.6044984986524,0.01370585344355649,1426.2130043745185,1408.2514885605726,2025-01-21 19:23:00+00:00,19,23,19:23,488.55,4.783740968465281,Post-News,Clustering,None,19h20-20h20,1.5,-1.0
2025-01-21 19:24:00+00:00,1412.834018314874,1414.7880729437677,1412.0976956821758,1414.0517503110696,184,2.627843647461792,2.389102103606842,1.0999294017172898,1414.9242806714924,4.61934636242936,1424.1629733963512,1405.6855879466336,0.013058921740284621,1426.2130043745185,1408.2514885605726,2025-01-21 19:24:00+00:00,19,24,19:24,482.3,2.690377261591948,Post-News,Clustering,None,19h20-20h20,1.5,-1.0
2025-01-21 19:25:00+00:00,1414.0517503110696,1416.346677085202,1413.4253495555186,1415.720276329651,737,2.6488067819061905,2.3943807885415125,1.1062596202668566,1414.4254695938794,3.873292840535003,1422.1720552749493,1406.6788839128094,0.010953685220747944,1426.2130043745185,1408.2514885605726,2025-01-21 19:25:00+00:00,19,25,19:25,493.8,2.921327529683367,Post-News,Clustering,None,19h20-20h20,1.5,-1.0
2025-01-21 19:26:00+00:00,1415.720276329651,1418.9931596802498,1415.374183113588,1418.647066464187,158,2.7181046236744475,2.4012184334877036,1.1319689145174834,1414.2295804314404,3.5232346925398317,1421.27604981652,1407.1831110463606,0.009965099701747216,1426.2130043745185,1408.2514885605726,2025-01-21 19:26:00+00:00,19,26,19:26,480.75,3.618976566661786,Post-News,Clustering,None,19h20-20h20,1.5,-1.0
2025-01-21 19:27:00+00:00,1418.647066464187,1421.1263004522752,1418.3320171978282,1420.8112511859165,302,2.723545954443916,2.40401923670701,1.132913544475039,1414.3270266768798,3.6815086417770058,1421.6900439604337,1406.9640093933258,0.010412043529782795,1426.2130043745185,1408.2514885605726,2025-01-21 19:27:00+00:00,19,27,19:27,487.95,2.7942832544470093,Post-News,Clustering,None,19h20-20h20,1.5,-1.0
2025-01-21 19:28:00+00:00,1420.8112511859165,1421.126035430665,1420.5636579366198,1420.8784421813684,683,2.569176778701152,2.4023303980989072,1.0694518875231647,1414.4115456747436,3.8159300515719514,1422.0434057778875,1406.7796855715997,0.010791569294640004,1426.2130043745185,1408.2514885605726,2025-01-21 19:28:00+00:00,19,28,19:28,513.1,0.5623774940452222,Post-News,Clustering,None,19h20-20h20,1.5,-1.0
2025-01-21 19:29:00+00:00,1420.8784421813684,1421.2460124517231,1420.116707496006,1420.484277766361,823,2.4663287913451475,2.3987770892498648,1.0281608918135896,1414.406056708623,3.8066364909352957,1422.0193296904936,1406.7927837267525,0.010765328592535725,1426.2130043745185,1408.2514885605726,2025-01-21 19:29:00+00:00,19,29,19:29,520.25,1.1293049557170889,Post-News,Clustering,None,19h20-20h20,1.5,-1.0
2025-01-21 19:30:00+00:00,1420.484277766361,1423.2819133489795,1420.434277766361,1423.2319133489798,181,2.493564990721817,2.397425127848571,1.040101299413476,1414.8117317899928,4.288393125923254,1423.3885180418392,1406.2349455381463,0.012124279236779096,1426.2130043745185,1408.2514885605726,2025-01-21 19:30:00+00:00,19,30,19:30,496.8,2.8476355826185227,Post-News,Clustering,None,19h20-20h20,-1.0,-1.0
2025-01-21 19:31:00+00:00,1423.2319133489798,1423.6497084867833,1422.8707681294557,1423.2885632672592,627,2.3710918026222343,2.3969718251672787,0.9892030343146656,1415.2206040028536,4.689515213998396,1424.5996344308505,1405.8415735748567,0.013254513680014205,1426.2130043745185,1408.2514885605726,2025-01-21 19:31:00+00:00,19,31,19:31,495.6,0.7789403573276559,Post-News,Clustering,None,19h20-20h20,-1.0,-1.0
2025-01-21 19:32:00+00:00,1423.2885632672592,1423.4498129818476,1421.5291088640254,1421.6903585786138,117,2.338921253707946,2.3940723646390327,0.9769634737254893,1415.5687193682465,4.904514224714947,1425.3777478176764,1405.7596909188167,0.013858781018850932,1426.2130043745185,1408.2514885605726,2025-01-21 19:32:00+00:00,19,32,19:32,486.35,1.920704117822197,Post-News,Clustering,None,19h20-20h20,1.5,-1.0
2025-01-21 19:33:00+00:00,1421.6903585786138,1426.3795818242982,1421.2012409799966,1425.890464225681,385,2.54173693875035,2.3969548707822024,1.0604025005781192,1416.047837321529,5.42135922516677,1426.8905557718624,1405.2051188711955,0.015314056721194643,1426.2130043745185,1408.2514885605726,2025-01-21 19:33:00+00:00,19,33,19:33,496.55,5.1783408443016015,Post-News,Clustering,Range Raid,19h20-20h20,-1.0,1.5
2025-01-21 19:34:00+00:00,1425.890464225681,1426.0544424083394,1423.7260945696542,1423.8900727523126,861,2.5264948601742683,2.401275733015782,1.052146917339319,1416.3813794323592,5.695497154092464,1427.772373740544,1404.9903851241743,0.016084642842099522,1426.3795818242982,1408.2514885605726,2025-01-21 19:34:00+00:00,19,34,19:34,495.95,2.328347838685204,Post-News,Clustering,None,19h20-20h20,-1.0,1.5
2025-01-21 19:35:00+00:00,1423.8900727523126,1424.126359356472,1419.9535583356069,1420.189844939766,845,2.6440881573664714,2.408572544131827,1.0977822377857986,1416.7218482438377,5.710173897895814,1428.1421960396294,1405.301500448046,0.01612221595925598,1426.3795818242982,1408.2514885605726,2025-01-21 19:35:00+00:00,19,35,19:35,527.4,4.1728010208651085,Post-News,Clustering,None,19h20-20h20,1.5,-1.0
2025-01-21 19:36:00+00:00,1420.189844939766,1422.581097238361,1419.9150644923463,1422.3063167909413,557,2.6456556279842025,2.4133455452580126,1.0962605969056758,1417.282537841988,5.678793345064548,1428.6401245321172,1405.9249511518587,0.016027272455388795,1426.3795818242982,1408.2514885605726,2025-01-21 19:36:00+00:00,19,36,19:36,509.65,2.6660327460147073,Post-News,Clustering,None,19h20-20h20,1.5,-1.0
2025-01-21 19:37:00+00:00,1422.3063167909413,1422.4549174425945,1420.5984868903747,1420.747087542028,560,2.5892824082867425,2.417679843933544,1.070978200353444,1417.8505984489098,5.409140184413615,1428.6688788177369,1407.0323180800826,0.015260113273799121,1426.3795818242982,1408.2514885605726,2025-01-21 19:37:00+00:00,19,37,19:37,511.95,1.8564305522197628,Post-News,Clustering,None,19h20-20h20,1.5,-1.0
2025-01-21 19:38:00+00:00,1420.747087542028,1422.014577676808,1420.407143573757,1421.6746337085367,283,2.519150386484189,2.4184307272834236,1.0416467000954381,1418.3868836464342,5.217154557422656,1428.8211927612795,1407.9525745315889,0.014712923864637604,1426.3795818242982,1408.2514885605726,2025-01-21 19:38:00+00:00,19,38,19:38,498.7,1.6074341030509913,Post-News,Clustering,None,19h20-20h20,1.5,-1.0
2025-01-21 19:39:00+00:00,1421.6746337085367,1425.6514061094088,1421.578371508714,1425.555143909586,493,2.6301421160706506,2.4222401321316074,1.0858304596564035,1419.077537709638,5.205490927907231,1429.4885195654524,1408.6665558538234,0.014672886546590836,1426.3795818242982,1408.2514885605726,2025-01-21 19:39:00+00:00,19,39,19:39,494.15,4.073034600694655,Post-News,Clustering,None,19h20-20h20,-1.0,-1.0
2025-01-21 19:40:00+00:00,1425.555143909586,1425.6067628940016,1422.5666750997525,1422.618294084168,189,2.6594239502262527,2.4272014486796536,1.0956750012129908,1419.6870414299913,4.8403019576478465,1429.367645345287,1410.0064375146956,0.01363765905131435,1426.3795818242982,1408.2514885605726,2025-01-21 19:40:00+00:00,19,40,19:40,465.65,3.040087794249075,Post-News,Clustering,None,19h20-20h20,1.5,-1.0
2025-01-21 19:41:00+00:00,1422.618294084168,1422.8930343960112,1422.2562460128404,1422.5309863246837,114,2.514949981150865,2.4317142967210907,1.0342292203249406,1420.2768875920483,4.389675501596162,1429.0562385952405,1411.497536588856,0.012362872450986415,1426.3795818242982,1408.2514885605726,2025-01-21 19:41:00+00:00,19,41,19:41,457.75,0.6367883831708241,Post-News,Clustering,None,19h20-20h20,1.5,-1.0
2025-01-21 19:42:00+00:00,1422.5309863246837,1425.9363119359075,1422.294478273664,1425.6998038848878,305,2.59544167265748,2.439188683654924,1.0640594104300385,1421.1370282955436,3.568583369684902,1428.2741950349134,1413.9998615561738,0.010044304802795648,1426.3795818242982,1408.2514885605726,2025-01-21 19:42:00+00:00,19,42,19:42,462.6,3.641833662243471,Post-News,Clustering,None,19h20-20h20,1.5,-1.0
2025-01-21 19:43:00+00:00,1425.6998038848878,1427.2180828433557,1425.640518960556,1427.1587979190238,839,2.522736116239069,2.445849546380594,1.0314355271657052,1421.853267275751,3.2364919864190065,1428.326251248589,1415.380283302913,0.009104995742971531,1426.3795818242982,1408.2514885605726,2025-01-21 19:43:00+00:00,19,43,19:43,462.15,1.5775638827997227,Post-News,Clustering,None,19h20-20h20,1.5,-1.0
2025-01-21 19:44:00+00:00,1427.1587979190238,1427.5556303499643,1426.3770679874883,1426.773900418429,472,2.426723705255992,2.449070149776209,0.9908755392236277,1422.489374781119,2.849552463398618,1428.1884797079163,1416.7902698543219,0.008012861154304399,1427.2180828433557,1408.2514885605726,2025-01-21 19:44:00+00:00,19,44,19:44,476.55,1.1785623624759864,Post-News,Clustering,Upside Stop Hunt,19h20-20h20,1.5,-1.0
2025-01-21 19:45:00+00:00,1426.773900418429,1431.946731782607,1426.7239004184291,1431.896731782607,348,2.6264456808932684,2.4572157603957137,1.0688705986772207,1423.2981975537668,3.110870769515727,1429.5199390927983,1417.0764560147354,0.008742709784533951,1427.5556303499643,1408.2514885605726,2025-01-21 19:45:00+00:00,19,45,19:45,457.1,5.222831364177864,Post-News,Clustering,None,19h20-20h20,1.5,-1.0
2025-01-21 19:46:00+00:00,1431.896731782607,1431.946731782607,1431.6420193162144,1431.6920193162143,193,2.4606075941432226,2.4630268230893595,0.9990177821355991,1423.9504451963683,3.4350170885144644,1430.8204793733971,1417.0804110193394,0.00964926019750842,1431.946731782607,1408.2514885605726,2025-01-21 19:46:00+00:00,19,46,19:46,458.85,0.3047124663926297,Post-News,Clustering,None,19h20-20h20,1.5,-1.0
2025-01-21 19:47:00+00:00,1431.6920193162143,1432.6031234766883,1431.6334720418922,1432.5445762023662,361,2.354110725618429,2.4674711662199176,0.9540580485180894,1424.5371114471907,3.847818989102163,1432.232749425395,1416.8414734689864,0.010804405046894587,1431.946731782607,1408.2514885605726,2025-01-21 19:47:00+00:00,19,47,19:47,461.8,0.9696514347961056,Post-News,Clustering,None,19h20-20h20,1.5,-1.0
2025-01-21 19:48:00+00:00,1432.5445762023662,1436.291980651676,1432.3457203099645,1436.0931247592744,496,2.467835698196516,2.4728258308280067,0.9979820120894566,1425.297845576086,4.529957377862365,1434.3577603318108,1416.2379308203613,0.012713012629388886,1432.6031234766883,1408.2514885605726,2025-01-21 19:48:00+00:00,19,48,19:48,452.45,3.9462603417116497,Post-News,Clustering,None,19h20-20h20,1.5,-1.0
2025-01-21 19:49:00+00:00,1436.0931247592744,1438.434504051575,1435.8662177389497,1438.2075970312503,851,2.475010742084289,2.4733797922165497,1.0006594013070178,1426.1840115393304,5.219776201828846,1436.623563942988,1415.7444591356727,0.014639839346382655,1436.291980651676,1408.2514885605726,2025-01-21 19:49:00+00:00,19,49,19:49,453.85,2.5682863126253324,Post-News,Clustering,None,19h20-20h20,1.5,-1.0
2025-01-21 19:50:00+00:00,1438.2075970312503,1441.422388571662,1437.846994639527,1441.0617861799387,229,2.5536095413736133,2.476988247235624,1.030933248966159,1427.0755051808783,6.131940899133506,1439.3393869791453,1414.8116233826113,0.017187432274948306,1438.434504051575,1408.2514885605726,2025-01-21 19:50:00+00:00,19,50,19:50,456.25,3.57539393213483,Post-News,Clustering,None,19h20-20h20,1.5,-1.0
2025-01-21 19:51:00+00:00,1441.0617861799387,1441.3045324842485,1438.875913118856,1439.1186594231656,177,2.5446816716606753,2.481741319963857,1.0253613667107475,1427.8670099886735,6.619668947238542,1441.1063478831506,1414.6276720941964,0.01854421707604565,1441.422388571662,1408.2514885605726,2025-01-21 19:51:00+00:00,19,51,19:51,433.75,2.4286193653924784,Post-News,Clustering,None,19h20-20h20,1.5,-1.0
2025-01-21 19:52:00+00:00,1439.1186594231656,1441.851020743952,1439.0399756058075,1441.772336926594,150,2.5637076335523723,2.4866083900821203,1.0310057843357094,1428.8711089060728,7.136352910275073,1443.1438147266228,1414.5984030855227,0.019977597323634168,1441.422388571662,1408.2514885605726,2025-01-21 19:52:00+00:00,19,52,19:52,435.4,2.8110451381444364,Post-News,Clustering,Upside False Breakout,19h20-20h20,1.5,-1.0
2025-01-21 19:53:00+00:00,1441.772336926594,1442.6740615744402,1441.2374287116356,1442.139153359482,959,2.4832022927846724,2.4915792999251014,0.9966378725571043,1429.6835433627627,7.683128783996518,1445.0498009307557,1414.3172857947698,0.021496026360980514,1441.851020743952,1408.2736335806958,2025-01-21 19:53:00+00:00,19,53,19:53,464.1,1.4366328628045721,Post-News,Clustering,Upside False Breakout,19h20-20h20,1.5,-1.0
2025-01-21 19:54:00+00:00,1442.139153359482,1442.7674965590911,1439.898436725198,1440.5267799248072,966,2.510763545720986,2.4979268018257064,1.0051389591904365,1430.5153787213876,7.919833087245767,1446.3550448958792,1414.675712546896,0.022145397959509292,1442.6740615744402,1412.0976956821758,2025-01-21 19:54:00+00:00,19,54,19:54,469.35,2.8690598338930613,Post-News,Clustering,Upside Stop Hunt,19h20-20h20,1.5,-1.0
2025-01-21 19:55:00+00:00,1440.5267799248072,1441.056434702327,1440.4767799248073,1441.0064347023267,398,2.3728272051351755,2.4992829532911176,0.9494031886267932,1431.5562082095155,7.859055968884209,1447.274320147284,1415.838096271747,0.021959475775565358,1442.7674965590911,1413.4253495555186,2025-01-21 19:55:00+00:00,19,55,19:55,447.0,0.5796547775196359,Post-News,Clustering,None,19h20-20h20,1.5,-1.0
2025-01-21 19:56:00+00:00,1441.0064347023267,1441.5346487982813,1440.8894984747656,1441.41771257072,397,2.24942171359093,2.4983062295362424,0.9003786993752513,1432.5117779985044,7.837013926156687,1448.1858058508178,1416.837750146191,0.021883279555597195,1442.7674965590911,1415.374183113588,2025-01-21 19:56:00+00:00,19,56,19:56,439.0,0.6451503235157361,Post-News,Clustering,None,19h20-20h20,1.5,-1.0
2025-01-21 19:57:00+00:00,1441.41771257072,1445.7268030373243,1441.153330146269,1445.462420612873,400,2.4154253691241077,2.5017977325358016,0.965475880688345,1433.7475446520468,7.8328786684026666,1449.4133019888523,1418.0817873152414,0.021852881136905197,1442.7674965590911,1418.3320171978282,2025-01-21 19:57:00+00:00,19,57,19:57,431.0,4.573472891055417,Post-News,Clustering,None,19h20-20h20,-0.35850975966750187,0.35850975966750187
2025-01-21 19:58:00+00:00,1445.462420612873,1446.3699249866136,1445.3818756240762,1446.2893799978167,192,2.313469940082198,2.5033697491210187,0.9241423249180436,1434.9782819665106,7.76962352569663,1450.5175290179038,1419.4390349151174,0.021657814960234858,1445.7268030373243,1419.9150644923463,2025-01-21 19:58:00+00:00,19,58,19:58,426.45,0.9880493625373674,Post-News,Clustering,None,19h20-20h20,-0.7317635402096221,0.7317635402096221
2025-01-21 19:59:00+00:00,1446.2893799978167,1446.7316490363016,1444.154198005809,1444.5964670442936,729,2.33232573225438,2.5070582491464006,0.9303037665951664,1435.9303481232462,7.720646614944795,1451.3716413531358,1420.4890548933565,0.02150702260742848,1446.3699249866136,1419.9150644923463,2025-01-21 19:59:00+00:00,19,59,19:59,438.25,2.577451030492739,Post-News,Clustering,Upside Stop Hunt,19h20-20h20,0.0,0.0
